"CHEMBL902","NC(=Nc1nc(CSCC\C(=N\S(=O)(=O)N)\N)cs1)N","","23241029"
"CHEMBL902","NC(=Nc1nc(CSCC\C(=N\S(=O)(=O)N)\N)cs1)N","","23241029"
"CHEMBL941","CN1CCN(Cc2ccc(cc2)C(=O)Nc3ccc(C)c(Nc4nccc(n4)c5cccnc5)c3)CC1","","23241029"
"CHEMBL58","OCCNCCNc1ccc(NCCNCCO)c2C(=O)c3c(O)ccc(O)c3C(=O)c12","","23241029"
"CHEMBL58","OCCNCCNc1ccc(NCCNCCO)c2C(=O)c3c(O)ccc(O)c3C(=O)c12","","23241029"
"CHEMBL9324","CC[N+](CC)(CC)CC","substrate [Km=431uM]","12089365"
"CHEMBL219916","Clc1ccc2N(C3CCN(CCCN4C(=O)Nc5ccccc45)CC3)C(=O)Nc2c1","","23241029"
"CHEMBL1197556","CCN1\C(=C\c2ccc3ccccc3[n+]2CC)\C=Cc4ccccc14","inhibitor [IC50=1.13uM]","12110607"
"CHEMBL1431","CN(C)C(=N)NC(=N)N","","23984907"
"CHEMBL2425625","NC(=O)Nc1sc(cc1C(=O)N)c2ccccc2OC3CCNCC3","","23984907"
"CHEMBL2425625","NC(=O)Nc1sc(cc1C(=O)N)c2ccccc2OC3CCNCC3","","23984907"
"CHEMBL2425625","NC(=O)Nc1sc(cc1C(=O)N)c2ccccc2OC3CCNCC3","","23984907"
"CHEMBL2425625","NC(=O)Nc1sc(cc1C(=O)N)c2ccccc2OC3CCNCC3","","23984907"
"CHEMBL1201187","CC(C)c1nnc(C)n1[C@@H]2C[C@H]3CC[C@@H](C2)N3CC[C@H](NC(=O)C4CCC(F)(F)CC4)c5ccccc5","","23241029"
"CHEMBL1201187","CC(C)c1nnc(C)n1[C@@H]2C[C@H]3CC[C@@H](C2)N3CC[C@H](NC(=O)C4CCC(F)(F)CC4)c5ccccc5","","23241029"
"CHEMBL13","COCCc1ccc(OCC(O)CNC(C)C)cc1","inhibitor [(at a rough estimate) 30 % of control]","10960071"
"CHEMBL13","COCCc1ccc(OCC(O)CNC(C)C)cc1","inhibitor [(at a rough estimate) 30 % of control]","10960071"
"CHEMBL2074704","CCCCC[N+](CCCCC)(CCCCC)CCCCC","inhibitor [Ki=1.5uM]","9260930"
"CHEMBL2074704","CCCCC[N+](CCCCC)(CCCCC)CCCCC","inhibitor [Ki=1.5uM]","9260930"
"CHEMBL2424670","NC(=O)Nc1sc(cc1C(=O)N)c2cccc(OC3CCNC3)c2","","23984907"
"CHEMBL90","NCCc1c[nH]cn1","substrate [Km=1300uM]","9687576"
"CHEMBL481","CCc1c2CN3C(=O)C4=C(C=C3c2nc5ccc(OC(=O)N6CCC(CC6)N7CCCCC7)cc15)[C@@](O)(CC)C(=O)OC4","","23241029"
"CHEMBL481","CCc1c2CN3C(=O)C4=C(C=C3c2nc5ccc(OC(=O)N6CCC(CC6)N7CCCCC7)cc15)[C@@](O)(CC)C(=O)OC4","","23241029"
"CHEMBL1502","COc1ccnc(C[S+]([O-])c2nc3cc(OC(F)F)ccc3[nH]2)c1OC","","23241029"
"CHEMBL1201053","[Br-].CC(C)[N+]1(C)[C@@H]2CC[C@@H]1CC(C2)OC(=O)C(CO)c3ccccc3","","20962061"
"CHEMBL1201053","[Br-].CC(C)[N+]1(C)[C@@H]2CC[C@@H]1CC(C2)OC(=O)C(CO)c3ccccc3","","20962061"
"CHEMBL1201053","[Br-].CC(C)[N+]1(C)[C@@H]2CC[C@@H]1CC(C2)OC(=O)C(CO)c3ccccc3","","20962061"
"CHEMBL170","COc1ccc2nccc([C@@H](O)[C@@H]3C[C@@H]4CCN3C[C@@H]4C=C)c2c1","inhibitor [Ki=3.4uM]","9260930"
"CHEMBL1790041","CNC(=C[N+](=O)[O-])NCCSCc1oc(CN(C)C)cc1","transporter substrate","20190787"
"CHEMBL1790041","CNC(=C[N+](=O)[O-])NCCSCc1oc(CN(C)C)cc1","transporter substrate","20190787"
"CHEMBL1478530","CC[C@H](NC(C)C)[C@H](O)c1ccc(O)c2NC(=O)C=Cc12","","23984907"
"CHEMBL1478530","CC[C@H](NC(C)C)[C@H](O)c1ccc(O)c2NC(=O)C=Cc12","","23984907"
"CHEMBL1478530","CC[C@H](NC(C)C)[C@H](O)c1ccc(O)c2NC(=O)C=Cc12","","23984907"
"CHEMBL2425627","NC(=O)Nc1sc(cc1C(=O)N)c2ccccc2OC3CNC3","","23984907"
"CHEMBL170988","NC(=N)NC(=N)NCCc1ccccc1","inhibitor [IC50=65uM]","12240953"
"CHEMBL170988","NC(=N)NC(=N)NCCc1ccccc1","inhibitor [IC50=65uM]","12240953"
"CHEMBL170988","NC(=N)NC(=N)NCCc1ccccc1","inhibitor [IC50=65uM]","12240953"
"CHEMBL128","CNS(=O)(=O)Cc1ccc2[nH]cc(CCN(C)C)c2c1","","23984907"
"CHEMBL546","CC(C)NCC(O)COc1ccccc1OCC=C","inhibitor [(at a rough estimate) 30 % of control]","10960071"
"CHEMBL691","C[C@]12CC[C@H]3[C@@H](CCc4cc(O)ccc34)[C@@H]1CC[C@@]2(O)C#C","","23241029"
"CHEMBL691","C[C@]12CC[C@H]3[C@@H](CCc4cc(O)ccc34)[C@@H]1CC[C@@]2(O)C#C","","23241029"
"CHEMBL691","C[C@]12CC[C@H]3[C@@H](CCc4cc(O)ccc34)[C@@H]1CC[C@@]2(O)C#C","","23241029"
"CHEMBL3","CN1CCC[C@H]1c2cccnc2","inhibitor [(at a rough estimate) 40 % of control]","12089365"
"CHEMBL3","CN1CCC[C@H]1c2cccnc2","inhibitor [(at a rough estimate) 40 % of control]","12089365"
"CHEMBL3","CN1CCC[C@H]1c2cccnc2","inhibitor [(at a rough estimate) 40 % of control]","12089365"
"CHEMBL84","CC[C@@]1(O)C(=O)OCC2=C1C=C3N(Cc4cc5c(CN(C)C)c(O)ccc5nc34)C2=O","","23241029"
"CHEMBL163","CC(C)[C@H](NC(=O)N(C)Cc1csc(n1)C(C)C)C(=O)N[C@H](C[C@H](O)[C@H](Cc2ccccc2)NC(=O)OCc3cncs3)Cc4ccccc4","","23241029"
"CHEMBL500","CC(C)NCC(O)COc1cccc2[nH]ccc12","transporter substrate","20190787"
"CHEMBL500","CC(C)NCC(O)COc1cccc2[nH]ccc12","transporter substrate","20190787"
"CHEMBL500","CC(C)NCC(O)COc1cccc2[nH]ccc12","transporter substrate","20190787"
"CHEMBL339427","COc1cc2CC[N+](C)(C)[C@@H]3Cc4ccc(O)c(Oc5cc6[C@H](Cc7ccc(Oc(c1O)c23)cc7)N(C)CCc6cc5OC)c4","","23241029"
"CHEMBL115","CC(C)(C)NC(=O)[C@@H]1CN(Cc2cccnc2)CCN1C[C@@H](O)C[C@@H](Cc3ccccc3)C(=O)N[C@@H]4[C@H](O)Cc5ccccc45","","23241029"
"CHEMBL1396","C1NCC2CC1c3cc4nccnc4cc23","transporter substrate","20190787"
"CHEMBL1396","C1NCC2CC1c3cc4nccnc4cc23","transporter substrate","20190787"
"CHEMBL103","CC(=O)[C@H]1CC[C@H]2[C@@H]3CCC4=CC(=O)CC[C@]4(C)[C@H]3CC[C@]12C","inhibitor [IC50=26.7uM]","12110607"
"CHEMBL103","CC(=O)[C@H]1CC[C@H]2[C@@H]3CCC4=CC(=O)CC[C@]4(C)[C@H]3CC[C@]12C","inhibitor [IC50=26.7uM]","12110607"
"CHEMBL103","CC(=O)[C@H]1CC[C@H]2[C@@H]3CCC4=CC(=O)CC[C@]4(C)[C@H]3CC[C@]12C","inhibitor [IC50=26.7uM]","12110607"
"CHEMBL3526300","[Br-].C[N+]1(C)[C@@H]2C[C@H](C[C@@H]1[C@H]3O[C@@H]23)OC(=O)C(O)(c4cccs4)c5cccs5","","20962061"
"CHEMBL548","CCCCC[C@H](O)\C=C\[C@H]1[C@H](O)CC(=O)[C@@H]1C\C=C/CCCC(=O)O","inhibitor [75.6 % of control]","11907186"
"CHEMBL548","CCCCC[C@H](O)\C=C\[C@H]1[C@H](O)CC(=O)[C@@H]1C\C=C/CCCC(=O)O","inhibitor [75.6 % of control]","11907186"
"CHEMBL548","CCCCC[C@H](O)\C=C\[C@H]1[C@H](O)CC(=O)[C@@H]1C\C=C/CCCC(=O)O","inhibitor [75.6 % of control]","11907186"
"CHEMBL548","CCCCC[C@H](O)\C=C\[C@H]1[C@H](O)CC(=O)[C@@H]1C\C=C/CCCC(=O)O","inhibitor [75.6 % of control]","11907186"
"CHEMBL548","CCCCC[C@H](O)\C=C\[C@H]1[C@H](O)CC(=O)[C@@H]1C\C=C/CCCC(=O)O","inhibitor [75.6 % of control]","11907186"
"CHEMBL548","CCCCC[C@H](O)\C=C\[C@H]1[C@H](O)CC(=O)[C@@H]1C\C=C/CCCC(=O)O","inhibitor [75.6 % of control]","11907186"
"CHEMBL548","CCCCC[C@H](O)\C=C\[C@H]1[C@H](O)CC(=O)[C@@H]1C\C=C/CCCC(=O)O","inhibitor [75.6 % of control]","11907186"
"CHEMBL548","CCCCC[C@H](O)\C=C\[C@H]1[C@H](O)CC(=O)[C@@H]1C\C=C/CCCC(=O)O","inhibitor [75.6 % of control]","11907186"
"CHEMBL2074659","[Br-].CC(C)C(C(O)CC[N+]1(C)CCCCC1)c2ccccc2","inhibitor [Ki=4.8uM]","9260930"
"CHEMBL2074659","[Br-].CC(C)C(C(O)CC[N+]1(C)CCCCC1)c2ccccc2","inhibitor [Ki=4.8uM]","9260930"
"CHEMBL2074659","[Br-].CC(C)C(C(O)CC[N+]1(C)CCCCC1)c2ccccc2","inhibitor [Ki=4.8uM]","9260930"
"CHEMBL2074659","[Br-].CC(C)C(C(O)CC[N+]1(C)CCCCC1)c2ccccc2","inhibitor [Ki=4.8uM]","9260930"
"CHEMBL815","CCCCC[C@H](O)\C=C\[C@H]1[C@H](O)C[C@H](O)[C@@H]1C\C=C/CCCC(=O)O","substrate [Km=0.334uM]","11907186"
"CHEMBL815","CCCCC[C@H](O)\C=C\[C@H]1[C@H](O)C[C@H](O)[C@@H]1C\C=C/CCCC(=O)O","substrate [Km=0.334uM]","11907186"
"CHEMBL815","CCCCC[C@H](O)\C=C\[C@H]1[C@H](O)C[C@H](O)[C@@H]1C\C=C/CCCC(=O)O","substrate [Km=0.334uM]","11907186"
"CHEMBL290106","Oc1c(Cl)cc(Cl)cc1Sc2cc(Cl)cc(Cl)c2O","","23241029"
"CHEMBL290106","Oc1c(Cl)cc(Cl)cc1Sc2cc(Cl)cc(Cl)c2O","","23241029"
"CHEMBL290106","Oc1c(Cl)cc(Cl)cc1Sc2cc(Cl)cc(Cl)c2O","","23241029"
"CHEMBL360861","CN1C(=O)C=C(NCCN(CCO)CCCc2ccc(cc2)[N+](=O)[O-])N(C)C1=O","","23241029"
"CHEMBL72","CNCCCN1c2ccccc2CCc3ccccc13","inhibitor [Ki=16uM]","9260930"
"CHEMBL72","CNCCCN1c2ccccc2CCc3ccccc13","inhibitor [Ki=16uM]","9260930"
"CHEMBL289469","CN1C2CCCC1CC(C2)NC(=O)c3nn(C)c4ccccc34","","23241029"
"CHEMBL289469","CN1C2CCCC1CC(C2)NC(=O)c3nn(C)c4ccccc34","","23241029"
"CHEMBL3138109","","substrate [Km=8uM]","11901224"
"CHEMBL3138109","","substrate [Km=8uM]","11901224"
"CHEMBL3138109","","substrate [Km=8uM]","11901224"
"CHEMBL3138109","","substrate [Km=8uM]","11901224"
"CHEMBL3138109","","substrate [Km=8uM]","11901224"
"CHEMBL55","NC(=N)c1ccc(OCCCCCOc2ccc(cc2)C(=N)N)cc1","","23241029"
"CHEMBL55","NC(=N)c1ccc(OCCCCCOc2ccc(cc2)C(=N)N)cc1","","23241029"
"CHEMBL55","NC(=N)c1ccc(OCCCCCOc2ccc(cc2)C(=N)N)cc1","","23241029"
"CHEMBL55","NC(=N)c1ccc(OCCCCCOc2ccc(cc2)C(=N)N)cc1","","23241029"
"CHEMBL55","NC(=N)c1ccc(OCCCCCOc2ccc(cc2)C(=N)N)cc1","","23241029"
"CHEMBL55","NC(=N)c1ccc(OCCCCCOc2ccc(cc2)C(=N)N)cc1","","23241029"
"CHEMBL55","NC(=N)c1ccc(OCCCCCOc2ccc(cc2)C(=N)N)cc1","","23241029"
"CHEMBL55","NC(=N)c1ccc(OCCCCCOc2ccc(cc2)C(=N)N)cc1","","23241029"
"CHEMBL900","CN(C)CCOC(c1ccccc1)c2ccccc2C","","21599003"
"CHEMBL900","CN(C)CCOC(c1ccccc1)c2ccccc2C","","21599003"
"CHEMBL900","CN(C)CCOC(c1ccccc1)c2ccccc2C","","21599003"
"CHEMBL900","CN(C)CCOC(c1ccccc1)c2ccccc2C","","21599003"
"CHEMBL900","CN(C)CCOC(c1ccccc1)c2ccccc2C","","21599003"
"CHEMBL900","CN(C)CCOC(c1ccccc1)c2ccccc2C","","21599003"
"CHEMBL900","CN(C)CCOC(c1ccccc1)c2ccccc2C","","21599003"
"CHEMBL900","CN(C)CCOC(c1ccccc1)c2ccccc2C","","21599003"
"CHEMBL900","CN(C)CCOC(c1ccccc1)c2ccccc2C","","21599003"
"CHEMBL900","CN(C)CCOC(c1ccccc1)c2ccccc2C","","21599003"
"CHEMBL900","CN(C)CCOC(c1ccccc1)c2ccccc2C","","21599003"
