"Duplicates"
"CHEMBL920","C[N+](C)(C)CCO","substrate [Km=190uM]","9260930"
"Choline","C[N+](C)(C)CCO","Solute carrier family 22 member 2","BE0003647","|substrate|inhibitor|","CHEMBL920"
"Duplicates"
"CHEMBL59","NCCc1ccc(O)c(O)c1","substrate [Km=330uM]","9687576"
"Dopamine","NCCC1=CC(O)=C(O)C=C1","Solute carrier family 22 member 2","BE0003647","|substrate|inhibitor|","CHEMBL59"
"Duplicates"
"CHEMBL807","CC12CC3CC(C)(C1)CC(N)(C3)C2","substrate [Km=34uM]","9687576"
"Memantine","CC12CC3CC(C)(C1)CC(N)(C3)C2","Solute carrier family 22 member 2","BE0003647","|substrate|","CHEMBL807"
"Duplicates"
"CHEMBL660","NC12CC3CC(CC(C3)C1)C2","substrate [Km=27uM]","9687576"
"Amantadine","NC12CC3CC(CC(C3)C1)C2","Solute carrier family 22 member 2","BE0003647","|inhibitor|","CHEMBL660"
"Duplicates"
"CHEMBL9324","CC[N+](CC)(CC)CC","substrate [Km=431uM]","12089365"
"Tetraethylammonium","CC[N+](CC)(CC)CC","Solute carrier family 22 member 2","BE0003647","|substrate|","CHEMBL9324"
"Duplicates"
"CHEMBL90","NCCc1c[nH]cn1","substrate [Km=1300uM]","9687576"
"Histamine","NCCC1=CNC=N1","Solute carrier family 22 member 2","BE0003647","|substrate|inhibitor|","CHEMBL90"
"Duplicates"
"CHEMBL58343","NCCCCNC(=N)N","substrate [Km=1400uM]","12538837"
"Agmatine","NCCCCNC(N)=N","Solute carrier family 22 member 2","BE0003647","|substrate|","CHEMBL58343"
"Duplicates"
"CHEMBL1790041","CNC(=C[N+](=O)[O-])NCCSCc1oc(CN(C)C)cc1","transporter substrate","20190787"
"Ranitidine","CN\C(NCCSCC1=CC=C(CN(C)C)O1)=C/[N+]([O-])=O","Solute carrier family 22 member 2","BE0003647","|substrate|","CHEMBL512"
"Duplicates"
"CHEMBL33","C[C@H]1COc2c(N3CCN(C)CC3)c(F)cc4C(=O)C(=CN1c24)C(=O)O","inhibitor [(at a rough estimate) 25 % of control]","12089365"
"Levofloxacin","C[C@H]1COC2=C3N1C=C(C(O)=O)C(=O)C3=CC(F)=C2N1CCN(C)CC1","Solute carrier family 22 member 2","BE0003647","|inhibitor|","CHEMBL33"
"Duplicates"
"CHEMBL39","NCCc1c[nH]c2ccc(O)cc12","inhibitor [(at a rough estimate) 55 % of control]","12089365"
"Serotonin","NCCC1=CNC2=CC=C(O)C=C12","Solute carrier family 22 member 2","BE0003647","|","CHEMBL39"
"Duplicates"
"CHEMBL821","NC(=N)N","inhibitor [(at a rough estimate) 80 % of control]","12089365"
"Guanidine","NC(N)=N","Solute carrier family 22 member 2","BE0003647","|inhibitor|","CHEMBL821"
"Duplicates"
"CHEMBL27","CC(C)NCC(O)COc1cccc2ccccc12","inhibitor [(at a rough estimate) 10 % of control]","10960071"
"Propranolol","CC(C)NCC(O)COC1=CC=CC2=CC=CC=C12","Solute carrier family 22 member 2","BE0003647","|inhibitor|","CHEMBL27"
"Duplicates"
"CHEMBL11","CN(C)CCCN1c2ccccc2CCc3ccccc13","inhibitor [(at a rough estimate) 10 % of control]","12089365"
"Imipramine","CN(C)CCCN1C2=CC=CC=C2CCC2=CC=CC=C12","Solute carrier family 22 member 2","BE0003647","|inhibitor|","CHEMBL11"
"Duplicates"
"CHEMBL583","CC1CN(CCN1)c2cc3N(C=C(C(=O)O)C(=O)c3c(C)c2F)C4CC4","inhibitor [(at a rough estimate) 5 % of control]","12089365"
"Grepafloxacin","CC1CN(CCN1)C1=C(F)C(C)=C2C(=O)C(=CN(C3CC3)C2=C1)C(O)=O","Solute carrier family 22 member 2","BE0003647","|inhibitor|","CHEMBL583"
"Duplicates"
"CHEMBL1547","Cc1ncc(C[n+]2csc(CCO)c2C)c(N)n1","inhibitor [(at a rough estimate) 15 % of control]","12089365"
"Thiamine","CC1=C(CCO)SC=[N+]1CC1=CN=C(C)N=C1N","Solute carrier family 22 member 2","BE0003647","|inhibitor|","CHEMBL1547"
"Duplicates"
"CHEMBL13","COCCc1ccc(OCC(O)CNC(C)C)cc1","inhibitor [(at a rough estimate) 30 % of control]","10960071"
"Metoprolol","COCCC1=CC=C(OCC(O)CNC(C)C)C=C1","Solute carrier family 22 member 2","BE0003647","|inhibitor|","CHEMBL13"
"Duplicates"
"CHEMBL170","COc1ccc2nccc([C@@H](O)[C@@H]3C[C@@H]4CCN3C[C@@H]4C=C)c2c1","inhibitor [Ki=3.4uM]","9260930"
"Quinine","[H][C@]1(C[C@@H]2CC[N@]1C[C@@H]2C=C)[C@H](O)C1=CC=NC2=CC=C(OC)C=C12","Solute carrier family 22 member 2","BE0003647","|inhibitor|","CHEMBL170"
"Duplicates"
"CHEMBL170","COc1ccc2nccc([C@@H](O)[C@@H]3C[C@@H]4CCN3C[C@@H]4C=C)c2c1","inhibitor [Ki=3.4uM]","9260930"
"Quinidine","[H][C@@]12CCN(C[C@@H]1C=C)[C@]([H])(C2)[C@@H](O)C1=C2C=C(OC)C=CC2=NC=C1","Solute carrier family 22 member 2","BE0003647","|inhibitor|","CHEMBL1294"
"Duplicates"
"CHEMBL170988","NC(=N)NC(=N)NCCc1ccccc1","inhibitor [IC50=65uM]","12240953"
"Phenformin","NC(=N)NC(=N)NCCC1=CC=CC=C1","Solute carrier family 22 member 2","BE0003647","|inhibitor|","CHEMBL170988"
"Duplicates"
"CHEMBL753","CC(COc1ccccc1)N(CCCl)Cc2ccccc2","inhibitor [IC50=4.9uM]","12110607"
"Phenoxybenzamine","CC(COC1=CC=CC=C1)N(CCCl)CC1=CC=CC=C1","Solute carrier family 22 member 2","BE0003647","|inhibitor|","CHEMBL753"
"Duplicates"
"CHEMBL546","CC(C)NCC(O)COc1ccccc1OCC=C","inhibitor [(at a rough estimate) 30 % of control]","10960071"
"Oxprenolol","CC(C)NCC(O)COC1=CC=CC=C1OCC=C","Solute carrier family 22 member 2","BE0003647","|inhibitor|","CHEMBL546"
"Duplicates"
"CHEMBL3","CN1CCC[C@H]1c2cccnc2","inhibitor [(at a rough estimate) 40 % of control]","12089365"
"Nicotine","CN1CCC[C@H]1C1=CN=CC=C1","Solute carrier family 22 member 2","BE0003647","|inhibitor|","CHEMBL3"
"Duplicates"
"CHEMBL103","CC(=O)[C@H]1CC[C@H]2[C@@H]3CCC4=CC(=O)CC[C@]4(C)[C@H]3CC[C@]12C","inhibitor [IC50=26.7uM]","12110607"
"Progesterone","[H][C@@]12CC[C@H](C(C)=O)[C@@]1(C)CC[C@@]1([H])[C@@]2([H])CCC2=CC(=O)CC[C@]12C","Solute carrier family 22 member 2","BE0003647","|inhibitor|","CHEMBL103"
"Duplicates"
"CHEMBL1437","NC[C@H](O)c1ccc(O)c(O)c1","inhibitor [(at a rough estimate) 65 % of control]","12089365"
"Norepinephrine","NC[C@H](O)C1=CC(O)=C(O)C=C1","Solute carrier family 22 member 2","BE0003647","|substrate|inhibitor|","CHEMBL1437"
"Duplicates"
"CHEMBL135","C[C@]12CC[C@H]3[C@@H](CCc4cc(O)ccc34)[C@@H]1CC[C@@H]2O","inhibitor [IC50>30uM]","12110607"
"Estradiol","[H][C@@]12CC[C@H](O)[C@@]1(C)CC[C@]1([H])C3=C(CC[C@@]21[H])C=C(O)C=C3","Solute carrier family 22 member 2","BE0003647","|inhibitor|","CHEMBL135"
"Duplicates"
"CHEMBL548","CCCCC[C@H](O)\C=C\[C@H]1[C@H](O)CC(=O)[C@@H]1C\C=C/CCCC(=O)O","inhibitor [75.6 % of control]","11907186"
"Dinoprostone","CCCCC[C@H](O)\C=C\[C@H]1[C@H](O)CC(=O)[C@@H]1C\C=C/CCCC(O)=O","Solute carrier family 22 member 2","BE0003647","|inhibitor|","CHEMBL548"
"Duplicates"
"CHEMBL72","CNCCCN1c2ccccc2CCc3ccccc13","inhibitor [Ki=16uM]","9260930"
"Desipramine","CNCCCN1C2=CC=CC=C2CCC2=CC=CC=C12","Solute carrier family 22 member 2","BE0003647","|inhibitor|","CHEMBL72"
