"Choline","C[N+](C)(C)CCO","Solute carrier family 22 member 2","BE0003647","|substrate|inhibitor|","CHEMBL920"
"Thiamine","CC1=C(CCO)SC=[N+]1CC1=CN=C(C)N=C1N","Solute carrier family 22 member 2","BE0003647","|inhibitor|","CHEMBL1547"
"Nicotine","CN1CCC[C@H]1C1=CN=CC=C1","Solute carrier family 22 member 2","BE0003647","|inhibitor|","CHEMBL3"
"Reserpine","[H][C@]12C[C@@H](OC(=O)C3=CC(OC)=C(OC)C(OC)=C3)[C@H](OC)[C@@H](C(=O)OC)[C@@]1([H])C[C@@]1([H])N(CCC3=C1NC1=C3C=CC(OC)=C1)C2","Solute carrier family 22 member 2","BE0003647","|substrate|","CHEMBL772"
"Metoprolol","COCCC1=CC=C(OCC(O)CNC(C)C)C=C1","Solute carrier family 22 member 2","BE0003647","|inhibitor|","CHEMBL13"
"Disopyramide","CC(C)N(CCC(C(N)=O)(C1=CC=CC=C1)C1=NC=CC=C1)C(C)C","Solute carrier family 22 member 2","BE0003647","|inhibitor|","CHEMBL517"
"Metformin","CN(C)C(=N)NC(N)=N","Solute carrier family 22 member 2","BE0003647","|substrate|inhibitor|","CHEMBL1431"
"Aminohippuric acid","NC1=CC=C(C=C1)C(=O)NCC(O)=O","Solute carrier family 22 member 2","BE0003647","|inhibitor|","CHEMBL463"
"Grepafloxacin","CC1CN(CCN1)C1=C(F)C(C)=C2C(=O)C(=CN(C3CC3)C2=C1)C(O)=O","Solute carrier family 22 member 2","BE0003647","|inhibitor|","CHEMBL583"
"Norepinephrine","NC[C@H](O)C1=CC(O)=C(O)C=C1","Solute carrier family 22 member 2","BE0003647","|substrate|inhibitor|","CHEMBL1437"
"Progesterone","[H][C@@]12CC[C@H](C(C)=O)[C@@]1(C)CC[C@@]1([H])[C@@]2([H])CCC2=CC(=O)CC[C@]12C","Solute carrier family 22 member 2","BE0003647","|inhibitor|","CHEMBL103"
"Pramipexole","CCCN[C@H]1CCC2=C(C1)SC(N)=N2","Solute carrier family 22 member 2","BE0003647","|substrate|","CHEMBL301265"
"Prazosin","COC1=C(OC)C=C2C(N)=NC(=NC2=C1)N1CCN(CC1)C(=O)C1=CC=CO1","Solute carrier family 22 member 2","BE0003647","|substrate|inhibitor|","CHEMBL2"
"Imipramine","CN(C)CCCN1C2=CC=CC=C2CCC2=CC=CC=C12","Solute carrier family 22 member 2","BE0003647","|inhibitor|","CHEMBL11"
"Quinine","[H][C@]1(C[C@@H]2CC[N@]1C[C@@H]2C=C)[C@H](O)C1=CC=NC2=CC=C(OC)C=C12","Solute carrier family 22 member 2","BE0003647","|inhibitor|","CHEMBL170"
"Zidovudine","CC1=CN([C@H]2C[C@H](N=[N+]=[N-])[C@@H](CO)O2)C(=O)NC1=O","Solute carrier family 22 member 2","BE0003647","|","CHEMBL129"
"Cimetidine","C\N=C(\NCCSCC1=C(C)NC=N1)NC#N","Solute carrier family 22 member 2","BE0003647","|substrate|inhibitor|","CHEMBL30"
"Cisplatin","N[Pt](N)(Cl)Cl","Solute carrier family 22 member 2","BE0003647","|substrate|inhibitor|","CHEMBL2068237"
"Oxaliplatin","[H][N]1([H])[C@@H]2CCCC[C@H]2[N]([H])([H])[Pt]11OC(=O)C(=O)O1","Solute carrier family 22 member 2","BE0003647","|substrate|","CHEMBL414804"
"Guanidine","NC(N)=N","Solute carrier family 22 member 2","BE0003647","|inhibitor|","CHEMBL821"
"Propranolol","CC(C)NCC(O)COC1=CC=CC2=CC=CC=C12","Solute carrier family 22 member 2","BE0003647","|inhibitor|","CHEMBL27"
"Amiloride","NC(N)=NC(=O)C1=C(N)N=C(N)C(Cl)=N1","Solute carrier family 22 member 2","BE0003647","|inhibitor|","CHEMBL945"
"Imatinib","CN1CCN(CC2=CC=C(C=C2)C(=O)NC2=CC(NC3=NC=CC(=N3)C3=CN=CC=C3)=C(C)C=C2)CC1","Solute carrier family 22 member 2","BE0003647","|inhibitor|","CHEMBL941"
"Epinephrine","CNC[C@H](O)C1=CC(O)=C(O)C=C1","Solute carrier family 22 member 2","BE0003647","|substrate|inhibitor|","CHEMBL679"
"Flurazepam","CCN(CC)CCN1C2=C(C=C(Cl)C=C2)C(=NCC1=O)C1=CC=CC=C1F","Solute carrier family 22 member 2","BE0003647","|inhibitor|","CHEMBL968"
"Lamivudine","NC1=NC(=O)N(C=C1)[C@@H]1CS[C@H](CO)O1","Solute carrier family 22 member 2","BE0003647","|substrate|","CHEMBL141"
"Estradiol","[H][C@@]12CC[C@H](O)[C@@]1(C)CC[C@]1([H])C3=C(CC[C@@]21[H])C=C(O)C=C3","Solute carrier family 22 member 2","BE0003647","|inhibitor|","CHEMBL135"
"Ranitidine","CN\C(NCCSCC1=CC=C(CN(C)C)O1)=C/[N+]([O-])=O","Solute carrier family 22 member 2","BE0003647","|substrate|","CHEMBL512"
"Cocaine","[H][C@]12CC[C@]([H])([C@H]([C@H](C1)OC(=O)C1=CC=CC=C1)C(=O)OC)N2C","Solute carrier family 22 member 2","BE0003647","|inhibitor|","CHEMBL370805"
"Quinidine","[H][C@@]12CCN(C[C@@H]1C=C)[C@]([H])(C2)[C@@H](O)C1=C2C=C(OC)C=CC2=NC=C1","Solute carrier family 22 member 2","BE0003647","|inhibitor|","CHEMBL1294"
"Phenformin","NC(=N)NC(=N)NCCC1=CC=CC=C1","Solute carrier family 22 member 2","BE0003647","|inhibitor|","CHEMBL170988"
"Amantadine","NC12CC3CC(CC(C3)C1)C2","Solute carrier family 22 member 2","BE0003647","|inhibitor|","CHEMBL660"
"Dinoprostone","CCCCC[C@H](O)\C=C\[C@H]1[C@H](O)CC(=O)[C@@H]1C\C=C/CCCC(O)=O","Solute carrier family 22 member 2","BE0003647","|inhibitor|","CHEMBL548"
"Phenoxybenzamine","CC(COC1=CC=CC=C1)N(CCCl)CC1=CC=CC=C1","Solute carrier family 22 member 2","BE0003647","|inhibitor|","CHEMBL753"
"Famotidine","NC(N)=NC1=NC(CSCCC(N)=NS(N)(=O)=O)=CS1","Solute carrier family 22 member 2","BE0003647","|inhibitor|","CHEMBL902"
"Dopamine","NCCC1=CC(O)=C(O)C=C1","Solute carrier family 22 member 2","BE0003647","|substrate|inhibitor|","CHEMBL59"
"Probenecid","CCCN(CCC)S(=O)(=O)C1=CC=C(C=C1)C(O)=O","Solute carrier family 22 member 2","BE0003647","|inhibitor|","CHEMBL897"
"Procainamide","CCN(CC)CCNC(=O)C1=CC=C(N)C=C1","Solute carrier family 22 member 2","BE0003647","|inhibitor|","CHEMBL640"
"Memantine","CC12CC3CC(C)(C1)CC(N)(C3)C2","Solute carrier family 22 member 2","BE0003647","|substrate|","CHEMBL807"
"Diphenhydramine","CN(C)CCOC(C1=CC=CC=C1)C1=CC=CC=C1","Solute carrier family 22 member 2","BE0003647","|inhibitor|","CHEMBL657"
"Quinacrine","CCN(CC)CCCC(C)NC1=C2C=C(OC)C=CC2=NC2=C1C=CC(Cl)=C2","Solute carrier family 22 member 2","BE0003647","|inhibitor|","CHEMBL7568"
"Chlorphenamine","CN(C)CCC(C1=CC=C(Cl)C=C1)C1=CC=CC=N1","Solute carrier family 22 member 2","BE0003647","|inhibitor|","CHEMBL505"
"Levofloxacin","C[C@H]1COC2=C3N1C=C(C(O)=O)C(=O)C3=CC(F)=C2N1CCN(C)CC1","Solute carrier family 22 member 2","BE0003647","|inhibitor|","CHEMBL33"
"Desipramine","CNCCCN1C2=CC=CC=C2CCC2=CC=CC=C12","Solute carrier family 22 member 2","BE0003647","|inhibitor|","CHEMBL72"
"Dinoprost Tromethamine","OCC(N)(CO)CO.CCCCC[C@H](O)\C=C\[C@H]1[C@H](O)C[C@H](O)[C@@H]1C\C=C/CCCC(O)=O","Solute carrier family 22 member 2","BE0003647","|","CHEMBL1200896"
"Tubocurarine","[H][C@@]12CC3=CC=C(OC4=C5C(CC[N+](C)(C)[C@]5([H])CC5=CC(OC6=C(OC)C=C(CCN1C)C2=C6)=C(O)C=C5)=CC(OC)=C4O)C=C3","Solute carrier family 22 member 2","BE0003647","|","CHEMBL339427"
"Pancuronium","[H][C@@]12C[C@@H]([C@H](OC(C)=O)[C@@]1(C)CC[C@@]1([H])[C@@]2([H])CC[C@@]2([H])C[C@H](OC(C)=O)[C@H](C[C@]12C)[N+]1(C)CCCCC1)[N+]1(C)CCCCC1","Solute carrier family 22 member 2","BE0003647","|","CHEMBL185073"
"Oxprenolol","CC(C)NCC(O)COC1=CC=CC=C1OCC=C","Solute carrier family 22 member 2","BE0003647","|inhibitor|","CHEMBL546"
"Histamine","NCCC1=CNC=N1","Solute carrier family 22 member 2","BE0003647","|substrate|inhibitor|","CHEMBL90"
"Pimagedine","NNC(N)=N","Solute carrier family 22 member 2","BE0003647","|inhibitor|","CHEMBL225304"
"Tetraethylammonium","CC[N+](CC)(CC)CC","Solute carrier family 22 member 2","BE0003647","|substrate|","CHEMBL9324"
"Agmatine","NCCCCNC(N)=N","Solute carrier family 22 member 2","BE0003647","|substrate|","CHEMBL58343"
"Serotonin","NCCC1=CNC2=CC=C(O)C=C12","Solute carrier family 22 member 2","BE0003647","|","CHEMBL39"
"Dolutegravir","[H][C@]12CN3C=C(C(=O)NCC4=CC=C(F)C=C4F)C(=O)C(O)=C3C(=O)N1[C@H](C)CCO2","Solute carrier family 22 member 2","BE0003647","|inhibitor|","CHEMBL1229211"
"Isavuconazole","[H][C@](C)(C1=NC(=CS1)C1=CC=C(C=C1)C#N)[C@](O)(CN1C=NC=N1)C1=C(F)C=CC(F)=C1","Solute carrier family 22 member 2","BE0003647","|inhibitor|","CHEMBL409153"
"Baricitinib","CCS(=O)(=O)N1CC(CC#N)(C1)N1C=C(C=N1)C1=C2C=CNC2=NC=N1","Solute carrier family 22 member 2","BE0003647","|inhibitor|","CHEMBL2105759"
"Apalutamide","CNC(=O)C1=CC=C(C=C1F)N1C(=S)N(C(=O)C11CCC1)C1=CC(=C(N=C1)C#N)C(F)(F)F","Solute carrier family 22 member 2","BE0003647","|inhibitor|","CHEMBL3183409"
"Nafamostat","NC(=N)NC1=CC=C(C=C1)C(=O)OC1=CC=C2C=C(C=CC2=C1)C(N)=N","Solute carrier family 22 member 2","BE0003647","|substrate|","CHEMBL273264"
"Enasidenib","CC(C)(O)CNC1=NC(=NC(NC2=CC(=NC=C2)C(F)(F)F)=N1)C1=NC(=CC=C1)C(F)(F)F","Solute carrier family 22 member 2","BE0003647","|inhibitor|","CHEMBL3989908"
"Estradiol acetate","[H][C@]1(O)CC[C@@]2([H])[C@]3([H])CCC4=CC(OC(C)=O)=CC=C4[C@@]3([H])CC[C@]12C","Solute carrier family 22 member 2","BE0003647","|inhibitor|","CHEMBL1200430"
"Estradiol benzoate","[H][C@]1(O)CC[C@@]2([H])[C@]3([H])CCC4=CC(OC(=O)C5=CC=CC=C5)=CC=C4[C@@]3([H])CC[C@]12C","Solute carrier family 22 member 2","BE0003647","|inhibitor|","CHEMBL282575"
"Estradiol cypionate","[H][C@@]1(CC[C@@]2([H])[C@]3([H])CCC4=CC(O)=CC=C4[C@@]3([H])CC[C@]12C)OC(=O)CCC1CCCC1","Solute carrier family 22 member 2","BE0003647","|inhibitor|","CHEMBL1200973"
"Estradiol dienanthate","CCCCCCC(=O)O[C@H]1CC[C@H]2[C@@H]3CCC4=CC(OC(=O)CCCCCC)=CC=C4[C@H]3CC[C@]12C","Solute carrier family 22 member 2","BE0003647","|inhibitor|",""
"Estradiol valerate","[H][C@@]12CC[C@H](OC(=O)CCCC)[C@@]1(C)CC[C@]1([H])C3=C(CC[C@@]21[H])C=C(O)C=C3","Solute carrier family 22 member 2","BE0003647","|inhibitor|","CHEMBL1511"
"Choline salicylate","C[N+](C)(C)CCO.OC1=CC=CC=C1C([O-])=O","Solute carrier family 22 member 2","BE0003647","|substrate|inhibitor|","CHEMBL2104095"
