"CHEMBL920","C[N+](C)(C)CCO","substrate [Km=190uM]","9260930"
"CHEMBL59","NCCc1ccc(O)c(O)c1","substrate [Km=330uM]","9687576"
"CHEMBL945","NC(=N)NC(=O)c1nc(Cl)c(N)nc1N","transporter substrate","20190787"
"CHEMBL807","CC12CC3CC(C)(C1)CC(N)(C3)C2","substrate [Km=34uM]","9687576"
"CHEMBL414804","","transporter substrate","20190787"
"CHEMBL660","NC12CC3CC(CC(C3)C1)C2","substrate [Km=27uM]","9687576"
"CHEMBL9324","CC[N+](CC)(CC)CC","substrate [Km=431uM]","12089365"
"CHEMBL302326","C[n+]1ccccc1","transporter substrate","20190787"
"CHEMBL311617","C[n+]1ccc(cc1)c2ccccc2","substrate [Km=1.2uM]","9260930"
"CHEMBL90","NCCc1c[nH]cn1","substrate [Km=1300uM]","9687576"
"CHEMBL58343","NCCCCNC(=N)N","substrate [Km=1400uM]","12538837"
"CHEMBL1790041","CNC(=C[N+](=O)[O-])NCCSCc1oc(CN(C)C)cc1","transporter substrate","20190787"
"CHEMBL500","CC(C)NCC(O)COc1cccc2[nH]ccc12","transporter substrate","20190787"
"CHEMBL3138108","","substrate [Km=13.1uM]","11901224"
"CHEMBL1396","C1NCC2CC1c3cc4nccnc4cc23","transporter substrate","20190787"
"CHEMBL815","CCCCC[C@H](O)\C=C\[C@H]1[C@H](O)C[C@H](O)[C@@H]1C\C=C/CCCC(=O)O","substrate [Km=0.334uM]","11907186"
"CHEMBL3138109","","substrate [Km=8uM]","11901224"
"CHEMBL33","C[C@H]1COc2c(N3CCN(C)CC3)c(F)cc4C(=O)C(=CN1c24)C(=O)O","inhibitor [(at a rough estimate) 25 % of control]","12089365"
"CHEMBL2074647","COc1cc(ccc1O)C(O)CNC(C)C","inhibitor [Ki=570uM]","9260930"
"CHEMBL2074900","CN(CCCl)C1c2ccccc2c3ccccc13","inhibitor [IC50=0.1uM]","12110607"
"CHEMBL1097","CCN(CC)CCNC(=O)c1ccc(NC(=O)C)cc1","inhibitor [(at a rough estimate) 15 % of control]","12089365"
"CHEMBL39","NCCc1c[nH]c2ccc(O)cc12","inhibitor [(at a rough estimate) 55 % of control]","12089365"
"CHEMBL821","NC(=N)N","inhibitor [(at a rough estimate) 80 % of control]","12089365"
"CHEMBL27","CC(C)NCC(O)COc1cccc2ccccc12","inhibitor [(at a rough estimate) 10 % of control]","10960071"
"CHEMBL386630","C[C@]12CC[C@H]3[C@@H](CCC4=CC(=O)CC[C@]34C)[C@@H]1CC[C@@H]2O","transporter inhibitor","20190787"
"CHEMBL2074851","[Cl-].CC[n+]1c(CC2C=C(C)N=C(N2C)c3ccccc3)ccc4ccccc14","inhibitor [Ki=0.21uM]","9260930"
"CHEMBL11978","CNC(=O)c1cccnc1","inhibitor [(at a rough estimate) 30 % of control]","12089365"
"CHEMBL11","CN(C)CCCN1c2ccccc2CCc3ccccc13","inhibitor [(at a rough estimate) 10 % of control]","12089365"
"CHEMBL583","CC1CN(CCN1)c2cc3N(C=C(C(=O)O)C(=O)c3c(C)c2F)C4CC4","inhibitor [(at a rough estimate) 5 % of control]","12089365"
"CHEMBL30","CN\C(=N/CCSCc1nc[nH]c1C)\NC#N","transporter inhibitor","20190787"
"CHEMBL1197556","CCN1\C(=C\c2ccc3ccccc3[n+]2CC)\C=Cc4ccccc14","inhibitor [IC50=1.13uM]","12110607"
"CHEMBL1547","Cc1ncc(C[n+]2csc(CCO)c2C)c(N)n1","inhibitor [(at a rough estimate) 15 % of control]","12089365"
"CHEMBL1209651","[Cl-].C[N+](C)(C)C","inhibitor [IC50=150uM]","12240953"
"CHEMBL13","COCCc1ccc(OCC(O)CNC(C)C)cc1","inhibitor [(at a rough estimate) 30 % of control]","10960071"
"CHEMBL2074704","CCCCC[N+](CCCCC)(CCCCC)CCCCC","inhibitor [Ki=1.5uM]","9260930"
"CHEMBL65567","CN1CC(=O)N=C1N","inhibitor [(at a rough estimate) 95 % of control]","12089365"
"CHEMBL170","COc1ccc2nccc([C@@H](O)[C@@H]3C[C@@H]4CCN3C[C@@H]4C=C)c2c1","inhibitor [Ki=3.4uM]","9260930"
"CHEMBL1000","OC(=O)COCCN1CCN(CC1)C(c2ccccc2)c3ccc(Cl)cc3","transporter inhibitor","20190787"
"CHEMBL170988","NC(=N)NC(=N)NCCc1ccccc1","inhibitor [IC50=65uM]","12240953"
"CHEMBL1236196","CCCC[N+](CCCC)(CCCC)CCCC","inhibitor [IC50=120uM]","12240953"
"CHEMBL753","CC(COc1ccccc1)N(CCCl)Cc2ccccc2","inhibitor [IC50=4.9uM]","12110607"
"CHEMBL546","CC(C)NCC(O)COc1ccccc1OCC=C","inhibitor [(at a rough estimate) 30 % of control]","10960071"
"CHEMBL2074857","CCC[N+](CCC)(CCC)CCC","inhibitor [IC50=128uM]","12240953"
"CHEMBL3","CN1CCC[C@H]1c2cccnc2","inhibitor [(at a rough estimate) 40 % of control]","12089365"
"CHEMBL1294","COc1ccc2nccc([C@H](O)[C@H]3C[C@@H]4CCN3C[C@@H]4C=C)c2c1","inhibitor [(at a rough estimate) 20 % of control]","12089365"
"CHEMBL103","CC(=O)[C@H]1CC[C@H]2[C@@H]3CCC4=CC(=O)CC[C@]4(C)[C@H]3CC[C@]12C","inhibitor [IC50=26.7uM]","12110607"
"CHEMBL1437","NC[C@H](O)c1ccc(O)c(O)c1","inhibitor [(at a rough estimate) 65 % of control]","12089365"
"CHEMBL135","C[C@]12CC[C@H]3[C@@H](CCc4cc(O)ccc34)[C@@H]1CC[C@@H]2O","inhibitor [IC50>30uM]","12110607"
"CHEMBL548","CCCCC[C@H](O)\C=C\[C@H]1[C@H](O)CC(=O)[C@@H]1C\C=C/CCCC(=O)O","inhibitor [75.6 % of control]","11907186"
"CHEMBL163238","Cc1cccc(C)c1NC(=O)CC23CCCN2CCC3","transporter inhibitor","20190787"
"CHEMBL2074659","[Br-].CC(C)C(C(O)CC[N+]1(C)CCCCC1)c2ccccc2","inhibitor [Ki=4.8uM]","9260930"
"CHEMBL110739","C[C@]12C[C@H](O)[C@H]3[C@@H](CCC4=CC(=O)CC[C@]34C)[C@@H]1CC[C@@H]2C(=O)CO","inhibitor [IC50=34.2uM]","12110607"
"CHEMBL72","CNCCCN1c2ccccc2CCc3ccccc13","inhibitor [Ki=16uM]","9260930"
"Reserpine","[H][C@]12C[C@@H](OC(=O)C3=CC(OC)=C(OC)C(OC)=C3)[C@H](OC)[C@@H](C(=O)OC)[C@@]1([H])C[C@@]1([H])N(CCC3=C1NC1=C3C=CC(OC)=C1)C2","Solute carrier family 22 member 2","BE0003647","|substrate|","CHEMBL772"
"Disopyramide","CC(C)N(CCC(C(N)=O)(C1=CC=CC=C1)C1=NC=CC=C1)C(C)C","Solute carrier family 22 member 2","BE0003647","|inhibitor|","CHEMBL517"
"Metformin","CN(C)C(=N)NC(N)=N","Solute carrier family 22 member 2","BE0003647","|substrate|inhibitor|","CHEMBL1431"
"Aminohippuric acid","NC1=CC=C(C=C1)C(=O)NCC(O)=O","Solute carrier family 22 member 2","BE0003647","|inhibitor|","CHEMBL463"
"Pramipexole","CCCN[C@H]1CCC2=C(C1)SC(N)=N2","Solute carrier family 22 member 2","BE0003647","|substrate|","CHEMBL301265"
"Prazosin","COC1=C(OC)C=C2C(N)=NC(=NC2=C1)N1CCN(CC1)C(=O)C1=CC=CO1","Solute carrier family 22 member 2","BE0003647","|substrate|inhibitor|","CHEMBL2"
"Zidovudine","CC1=CN([C@H]2C[C@H](N=[N+]=[N-])[C@@H](CO)O2)C(=O)NC1=O","Solute carrier family 22 member 2","BE0003647","|","CHEMBL129"
"Cimetidine","C\N=C(\NCCSCC1=C(C)NC=N1)NC#N","Solute carrier family 22 member 2","BE0003647","|substrate|inhibitor|","CHEMBL30"
"Cisplatin","N[Pt](N)(Cl)Cl","Solute carrier family 22 member 2","BE0003647","|substrate|inhibitor|","CHEMBL2068237"
"Oxaliplatin","[H][N]1([H])[C@@H]2CCCC[C@H]2[N]([H])([H])[Pt]11OC(=O)C(=O)O1","Solute carrier family 22 member 2","BE0003647","|substrate|","CHEMBL414804"
"Amiloride","NC(N)=NC(=O)C1=C(N)N=C(N)C(Cl)=N1","Solute carrier family 22 member 2","BE0003647","|inhibitor|","CHEMBL945"
"Imatinib","CN1CCN(CC2=CC=C(C=C2)C(=O)NC2=CC(NC3=NC=CC(=N3)C3=CN=CC=C3)=C(C)C=C2)CC1","Solute carrier family 22 member 2","BE0003647","|inhibitor|","CHEMBL941"
"Epinephrine","CNC[C@H](O)C1=CC(O)=C(O)C=C1","Solute carrier family 22 member 2","BE0003647","|substrate|inhibitor|","CHEMBL679"
"Flurazepam","CCN(CC)CCN1C2=C(C=C(Cl)C=C2)C(=NCC1=O)C1=CC=CC=C1F","Solute carrier family 22 member 2","BE0003647","|inhibitor|","CHEMBL968"
"Lamivudine","NC1=NC(=O)N(C=C1)[C@@H]1CS[C@H](CO)O1","Solute carrier family 22 member 2","BE0003647","|substrate|","CHEMBL141"
"Cocaine","[H][C@]12CC[C@]([H])([C@H]([C@H](C1)OC(=O)C1=CC=CC=C1)C(=O)OC)N2C","Solute carrier family 22 member 2","BE0003647","|inhibitor|","CHEMBL370805"
"Famotidine","NC(N)=NC1=NC(CSCCC(N)=NS(N)(=O)=O)=CS1","Solute carrier family 22 member 2","BE0003647","|inhibitor|","CHEMBL902"
"Probenecid","CCCN(CCC)S(=O)(=O)C1=CC=C(C=C1)C(O)=O","Solute carrier family 22 member 2","BE0003647","|inhibitor|","CHEMBL897"
"Procainamide","CCN(CC)CCNC(=O)C1=CC=C(N)C=C1","Solute carrier family 22 member 2","BE0003647","|inhibitor|","CHEMBL640"
"Diphenhydramine","CN(C)CCOC(C1=CC=CC=C1)C1=CC=CC=C1","Solute carrier family 22 member 2","BE0003647","|inhibitor|","CHEMBL657"
"Quinacrine","CCN(CC)CCCC(C)NC1=C2C=C(OC)C=CC2=NC2=C1C=CC(Cl)=C2","Solute carrier family 22 member 2","BE0003647","|inhibitor|","CHEMBL7568"
"Chlorphenamine","CN(C)CCC(C1=CC=C(Cl)C=C1)C1=CC=CC=N1","Solute carrier family 22 member 2","BE0003647","|inhibitor|","CHEMBL505"
"Dinoprost Tromethamine","OCC(N)(CO)CO.CCCCC[C@H](O)\C=C\[C@H]1[C@H](O)C[C@H](O)[C@@H]1C\C=C/CCCC(O)=O","Solute carrier family 22 member 2","BE0003647","|","CHEMBL1200896"
"Tubocurarine","[H][C@@]12CC3=CC=C(OC4=C5C(CC[N+](C)(C)[C@]5([H])CC5=CC(OC6=C(OC)C=C(CCN1C)C2=C6)=C(O)C=C5)=CC(OC)=C4O)C=C3","Solute carrier family 22 member 2","BE0003647","|","CHEMBL339427"
"Pancuronium","[H][C@@]12C[C@@H]([C@H](OC(C)=O)[C@@]1(C)CC[C@@]1([H])[C@@]2([H])CC[C@@]2([H])C[C@H](OC(C)=O)[C@H](C[C@]12C)[N+]1(C)CCCCC1)[N+]1(C)CCCCC1","Solute carrier family 22 member 2","BE0003647","|","CHEMBL185073"
"Pimagedine","NNC(N)=N","Solute carrier family 22 member 2","BE0003647","|inhibitor|","CHEMBL225304"
"Dolutegravir","[H][C@]12CN3C=C(C(=O)NCC4=CC=C(F)C=C4F)C(=O)C(O)=C3C(=O)N1[C@H](C)CCO2","Solute carrier family 22 member 2","BE0003647","|inhibitor|","CHEMBL1229211"
"Isavuconazole","[H][C@](C)(C1=NC(=CS1)C1=CC=C(C=C1)C#N)[C@](O)(CN1C=NC=N1)C1=C(F)C=CC(F)=C1","Solute carrier family 22 member 2","BE0003647","|inhibitor|","CHEMBL409153"
"Baricitinib","CCS(=O)(=O)N1CC(CC#N)(C1)N1C=C(C=N1)C1=C2C=CNC2=NC=N1","Solute carrier family 22 member 2","BE0003647","|inhibitor|","CHEMBL2105759"
"Apalutamide","CNC(=O)C1=CC=C(C=C1F)N1C(=S)N(C(=O)C11CCC1)C1=CC(=C(N=C1)C#N)C(F)(F)F","Solute carrier family 22 member 2","BE0003647","|inhibitor|","CHEMBL3183409"
"Nafamostat","NC(=N)NC1=CC=C(C=C1)C(=O)OC1=CC=C2C=C(C=CC2=C1)C(N)=N","Solute carrier family 22 member 2","BE0003647","|substrate|","CHEMBL273264"
"Enasidenib","CC(C)(O)CNC1=NC(=NC(NC2=CC(=NC=C2)C(F)(F)F)=N1)C1=NC(=CC=C1)C(F)(F)F","Solute carrier family 22 member 2","BE0003647","|inhibitor|","CHEMBL3989908"
"Estradiol acetate","[H][C@]1(O)CC[C@@]2([H])[C@]3([H])CCC4=CC(OC(C)=O)=CC=C4[C@@]3([H])CC[C@]12C","Solute carrier family 22 member 2","BE0003647","|inhibitor|","CHEMBL1200430"
"Estradiol benzoate","[H][C@]1(O)CC[C@@]2([H])[C@]3([H])CCC4=CC(OC(=O)C5=CC=CC=C5)=CC=C4[C@@]3([H])CC[C@]12C","Solute carrier family 22 member 2","BE0003647","|inhibitor|","CHEMBL282575"
"Estradiol cypionate","[H][C@@]1(CC[C@@]2([H])[C@]3([H])CCC4=CC(O)=CC=C4[C@@]3([H])CC[C@]12C)OC(=O)CCC1CCCC1","Solute carrier family 22 member 2","BE0003647","|inhibitor|","CHEMBL1200973"
"Estradiol dienanthate","CCCCCCC(=O)O[C@H]1CC[C@H]2[C@@H]3CCC4=CC(OC(=O)CCCCCC)=CC=C4[C@H]3CC[C@]12C","Solute carrier family 22 member 2","BE0003647","|inhibitor|",""
"Estradiol valerate","[H][C@@]12CC[C@H](OC(=O)CCCC)[C@@]1(C)CC[C@]1([H])C3=C(CC[C@@]21[H])C=C(O)C=C3","Solute carrier family 22 member 2","BE0003647","|inhibitor|","CHEMBL1511"
"Choline salicylate","C[N+](C)(C)CCO.OC1=CC=CC=C1C([O-])=O","Solute carrier family 22 member 2","BE0003647","|substrate|inhibitor|","CHEMBL2104095"
