"CHEMBL185878","C[C@H](CCC(=O)NCCS(=O)(=O)O)[C@H]1CC[C@H]2[C@@H]3[C@H](O)C[C@@H]4C[C@H](O)CC[C@]4(C)[C@H]3CC[C@]12C","inhibitor [75.2 % inhibition]","9539145"
"CHEMBL451532","C[C@@H]1O[C@@H](O[C@@H]2[C@@H](O)[C@H](O)[C@@H](CO)O[C@H]2Oc3cc(O)c4C(=O)C[C@H](Oc4c3)c5ccc(O)cc5)[C@H](O)[C@H](O)[C@H]1O","transporter inhibitor","20190787"
"CHEMBL294616","CC1(C)SSC(C)(C)[C@@H](NC(=O)[C@@H](N)Cc2ccc(O)cc2)C(=O)NCC(=O)N[C@H](Cc3ccccc3)C(=O)N[C@H]1C(=O)O","inhibitor [(at a rough estimate) 50 % of control]","10871297"
"CHEMBL1086218","C\C=C\C[C@@H](C)C(=O)[C@@H]1N(C)C(=O)[C@H](C(C)C)N(C)C(=O)[C@H](CC(C)C)N(C)C(=O)[C@H](CC(C)C)N(C)C(=O)[C@@H](C)NC(=O)[C@H](C)NC(=O)[C@H](CC(C)C)N(C)C(=O)[C@@H](NC(=O)[C@H](CC(C)C)N(C)C(=O)CN(C)C(=O)[C@@H](NC1=O)C(C)C)C(C)C","inhibitor [85 % inhibition]","10421612"
"CHEMBL1743304","N[C@@H](Cc1ccc(Oc2cc(I)c(O)c(I)c2)c(I)c1)C(=O)O","substrate [+]","11316767"
"CHEMBL1294","COc1ccc2nccc([C@H](O)[C@H]3C[C@@H]4CCN3C[C@@H]4C=C)c2c1","inhibitor [+]","11408531"
"CHEMBL1751","C[C@H]1O[C@H](C[C@H](O)[C@@H]1O)O[C@H]2[C@@H](O)C[C@H](O[C@H]3[C@@H](O)C[C@H](O[C@H]4CC[C@@]5(C)[C@H](CC[C@@H]6[C@@H]5C[C@@H](O)[C@]7(C)[C@H](CC[C@]67O)C8=CC(=O)OC8)C4)O[C@@H]3C)O[C@@H]2C","transporter substrate","20190787"
"CHEMBL914","CC(C)(C(=O)O)c1ccc(cc1)C(O)CCCN2CCC(CC2)C(O)(c3ccccc3)c4ccccc4","substrate [Km=6.4uM]","10421612"
"CHEMBL1697724","C[C@]12CC[C@H]3[C@@H](CCc4cc(O)ccc34)[C@@H]1CC[C@@H]2O[C@@H]5O[C@@H]([C@@H](O)[C@H](O)[C@H]5O)C(=O)O","substrate [+]","11159893"
"CHEMBL3527524","COc1ccc2nccc([C@H](O)[C@H]3C[C@@H]4CC[N+]3(C)C[C@@H]4C=C)c2c1","inhibitor [+]","11408531"
"CHEMBL33","C[C@H]1COc2c(N3CCN(C)CC3)c(F)cc4C(=O)C(=CN1c24)C(=O)O","transporter substrate","20190787"
"CHEMBL1201244","CC(=O)O[C@H]1[C@H](C[C@H]2[C@@H]3CC[C@H]4C[C@H](O)[C@H](C[C@]4(C)[C@H]3CC[C@]12C)N5CCOCC5)[N+]6(CC=C)CCCC6","substrate [+]","10490898"
"CHEMBL272427","C[C@H](CCC(=O)NCCS(=O)(=O)O)[C@H]1CC[C@H]2[C@@H]3[C@@H](O)C[C@@H]4C[C@H](O)CC[C@]4(C)[C@H]3CC[C@]12C","inhibitor [85.7 % inhibition]","9539145"
"CHEMBL114","CC(C)(C)NC(=O)[C@@H]1C[C@@H]2CCCC[C@@H]2CN1C[C@@H](O)[C@H](Cc3ccccc3)NC(=O)[C@H](CC(=O)N)NC(=O)c4ccc5ccccc5n4","transporter inhibitor","20190787"
"CHEMBL453904","[Na+].[Na+].Oc1ccc(cc1S(=O)(=O)[O-])C2(OC(=O)c3c(Br)c(Br)c(Br)c(Br)c23)c4ccc(O)c(c4)S(=O)(=O)[O-]","transporter substrate","20190787"
"CHEMBL224867","C[C@H](CCC(=O)NCCS(=O)(=O)O)[C@H]1CC[C@H]2[C@@H]3[C@H](O)C[C@@H]4C[C@H](O)CC[C@]4(C)[C@H]3C[C@H](O)[C@]12C","inhibitor [+]","11408531"
"CHEMBL538442","CO[C@H]1C[C@H](O[C@H]2CC[C@]3(C=O)[C@H]4CC[C@]5(C)[C@H](CC[C@]5(O)[C@@H]4CC[C@]3(O)C2)C6=CC(=O)OC6)O[C@H](C)[C@H]1O[C@@H]7O[C@H](CO[C@@H]8O[C@H](CO)[C@@H](O)[C@H](O)[C@H]8O)[C@@H](O)[C@H](O)[C@H]7O","inhibitor [+]","11408531"
"CHEMBL222863","C[C@@H]1O[C@@H](O[C@H]2C[C@@H](O)[C@]3(CO)[C@H]4[C@H](O)C[C@]5(C)[C@H](CC[C@]5(O)[C@@H]4CC[C@]3(O)C2)C6=CC(=O)OC6)[C@H](O)[C@H](O)[C@H]1O","substrate [+]","11159893"
"CHEMBL503","CC[C@H](C)C(=O)O[C@H]1C[C@@H](C)C=C2C=C[C@H](C)[C@H](CC[C@@H]3C[C@@H](O)CC(=O)O3)[C@@H]12","inhibitor [95 % inhibition]","10421612"
"CHEMBL8234","CC(C)C[C@H](NC(=O)[C@H](Cc1ccccc1)NC(=O)CNC(=O)CNC(=O)[C@@H](N)Cc2ccc(O)cc2)C(=O)O","inhibitor [(at a rough estimate) 40 % of control]","10871297"
"CHEMBL411070","C[C@H](CCC(=O)NCC(=O)O)[C@H]1CC[C@H]2[C@@H]3[C@H](O)C[C@@H]4C[C@H](O)CC[C@]4(C)[C@H]3C[C@H](O)[C@]12C","inhibitor [24 % of control]","7557095"
"CHEMBL38874","C[C@@H](NC(=O)[C@@H](N)Cc1ccc(O)cc1)C(=O)NCC(=O)N(C)[C@@H](Cc2ccccc2)C(=O)NCCO","inhibitor [(at a rough estimate) 50 % of control]","10871297"
"CHEMBL259898","C[C@]12CC[C@H]3[C@@H](CC=C4C[C@H](CC[C@]34C)OS(=O)(=O)O)[C@@H]1CCC2=O","substrate [Km=6.6uM]","9539145"
"CHEMBL6966","COc1ccc(CCN(C)CCCC(C#N)(C(C)C)c2ccc(OC)c(OC)c2)cc1OC","inhibitor [100 % inhibition]","10421612"
"CHEMBL2074727","[I-].CC[N+](C)(CC)CCNC(=O)c1ccc(cc1)N=[N+]=[N-]","inhibitor [+]","11408531"
"CHEMBL1544","N[C@@H](Cc1cc(I)c(Oc2ccc(O)c(I)c2)c(I)c1)C(=O)O","substrate [Km=6.5uM]","11316767"
"CHEMBL2074767","CCC1C[N+]2(CCCC3(C)N=N3)C4CC1C5C(O)C6(CC25)C4N(C)c7ccccc67","substrate [+]","10490898"
"CHEMBL3138109","","substrate [Km=14.1uM]","11901224"
"CHEMBL1201304","CC1(C)\C(=C\C=C\C=C\C=C\C2=[N+](CCCCS(=O)(=O)[O-])c3ccc4ccccc4c3C2(C)C)\N(CCCCS(=O)(=O)O)c5ccc6ccccc6c15","inhibitor [28 % of control]","7557095"
"CHEMBL34259","CN(Cc1cnc2nc(N)nc(N)c2n1)c3ccc(cc3)C(=O)N[C@@H](CCC(=O)O)C(=O)O","transporter substrate","20190787"
"CHEMBL2074618","","inhibitor [(at a rough estimate) 10 % of control]","11823753"
"CHEMBL548","CCCCC[C@H](O)\C=C\[C@H]1[C@H](O)CC(=O)[C@@H]1C\C=C/CCCC(=O)O","substrate [+]","11159893"
"CHEMBL501680","CC1=C(C=C)\C(=C\c2[nH]c(Cc3[nH]c(\C=C\4/NC(=O)C(=C4C)C=C)c(C)c3CCC(=O)O)c(CCC(=O)O)c2C)\NC1=O","inhibitor [+]","12568656"
"CHEMBL1624","N[C@@H](Cc1cc(I)c(Oc2cc(I)c(O)c(I)c2)c(I)c1)C(=O)O","substrate [Km=8uM]","11316767"
"CHEMBL444092","CO[C@@H](Cc1ccccc1)[C@@H](C)\C=C(/C)\C=C\[C@@H]2NC(=O)[C@H](CCCNC(=N)N)NC(=O)[C@@H](C)[C@@H](NC(=O)[C@H](CC(C)C)NC(=O)[C@@H](C)NC(=O)C(=C)N(C)C(=O)CC[C@@H](NC(=O)[C@H]2C)C(=O)O)C(=O)O","substrate [Km=20uM]","15737679"
"CHEMBL729","CC(C)[C@H](N1CCCNC1=O)C(=O)N[C@H](C[C@H](O)[C@H](Cc2ccccc2)NC(=O)COc3c(C)cccc3C)Cc4ccccc4","transporter inhibitor","20190787"
"CHEMBL240597","C[C@H](CCC(=O)O)[C@H]1CC[C@H]2[C@@H]3[C@H](O)C[C@@H]4C[C@H](O)CC[C@]4(C)[C@H]3CC[C@]12C","inhibitor [34 % of control]","7557095"
"CHEMBL437765","CO[C@H]1\C=C\O[C@@]2(C)Oc3c(C)c(O)c4c(O)c(NC(=O)\C(=C/C=C/[C@H](C)[C@H](O)[C@@H](C)[C@@H](O)[C@@H](C)[C@H](OC(=O)C)[C@@H]1C)\C)cc(O)c4c3C2=O","inhibitor [Ki=11uM]","12085361"
"CHEMBL584","Cc1c(O)cccc1C(=O)N[C@@H](CSc2ccccc2)[C@H](O)CN3C[C@H]4CCCC[C@H]4C[C@H]3C(=O)NC(C)(C)C","inhibitor [81 % inihibition]","10421612"
"CHEMBL1551","C[C@H](CCC(=O)O)[C@H]1CC[C@H]2[C@@H]3[C@@H](O)C[C@@H]4C[C@H](O)CC[C@]4(C)[C@H]3CC[C@]12C","inhibitor [14 % of control]","7557095"
"CHEMBL1269102","CC(C)C[C@@H]1NC(=O)[C@H](NC(=O)[C@@H]2CCCN2C(=O)[C@H](CC(=O)O)NC(=O)[C@@H](Cc3c[nH]c4ccccc34)NC1=O)C(C)C","substrate [+]","11159893"
"CHEMBL3138108","","substrate [Km=23.8uM]","11901224"
"CHEMBL115","CC(C)(C)NC(=O)[C@@H]1CN(Cc2cccnc2)CCN1C[C@@H](O)C[C@@H](Cc3ccccc3)C(=O)N[C@@H]4[C@H](O)Cc5ccccc45","inhibitor [70 % inihibition]","10421612"
"CHEMBL1201407","CCCCCCCC(=O)CC[C@H]1[C@H](O)C[C@H](O)[C@@H]1C\C=C/CCCC(=O)O","substrate [Km=93uM]","15652527"
"CHEMBL80","Oc1ccc2C[C@H]3N(CC=C)CC[C@@]45[C@@H](Oc1c24)C(=O)CC[C@@]35O","inhibitor [(at a rough estimate) 20 % of control]","10871297"
"CHEMBL567175","Oc1ccc2C[C@H]3N(CC4CC4)CC[C@@]56[C@@H](Oc1c25)c7[nH]c8ccccc8c7C[C@@]36O","inhibitor [(at a rough estimate) 10 % of control]","10871297"
"CHEMBL1628111","C[C@]12CC[C@H]3[C@@H](CCc4cc(OS(=O)(=O)O)ccc34)[C@@H]1CC[C@@H]2O","inhibitor [92.9 % inhibition]","9539145"
"CHEMBL532","CC[C@H]1OC(=O)[C@H](C)[C@@H](O[C@H]2C[C@@](C)(OC)[C@@H](O)[C@H](C)O2)[C@H](C)[C@@H](O[C@@H]3O[C@H](C)C[C@@H]([C@H]3O)N(C)C)[C@](C)(O)C[C@@H](C)C(=O)[C@H](C)[C@@H](O)[C@]1(C)O","inhibitor [66 % inihibition]","10421612"
"CHEMBL2074787","COc1ccc2nccc([C@@H](O)[C@@H]3C[C@@H]4CC[N+]3(C)C[C@@H]4C=C)c2c1","substrate [Km=5.1uM]","10490898"
"CHEMBL2074796","","inhibitor [(at a rough estimate) 10 % of control]","11823753"
"CHEMBL384467","C[C@@H]1C[C@H]2[C@@H]3CCC4=CC(=O)C=C[C@]4(C)[C@@]3(F)[C@@H](O)C[C@]2(C)[C@@]1(O)C(=O)CO","inhibitor [97.3 % inhibition]","9539145"
"CHEMBL20226","CC(C)[C@H](NC(=O)[C@@H](NC(=O)[C@H](CCC(=O)O)NC(=O)[C@H](Cc1ccccc1)NC(=O)[C@@H](C)NC(=O)[C@@H](N)Cc2ccc(O)cc2)C(C)C)C(=O)NCC(=O)N","substrate [Km=330uM]","10871297"
"CHEMBL163","CC(C)[C@H](NC(=O)N(C)Cc1csc(n1)C(C)C)C(=O)N[C@H](C[C@H](O)[C@H](Cc2ccccc2)NC(=O)OCc3cncs3)Cc4ccccc4","transporter inhibitor","20190787"
"CHEMBL295698","CC(=O)N1CCN(CC1)c2ccc(OC[C@@H]3CO[C@](Cn4ccnc4)(O3)c5ccc(Cl)cc5Cl)cc2","inhibitor [107 % inihibition]","10421612"
