"CHEMBL1644","CC1=C(N2[C@H](SC1)[C@H](NC(=O)[C@H](N)c3ccc(O)cc3)C2=O)C(=O)O","tde","22166395"
"CHEMBL2203374","Cl.COc1cccc2C(=O)c3c(O)c4C[C@](O)(C[C@H](O[C@H]5C[C@H](N)[C@H](O)[C@H](C)O5)c4c(O)c3C(=O)c12)C(=O)COC(=O)c6ccc(CC(CO[N+](=O)[O-])O[N+](=O)[O-])cc6","Not Active","24900337"
"CHEMBL486462","OC(=O)c1ccc(CC(CO[N+](=O)[O-])O[N+](=O)[O-])cc1","Not Active","24900337"
"CHEMBL486462","OC(=O)c1ccc(CC(CO[N+](=O)[O-])O[N+](=O)[O-])cc1","Not Active","24900337"
"CHEMBL996","CO[C@]1(NC(=O)Cc2cccs2)[C@H]3SCC(=C(N3C1=O)C(=O)O)COC(=O)N","Active","22166395"
"CHEMBL996","CO[C@]1(NC(=O)Cc2cccs2)[C@H]3SCC(=C(N3C1=O)C(=O)O)COC(=O)N","Active","22166395"
"CHEMBL53463","COc1cccc2C(=O)c3c(O)c4C[C@](O)(C[C@H](O[C@H]5C[C@H](N)[C@H](O)[C@H](C)O5)c4c(O)c3C(=O)c12)C(=O)CO","Not Active","24900337"
"CHEMBL2205646","Cl.COc1cccc2C(=O)c3c(O)c4C[C@](O)(C[C@H](O[C@H]5C[C@H](N)[C@H](O)[C@H](C)O5)c4c(O)c3C(=O)c12)C(=O)COC(=O)CCOc6no[n+]([O-])c6S(=O)(=O)c7ccccc7","tde","24900337"
"CHEMBL507674","CCN1CCN(C(=O)N[C@@H](C(=O)N[C@H]2[C@H]3SCC(=C(N3C2=O)C(=O)O)CSc4nnnn4C)c5ccc(O)cc5)C(=O)C1=O","Active","22166395"
"CHEMBL507674","CCN1CCN(C(=O)N[C@@H](C(=O)N[C@H]2[C@H]3SCC(=C(N3C2=O)C(=O)O)CSc4nnnn4C)c5ccc(O)cc5)C(=O)C1=O","Active","22166395"
"CHEMBL1727","CC1=C(N2[C@H](SC1)[C@H](NC(=O)[C@H](N)c3ccccc3)C2=O)C(=O)O","Active","22166395"
"CHEMBL197040","C\N=C(/NS(=O)(=O)N1CCCCCC1)\N2CC(C(=N2)c3ccc(Cl)cc3)c4ccccc4","Active","21511945"
"CHEMBL197040","C\N=C(/NS(=O)(=O)N1CCCCCC1)\N2CC(C(=N2)c3ccc(Cl)cc3)c4ccccc4","Active","21511945"
"CHEMBL161","CO\N=C(/C(=O)N[C@H]1[C@H]2SCC(=C(N2C1=O)C(=O)O)CSC3=NC(=O)C(=NN3C)O)\c4csc(N)n4","Active","22166395"
"CHEMBL161","CO\N=C(/C(=O)N[C@H]1[C@H]2SCC(=C(N2C1=O)C(=O)O)CSC3=NC(=O)C(=NN3C)O)\c4csc(N)n4","Active","22166395"
"CHEMBL1528022","O[C@H]1[C@H](Oc2ccc3C=CC(=O)Oc3c2)O[C@@H]([C@@H](O)[C@@H]1O)C(=O)O","Active","22415933"
"CHEMBL3542370","O[C@@H]1[C@@H](O)[C@H](Oc2c(O)cc3OC(=CC(=O)c3c2O)c4ccc(O)cc4)O[C@@H]([C@H]1O)C(=O)O","","22822035"
"CHEMBL3542370","O[C@@H]1[C@@H](O)[C@H](Oc2c(O)cc3OC(=CC(=O)c3c2O)c4ccc(O)cc4)O[C@@H]([C@H]1O)C(=O)O","","22822035"
"CHEMBL885","NC1=NC(=O)N(C=C1F)[C@@H]2CS[C@H](CO)O2","Active","17172311"
"CHEMBL885","NC1=NC(=O)N(C=C1F)[C@@H]2CS[C@H](CO)O2","Active","17172311"
"CHEMBL885","NC1=NC(=O)N(C=C1F)[C@@H]2CS[C@H](CO)O2","Active","17172311"
"CHEMBL2203373","OC(=O)CCOc1no[n+]([O-])c1S(=O)(=O)c2ccccc2","Active","24900337"
"CHEMBL2203373","OC(=O)CCOc1no[n+]([O-])c1S(=O)(=O)c2ccccc2","Active","24900337"
"CHEMBL2203373","OC(=O)CCOc1no[n+]([O-])c1S(=O)(=O)c2ccccc2","Active","24900337"
"CHEMBL2203373","OC(=O)CCOc1no[n+]([O-])c1S(=O)(=O)c2ccccc2","Active","24900337"
"CHEMBL2203373","OC(=O)CCOc1no[n+]([O-])c1S(=O)(=O)c2ccccc2","Active","24900337"
"CHEMBL308954","Cc1cc(cc(C)c1Oc2nc(Nc3ccc(cc3)C#N)nc(N)c2Br)C#N","","21189339"
"CHEMBL1697724","C[C@]12CC[C@H]3[C@@H](CCc4cc(O)ccc34)[C@@H]1CC[C@@H]2O[C@@H]5O[C@@H]([C@@H](O)[C@H](O)[C@H]5O)C(=O)O","transporter substrate","20190787"
"CHEMBL1697724","C[C@]12CC[C@H]3[C@@H](CCc4cc(O)ccc34)[C@@H]1CC[C@@H]2O[C@@H]5O[C@@H]([C@@H](O)[C@H](O)[C@H]5O)C(=O)O","transporter substrate","20190787"
"CHEMBL1697724","C[C@]12CC[C@H]3[C@@H](CCc4cc(O)ccc34)[C@@H]1CC[C@@H]2O[C@@H]5O[C@@H]([C@@H](O)[C@H](O)[C@H]5O)C(=O)O","transporter substrate","20190787"
"CHEMBL1697724","C[C@]12CC[C@H]3[C@@H](CCc4cc(O)ccc34)[C@@H]1CC[C@@H]2O[C@@H]5O[C@@H]([C@@H](O)[C@H](O)[C@H]5O)C(=O)O","transporter substrate","20190787"
"CHEMBL1697724","C[C@]12CC[C@H]3[C@@H](CCc4cc(O)ccc34)[C@@H]1CC[C@@H]2O[C@@H]5O[C@@H]([C@@H](O)[C@H](O)[C@H]5O)C(=O)O","transporter substrate","20190787"
"CHEMBL1697724","C[C@]12CC[C@H]3[C@@H](CCc4cc(O)ccc34)[C@@H]1CC[C@@H]2O[C@@H]5O[C@@H]([C@@H](O)[C@H](O)[C@H]5O)C(=O)O","transporter substrate","20190787"
"CHEMBL1697724","C[C@]12CC[C@H]3[C@@H](CCc4cc(O)ccc34)[C@@H]1CC[C@@H]2O[C@@H]5O[C@@H]([C@@H](O)[C@H](O)[C@H]5O)C(=O)O","transporter substrate","20190787"
"CHEMBL34259","CN(Cc1cnc2nc(N)nc(N)c2n1)c3ccc(cc3)C(=O)N[C@@H](CCC(=O)O)C(=O)O","transporter substrate","20190787"
"CHEMBL34259","CN(Cc1cnc2nc(N)nc(N)c2n1)c3ccc(cc3)C(=O)N[C@@H](CCC(=O)O)C(=O)O","transporter substrate","20190787"
"CHEMBL34259","CN(Cc1cnc2nc(N)nc(N)c2n1)c3ccc(cc3)C(=O)N[C@@H](CCC(=O)O)C(=O)O","transporter substrate","20190787"
"CHEMBL34259","CN(Cc1cnc2nc(N)nc(N)c2n1)c3ccc(cc3)C(=O)N[C@@H](CCC(=O)O)C(=O)O","transporter substrate","20190787"
"CHEMBL34259","CN(Cc1cnc2nc(N)nc(N)c2n1)c3ccc(cc3)C(=O)N[C@@H](CCC(=O)O)C(=O)O","transporter substrate","20190787"
"CHEMBL34259","CN(Cc1cnc2nc(N)nc(N)c2n1)c3ccc(cc3)C(=O)N[C@@H](CCC(=O)O)C(=O)O","transporter substrate","20190787"
"CHEMBL1201195","CO[C@]1(NC(=O)CSCC#N)[C@H]2SCC(=C(N2C1=O)C(=O)O)CSc3nnnn3C","Active","22166395"
"CHEMBL1201195","CO[C@]1(NC(=O)CSCC#N)[C@H]2SCC(=C(N2C1=O)C(=O)O)CSc3nnnn3C","Active","22166395"
"CHEMBL1604","CC1=C(N2[C@H](SC1)[C@H](NC(=O)[C@H](N)C3=CCC=CC3)C2=O)C(=O)O","Active","22166395"
"CHEMBL364300","CCN(C)S(=O)(=O)N\C(=N/C)\N1CC(C(=N1)c2ccc(Cl)cc2)c3ccccc3","Active","21511945"
"CHEMBL364300","CCN(C)S(=O)(=O)N\C(=N/C)\N1CC(C(=N1)c2ccc(Cl)cc2)c3ccccc3","Active","21511945"
"CHEMBL364300","CCN(C)S(=O)(=O)N\C(=N/C)\N1CC(C(=N1)c2ccc(Cl)cc2)c3ccccc3","Active","21511945"
"CHEMBL364300","CCN(C)S(=O)(=O)N\C(=N/C)\N1CC(C(=N1)c2ccc(Cl)cc2)c3ccccc3","Active","21511945"
