"CHEMBL223228","FC(F)(F)[C@]1(OC(=O)Nc2ccc(Cl)cc12)C#CC3CC3","Active","21189339"
"CHEMBL1146","Cn1nnnc1SCC2=C(N3[C@H](SC2)[C@H](NC(=O)[C@H](O)c4ccccc4)C3=O)C(=O)O","Active","22166395"
"CHEMBL996","CO[C@]1(NC(=O)Cc2cccs2)[C@H]3SCC(=C(N3C1=O)C(=O)O)COC(=O)N","Active","22166395"
"CHEMBL2205645","COC(=O)CCOc1no[n+]([O-])c1S(=O)(=O)c2ccccc2","Active","24900337"
"CHEMBL914","CC(C)(C(=O)O)c1ccc(cc1)C(O)CCCN2CCC(CC2)C(O)(c3ccccc3)c4ccccc4","transporter substrate","20190787"
"CHEMBL141","NC1=NC(=O)N(C=C1)[C@@H]2CS[C@H](CO)O2","Active","17172311"
"CHEMBL507674","CCN1CCN(C(=O)N[C@@H](C(=O)N[C@H]2[C@H]3SCC(=C(N3C2=O)C(=O)O)CSc4nnnn4C)c5ccc(O)cc5)C(=O)C1=O","Active","22166395"
"CHEMBL1380","Nc1nc(NC2CC2)c3ncn([C@@H]4C[C@H](CO)C=C4)c3n1","Active","17172311"
"CHEMBL1727","CC1=C(N2[C@H](SC1)[C@H](NC(=O)[C@H](N)c3ccccc3)C2=O)C(=O)O","Active","22166395"
"CHEMBL197040","C\N=C(/NS(=O)(=O)N1CCCCCC1)\N2CC(C(=N2)c3ccc(Cl)cc3)c4ccccc4","Active","21511945"
"CHEMBL161","CO\N=C(/C(=O)N[C@H]1[C@H]2SCC(=C(N2C1=O)C(=O)O)CSC3=NC(=O)C(=NN3C)O)\c4csc(N)n4","Active","22166395"
"CHEMBL1528022","O[C@H]1[C@H](Oc2ccc3C=CC(=O)Oc3c2)O[C@@H]([C@@H](O)[C@@H]1O)C(=O)O","Active","22415933"
"CHEMBL885","NC1=NC(=O)N(C=C1F)[C@@H]2CS[C@H](CO)O2","Active","17172311"
"CHEMBL680","N[C@@H](C(=O)N[C@H]1[C@H]2SCC(=C(N2C1=O)C(=O)O)Cl)c3ccccc3","Active","22166395"
"CHEMBL2203373","OC(=O)CCOc1no[n+]([O-])c1S(=O)(=O)c2ccccc2","Active","24900337"
"CHEMBL1436","CO\N=C(/C(=O)N[C@H]1[C@H]2SCC(=C(N2C1=O)C(=O)O)COC(=O)N)\c3occc3","Active","22166395"
"CHEMBL1697724","C[C@]12CC[C@H]3[C@@H](CCc4cc(O)ccc34)[C@@H]1CC[C@@H]2O[C@@H]5O[C@@H]([C@@H](O)[C@H](O)[C@H]5O)C(=O)O","transporter substrate","20190787"
"CHEMBL34259","CN(Cc1cnc2nc(N)nc(N)c2n1)c3ccc(cc3)C(=O)N[C@@H](CCC(=O)O)C(=O)O","transporter substrate","20190787"
"CHEMBL1201195","CO[C@]1(NC(=O)CSCC#N)[C@H]2SCC(=C(N2C1=O)C(=O)O)CSc3nnnn3C","Active","22166395"
"CHEMBL1604","CC1=C(N2[C@H](SC1)[C@H](NC(=O)[C@H](N)C3=CCC=CC3)C2=O)C(=O)O","Active","22166395"
"CHEMBL111","Cc1c(nn(c2ccc(Cl)cc2Cl)c1c3ccc(Cl)cc3)C(=O)NN4CCCCC4","Active","21511945"
"CHEMBL364300","CCN(C)S(=O)(=O)N\C(=N/C)\N1CC(C(=N1)c2ccc(Cl)cc2)c3ccccc3","Active","21511945"
"CHEMBL593","CC(C)Nc1cccnc1N2CCN(CC2)C(=O)c3cc4cc(NS(=O)(=O)C)ccc4[nH]3","Not Active","21189339"
"CHEMBL2203374","Cl.COc1cccc2C(=O)c3c(O)c4C[C@](O)(C[C@H](O[C@H]5C[C@H](N)[C@H](O)[C@H](C)O5)c4c(O)c3C(=O)c12)C(=O)COC(=O)c6ccc(CC(CO[N+](=O)[O-])O[N+](=O)[O-])cc6","Not Active","24900337"
"CHEMBL486462","OC(=O)c1ccc(CC(CO[N+](=O)[O-])O[N+](=O)[O-])cc1","Not Active","24900337"
"CHEMBL53463","COc1cccc2C(=O)c3c(O)c4C[C@](O)(C[C@H](O[C@H]5C[C@H](N)[C@H](O)[C@H](C)O5)c4c(O)c3C(=O)c12)C(=O)CO","Not Active","24900337"
"CHEMBL2205644","COC(=O)c1ccc(CC(CO[N+](=O)[O-])O[N+](=O)[O-])cc1","Not Active","24900337"
"CHEMBL487805","O[C@@H]1[C@@H](O)[C@H](Oc2cc3OC(=CC(=O)c3c(O)c2O)c4ccc(O)cc4)O[C@@H]([C@H]1O)C(=O)O","Not Active","22822035"
