"Cyclosporine","CC[C@@H]1NC(=O)[C@H]([C@H](O)[C@H](C)C\C=C\C)N(C)C(=O)[C@H](C(C)C)N(C)C(=O)[C@H](CC(C)C)N(C)C(=O)[C@H](CC(C)C)N(C)C(=O)[C@@H](C)NC(=O)[C@H](C)NC(=O)[C@H](CC(C)C)N(C)C(=O)[C@@H](NC(=O)[C@H](CC(C)C)N(C)C(=O)CN(C)C1=O)C(C)C","Canalicular multispecific organic anion transporter 2","BE0001061","|inhibitor|","CHEMBL160"
"Glutathione","N[C@@H](CCC(=O)N[C@@H](CS)C(=O)NCC(O)=O)C(O)=O","Canalicular multispecific organic anion transporter 2","BE0001061","|substrate|","CHEMBL1543"
"Folic Acid","NC1=NC(=O)C2=NC(CNC3=CC=C(C=C3)C(=O)N[C@@H](CCC(O)=O)C(O)=O)=CN=C2N1","Canalicular multispecific organic anion transporter 2","BE0001061","|substrate|","CHEMBL1622"
"Clotrimazole","ClC1=CC=CC=C1C(N1C=CN=C1)(C1=CC=CC=C1)C1=CC=CC=C1","Canalicular multispecific organic anion transporter 2","BE0001061","|inducer|","CHEMBL104"
"Indomethacin","COC1=CC2=C(C=C1)N(C(=O)C1=CC=C(Cl)C=C1)C(C)=C2CC(O)=O","Canalicular multispecific organic anion transporter 2","BE0001061","|inhibitor|","CHEMBL6"
"Omeprazole","COC1=CC2=C(C=C1)N=C(N2)S(=O)CC1=NC=C(C)C(OC)=C1C","Canalicular multispecific organic anion transporter 2","BE0001061","|inducer|","CHEMBL1503"
"Cisplatin","N[Pt](N)(Cl)Cl","Canalicular multispecific organic anion transporter 2","BE0001061","|inducer|","CHEMBL2068237"
"Vincristine","[H][C@@]12N3CC[C@@]11C4=CC(=C(OC)C=C4N(C=O)[C@@]1([H])[C@](O)([C@H](OC(C)=O)[C@]2(CC)C=CC3)C(=O)OC)[C@]1(C[C@]2([H])CN(C[C@](O)(CC)C2)CCC2=C1NC1=CC=CC=C21)C(=O)OC","Canalicular multispecific organic anion transporter 2","BE0001061","|inhibitor|","CHEMBL90555"
"Fluorouracil","FC1=CNC(=O)NC1=O","Canalicular multispecific organic anion transporter 2","BE0001061","|substrate|","CHEMBL185"
"Methotrexate","CN(CC1=CN=C2N=C(N)N=C(N)C2=N1)C1=CC=C(C=C1)C(=O)N[C@@H](CCC(O)=O)C(O)=O","Canalicular multispecific organic anion transporter 2","BE0001061","|substrate|inhibitor|","CHEMBL34259"
"Verapamil","COC1=C(OC)C=C(CCN(C)CCCC(C#N)(C(C)C)C2=CC(OC)=C(OC)C=C2)C=C1","Canalicular multispecific organic anion transporter 2","BE0001061","|inhibitor|","CHEMBL6966"
"Lamivudine","NC1=NC(=O)N(C=C1)[C@@H]1CS[C@H](CO)O1","Canalicular multispecific organic anion transporter 2","BE0001061","|substrate|","CHEMBL141"
"Etoposide","[H][C@]12COC(=O)[C@]1([H])[C@H](C1=CC(OC)=C(O)C(OC)=C1)C1=CC3=C(OCO3)C=C1[C@H]2O[C@@H]1O[C@]2([H])CO[C@@H](C)O[C@@]2([H])[C@H](O)[C@H]1O","Canalicular multispecific organic anion transporter 2","BE0001061","|substrate|inhibitor|","CHEMBL44657"
"Ezetimibe","O[C@@H](CC[C@@H]1[C@H](N(C1=O)C1=CC=C(F)C=C1)C1=CC=C(O)C=C1)C1=CC=C(F)C=C1","Canalicular multispecific organic anion transporter 2","BE0001061","|substrate|","CHEMBL1138"
"Doxorubicin","COC1=CC=CC2=C1C(=O)C1=C(O)C3=C(C[C@](O)(C[C@@H]3O[C@H]3C[C@H](N)[C@H](O)[C@H](C)O3)C(=O)CO)C(O)=C1C2=O","Canalicular multispecific organic anion transporter 2","BE0001061","|inhibitor|","CHEMBL53463"
"Metyrapone","CC(C)(C(=O)C1=CN=CC=C1)C1=CN=CC=C1","Canalicular multispecific organic anion transporter 2","BE0001061","|inducer|","CHEMBL934"
"Glyburide","COC1=C(C=C(Cl)C=C1)C(=O)NCCC1=CC=C(C=C1)S(=O)(=O)NC(=O)NC1CCCCC1","Canalicular multispecific organic anion transporter 2","BE0001061","|inhibitor|","CHEMBL472"
"Probenecid","CCCN(CCC)S(=O)(=O)C1=CC=C(C=C1)C(O)=O","Canalicular multispecific organic anion transporter 2","BE0001061","|inhibitor|","CHEMBL897"
"Rifampicin","CO[C@H]1\C=C\O[C@@]2(C)OC3=C(C2=O)C2=C(O)C(\C=N\N4CCN(C)CC4)=C(NC(=O)\C(C)=C/C=C/[C@H](C)[C@H](O)[C@@H](C)[C@@H](O)[C@@H](C)[C@H](OC(C)=O)[C@@H]1C)C(O)=C2C(O)=C3C","Canalicular multispecific organic anion transporter 2","BE0001061","|inducer|","CHEMBL374478"
"Nifedipine","COC(=O)C1=C(C)NC(C)=C(C1C1=CC=CC=C1[N+]([O-])=O)C(=O)OC","Canalicular multispecific organic anion transporter 2","BE0001061","|inducer|","CHEMBL193"
"Sulfinpyrazone","O=C1C(CCS(=O)C2=CC=CC=C2)C(=O)N(N1C1=CC=CC=C1)C1=CC=CC=C1","Canalicular multispecific organic anion transporter 2","BE0001061","|inhibitor|","CHEMBL832"
"Phenobarbital","CCC1(C(=O)NC(=O)NC1=O)C1=CC=CC=C1","Canalicular multispecific organic anion transporter 2","BE0001061","|inducer|","CHEMBL40"
"Cholic Acid","[H][C@@](C)(CCC(O)=O)[C@@]1([H])CC[C@@]2([H])[C@]3([H])[C@]([H])(O)C[C@]4([H])C[C@]([H])(O)CC[C@]4(C)[C@@]3([H])C[C@]([H])(O)[C@]12C","Canalicular multispecific organic anion transporter 2","BE0001061","|inhibitor|","CHEMBL205596"
"Taurocholic Acid","[H][C@@]1(CC[C@@]2([H])[C@]3([H])[C@H](O)C[C@]4([H])C[C@H](O)CC[C@]4(C)[C@@]3([H])C[C@H](O)[C@]12C)[C@H](C)CCC(=O)NCCS(O)(=O)=O","Canalicular multispecific organic anion transporter 2","BE0001061","|substrate|inhibitor|","CHEMBL224867"
"Gadoxetic acid","[Gd+3].[H][C@@](CN(CCN(CC([O-])=O)CC([O-])=O)CC([O-])=O)(CC1=CC=C(OCC)C=C1)N(CC(O)=O)CC(O)=O","Canalicular multispecific organic anion transporter 2","BE0001061","|substrate|","CHEMBL1201768"
