"CHEMBL15177","CN(C)C(=O)CCSC(SCCC(=O)O)c1cccc(\C=C\c2ccc3ccc(Cl)cc3n2)c1","","22541068"
"CHEMBL894","CC(NC(C)(C)C)C(=O)c1cccc(Cl)c1","","22541068"
"CHEMBL1697724","C[C@]12CC[C@H]3[C@@H](CCc4cc(O)ccc34)[C@@H]1CC[C@@H]2O[C@@H]5O[C@@H]([C@@H](O)[C@H](O)[C@H]5O)C(=O)O","","22541068"
"CHEMBL1697724","C[C@]12CC[C@H]3[C@@H](CCc4cc(O)ccc34)[C@@H]1CC[C@@H]2O[C@@H]5O[C@@H]([C@@H](O)[C@H](O)[C@H]5O)C(=O)O","","22541068"
"CHEMBL1697724","C[C@]12CC[C@H]3[C@@H](CCc4cc(O)ccc34)[C@@H]1CC[C@@H]2O[C@@H]5O[C@@H]([C@@H](O)[C@H](O)[C@H]5O)C(=O)O","","22541068"
"CHEMBL1697724","C[C@]12CC[C@H]3[C@@H](CCc4cc(O)ccc34)[C@@H]1CC[C@@H]2O[C@@H]5O[C@@H]([C@@H](O)[C@H](O)[C@H]5O)C(=O)O","","22541068"
"CHEMBL9352","Oc1ccc(cc1)[C@@H]2CC(=O)c3c(O)cc(O)cc3O2","substrate [72% of control]","15640378"
"CHEMBL453904","[Na+].[Na+].Oc1ccc(cc1S(=O)(=O)[O-])C2(OC(=O)c3c(Br)c(Br)c(Br)c(Br)c23)c4ccc(O)c(c4)S(=O)(=O)[O-]","","22541068"
"CHEMBL2074618","","inhibitor [18% of control]","15640378"
"CHEMBL592675","COc1cc(ccc1O)[C@@H]2Oc3cc(ccc3O[C@H]2CO)[C@H]4Oc5cc(O)cc(O)c5C(=O)[C@@H]4O","","23401473"
"CHEMBL494753","C[C@]12CC[C@H]3[C@@H](CCc4cc(OS(=O)(=O)O)ccc34)[C@@H]1CCC2=O","","20926619"
"CHEMBL481","CCc1c2CN3C(=O)C4=C(C=C3c2nc5ccc(OC(=O)N6CCC(CC6)N7CCCCC7)cc15)[C@@](O)(CC)C(=O)OC4","","22541068"
"CHEMBL205596","C[C@H](CCC(=O)O)[C@H]1CC[C@H]2[C@@H]3[C@H](O)C[C@@H]4C[C@H](O)CC[C@]4(C)[C@H]3C[C@H](O)[C@]12C","","22541068"
"CHEMBL190","CN1C(=O)N(C)c2nc[nH]c2C1=O","","22541068"
"CHEMBL539","CC(=O)O","is not a substrate [-]","14610227"
"CHEMBL12","CN1C(=O)CN=C(c2ccccc2)c3cc(Cl)ccc13","","22541068"
"CHEMBL80548","NCC(=O)N1CCC[C@H]1C(=O)O","","22541068"
"CHEMBL30","CN\C(=N/CCSCc1nc[nH]c1C)\NC#N","","22541068"
"CHEMBL22","COc1cc(Cc2cnc(N)nc2N)cc(OC)c1OC","","22541068"
"CHEMBL53463","COc1cccc2C(=O)c3c(O)c4C[C@](O)(C[C@H](O[C@H]5C[C@H](N)[C@H](O)[C@H](C)O5)c4c(O)c3C(=O)c12)C(=O)CO","","22541068"
"CHEMBL103","CC(=O)[C@H]1CC[C@H]2[C@@H]3CCC4=CC(=O)CC[C@]4(C)[C@H]3CC[C@]12C","","22541068"
"CHEMBL1086218","C\C=C\C[C@@H](C)C(=O)[C@@H]1N(C)C(=O)[C@H](C(C)C)N(C)C(=O)[C@H](CC(C)C)N(C)C(=O)[C@H](CC(C)C)N(C)C(=O)[C@@H](C)NC(=O)[C@H](C)NC(=O)[C@H](CC(C)C)N(C)C(=O)[C@@H](NC(=O)[C@H](CC(C)C)N(C)C(=O)CN(C)C(=O)[C@@H](NC1=O)C(C)C)C(C)C","","22541068"
"CHEMBL34259","CN(Cc1cnc2nc(N)nc(N)c2n1)c3ccc(cc3)C(=O)N[C@@H](CCC(=O)O)C(=O)O","","22541068"
"CHEMBL396298","COc1cccc2C(=O)c3cccc(C(=O)Nc4ccc(CCN5CCc6cc(OC)c(OC)cc6C5)cc4)c3Nc12","","22541068"
"CHEMBL2074592","OS(=O)(=O)c1cc(NC=S)ccc1\C=C\c2ccc(cc2S(=O)(=O)O)N=C=S","inhibitor [8.4% of control]","12724351"
"CHEMBL1138","O[C@@H](CC[C@@H]1[C@H](N(C1=O)c2ccc(F)cc2)c3ccc(O)cc3)c4ccc(F)cc4","","22541068"
"CHEMBL254832","CC(NCCC(c1ccccc1)c2ccccc2)c3ccccc3","","22541068"
"CHEMBL185878","C[C@H](CCC(=O)NCCS(=O)(=O)O)[C@H]1CC[C@H]2[C@@H]3[C@H](O)C[C@@H]4C[C@H](O)CC[C@]4(C)[C@H]3CC[C@]12C","","22541068"
"CHEMBL185878","C[C@H](CCC(=O)NCCS(=O)(=O)O)[C@H]1CC[C@H]2[C@@H]3[C@H](O)C[C@@H]4C[C@H](O)CC[C@]4(C)[C@H]3CC[C@]12C","","22541068"
"CHEMBL185878","C[C@H](CCC(=O)NCCS(=O)(=O)O)[C@H]1CC[C@H]2[C@@H]3[C@H](O)C[C@@H]4C[C@H](O)CC[C@]4(C)[C@H]3CC[C@]12C","","22541068"
"CHEMBL1276484","CN[C@@H]1C[C@H](N)[C@@H](O)[C@H](O[C@H]2O[C@H](CO)[C@H](O)[C@@H]3O[C@]4(O[C@H]([C@H](N)CO)[C@H](O)[C@H](O)[C@H]4O)O[C@@H]23)[C@H]1O","","22541068"
"CHEMBL251188","CC(C)c1c(CC[C@@H](O)C[C@@H](O)CC(=O)O)n(nc1C(=O)NCc2ccc(C)cc2)c3ccc(F)cc3","","21183342"
"CHEMBL52440","COc1ccc2C[C@H]3[C@H]4CCCC[C@@]4(CCN3C)c2c1","","22541068"
"CHEMBL116","CC(C)CN(C[C@@H](O)[C@H](Cc1ccccc1)NC(=O)O[C@H]2CCOC2)S(=O)(=O)c3ccc(N)cc3","","22541068"
"CHEMBL101","CCCCC1C(=O)N(N(C1=O)c2ccccc2)c3ccccc3","","22541068"
"CHEMBL41","CNCCC(Oc1ccc(cc1)C(F)(F)F)c2ccccc2","","22541068"
"CHEMBL35","NS(=O)(=O)c1cc(C(=O)O)c(NCc2occc2)cc1Cl","","22541068"
"CHEMBL35","NS(=O)(=O)c1cc(C(=O)O)c(NCc2occc2)cc1Cl","","22541068"
"CHEMBL35","NS(=O)(=O)c1cc(C(=O)O)c(NCc2occc2)cc1Cl","","22541068"
"CHEMBL437765","CO[C@H]1\C=C\O[C@@]2(C)Oc3c(C)c(O)c4c(O)c(NC(=O)\C(=C/C=C/[C@H](C)[C@H](O)[C@@H](C)[C@@H](O)[C@@H](C)[C@H](OC(=O)C)[C@@H]1C)\C)cc(O)c4c3C2=O","","22541068"
"CHEMBL106","OC(Cn1cncn1)(Cn2cncn2)c3ccc(F)cc3F","","22541068"
"CHEMBL388590","CCc1oc2ccccc2c1C(=O)c3cc(Br)c(O)c(Br)c3","","22541068"
"CHEMBL131","C[C@]12C[C@H](O)[C@H]3[C@@H](CCC4=CC(=O)C=C[C@]34C)[C@@H]1CC[C@]2(O)C(=O)CO","","22541068"
"CHEMBL485818","O[C@H]1[C@H](Oc2cc3OC(=CC(=O)c3c(O)c2O)c4ccccc4)O[C@@H]([C@@H](O)[C@@H]1O)C(=O)O","","22541068"
"CHEMBL30707","Oc1ccc2c(OC(=O)c3c2oc4cc(O)ccc34)c1","","22541068"
"CHEMBL192","CCCc1nn(C)c2C(=O)NC(=Nc12)c3cc(ccc3OCC)S(=O)(=O)N4CCN(C)CC4","","22541068"
"CHEMBL295698","CC(=O)N1CCN(CC1)c2ccc(OC[C@@H]3CO[C@](Cn4ccnc4)(O3)c5ccc(Cl)cc5Cl)cc2","","22541068"
"CHEMBL521","CC(C)Cc1ccc(cc1)C(C)C(=O)O","","22541068"
"CHEMBL1644","CC1=C(N2[C@H](SC1)[C@H](NC(=O)[C@H](N)c3ccc(O)cc3)C2=O)C(=O)O","","22541068"
"CHEMBL1644","CC1=C(N2[C@H](SC1)[C@H](NC(=O)[C@H](N)c3ccc(O)cc3)C2=O)C(=O)O","","22541068"
"CHEMBL548","CCCCC[C@H](O)\C=C\[C@H]1[C@H](O)CC(=O)[C@@H]1C\C=C/CCCC(=O)O","substrate [+]","10873595"
"CHEMBL548","CCCCC[C@H](O)\C=C\[C@H]1[C@H](O)CC(=O)[C@@H]1C\C=C/CCCC(=O)O","substrate [+]","10873595"
"CHEMBL471","CC(C)NCC(O)c1ccc(NS(=O)(=O)C)cc1","","22541068"
"CHEMBL471","CC(C)NCC(O)c1ccc(NS(=O)(=O)C)cc1","","22541068"
"CHEMBL3527524","COc1ccc2nccc([C@H](O)[C@H]3C[C@@H]4CC[N+]3(C)C[C@@H]4C=C)c2c1","","22541068"
"CHEMBL405845","CN1C(=O)N(Cc2occc2)c3nc(C)[nH]c3C1=O","","22541068"
"CHEMBL595","CCc1ccc(CCOc2ccc(CC3SC(=O)NC3=O)cc2)nc1","","22541068"
"CHEMBL595","CCc1ccc(CCOc2ccc(CC3SC(=O)NC3=O)cc2)nc1","","22541068"
"CHEMBL553","COCCOc1cc2ncnc(Nc3cccc(c3)C#C)c2cc1OCCOC","","22541068"
"CHEMBL517","CC(C)N(CCC(C(=O)N)(c1ccccc1)c2ccccn2)C(C)C","","22541068"
"CHEMBL517","CC(C)N(CCC(C(=O)N)(c1ccccc1)c2ccccn2)C(C)C","","22541068"
"CHEMBL517","CC(C)N(CCC(C(=O)N)(c1ccccc1)c2ccccn2)C(C)C","","22541068"
"CHEMBL28626","OC1=C(Oc2cc(O)cc(O)c2C1=O)c3ccc(O)cc3O","","22541068"
"CHEMBL28626","OC1=C(Oc2cc(O)cc(O)c2C1=O)c3ccc(O)cc3O","","22541068"
"CHEMBL28626","OC1=C(Oc2cc(O)cc(O)c2C1=O)c3ccc(O)cc3O","","22541068"
"CHEMBL640","CCN(CC)CCNC(=O)c1ccc(N)cc1","","22541068"
"CHEMBL640","CCN(CC)CCNC(=O)c1ccc(N)cc1","","22541068"
"CHEMBL509919","Cc1ccc(N(CC(=O)O)CC(=O)O)c(OCCOc2cc(ccc2N(CC(=O)O)CC(=O)O)C3=C4C=C(Cl)C(=O)C=C4Oc5cc(O)c(Cl)cc35)c1","","22541068"
"CHEMBL141573","CC(=O)C1CCC2C3CC=C4CC(CCC4(C)C3CCC12C)OS(=O)(=O)O","inhibitor [83 % inhibition]","11932330"
"CHEMBL646","Cc1nnc2CN=C(c3ccccc3Cl)c4cc(Cl)ccc4n12","","22541068"
"CHEMBL646","Cc1nnc2CN=C(c3ccccc3Cl)c4cc(Cl)ccc4n12","","22541068"
"CHEMBL646","Cc1nnc2CN=C(c3ccccc3Cl)c4cc(Cl)ccc4n12","","22541068"
"CHEMBL1109","Nc1ccc(cc1)S(=O)(=O)Nc2ccnn2c3ccccc3","","22541068"
"CHEMBL1109","Nc1ccc(cc1)S(=O)(=O)Nc2ccnn2c3ccccc3","","22541068"
"CHEMBL473","CN(CCOc1ccc(NS(=O)(=O)C)cc1)CCc2ccc(NS(=O)(=O)C)cc2","","22541068"
"CHEMBL772","CO[C@H]1[C@@H](C[C@@H]2CN3CCc4c([nH]c5cc(OC)ccc45)[C@H]3C[C@@H]2[C@@H]1C(=O)OC)OC(=O)c6cc(OC)c(OC)c(OC)c6","","22541068"
"CHEMBL1502","COc1ccnc(C[S+]([O-])c2nc3cc(OC(F)F)ccc3[nH]2)c1OC","","22541068"
"CHEMBL1502","COc1ccnc(C[S+]([O-])c2nc3cc(OC(F)F)ccc3[nH]2)c1OC","","22541068"
"CHEMBL1502","COc1ccnc(C[S+]([O-])c2nc3cc(OC(F)F)ccc3[nH]2)c1OC","","22541068"
"CHEMBL1502","COc1ccnc(C[S+]([O-])c2nc3cc(OC(F)F)ccc3[nH]2)c1OC","","22541068"
"CHEMBL572","[O-][N+](=O)c1oc(\C=N\N2CC(=O)NC2=O)cc1","","22541068"
"CHEMBL572","[O-][N+](=O)c1oc(\C=N\N2CC(=O)NC2=O)cc1","","22541068"
"CHEMBL71","CN(C)CCCN1c2ccccc2Sc3ccc(Cl)cc13","","22541068"
"CHEMBL184","Nc1nc(O)c2ncn(COCCO)c2n1","","22541068"
"CHEMBL1261","OC(=O)CC(O)(CC(=O)O)C(=O)O","inhibitor [97.7% of control]","12724351"
"CHEMBL541","OC(=O)c1ccccc1","inhibitor [56.1% of control]","12724351"
"CHEMBL998","CCOC(=O)N1CCC(=C2c3ccc(Cl)cc3CCc4cccnc24)CC1","","22541068"
"CHEMBL998","CCOC(=O)N1CCC(=C2c3ccc(Cl)cc3CCc4cccnc24)CC1","","22541068"
"CHEMBL2397733","COc1cc(ccc1O)[C@@H]2[C@H]3CO[C@]4(O)[C@H]3C(=C[C@H]2C4=O)[C@H]5Oc6cc(O)cc(O)c6C(=O)[C@@H]5O","Active","23401473"
"CHEMBL2397733","COc1cc(ccc1O)[C@@H]2[C@H]3CO[C@]4(O)[C@H]3C(=C[C@H]2C4=O)[C@H]5Oc6cc(O)cc(O)c6C(=O)[C@@H]5O","Active","23401473"
"CHEMBL2397733","COc1cc(ccc1O)[C@@H]2[C@H]3CO[C@]4(O)[C@H]3C(=C[C@H]2C4=O)[C@H]5Oc6cc(O)cc(O)c6C(=O)[C@@H]5O","Active","23401473"
"CHEMBL2397733","COc1cc(ccc1O)[C@@H]2[C@H]3CO[C@]4(O)[C@H]3C(=C[C@H]2C4=O)[C@H]5Oc6cc(O)cc(O)c6C(=O)[C@@H]5O","Active","23401473"
"CHEMBL411","CC\C(=C(\CC)/c1ccc(O)cc1)\c2ccc(O)cc2","","22541068"
"CHEMBL411","CC\C(=C(\CC)/c1ccc(O)cc1)\c2ccc(O)cc2","","22541068"
"CHEMBL411","CC\C(=C(\CC)/c1ccc(O)cc1)\c2ccc(O)cc2","","22541068"
"CHEMBL3683287","Fc1ccc(NS(=O)(=O)c2ccc(Oc3ccc(C#N)c(Cl)c3)c(c2)C#N)nc1","",""
"CHEMBL3683287","Fc1ccc(NS(=O)(=O)c2ccc(Oc3ccc(C#N)c(Cl)c3)c(c2)C#N)nc1","",""
"CHEMBL446299","C[C@@H]1CC(=O)C=C2CC[C@H](C[C@@]12C)C(=C)C","","22541068"
"CHEMBL446299","C[C@@H]1CC(=O)C=C2CC[C@H](C[C@@]12C)C(=C)C","","22541068"
"CHEMBL592676","COc1cc(ccc1O)[C@H]2Oc3ccc(cc3O[C@@H]2CO)[C@H]4Oc5cc(O)cc(O)c5C(=O)[C@@H]4O","Active","23401473"
"CHEMBL592676","COc1cc(ccc1O)[C@H]2Oc3ccc(cc3O[C@@H]2CO)[C@H]4Oc5cc(O)cc(O)c5C(=O)[C@@H]4O","Active","23401473"
"CHEMBL493815","CC(=O)Oc1ccc2c(Oc3cc(OC(=O)C)ccc3C24OC(=O)c5cc(ccc45)C(=O)O)c1","","22541068"
"CHEMBL493815","CC(=O)Oc1ccc2c(Oc3cc(OC(=O)C)ccc3C24OC(=O)c5cc(ccc45)C(=O)O)c1","","22541068"
"CHEMBL457","Cc1ccc(C)c(OCCCC(C)(C)C(=O)O)c1","","22541068"
"CHEMBL311617","C[n+]1ccc(cc1)c2ccccc2","","22541068"
"CHEMBL629","CN(C)CCC=C1c2ccccc2CCc3ccccc13","","22541068"
"CHEMBL6466","O=C1Oc2ccccc2C=C1","","22541068"
"CHEMBL6466","O=C1Oc2ccccc2C=C1","","22541068"
"CHEMBL6466","O=C1Oc2ccccc2C=C1","","22541068"
"CHEMBL24","CC(C)NCC(O)COc1ccc(CC(=O)N)cc1","","22541068"
"CHEMBL3924161","FC(F)(F)c1ccc(NS(=O)(=O)c2ccccc2C(F)(F)F)cn1","",""
"CHEMBL3924161","FC(F)(F)c1ccc(NS(=O)(=O)c2ccccc2C(F)(F)F)cn1","",""
"CHEMBL3924161","FC(F)(F)c1ccc(NS(=O)(=O)c2ccccc2C(F)(F)F)cn1","",""
"CHEMBL1201407","CCCCCCCC(=O)CC[C@H]1[C@H](O)C[C@H](O)[C@@H]1C\C=C/CCCC(=O)O","substrate [Km=91uM]","15652527"
"CHEMBL1201407","CCCCCCCC(=O)CC[C@H]1[C@H](O)C[C@H](O)[C@@H]1C\C=C/CCCC(=O)O","substrate [Km=91uM]","15652527"
"CHEMBL502682","C[C@@H](O)[C@@H]1NC(=O)[C@H](C)NC(=O)[C@H](C[C@@](C)(O)CO)NC(=O)[C@H]2NC(=O)[C@H](C)NC(=O)[C@@H]3C[C@H](O)CN3C(=O)[C@@H](CSc4[nH]c5ccccc5c24)NC1=O","","22541068"
"CHEMBL16073","CCOc1ccc(NC(=O)C)cc1","","22541068"
"CHEMBL503","CC[C@H](C)C(=O)O[C@H]1C[C@@H](C)C=C2C=C[C@H](C)[C@H](CC[C@@H]3C[C@@H](O)CC(=O)O3)[C@@H]12","","22541068"
"CHEMBL897","CCCN(CCC)S(=O)(=O)c1ccc(cc1)C(=O)O","","22541068"
"CHEMBL296035","CCc1cccc2cc(oc12)C(O)CNC(C)(C)C","","22541068"
"CHEMBL11978","CNC(=O)c1cccnc1","","22541068"
"CHEMBL11978","CNC(=O)c1cccnc1","","22541068"
"CHEMBL833","Clc1ccccc1CN2CCc3sccc3C2","","22541068"
"CHEMBL833","Clc1ccccc1CN2CCc3sccc3C2","","22541068"
