"CHEMBL782","CCCCNC(=O)NS(=O)(=O)c1ccc(C)cc1","is not a  substrate [-]","15640378"
"CHEMBL2074834","","is not an inhibitor [(-)]","15640378"
"CHEMBL1144","CC[C@H](C)C(=O)O[C@H]1C[C@H](O)C=C2C=C[C@H](C)[C@H](CC[C@@H](O)C[C@@H](O)CC(=O)O)[C@@H]12","is not a substrate [-]","14610227"
"CHEMBL837","CCc1c2CN3C(=O)C4=C(C=C3c2nc5ccc(O)cc15)[C@@](O)(CC)C(=O)OC4","is not a substrate [-]","14977862"
"CHEMBL358850","C[C@@H](O)C(=O)O","is not a substrate [-]","14610227"
"CHEMBL2369946","CC(O)C[C@@H]1NC(=O)[C@@H]2Cc3c(SC[C@@H](NC(=O)[C@@H](NC(=O)[C@H](C)NC1=O)[C@@H](C)O)C(=O)N4C[C@H](O)C[C@H]4C(=O)N[C@@H](C)C(=O)N2)[nH]c5ccccc35","is not a substrate [-]","15238259"
"CHEMBL1078442","CC(=CCC\C(=C\COc1c2C=CC(=O)Oc2cc3occc13)\C)C","is not an inhibitor [(-)]","15640378"
"CHEMBL539","CC(=O)O","is not a substrate [-]","14610227"
"CHEMBL444092","CO[C@@H](Cc1ccccc1)[C@@H](C)\C=C(/C)\C=C\[C@@H]2NC(=O)[C@H](CCCNC(=N)N)NC(=O)[C@@H](C)[C@@H](NC(=O)[C@H](CC(C)C)NC(=O)[C@@H](C)NC(=O)C(=C)N(C)C(=O)CC[C@@H](NC(=O)[C@H]2C)C(=O)O)C(=O)O","is not a substrate [(-)]","15737679"
"CHEMBL424","OC(=O)c1ccccc1O","is not a  substrate [-]","15640378"
"CHEMBL1200661","CCCCCCCC(=O)CC[C@H]1[C@H](O)C[C@H](O)[C@@H]1C\C=C/CCCC(=O)OC(C)C","is not a substrate [(-)]","15652527"
"CHEMBL443728","[Na+].C[C@H](CCC(=O)NCCS(=O)(=O)[O-])[C@H]1CC[C@H]2[C@@H]3[C@H](O)C[C@@H]4C[C@H](O)CC[C@]4(C)[C@H]3C[C@H](O)[C@]12C","is not a  substrate [-]","15640378"
