"CHEMBL76447","COc1ccc(cc1OC)C2=CC(=O)c3c(OC)c(OC)c(OC)c(OC)c3O2","substrate [40% of control]","15640378"
"CHEMBL224867","C[C@H](CCC(=O)NCCS(=O)(=O)O)[C@H]1CC[C@H]2[C@@H]3[C@H](O)C[C@@H]4C[C@H](O)CC[C@]4(C)[C@H]3C[C@H](O)[C@]12C","substrate [Km=71.8u M]","14610227"
"CHEMBL513494","C\C(=C/COc1c2C=CC(=O)Oc2cc3occc13)\CCC(O)C(C)(C)O","inhibitor [35% of control]","15640378"
"CHEMBL135","C[C@]12CC[C@H]3[C@@H](CCc4cc(O)ccc34)[C@@H]1CC[C@@H]2O","inhibitor [(at a rough estimate) 60 % of control]","11683238"
"CHEMBL9352","Oc1ccc(cc1)[C@@H]2CC(=O)c3c(O)cc(O)cc3O2","substrate [72% of control]","15640378"
"CHEMBL2074618","","inhibitor [18% of control]","15640378"
"CHEMBL1045","OC(=O)c1ccccc1C(=O)O","inhibitor [42.7% of control]","12724351"
"CHEMBL451532","C[C@@H]1O[C@@H](O[C@@H]2[C@@H](O)[C@H](O)[C@@H](CO)O[C@H]2Oc3cc(O)c4C(=O)C[C@H](Oc4c3)c5ccc(O)cc5)[C@H](O)[C@H](O)[C@H]1O","inhibitor [70% of control]","15640378"
"CHEMBL259898","C[C@]12CC[C@H]3[C@@H](CC=C4C[C@H](CC[C@]34C)OS(=O)(=O)O)[C@@H]1CCC2=O","substrate [+]","11159893"
"CHEMBL574431","Oc1ccc(cc1S(=O)(=O)O)C2(OC(=O)c3c(Br)c(Br)c(Br)c(Br)c23)c4ccc(O)c(c4)S(=O)(=O)O","Active","21422191"
"CHEMBL461101","CC1=NN(C(=O)/C/1=N\Nc2cccc(c2O)c3cccc(c3)C(=O)O)c4ccc(C)c(C)c4","Active","21422191"
"CHEMBL1628111","C[C@]12CC[C@H]3[C@@H](CCc4cc(OS(=O)(=O)O)ccc34)[C@@H]1CC[C@@H]2O","inhibitor [(at a rough estimate) 30 % of control]","11683238"
"CHEMBL2074796","","inhibitor [45% of control]","15640378"
"CHEMBL2074592","OS(=O)(=O)c1cc(NC=S)ccc1\C=C\c2ccc(cc2S(=O)(=O)O)N=C=S","inhibitor [8.4% of control]","12724351"
"CHEMBL914","CC(C)(C(=O)O)c1ccc(cc1)C(O)CCCN2CCC(CC2)C(O)(c3ccccc3)c4ccccc4","transporter substrate","20190787"
"CHEMBL146755","OC(=O)C(=O)O","inhibitor [83.9% of control]","12724351"
"CHEMBL73930","COc1ccc(cc1)C2=CC(=O)c3c(OC)c(OC)c(OC)c(OC)c3O2","inhibitor [25% of control]","15640378"
"CHEMBL548","CCCCC[C@H](O)\C=C\[C@H]1[C@H](O)CC(=O)[C@@H]1C\C=C/CCCC(=O)O","substrate [+]","10873595"
"CHEMBL1405","C[C@]12CC[C@H]3[C@@H](CCc4cc(O)ccc34)[C@@H]1CCC2=O","inhibitor [(at a rough estimate) 45 % of control]","11683238"
"CHEMBL141573","CC(=O)C1CCC2C3CC=C4CC(CCC4(C)C3CCC12C)OS(=O)(=O)O","inhibitor [83 % inhibition]","11932330"
"CHEMBL3542340","COc1cc(ccc1O)[C@@H]2Oc3ccc(cc3O[C@H]2CO)[C@H]4Oc5cc(O)cc(O)c5C(=O)[C@@H]4O","Active","23401473"
"CHEMBL1261","OC(=O)CC(O)(CC(=O)O)C(=O)O","inhibitor [97.7% of control]","12724351"
"CHEMBL541","OC(=O)c1ccccc1","inhibitor [56.1% of control]","12724351"
"CHEMBL2397733","COc1cc(ccc1O)[C@@H]2[C@H]3CO[C@]4(O)[C@H]3C(=C[C@H]2C4=O)[C@H]5Oc6cc(O)cc(O)c6C(=O)[C@@H]5O","Active","23401473"
"CHEMBL592676","COc1cc(ccc1O)[C@H]2Oc3ccc(cc3O[C@@H]2CO)[C@H]4Oc5cc(O)cc(O)c5C(=O)[C@@H]4O","Active","23401473"
"CHEMBL1201407","CCCCCCCC(=O)CC[C@H]1[C@H](O)C[C@H](O)[C@@H]1C\C=C/CCCC(=O)O","substrate [Km=91uM]","15652527"
"CHEMBL573","OC(=O)c1cccnc1","inhibitor [59.7% of control]","12724351"
"CHEMBL1401508","COc1cc(ccc1O)C2Oc3cc(ccc3OC2CO)C4Oc5cc(O)cc(O)c5C(=O)C4O","Not Active","23401473"
