"Duplicates"
"CHEMBL224867","C[C@H](CCC(=O)NCCS(=O)(=O)O)[C@H]1CC[C@H]2[C@@H]3[C@H](O)C[C@@H]4C[C@H](O)CC[C@]4(C)[C@H]3C[C@H](O)[C@]12C","substrate [Km=71.8u M]","14610227"
"Taurocholic Acid","[H][C@@]1(CC[C@@]2([H])[C@]3([H])[C@H](O)C[C@]4([H])C[C@H](O)CC[C@]4(C)[C@@]3([H])C[C@H](O)[C@]12C)[C@H](C)CCC(=O)NCCS(O)(=O)=O","Solute carrier organic anion transporter family member 2B1","BE0001042","|substrate|","CHEMBL224867"
"Duplicates"
"CHEMBL9352","Oc1ccc(cc1)[C@@H]2CC(=O)c3c(O)cc(O)cc3O2","substrate [72% of control]","15640378"
"Naringenin","[H][C@]1(CC(=O)C2=C(O1)C=C(O)C=C2O)C1=CC=C(O)C=C1","Solute carrier organic anion transporter family member 2B1","BE0001042","|inhibitor|","CHEMBL9352"
"Duplicates"
"CHEMBL259898","C[C@]12CC[C@H]3[C@@H](CC=C4C[C@H](CC[C@]34C)OS(=O)(=O)O)[C@@H]1CCC2=O","substrate [+]","11159893"
"Prasterone sulfate","[H][C@@]12CCC(=O)[C@@]1(C)CC[C@@]1([H])[C@@]2([H])CC=C2C[C@H](CC[C@]12C)OS(O)(=O)=O","Solute carrier organic anion transporter family member 2B1","BE0001042","|","CHEMBL259898"
"Duplicates"
"CHEMBL914","CC(C)(C(=O)O)c1ccc(cc1)C(O)CCCN2CCC(CC2)C(O)(c3ccccc3)c4ccccc4","transporter substrate","20190787"
"Fexofenadine","CC(C)(C(O)=O)C1=CC=C(C=C1)C(O)CCCN1CCC(CC1)C(O)(C1=CC=CC=C1)C1=CC=CC=C1","Solute carrier organic anion transporter family member 2B1","BE0001042","|substrate|","CHEMBL914"
"Duplicates"
"CHEMBL548","CCCCC[C@H](O)\C=C\[C@H]1[C@H](O)CC(=O)[C@@H]1C\C=C/CCCC(=O)O","substrate [+]","10873595"
"Dinoprostone","CCCCC[C@H](O)\C=C\[C@H]1[C@H](O)CC(=O)[C@@H]1C\C=C/CCCC(O)=O","Solute carrier organic anion transporter family member 2B1","BE0001042","|substrate|","CHEMBL548"
"Duplicates"
"CHEMBL135","C[C@]12CC[C@H]3[C@@H](CCc4cc(O)ccc34)[C@@H]1CC[C@@H]2O","inhibitor [(at a rough estimate) 60 % of control]","11683238"
"Estradiol","[H][C@@]12CC[C@H](O)[C@@]1(C)CC[C@]1([H])C3=C(CC[C@@]21[H])C=C(O)C=C3","Solute carrier organic anion transporter family member 2B1","BE0001042","|inhibitor|","CHEMBL135"
"Duplicates"
"CHEMBL1045","OC(=O)c1ccccc1C(=O)O","inhibitor [42.7% of control]","12724351"
"Phthalic Acid","OC(=O)C1=CC=CC=C1C(O)=O","Solute carrier organic anion transporter family member 2B1","BE0001042","|inhibitor|","CHEMBL1045"
"Duplicates"
"CHEMBL146755","OC(=O)C(=O)O","inhibitor [83.9% of control]","12724351"
"Oxalic Acid","OC(=O)C(O)=O","Solute carrier organic anion transporter family member 2B1","BE0001042","|inhibitor|","CHEMBL146755"
"Duplicates"
"CHEMBL1405","C[C@]12CC[C@H]3[C@@H](CCc4cc(O)ccc34)[C@@H]1CCC2=O","inhibitor [(at a rough estimate) 45 % of control]","11683238"
"Estrone","[H][C@@]12CCC(=O)[C@@]1(C)CC[C@]1([H])C3=C(CC[C@@]21[H])C=C(O)C=C3","Solute carrier organic anion transporter family member 2B1","BE0001042","|inhibitor|","CHEMBL1405"
"Duplicates"
"CHEMBL1261","OC(=O)CC(O)(CC(=O)O)C(=O)O","inhibitor [97.7% of control]","12724351"
"Citric Acid","OC(=O)CC(O)(CC(O)=O)C(O)=O","Solute carrier organic anion transporter family member 2B1","BE0001042","|inhibitor|","CHEMBL1261"
"Duplicates"
"CHEMBL541","OC(=O)c1ccccc1","inhibitor [56.1% of control]","12724351"
"Benzoic Acid","OC(=O)C1=CC=CC=C1","Solute carrier organic anion transporter family member 2B1","BE0001042","|inhibitor|","CHEMBL541"
"Duplicates"
"CHEMBL573","OC(=O)c1cccnc1","inhibitor [59.7% of control]","12724351"
"Niacin","OC(=O)C1=CN=CC=C1","Solute carrier organic anion transporter family member 2B1","BE0001042","|inhibitor|","CHEMBL573"
