"Pravastatin","[H][C@]12[C@H](C[C@H](O)C=C1C=C[C@H](C)[C@@H]2CC[C@@H](O)C[C@@H](O)CC(O)=O)OC(=O)[C@@H](C)CC","Solute carrier organic anion transporter family member 2B1","BE0001042","|substrate|inhibitor|","CHEMBL1144"
"Digoxin","[H][C@]12CC[C@]3([H])[C@]([H])(C[C@@H](O)[C@]4(C)[C@H](CC[C@]34O)C3=CC(=O)OC3)[C@@]1(C)CC[C@@H](C2)O[C@H]1C[C@H](O)[C@H](O[C@H]2C[C@H](O)[C@H](O[C@H]3C[C@H](O)[C@H](O)[C@@H](C)O3)[C@@H](C)O2)[C@@H](C)O1","Solute carrier organic anion transporter family member 2B1","BE0001042","|substrate|","CHEMBL1751"
"Montelukast","OC(=O)CC1(CC1)CS[C@H](CCC1=CC=CC=C1C(O)(C)C)C1=CC=CC(\C=C\C2=NC3=C(C=CC(Cl)=C3)C=C2)=C1","Solute carrier organic anion transporter family member 2B1","BE0001042","|substrate|","CHEMBL787"
"Niacin","OC(=O)C1=CN=CC=C1","Solute carrier organic anion transporter family member 2B1","BE0001042","|inhibitor|","CHEMBL573"
"Latanoprost","CC(C)OC(=O)CCC\C=C/C[C@H]1[C@@H](O)C[C@@H](O)[C@@H]1CC[C@@H](O)CCC1=CC=CC=C1","Solute carrier organic anion transporter family member 2B1","BE0001042","|substrate|","CHEMBL1051"
"Estrone","[H][C@@]12CCC(=O)[C@@]1(C)CC[C@]1([H])C3=C(CC[C@@]21[H])C=C(O)C=C3","Solute carrier organic anion transporter family member 2B1","BE0001042","|inhibitor|","CHEMBL1405"
"Alprostadil","CCCCC[C@H](O)C=C[C@H]1[C@H](O)CC(=O)[C@@H]1CCCCCCC(O)=O","Solute carrier organic anion transporter family member 2B1","BE0001042","|inhibitor|","CHEMBL495"
"Estradiol","[H][C@@]12CC[C@H](O)[C@@]1(C)CC[C@]1([H])C3=C(CC[C@@]21[H])C=C(O)C=C3","Solute carrier organic anion transporter family member 2B1","BE0001042","|inhibitor|","CHEMBL135"
"Dinoprostone","CCCCC[C@H](O)\C=C\[C@H]1[C@H](O)CC(=O)[C@@H]1C\C=C/CCCC(O)=O","Solute carrier organic anion transporter family member 2B1","BE0001042","|substrate|","CHEMBL548"
"Salicylic acid","OC(=O)C1=CC=CC=C1O","Solute carrier organic anion transporter family member 2B1","BE0001042","|substrate|","CHEMBL424"
"Fexofenadine","CC(C)(C(O)=O)C1=CC=C(C=C1)C(O)CCCN1CCC(CC1)C(O)(C1=CC=CC=C1)C1=CC=CC=C1","Solute carrier organic anion transporter family member 2B1","BE0001042","|substrate|","CHEMBL914"
"Glyburide","COC1=C(C=C(Cl)C=C1)C(=O)NCCC1=CC=C(C=C1)S(=O)(=O)NC(=O)NC1CCCCC1","Solute carrier organic anion transporter family member 2B1","BE0001042","|substrate|","CHEMBL472"
"Rifampicin","CO[C@H]1\C=C\O[C@@]2(C)OC3=C(C2=O)C2=C(O)C(\C=N\N4CCN(C)CC4)=C(NC(=O)\C(C)=C/C=C/[C@H](C)[C@H](O)[C@@H](C)[C@@H](O)[C@@H](C)[C@H](OC(C)=O)[C@@H]1C)C(O)=C2C(O)=C3C","Solute carrier organic anion transporter family member 2B1","BE0001042","|inhibitor|","CHEMBL374478"
"Ibuprofen","CC(C)CC1=CC=C(C=C1)C(C)C(O)=O","Solute carrier organic anion transporter family member 2B1","BE0001042","|substrate|","CHEMBL521"
"Benzylpenicillin","[H][C@]12SC(C)(C)[C@@H](N1C(=O)[C@H]2NC(=O)CC1=CC=CC=C1)C(O)=O","Solute carrier organic anion transporter family member 2B1","BE0001042","|substrate|","CHEMBL29"
"Atorvastatin","CC(C)C1=C(C(=O)NC2=CC=CC=C2)C(=C(N1CC[C@@H](O)C[C@@H](O)CC(O)=O)C1=CC=C(F)C=C1)C1=CC=CC=C1","Solute carrier organic anion transporter family member 2B1","BE0001042","|","CHEMBL1487"
"Iloprost","[H][C@]12C[C@@H](O)[C@H](\C=C\[C@@H](O)C(C)CC#CC)[C@@]1([H])C\C(C2)=C\CCCC(O)=O","Solute carrier organic anion transporter family member 2B1","BE0001042","|substrate|","CHEMBL494"
"Fluvastatin","CC(C)N1C(\C=C\[C@H](O)C[C@H](O)CC(O)=O)=C(C2=CC=C(F)C=C2)C2=CC=CC=C12","Solute carrier organic anion transporter family member 2B1","BE0001042","|","CHEMBL350239"
"Rosuvastatin","CC(C)C1=NC(=NC(C2=CC=C(F)C=C2)=C1\C=C\[C@@H](O)C[C@@H](O)CC(=O)O)N(C)S(C)(=O)=O","Solute carrier organic anion transporter family member 2B1","BE0001042","|","CHEMBL1496"
"Tolbutamide","CCCCNC(=O)NS(=O)(=O)C1=CC=C(C)C=C1","Solute carrier organic anion transporter family member 2B1","BE0001042","|substrate|","CHEMBL782"
"Phthalic Acid","OC(=O)C1=CC=CC=C1C(O)=O","Solute carrier organic anion transporter family member 2B1","BE0001042","|inhibitor|","CHEMBL1045"
"Acetic acid","CC(O)=O","Solute carrier organic anion transporter family member 2B1","BE0001042","|substrate|inhibitor|","CHEMBL539"
"Naringenin","[H][C@]1(CC(=O)C2=C(O1)C=C(O)C=C2O)C1=CC=C(O)C=C1","Solute carrier organic anion transporter family member 2B1","BE0001042","|inhibitor|","CHEMBL9352"
"Benzoic Acid","OC(=O)C1=CC=CC=C1","Solute carrier organic anion transporter family member 2B1","BE0001042","|inhibitor|","CHEMBL541"
"Oxalic Acid","OC(=O)C(O)=O","Solute carrier organic anion transporter family member 2B1","BE0001042","|inhibitor|","CHEMBL146755"
"Quercetin","OC1=CC2=C(C(O)=C1)C(=O)C(O)=C(O2)C1=CC=C(O)C(O)=C1","Solute carrier organic anion transporter family member 2B1","BE0001042","|inhibitor|","CHEMBL50"
"Citric Acid","OC(=O)CC(O)(CC(O)=O)C(O)=O","Solute carrier organic anion transporter family member 2B1","BE0001042","|inhibitor|","CHEMBL1261"
"Taurocholic Acid","[H][C@@]1(CC[C@@]2([H])[C@]3([H])[C@H](O)C[C@]4([H])C[C@H](O)CC[C@]4(C)[C@@]3([H])C[C@H](O)[C@]12C)[C@H](C)CCC(=O)NCCS(O)(=O)=O","Solute carrier organic anion transporter family member 2B1","BE0001042","|substrate|","CHEMBL224867"
"Lactic Acid","CC(O)C(O)=O","Solute carrier organic anion transporter family member 2B1","BE0001042","|substrate|inhibitor|","CHEMBL1200559"
"Prasterone sulfate","[H][C@@]12CCC(=O)[C@@]1(C)CC[C@@]1([H])[C@@]2([H])CC=C2C[C@H](CC[C@]12C)OS(O)(=O)=O","Solute carrier organic anion transporter family member 2B1","BE0001042","|","CHEMBL259898"
"Simeprevir","[H]\C1=C([H])\[C@]2([H])C[C@]2(N=C(O)[C@]2([H])C[C@]([H])(C[C@@]2([H])C(=O)N(C)CCCC1)OC1=C2C=CC(OC)=C(C)C2=NC(=C1)C1=NC(=CS1)C(C)C)C(O)=NS(=O)(=O)C1CC1","Solute carrier organic anion transporter family member 2B1","BE0001042","|substrate|","CHEMBL501849"
"Pitavastatin","O[C@H](C[C@H](O)\C=C\C1=C(N=C2C=CC=CC2=C1C1=CC=C(F)C=C1)C1CC1)CC(O)=O","Solute carrier organic anion transporter family member 2B1","BE0001042","|substrate|","CHEMBL1201753"
"Bilastine","CCOCCN1C(=NC2=CC=CC=C12)C1CCN(CCC2=CC=C(C=C2)C(C)(C)C(O)=O)CC1","Solute carrier organic anion transporter family member 2B1","BE0001042","|inhibitor|","CHEMBL1742423"
"Lifitegrast","CS(=O)(=O)C1=CC(C[C@H](NC(=O)C2=C(Cl)C3=C(CN(CC3)C(=O)C3=CC=C4C=COC4=C3)C=C2Cl)C(O)=O)=CC=C1","Solute carrier organic anion transporter family member 2B1","BE0001042","|substrate|","CHEMBL2048028"
"Velpatasvir","[H][C@](N=C(O)OC)(C(C)C)C(=O)N1[C@@]([H])(C)CC[C@@]1([H])C1=NC2=C(N1)C1=CC3=C(C=C1C=C2)C1=C(CO3)C=C(C=C1)C1=CN=C(N1)[C@]1([H])C[C@]([H])(COC)CN1C(=O)[C@]([H])(N=C(O)OC)C1=CC=CC=C1","Solute carrier organic anion transporter family member 2B1","BE0001042","|inhibitor|transporter|","CHEMBL3545062"
"Latanoprostene Bunod","O[C@H](CC[C@H]1[C@H](O)C[C@H](O)[C@@H]1C\C=C/CCCC(=O)OCCCCO[N+]([O-])=O)CCC1=CC=CC=C1","Solute carrier organic anion transporter family member 2B1","BE0001042","|substrate|","CHEMBL2364612"
"Estradiol acetate","[H][C@]1(O)CC[C@@]2([H])[C@]3([H])CCC4=CC(OC(C)=O)=CC=C4[C@@]3([H])CC[C@]12C","Solute carrier organic anion transporter family member 2B1","BE0001042","|inhibitor|","CHEMBL1200430"
"Estradiol benzoate","[H][C@]1(O)CC[C@@]2([H])[C@]3([H])CCC4=CC(OC(=O)C5=CC=CC=C5)=CC=C4[C@@]3([H])CC[C@]12C","Solute carrier organic anion transporter family member 2B1","BE0001042","|inhibitor|","CHEMBL282575"
"Estradiol cypionate","[H][C@@]1(CC[C@@]2([H])[C@]3([H])CCC4=CC(O)=CC=C4[C@@]3([H])CC[C@]12C)OC(=O)CCC1CCCC1","Solute carrier organic anion transporter family member 2B1","BE0001042","|inhibitor|","CHEMBL1200973"
"Estradiol dienanthate","CCCCCCC(=O)O[C@H]1CC[C@H]2[C@@H]3CCC4=CC(OC(=O)CCCCCC)=CC=C4[C@H]3CC[C@]12C","Solute carrier organic anion transporter family member 2B1","BE0001042","|inhibitor|",""
"Estradiol valerate","[H][C@@]12CC[C@H](OC(=O)CCCC)[C@@]1(C)CC[C@]1([H])C3=C(CC[C@@]21[H])C=C(O)C=C3","Solute carrier organic anion transporter family member 2B1","BE0001042","|inhibitor|","CHEMBL1511"
