"CHEMBL172513","C[N+](C)(C)CC(O)CC(=O)[O-]","inhibitor [32.5 % of control]","10215651"
"CHEMBL463","Nc1ccc(cc1)C(=O)NCC(=O)O","is not an inhibitor [-]","10215651"
"CHEMBL9324","CC[N+](CC)(CC)CC","substrate [Km=436uM]","10215651"
"CHEMBL9324","CC[N+](CC)(CC)CC","substrate [Km=436uM]","10215651"
"CHEMBL134","Clc1cccc(Cl)c1NC2=NCCN2","inhibitor [70.9 % of control]","10215651"
"CHEMBL134","Clc1cccc(Cl)c1NC2=NCCN2","inhibitor [70.9 % of control]","10215651"
"CHEMBL316157","[O-]C(=O)C1=C(C[n+]2ccccc2)CS[C@@H]3[C@H](NC(=O)Cc4cccs4)C(=O)N13","inhibitor [35.7 % of control]","10215651"
