"CHEMBL29","CC1(C)S[C@@H]2[C@H](NC(=O)Cc3ccccc3)C(=O)N2[C@H]1C(=O)O","is not an inhibitor [-]","10215651"
"CHEMBL463","Nc1ccc(cc1)C(=O)NCC(=O)O","is not an inhibitor [-]","10215651"
"CHEMBL23194","NCCCNCCCCNCCCN","is not an inhibitor [-]","10215651"
"CHEMBL19612","NCCCCNCCCN","is not an inhibitor [-]","10215651"
"CHEMBL1485","N[C@@H](CCCNC(=N)N)C(=O)O","is not an inhibitor [-]","10215651"
"CHEMBL11978","CNC(=O)c1cccnc1","is not an inhibitor [-]","10215651"
"CHEMBL46257","NCCCCN","is not an inhibitor [-]","10215651"
"CHEMBL8085","NCCCC[C@H](N)C(=O)O","is not an inhibitor [-]","10215651"
