"CHEMBL920","C[N+](C)(C)CCO","inhibitor [73.2 % of control]","10215651"
"CHEMBL1294","COc1ccc2nccc([C@H](O)[C@H]3C[C@@H]4CCN3C[C@@H]4C=C)c2c1","inhibitor [15.2 % of control]","10215651"
"CHEMBL640","CCN(CC)CCNC(=O)c1ccc(N)cc1","inhibitor [15.6 % of control]","10215651"
"CHEMBL172513","C[N+](C)(C)CC(O)CC(=O)[O-]","inhibitor [32.5 % of control]","10215651"
"CHEMBL821","NC(=N)N","inhibitor [89.6 % of control]","10215651"
"CHEMBL170","COc1ccc2nccc([C@@H](O)[C@@H]3C[C@@H]4CCN3C[C@@H]4C=C)c2c1","inhibitor [24.6 % of control]","10215651"
"CHEMBL503189","C[N+](C)(C)C[C@@H](O)CC(=O)[O-]","inhibitor [53.9 % of control % of control]","10215651"
"CHEMBL30","CN\C(=N/CCSCc1nc[nH]c1C)\NC#N","inhibitor [50.6 % of control]","10215651"
"CHEMBL511","COc1ccc(CN(CCN(C)C)c2ccccn2)cc1","inhibitor [0 % of control]","10215651"
"CHEMBL33","C[C@H]1COc2c(N3CCN(C)CC3)c(F)cc4C(=O)C(=CN1c24)C(=O)O","inhibitor [63.6 % of control]","10215651"
"CHEMBL9324","CC[N+](CC)(CC)CC","substrate [Km=436uM]","10215651"
"CHEMBL134","Clc1cccc(Cl)c1NC2=NCCN2","inhibitor [70.9 % of control]","10215651"
"CHEMBL6966","COc1ccc(CCN(C)CCCC(C#N)(C(C)C)c2ccc(OC)c(OC)c2)cc1OC","inhibitor [8.8 % of control]","10215651"
"CHEMBL316157","[O-]C(=O)C1=C(C[n+]2ccccc2)CS[C@@H]3[C@H](NC(=O)Cc4cccs4)C(=O)N13","inhibitor [35.7 % of control]","10215651"
"CHEMBL4","CC1COc2c(N3CCN(C)CC3)c(F)cc4C(=O)C(=CN1c24)C(=O)O","inhibitor [61.4 % of control]","10215651"
"CHEMBL237500","CC#CCn1c(nc2N(C)C(=O)N(Cc3nc(C)c4ccccc4n3)C(=O)c12)N5CCC[C@@H](N)C5","Not Active","23073734"
