"Duplicates"
"CHEMBL9324","CC[N+](CC)(CC)CC","substrate [Km=436uM]","10215651"
"Tetraethylammonium","CC[N+](CC)(CC)CC","Solute carrier family 22 member 4","BE0000757","|","CHEMBL9324"
"Duplicates"
"CHEMBL920","C[N+](C)(C)CCO","inhibitor [73.2 % of control]","10215651"
"Choline","C[N+](C)(C)CCO","Solute carrier family 22 member 4","BE0000757","|inhibitor|","CHEMBL920"
"Duplicates"
"CHEMBL1294","COc1ccc2nccc([C@H](O)[C@H]3C[C@@H]4CCN3C[C@@H]4C=C)c2c1","inhibitor [15.2 % of control]","10215651"
"Quinine","[H][C@]1(C[C@@H]2CC[N@]1C[C@@H]2C=C)[C@H](O)C1=CC=NC2=CC=C(OC)C=C12","Solute carrier family 22 member 4","BE0000757","|inhibitor|","CHEMBL170"
"Duplicates"
"CHEMBL1294","COc1ccc2nccc([C@H](O)[C@H]3C[C@@H]4CCN3C[C@@H]4C=C)c2c1","inhibitor [15.2 % of control]","10215651"
"Quinidine","[H][C@@]12CCN(C[C@@H]1C=C)[C@]([H])(C2)[C@@H](O)C1=C2C=C(OC)C=CC2=NC=C1","Solute carrier family 22 member 4","BE0000757","|inhibitor|","CHEMBL1294"
"Duplicates"
"CHEMBL640","CCN(CC)CCNC(=O)c1ccc(N)cc1","inhibitor [15.6 % of control]","10215651"
"Procainamide","CCN(CC)CCNC(=O)C1=CC=C(N)C=C1","Solute carrier family 22 member 4","BE0000757","|inhibitor|","CHEMBL640"
"Duplicates"
"CHEMBL172513","C[N+](C)(C)CC(O)CC(=O)[O-]","inhibitor [32.5 % of control]","10215651"
"L-Carnitine","C[N+](C)(C)C[C@H](O)CC([O-])=O","Solute carrier family 22 member 4","BE0000757","|substrate|inhibitor|","CHEMBL1149"
"Duplicates"
"CHEMBL821","NC(=N)N","inhibitor [89.6 % of control]","10215651"
"Guanidine","NC(N)=N","Solute carrier family 22 member 4","BE0000757","|inhibitor|","CHEMBL821"
"Duplicates"
"CHEMBL511","COc1ccc(CN(CCN(C)C)c2ccccn2)cc1","inhibitor [0 % of control]","10215651"
"Mepyramine","COC1=CC=C(CN(CCN(C)C)C2=NC=CC=C2)C=C1","Solute carrier family 22 member 4","BE0000757","|","CHEMBL511"
"Duplicates"
"CHEMBL33","C[C@H]1COc2c(N3CCN(C)CC3)c(F)cc4C(=O)C(=CN1c24)C(=O)O","inhibitor [63.6 % of control]","10215651"
"Levofloxacin","C[C@H]1COC2=C3N1C=C(C(O)=O)C(=O)C3=CC(F)=C2N1CCN(C)CC1","Solute carrier family 22 member 4","BE0000757","|inhibitor|","CHEMBL33"
"Duplicates"
"CHEMBL33","C[C@H]1COc2c(N3CCN(C)CC3)c(F)cc4C(=O)C(=CN1c24)C(=O)O","inhibitor [63.6 % of control]","10215651"
"Ofloxacin","CC1COC2=C3N1C=C(C(O)=O)C(=O)C3=CC(F)=C2N1CCN(C)CC1","Solute carrier family 22 member 4","BE0000757","|inhibitor|","CHEMBL4"
"Duplicates"
"CHEMBL134","Clc1cccc(Cl)c1NC2=NCCN2","inhibitor [70.9 % of control]","10215651"
"Clonidine","ClC1=CC=CC(Cl)=C1NC1=NCCN1","Solute carrier family 22 member 4","BE0000757","|inhibitor|","CHEMBL134"
"Duplicates"
"CHEMBL6966","COc1ccc(CCN(C)CCCC(C#N)(C(C)C)c2ccc(OC)c(OC)c2)cc1OC","inhibitor [8.8 % of control]","10215651"
"Verapamil","COC1=C(OC)C=C(CCN(C)CCCC(C#N)(C(C)C)C2=CC(OC)=C(OC)C=C2)C=C1","Solute carrier family 22 member 4","BE0000757","|inhibitor|","CHEMBL6966"
