"Choline","C[N+](C)(C)CCO","Solute carrier family 22 member 4","BE0000757","|inhibitor|","CHEMBL920"
"L-Lysine","NCCCC[C@H](N)C(O)=O","Solute carrier family 22 member 4","BE0000757","|inhibitor|","CHEMBL8085"
"L-Arginine","N[C@@H](CCCNC(N)=N)C(O)=O","Solute carrier family 22 member 4","BE0000757","|inhibitor|","CHEMBL1485"
"Spermine","NCCCNCCCCNCCCN","Solute carrier family 22 member 4","BE0000757","|inhibitor|","CHEMBL23194"
"Nicotine","CN1CCC[C@H]1C1=CN=CC=C1","Solute carrier family 22 member 4","BE0000757","|inhibitor|","CHEMBL3"
"Ipratropium","[H][C@]12CC[C@]([H])(C[C@@H](C1)OC(=O)C(CO)C1=CC=CC=C1)[N+]2(C)C(C)C","Solute carrier family 22 member 4","BE0000757","|substrate|","CHEMBL1621597"
"Aminohippuric acid","NC1=CC=C(C=C1)C(=O)NCC(O)=O","Solute carrier family 22 member 4","BE0000757","|inhibitor|","CHEMBL463"
"Imipramine","CN(C)CCCN1C2=CC=CC=C2CCC2=CC=CC=C12","Solute carrier family 22 member 4","BE0000757","|inhibitor|","CHEMBL11"
"Quinine","[H][C@]1(C[C@@H]2CC[N@]1C[C@@H]2C=C)[C@H](O)C1=CC=NC2=CC=C(OC)C=C12","Solute carrier family 22 member 4","BE0000757","|inhibitor|","CHEMBL170"
"Cimetidine","C\N=C(\NCCSCC1=C(C)NC=N1)NC#N","Solute carrier family 22 member 4","BE0000757","|inhibitor|","CHEMBL30"
"Guanidine","NC(N)=N","Solute carrier family 22 member 4","BE0000757","|inhibitor|","CHEMBL821"
"Clonidine","ClC1=CC=CC(Cl)=C1NC1=NCCN1","Solute carrier family 22 member 4","BE0000757","|inhibitor|","CHEMBL134"
"L-Carnitine","C[N+](C)(C)C[C@H](O)CC([O-])=O","Solute carrier family 22 member 4","BE0000757","|substrate|inhibitor|","CHEMBL1149"
"Amiloride","NC(N)=NC(=O)C1=C(N)N=C(N)C(Cl)=N1","Solute carrier family 22 member 4","BE0000757","|inhibitor|","CHEMBL945"
"Testosterone","[H][C@@]12CC[C@H](O)[C@@]1(C)CC[C@@]1([H])[C@@]2([H])CCC2=CC(=O)CC[C@]12C","Solute carrier family 22 member 4","BE0000757","|substrate|","CHEMBL386630"
"Verapamil","COC1=C(OC)C=C(CCN(C)CCCC(C#N)(C(C)C)C2=CC(OC)=C(OC)C=C2)C=C1","Solute carrier family 22 member 4","BE0000757","|inhibitor|","CHEMBL6966"
"Quinidine","[H][C@@]12CCN(C[C@@H]1C=C)[C@]([H])(C2)[C@@H](O)C1=C2C=C(OC)C=CC2=NC=C1","Solute carrier family 22 member 4","BE0000757","|inhibitor|","CHEMBL1294"
"Procainamide","CCN(CC)CCNC(=O)C1=CC=C(N)C=C1","Solute carrier family 22 member 4","BE0000757","|inhibitor|","CHEMBL640"
"Benzylpenicillin","[H][C@]12SC(C)(C)[C@@H](N1C(=O)[C@H]2NC(=O)CC1=CC=CC=C1)C(O)=O","Solute carrier family 22 member 4","BE0000757","|inhibitor|","CHEMBL29"
"Levofloxacin","C[C@H]1COC2=C3N1C=C(C(O)=O)C(=O)C3=CC(F)=C2N1CCN(C)CC1","Solute carrier family 22 member 4","BE0000757","|inhibitor|","CHEMBL33"
"Desipramine","CNCCCN1C2=CC=CC=C2CCC2=CC=CC=C12","Solute carrier family 22 member 4","BE0000757","|inhibitor|","CHEMBL72"
"Ofloxacin","CC1COC2=C3N1C=C(C(O)=O)C(=O)C3=CC(F)=C2N1CCN(C)CC1","Solute carrier family 22 member 4","BE0000757","|inhibitor|","CHEMBL4"
"Tiotropium","[H][C@]12O[C@@]1([H])[C@]1([H])C[C@@]([H])(C[C@@]2([H])[N+]1(C)C)OC(=O)C(O)(C1=CC=CS1)C1=CC=CS1","Solute carrier family 22 member 4","BE0000757","|substrate|","CHEMBL1900528"
"Putrescine","NCCCCN","Solute carrier family 22 member 4","BE0000757","|inhibitor|","CHEMBL46257"
"Spermidine","NCCCCNCCCN","Solute carrier family 22 member 4","BE0000757","|inhibitor|","CHEMBL19612"
"Mepyramine","COC1=CC=C(CN(CCN(C)C)C2=NC=CC=C2)C=C1","Solute carrier family 22 member 4","BE0000757","|","CHEMBL511"
"Tetraethylammonium","CC[N+](CC)(CC)CC","Solute carrier family 22 member 4","BE0000757","|","CHEMBL9324"
"Testosterone cypionate","C[C@]12CC[C@H]3[C@@H](CCC4=CC(=O)CC[C@]34C)[C@@H]1CC[C@@H]2OC(=O)CCC1CCCC1","Solute carrier family 22 member 4","BE0000757","|substrate|","CHEMBL1201101"
"Testosterone enanthate","[H][C@@]12CC[C@H](OC(=O)CCCCCC)[C@@]1(C)CC[C@@]1([H])[C@@]2([H])CCC2=CC(=O)CC[C@]12C","Solute carrier family 22 member 4","BE0000757","|substrate|","CHEMBL1200335"
"Testosterone undecanoate","CCCCCCCCCCC(=O)O[C@H]1CC[C@H]2[C@@H]3CCC4=CC(=O)CC[C@]4(C)[C@H]3CC[C@]12C","Solute carrier family 22 member 4","BE0000757","|substrate|","CHEMBL2107067"
"Choline salicylate","C[N+](C)(C)CCO.OC1=CC=CC=C1C([O-])=O","Solute carrier family 22 member 4","BE0000757","|inhibitor|","CHEMBL2104095"
