"CHEMBL9324","CC[N+](CC)(CC)CC","substrate [Km=436uM]","10215651"
"CHEMBL920","C[N+](C)(C)CCO","inhibitor [73.2 % of control]","10215651"
"CHEMBL1294","COc1ccc2nccc([C@H](O)[C@H]3C[C@@H]4CCN3C[C@@H]4C=C)c2c1","inhibitor [15.2 % of control]","10215651"
"CHEMBL640","CCN(CC)CCNC(=O)c1ccc(N)cc1","inhibitor [15.6 % of control]","10215651"
"CHEMBL172513","C[N+](C)(C)CC(O)CC(=O)[O-]","inhibitor [32.5 % of control]","10215651"
"CHEMBL821","NC(=N)N","inhibitor [89.6 % of control]","10215651"
"CHEMBL170","COc1ccc2nccc([C@@H](O)[C@@H]3C[C@@H]4CCN3C[C@@H]4C=C)c2c1","inhibitor [24.6 % of control]","10215651"
"CHEMBL503189","C[N+](C)(C)C[C@@H](O)CC(=O)[O-]","inhibitor [53.9 % of control % of control]","10215651"
"CHEMBL30","CN\C(=N/CCSCc1nc[nH]c1C)\NC#N","inhibitor [50.6 % of control]","10215651"
"CHEMBL511","COc1ccc(CN(CCN(C)C)c2ccccn2)cc1","inhibitor [0 % of control]","10215651"
"CHEMBL33","C[C@H]1COc2c(N3CCN(C)CC3)c(F)cc4C(=O)C(=CN1c24)C(=O)O","inhibitor [63.6 % of control]","10215651"
"CHEMBL134","Clc1cccc(Cl)c1NC2=NCCN2","inhibitor [70.9 % of control]","10215651"
"CHEMBL6966","COc1ccc(CCN(C)CCCC(C#N)(C(C)C)c2ccc(OC)c(OC)c2)cc1OC","inhibitor [8.8 % of control]","10215651"
"CHEMBL316157","[O-]C(=O)C1=C(C[n+]2ccccc2)CS[C@@H]3[C@H](NC(=O)Cc4cccs4)C(=O)N13","inhibitor [35.7 % of control]","10215651"
"CHEMBL4","CC1COc2c(N3CCN(C)CC3)c(F)cc4C(=O)C(=CN1c24)C(=O)O","inhibitor [61.4 % of control]","10215651"
"L-Lysine","NCCCC[C@H](N)C(O)=O","Solute carrier family 22 member 4","BE0000757","|inhibitor|","CHEMBL8085"
"L-Arginine","N[C@@H](CCCNC(N)=N)C(O)=O","Solute carrier family 22 member 4","BE0000757","|inhibitor|","CHEMBL1485"
"Spermine","NCCCNCCCCNCCCN","Solute carrier family 22 member 4","BE0000757","|inhibitor|","CHEMBL23194"
"Nicotine","CN1CCC[C@H]1C1=CN=CC=C1","Solute carrier family 22 member 4","BE0000757","|inhibitor|","CHEMBL3"
"Ipratropium","[H][C@]12CC[C@]([H])(C[C@@H](C1)OC(=O)C(CO)C1=CC=CC=C1)[N+]2(C)C(C)C","Solute carrier family 22 member 4","BE0000757","|substrate|","CHEMBL1621597"
"Aminohippuric acid","NC1=CC=C(C=C1)C(=O)NCC(O)=O","Solute carrier family 22 member 4","BE0000757","|inhibitor|","CHEMBL463"
"Imipramine","CN(C)CCCN1C2=CC=CC=C2CCC2=CC=CC=C12","Solute carrier family 22 member 4","BE0000757","|inhibitor|","CHEMBL11"
"Cimetidine","C\N=C(\NCCSCC1=C(C)NC=N1)NC#N","Solute carrier family 22 member 4","BE0000757","|inhibitor|","CHEMBL30"
"Amiloride","NC(N)=NC(=O)C1=C(N)N=C(N)C(Cl)=N1","Solute carrier family 22 member 4","BE0000757","|inhibitor|","CHEMBL945"
"Testosterone","[H][C@@]12CC[C@H](O)[C@@]1(C)CC[C@@]1([H])[C@@]2([H])CCC2=CC(=O)CC[C@]12C","Solute carrier family 22 member 4","BE0000757","|substrate|","CHEMBL386630"
"Benzylpenicillin","[H][C@]12SC(C)(C)[C@@H](N1C(=O)[C@H]2NC(=O)CC1=CC=CC=C1)C(O)=O","Solute carrier family 22 member 4","BE0000757","|inhibitor|","CHEMBL29"
"Desipramine","CNCCCN1C2=CC=CC=C2CCC2=CC=CC=C12","Solute carrier family 22 member 4","BE0000757","|inhibitor|","CHEMBL72"
"Tiotropium","[H][C@]12O[C@@]1([H])[C@]1([H])C[C@@]([H])(C[C@@]2([H])[N+]1(C)C)OC(=O)C(O)(C1=CC=CS1)C1=CC=CS1","Solute carrier family 22 member 4","BE0000757","|substrate|","CHEMBL1900528"
"Putrescine","NCCCCN","Solute carrier family 22 member 4","BE0000757","|inhibitor|","CHEMBL46257"
"Spermidine","NCCCCNCCCN","Solute carrier family 22 member 4","BE0000757","|inhibitor|","CHEMBL19612"
"Testosterone cypionate","C[C@]12CC[C@H]3[C@@H](CCC4=CC(=O)CC[C@]34C)[C@@H]1CC[C@@H]2OC(=O)CCC1CCCC1","Solute carrier family 22 member 4","BE0000757","|substrate|","CHEMBL1201101"
"Testosterone enanthate","[H][C@@]12CC[C@H](OC(=O)CCCCCC)[C@@]1(C)CC[C@@]1([H])[C@@]2([H])CCC2=CC(=O)CC[C@]12C","Solute carrier family 22 member 4","BE0000757","|substrate|","CHEMBL1200335"
"Testosterone undecanoate","CCCCCCCCCCC(=O)O[C@H]1CC[C@H]2[C@@H]3CCC4=CC(=O)CC[C@]4(C)[C@H]3CC[C@]12C","Solute carrier family 22 member 4","BE0000757","|substrate|","CHEMBL2107067"
"Choline salicylate","C[N+](C)(C)CCO.OC1=CC=CC=C1C([O-])=O","Solute carrier family 22 member 4","BE0000757","|inhibitor|","CHEMBL2104095"
