"CHEMBL2387510","CCCC[C@]1(CC)CS(=O)(=O)c2cc(CNC(=O)C(=O)O)c(OC)cc2[C@H](N1)c3ccccc3","","23678871"
"CHEMBL555246","[Br-].CCCCC1(CCCC)CS(=O)(=O)c2ccc(cc2[C@H]([C@H]1O)c3cccc(NC(=O)CCCC[N+](CC)(CC)CC)c3)N(C)C","","16134951"
"CHEMBL382063","CCCCC1(CCCC)CS(=O)(=O)c2ccc(cc2[C@H]([C@H]1O)c3ccc(cc3)C(=O)O)N(C)C","","16134951"
"CHEMBL370737","CCCC[C@]1(CC)CS(=O)(=O)c2ccc(C)cc2[C@H]([C@H]1O)c3ccc(F)cc3","","16134950"
"CHEMBL194785","CCCCC1(CCCC)CS(=O)(=O)c2ccc(cc2[C@H]([C@H]1O)c3ccc(cc3)C(C)(C)C)N(C)C","","16134951"
"CHEMBL194785","CCCCC1(CCCC)CS(=O)(=O)c2ccc(cc2[C@H]([C@H]1O)c3ccc(cc3)C(C)(C)C)N(C)C","","16134951"
"CHEMBL194785","CCCCC1(CCCC)CS(=O)(=O)c2ccc(cc2[C@H]([C@H]1O)c3ccc(cc3)C(C)(C)C)N(C)C","","16134951"
"CHEMBL91972","CCOC(=O)c1c(CCC(CC)CC)[n+]([O-])c2cc(OC)c(OC)c(OC)c2c1c3ccc(OC)c(OC)c3","","10698453"
"CHEMBL2387419","CCCC[C@]1(CC)CS(=O)(=O)c2cc(CN[C@@H](CO)C(=O)O)c(OC)cc2[C@H](N1)c3ccccc3","",""
"CHEMBL2387421","CCCC[C@]1(CC)CS(=O)(=O)c2cc(C(=O)NCCS(=O)(=O)O)c(OC)cc2[C@H](N1)c3ccccc3","302696",""
"CHEMBL194420","CCCCC1(CCCC)CS(=O)(=O)c2ccc(cc2[C@H]([C@H]1O)c3ccc(OCCOCCOCC[N+](C)(C)C)cc3)N(C)C","","16134951"
"CHEMBL406393","C[C@H](CCC(=O)O)[C@H]1CC[C@H]2[C@@H]3CC[C@@H]4C[C@H](O)CC[C@]4(C)[C@H]3C[C@H](O)[C@]12C","inhibitor [Ki=6.3uM]","9458785"
"CHEMBL3959109","[NH4+].[NH4+].CCCC[C@]1(CC)CS(=O)(=O)c2ccc(cc2[C@H]([C@H]1O)c3cccc(NC(=O)N[C@@H]4O[C@H](COS(=O)(=O)[O-])[C@@H](OS(=O)(=O)[O-])[C@H](OCc5ccccc5)[C@H]4O)c3)N(C)C","",""
"CHEMBL2387508","CCCC[C@]1(CC)CS(=O)(=O)c2cc(CCC(=O)NCC(=O)O)c(OC)cc2[C@H](N1)c3ccccc3","","23678871"
"CHEMBL372620","CCCC[C@]1(CC)CS(=O)(=O)c2ccc(OC)cc2[C@H]([C@H]1O)c3ccccc3","","16134950"
"CHEMBL2387409","CCCC[C@]1(CC)CS(=O)(=O)c2cc(CCC(=O)NC(CC(=O)O)CC(=O)O)c(OC)cc2[C@H](N1)c3ccccc3","","23678871"
"CHEMBL122229","[Br-].CCCCC1(CCCC)[C@H](O)[C@H](c2cccc(NC(=O)CCCC[N+](CC)(CC)CC)c2)c3cc(ccc3S(=O)(=O)N1C)N(C)C","","14552767"
"CHEMBL2387420","CCCC[C@]1(CC)CS(=O)(=O)c2cc(C(=O)NCS(=O)(=O)O)c(OC)cc2[C@H](N1)c3ccccc3","",""
"CHEMBL2387420","CCCC[C@]1(CC)CS(=O)(=O)c2cc(C(=O)NCS(=O)(=O)O)c(OC)cc2[C@H](N1)c3ccccc3","",""
"CHEMBL381640","CCCCC1(CCCC)CS(=O)(=O)c2cc(ccc2[C@H]([C@H]1O)c3ccccc3)N(C)C","","16134950"
"CHEMBL381640","CCCCC1(CCCC)CS(=O)(=O)c2cc(ccc2[C@H]([C@H]1O)c3ccccc3)N(C)C","","16134950"
"CHEMBL3967089","CCCC[C@@]1(CC)CS(=O)(=O)c2cc(CN3CCCC3=O)c(OC)cc2[C@@H](N1)c4ccccc4","302724",""
"CHEMBL2387405","CCCC[C@]1(CC)CS(=O)(=O)c2cc(CN(CC(=O)O)CC(=O)O)c(OC)cc2[C@H](N1)c3ccccc3","",""
"CHEMBL2387519","CCCC[C@]1(CC)CS(=O)(=O)c2cc(CCC(=O)O)c(OC)cc2[C@H](N1)c3ccccc3","","23678871"
"CHEMBL96642","CCc1nc2cc(OC)c(OC)c(OC)c2c(c1C)c3ccc(OC)c(OC)c3","","10698453"
"CHEMBL197639","CCCC[C@]1(CC)CS(=O)(=O)c2ccc(cc2[C@H]([C@H]1O)c3ccccc3)N(C)C","","16134950"
"CHEMBL197639","CCCC[C@]1(CC)CS(=O)(=O)c2ccc(cc2[C@H]([C@H]1O)c3ccccc3)N(C)C","","16134950"
"CHEMBL2387418","CCCC[C@]1(CC)CS(=O)(=O)c2cc(CN[C@@H]([C@@H](C)O)C(=O)O)c(OC)cc2[C@H](N1)c3ccccc3","",""
"CHEMBL2387418","CCCC[C@]1(CC)CS(=O)(=O)c2cc(CN[C@@H]([C@@H](C)O)C(=O)O)c(OC)cc2[C@H](N1)c3ccccc3","",""
"CHEMBL2387512","CCCC[C@]1(CC)CS(=O)(=O)c2cc(CNC(=O)CCS(=O)(=O)O)c(OC)cc2[C@H](N1)c3ccccc3","",""
"CHEMBL1551","C[C@H](CCC(=O)O)[C@H]1CC[C@H]2[C@@H]3[C@@H](O)C[C@@H]4C[C@H](O)CC[C@]4(C)[C@H]3CC[C@]12C","inhibitor [Ki=75uM]","9458785"
"CHEMBL371511","CCC1(CC)CS(=O)(=O)c2ccc(N)cc2[C@H]([C@H]1O)c3ccccc3","","16134950"
"CHEMBL332973","[I-].CCCCC1(CCCC)NS(=O)(=O)c2ccc(cc2[C@H]([C@H]1O)c3ccc(OCCOCCOCC[N+](CC)(CC)CC)cc3)N(C)C","","14552767"
"CHEMBL332973","[I-].CCCCC1(CCCC)NS(=O)(=O)c2ccc(cc2[C@H]([C@H]1O)c3ccc(OCCOCCOCC[N+](CC)(CC)CC)cc3)N(C)C","","14552767"
"CHEMBL196443","CCCCC1(CCCC)CS(=O)(=O)c2ccc(cc2[C@H]([C@H]1O)c3cccc(c3)C(=O)OC)N(C)C","","16134951"
"CHEMBL196443","CCCCC1(CCCC)CS(=O)(=O)c2ccc(cc2[C@H]([C@H]1O)c3cccc(c3)C(=O)OC)N(C)C","","16134951"
"CHEMBL196443","CCCCC1(CCCC)CS(=O)(=O)c2ccc(cc2[C@H]([C@H]1O)c3cccc(c3)C(=O)OC)N(C)C","","16134951"
"CHEMBL196443","CCCCC1(CCCC)CS(=O)(=O)c2ccc(cc2[C@H]([C@H]1O)c3cccc(c3)C(=O)OC)N(C)C","","16134951"
"CHEMBL196443","CCCCC1(CCCC)CS(=O)(=O)c2ccc(cc2[C@H]([C@H]1O)c3cccc(c3)C(=O)OC)N(C)C","","16134951"
"CHEMBL3981679","CCCC[C@@]1(CC)CS(=O)(=O)c2cc(C=C)c(OC)cc2[C@@H](N1)c3ccccc3","302702",""
"CHEMBL194899","CCCC1(CCC)CS(=O)(=O)c2ccc(N)cc2[C@H]([C@H]1O)c3ccccc3","","16134950"
"CHEMBL3979643","CCCC[C@@]1(CC)CS(=O)(=O)c2cc(CCC(=NO)O)c(OC)cc2[C@@H](N1)c3ccccc3","302705",""
"CHEMBL94712","CCOC(=O)c1c(nc2cc(OC)c(OC)c(OC)c2c1c3ccc(OC)c(OC)c3)c4ccc(cc4)[N+](=O)[O-]","","10698453"
"CHEMBL160","CC[C@@H]1NC(=O)[C@H]([C@H](O)[C@H](C)C\C=C\C)N(C)C(=O)[C@H](C(C)C)N(C)C(=O)[C@H](CC(C)C)N(C)C(=O)[C@H](CC(C)C)N(C)C(=O)[C@@H](C)NC(=O)[C@H](C)NC(=O)[C@H](CC(C)C)N(C)C(=O)[C@@H](NC(=O)[C@H](CC(C)C)N(C)C(=O)CN(C)C1=O)C(C)C","inhibitor [Ki=24uM]","9458785"
"CHEMBL199148","CCCCC1(CCCC)CS(=O)(=O)c2ccc(cc2[C@H]([C@H]1O)c3cccc(C[N+](C)(C)C)c3)N(C)C","","16134951"
"CHEMBL199148","CCCCC1(CCCC)CS(=O)(=O)c2ccc(cc2[C@H]([C@H]1O)c3cccc(C[N+](C)(C)C)c3)N(C)C","","16134951"
"CHEMBL199148","CCCCC1(CCCC)CS(=O)(=O)c2ccc(cc2[C@H]([C@H]1O)c3cccc(C[N+](C)(C)C)c3)N(C)C","","16134951"
"CHEMBL3658917","CCCC[C@]1(CC)CS(=O)(=O)c2cc(C(=O)NCC(=O)O)c(OC)cc2[C@@H](N1)c3ccccc3","",""
"CHEMBL1170063","COc1cccc(NC(=O)CC[C@H](NC(=O)CC[C@@H](C)[C@H]2CC[C@H]3[C@@H]4[C@H](O)C[C@H]5C[C@H](O)CC[C@]5(C)[C@H]4CC[C@]23C)C(=O)O)c1","","20504026"
"CHEMBL2387416","CCCC[C@]1(CC)CS(=O)(=O)c2cc(CN3CCC[C@@H]3C(=O)O)c(OC)cc2[C@H](N1)c4ccccc4","","23678871"
"CHEMBL1170251","C[C@H](CCC(=O)N[C@@H](CCC(=O)Nc1cccc(C)c1C)C(=O)O)[C@H]2CC[C@H]3[C@@H]4[C@H](O)C[C@H]5C[C@H](O)CC[C@]5(C)[C@H]4CC[C@]23C","","20504026"
"CHEMBL273389","[I-].CCN(C(=O)C1=CN(c2cc(OC)cc(OCCCCCC[N+]34CCN(CC3)CC4)c2)c5cc(OC)ccc5C1=O)c6cc(F)cc(F)c6","","14980661"
"CHEMBL273389","[I-].CCN(C(=O)C1=CN(c2cc(OC)cc(OCCCCCC[N+]34CCN(CC3)CC4)c2)c5cc(OC)ccc5C1=O)c6cc(F)cc(F)c6","","14980661"
"CHEMBL196788","CCCCC1(CCCC)CS(=O)(=O)c2ccc(Br)cc2[C@H]([C@H]1O)c3ccccc3Br","","16134950"
"CHEMBL198454","CCCC[C@]1(CC)CS(=O)(=O)c2ccccc2[C@@H]([C@H]1O)c3ccccc3","","16134950"
"CHEMBL3658890","CCCC[C@]1(CC)CS(=O)(=O)c2cc(CN[C@@H](C)C(=O)O)c(OC)cc2[C@H](N1)c3ccccc3","302720",""
"CHEMBL371528","CCCCC1(CCCC)CS(=O)(=O)c2ccc(NCc3ccccc3)cc2[C@H]([C@H]1O)c4ccccc4","","16134950"
"CHEMBL371528","CCCCC1(CCCC)CS(=O)(=O)c2ccc(NCc3ccccc3)cc2[C@H]([C@H]1O)c4ccccc4","","16134950"
"CHEMBL371528","CCCCC1(CCCC)CS(=O)(=O)c2ccc(NCc3ccccc3)cc2[C@H]([C@H]1O)c4ccccc4","","16134950"
"CHEMBL2387407","CCCC[C@]1(CC)CS(=O)(=O)c2cc(CN(CP(=O)(O)O)CP(=O)(O)O)c(OC)cc2[C@H](N1)c3ccccc3","","23678871"
"CHEMBL2387407","CCCC[C@]1(CC)CS(=O)(=O)c2cc(CN(CP(=O)(O)O)CP(=O)(O)O)c(OC)cc2[C@H](N1)c3ccccc3","","23678871"
"CHEMBL2387407","CCCC[C@]1(CC)CS(=O)(=O)c2cc(CN(CP(=O)(O)O)CP(=O)(O)O)c(OC)cc2[C@H](N1)c3ccccc3","","23678871"
"CHEMBL2387407","CCCC[C@]1(CC)CS(=O)(=O)c2cc(CN(CP(=O)(O)O)CP(=O)(O)O)c(OC)cc2[C@H](N1)c3ccccc3","","23678871"
"CHEMBL2387407","CCCC[C@]1(CC)CS(=O)(=O)c2cc(CN(CP(=O)(O)O)CP(=O)(O)O)c(OC)cc2[C@H](N1)c3ccccc3","","23678871"
"CHEMBL443310","CCCC[C@]1(CC)CS(=O)(=O)c2ccccc2[C@@H]([C@@H]1O)c3ccccc3","","16134950"
"CHEMBL364886","CCCC[C@]1(CC)CS(=O)(=O)c2ccc(cc2[C@H]([C@H]1O)c3ccc(F)cc3)C4CCNC4","","16134950"
"CHEMBL3907643","CCCC[C@@]1(CC)CS(=O)(=O)c2cc(CN[C@@H](C)C(=O)O)c(OC)cc2[C@@H](N1)c3ccccc3","",""
"CHEMBL3907643","CCCC[C@@]1(CC)CS(=O)(=O)c2cc(CN[C@@H](C)C(=O)O)c(OC)cc2[C@@H](N1)c3ccccc3","",""
"CHEMBL3907643","CCCC[C@@]1(CC)CS(=O)(=O)c2cc(CN[C@@H](C)C(=O)O)c(OC)cc2[C@@H](N1)c3ccccc3","",""
"CHEMBL3907643","CCCC[C@@]1(CC)CS(=O)(=O)c2cc(CN[C@@H](C)C(=O)O)c(OC)cc2[C@@H](N1)c3ccccc3","",""
"CHEMBL2387517","CCCC[C@]1(CC)CS(=O)(=O)c2cc(OCCP(=O)(O)O)c(OC)cc2[C@H](N1)c3ccccc3","","23678871"
"CHEMBL124239","CCCCC1(CCCC)[C@H](O)[C@H](c2cccc(NC(=O)CCl)c2)c3cc(ccc3S(=O)(=O)N1C)N(C)C","","14552767"
"CHEMBL382076","CCCCC1(CCCC)CS(=O)(=O)c2ccc(cc2[C@H]([C@H]1O)c3cccnc3)N(C)C","","16134951"
"CHEMBL382076","CCCCC1(CCCC)CS(=O)(=O)c2ccc(cc2[C@H]([C@H]1O)c3cccnc3)N(C)C","","16134951"
"CHEMBL3923208","CCCC[C@]1(CC)CS(=O)(=O)c2cc(CN[C@@H](CCS(=O)(C)O)C(=O)O)c(OC)cc2[C@H](N1)c3ccccc3","",""
"CHEMBL555245","[Br-].CCCCC1(CCCC)CS(=O)(=O)c2ccc(cc2[C@H]([C@H]1O)c3cccc(OCC[N+](CC)(CC)CC)c3)N(C)C","","16134951"
"CHEMBL197938","CCCC[C@]1(CC)CS(=O)(=O)c2ccc(NC(=O)C)cc2[C@H]([C@H]1O)c3ccccc3","","16134950"
"CHEMBL197938","CCCC[C@]1(CC)CS(=O)(=O)c2ccc(NC(=O)C)cc2[C@H]([C@H]1O)c3ccccc3","","16134950"
"CHEMBL3658908","CCCC[C@]1(CC)CS(=O)(=O)c2cc(CN[C@@H](CCCCN(C)C)C(=O)O)c(OC)cc2[C@H](N1)c3ccccc3","",""
"CHEMBL412272","C[C@H](CCC(=O)NCCS(=O)(=O)O)[C@H]1CC[C@H]2[C@@H]3CC[C@@H]4C[C@H](O)CC[C@]4(C)[C@H]3C[C@H](O)[C@]12C","inhibitor [Ki=17.2uM]","9458785"
"CHEMBL1170256","C[C@H](CCC(=O)N[C@@H](CCC(=O)Nc1ccc(cc1)C(=O)O)C(=O)O)[C@H]2CC[C@H]3[C@@H]4[C@H](O)C[C@H]5C[C@H](O)CC[C@]5(C)[C@H]4CC[C@]23C","","20504026"
"CHEMBL2387398","CCCC[C@]1(CC)CS(=O)(=O)c2cc(CN(C)CC(=O)O)c(OC)cc2[C@H](N1)c3ccccc3","",""
"CHEMBL2387398","CCCC[C@]1(CC)CS(=O)(=O)c2cc(CN(C)CC(=O)O)c(OC)cc2[C@H](N1)c3ccccc3","",""
"CHEMBL182301","C[C@H](CCC(=O)NCC(=O)O)C1CCC2C3[C@H](O)CC4Cc5n[nH]cc5C[C@]4(C)C3CC[C@]12C","","15582416"
"CHEMBL372572","CCCCC1(CCCC)CS(=O)(=O)c2ccc(cc2[C@H]([C@H]1O)c3cccc(OCCN(CC)CC)c3)N(C)C","","16134951"
"CHEMBL1170067","C[C@H](CCC(=O)N[C@@H](CCC(=O)Nc1ccc(cc1)C(C)(C)C)C(=O)O)[C@H]2CC[C@H]3[C@@H]4[C@H](O)C[C@H]5C[C@H](O)CC[C@]5(C)[C@H]4CC[C@]23C","","20504026"
"CHEMBL2387403","CCCC[C@]1(CC)CS(=O)(=O)c2cc(CN[C@@H](CC(=O)O)C(=O)O)c(OC)cc2[C@H](N1)c3ccccc3","","23678871"
"CHEMBL2387403","CCCC[C@]1(CC)CS(=O)(=O)c2cc(CN[C@@H](CC(=O)O)C(=O)O)c(OC)cc2[C@H](N1)c3ccccc3","","23678871"
"CHEMBL362668","COc1ccc2cc(ccc2c1)[C@H](C)C(=O)Oc3cccc(Cn4cc5C[C@@]6(C)C(C[C@@H](O)C7C8CCC([C@H](C)CCC(=O)NCC(=O)O)[C@@]8(C)CCC67)Cc5n4)c3","","15582416"
"CHEMBL3956446","[NH4+].CCCC[C@]1(CC)CS(=O)(=O)c2ccc(cc2[C@H]([C@H]1O)c3cccc(NC(=O)N[C@@H]4O[C@H](COS(=O)(=O)[O-])[C@@H](O)[C@H](OCc5ccccc5)[C@H]4O)c3)N(C)C","",""
"CHEMBL3138503","CC(CCC(=O)NC(CCC(=O)Nc1ccc(NC(=O)OC(C)(C)C)cc1)C(=O)O)C2CCC3C4C(O)CC5CC(O)CCC5(C)C4CCC23C","","20504026"
"CHEMBL3138503","CC(CCC(=O)NC(CCC(=O)Nc1ccc(NC(=O)OC(C)(C)C)cc1)C(=O)O)C2CCC3C4C(O)CC5CC(O)CCC5(C)C4CCC23C","","20504026"
"CHEMBL2387529","CCCC[C@]1(CC)CS(=O)(=O)c2cc(OCC(=O)O)c(OC)cc2[C@H](N1)c3ccccc3","","23678871"
"CHEMBL2387529","CCCC[C@]1(CC)CS(=O)(=O)c2cc(OCC(=O)O)c(OC)cc2[C@H](N1)c3ccccc3","","23678871"
"CHEMBL124715","CCCCC1(CCCC)[C@H](O)[C@H](c2ccc(OC)cc2)c3cc(ccc3S(=O)(=O)N1C)N(C)C","","14552767"
"CHEMBL124715","CCCCC1(CCCC)[C@H](O)[C@H](c2ccc(OC)cc2)c3cc(ccc3S(=O)(=O)N1C)N(C)C","","14552767"
"CHEMBL364676","CCCCC1(CCCC)CS(=O)(=O)c2ccc(cc2[C@H]([C@H]1O)c3ccc(OCCCCC[N+]45CCN(CC4)CC5)cc3)N(C)C","","16134951"
"CHEMBL372741","CCCCC1(CCCC)CS(=O)(=O)c2ccc(cc2[C@H]([C@H]1O)c3ccc(C[n+]4ccccc4)cc3)N(C)C","","16134951"
"CHEMBL3897389","CCCCC1(CCCC)CS(=O)(=O)c2ccc(cc2[C@H]([C@H]1O)c3cccc(NC(=O)N[C@@H]4O[C@H](CO)[C@@H](O)[C@H](OCc5ccccc5)[C@H]4O)c3)N(C)C","",""
"CHEMBL3897389","CCCCC1(CCCC)CS(=O)(=O)c2ccc(cc2[C@H]([C@H]1O)c3cccc(NC(=O)N[C@@H]4O[C@H](CO)[C@@H](O)[C@H](OCc5ccccc5)[C@H]4O)c3)N(C)C","",""
"CHEMBL196029","CCCCC1(CCCC)CS(=O)(=O)c2ccc(cc2[C@H]([C@H]1O)c3ccc(OCCC[N+]45CCN(CC4)CC5)cc3)N(C)C","","16134951"
"CHEMBL196029","CCCCC1(CCCC)CS(=O)(=O)c2ccc(cc2[C@H]([C@H]1O)c3ccc(OCCC[N+]45CCN(CC4)CC5)cc3)N(C)C","","16134951"
"CHEMBL341104","CCCCC1(CCCC)NS(=O)(=O)c2ccc(cc2[C@H]([C@H]1O)c3ccc(O)cc3)N(C)C","","14552767"
"CHEMBL1170258","C[C@H](CCC(=O)N[C@@H](CCC(=O)NCc1ccc(cc1)C(=O)O)C(=O)O)[C@H]2CC[C@H]3[C@@H]4[C@H](O)C[C@H]5C[C@H](O)CC[C@]5(C)[C@H]4CC[C@]23C","","20504026"
"CHEMBL194188","CCCCC1(CCCC)CS(=O)(=O)c2ccc(cc2[C@H]([C@H]1O)c3ccc(C[N+](C)(C)C)cc3)N(C)C","","16134951"
"CHEMBL194188","CCCCC1(CCCC)CS(=O)(=O)c2ccc(cc2[C@H]([C@H]1O)c3ccc(C[N+](C)(C)C)cc3)N(C)C","","16134951"
"CHEMBL194188","CCCCC1(CCCC)CS(=O)(=O)c2ccc(cc2[C@H]([C@H]1O)c3ccc(C[N+](C)(C)C)cc3)N(C)C","","16134951"
"CHEMBL184982","C[C@H](CCC(=O)NCC(=O)O)C1CCC2C3[C@H](O)CC4Cc5nn(CCO)cc5C[C@]4(C)C3CC[C@]12C","","15582416"
"CHEMBL184982","C[C@H](CCC(=O)NCC(=O)O)C1CCC2C3[C@H](O)CC4Cc5nn(CCO)cc5C[C@]4(C)C3CC[C@]12C","","15582416"
"CHEMBL184982","C[C@H](CCC(=O)NCC(=O)O)C1CCC2C3[C@H](O)CC4Cc5nn(CCO)cc5C[C@]4(C)C3CC[C@]12C","","15582416"
"CHEMBL17601","[Br-].CCN(C(=O)C1=CN(c2cc(OC)cc(OCCCCCCCC[N+]34CCN(CC3)CC4)c2)c5cc(OC)ccc5C1=O)c6cc(F)cc(F)c6","","14980661"
"CHEMBL17601","[Br-].CCN(C(=O)C1=CN(c2cc(OC)cc(OCCCCCCCC[N+]34CCN(CC3)CC4)c2)c5cc(OC)ccc5C1=O)c6cc(F)cc(F)c6","","14980661"
"CHEMBL197838","CCCC[C@]1(CC)CS(=O)(=O)c2ccc(NS(=O)(=O)C)cc2[C@H]([C@H]1O)c3ccccc3","","16134950"
"CHEMBL197838","CCCC[C@]1(CC)CS(=O)(=O)c2ccc(NS(=O)(=O)C)cc2[C@H]([C@H]1O)c3ccccc3","","16134950"
"CHEMBL197838","CCCC[C@]1(CC)CS(=O)(=O)c2ccc(NS(=O)(=O)C)cc2[C@H]([C@H]1O)c3ccccc3","","16134950"
"CHEMBL197838","CCCC[C@]1(CC)CS(=O)(=O)c2ccc(NS(=O)(=O)C)cc2[C@H]([C@H]1O)c3ccccc3","","16134950"
"CHEMBL197838","CCCC[C@]1(CC)CS(=O)(=O)c2ccc(NS(=O)(=O)C)cc2[C@H]([C@H]1O)c3ccccc3","","16134950"
"CHEMBL197838","CCCC[C@]1(CC)CS(=O)(=O)c2ccc(NS(=O)(=O)C)cc2[C@H]([C@H]1O)c3ccccc3","","16134950"
"CHEMBL3981721","CCCC[C@@]1(CC)CS(=O)(=O)c2cc(CNC(CC(=O)O)CC(=O)O)c(OC)cc2[C@@H](N1)c3ccccc3","",""
"CHEMBL17879","[Cl-].CCCCC1(CCCC)CS(=O)(=O)c2ccc(cc2[C@H]([C@H]1O)c3ccc(OCc4ccc(C[N+]56CCN(CC5)CC6)cc4)cc3)N(C)C","","14980661"
"CHEMBL1170062","COc1ccccc1NC(=O)CC[C@H](NC(=O)CC[C@@H](C)[C@H]2CC[C@H]3[C@@H]4[C@H](O)C[C@H]5C[C@H](O)CC[C@]5(C)[C@H]4CC[C@]23C)C(=O)O","","20504026"
"CHEMBL1170062","COc1ccccc1NC(=O)CC[C@H](NC(=O)CC[C@@H](C)[C@H]2CC[C@H]3[C@@H]4[C@H](O)C[C@H]5C[C@H](O)CC[C@]5(C)[C@H]4CC[C@]23C)C(=O)O","","20504026"
"CHEMBL193868","CCCCC1(CCCC)CS(=O)(=O)c2c(cccc2N(C)C)[C@H]([C@H]1O)c3ccc(F)cc3","","16134950"
"CHEMBL2387521","CCCC[C@]1(CC)CS(=O)(=O)c2cc(CS(=O)(=O)O)c(OC)cc2[C@H](N1)c3ccccc3","","23678871"
"CHEMBL2387521","CCCC[C@]1(CC)CS(=O)(=O)c2cc(CS(=O)(=O)O)c(OC)cc2[C@H](N1)c3ccccc3","","23678871"
"CHEMBL381428","CCCC[C@]1(CC)CS(=O)(=O)c2ccccc2[C@H]([C@@H]1O)c3ccccc3","","16134950"
"CHEMBL381428","CCCC[C@]1(CC)CS(=O)(=O)c2ccccc2[C@H]([C@@H]1O)c3ccccc3","","16134950"
"CHEMBL2074988","CCCC[C@]1(CC)CS(=O)(=O)c2ccccc2[C@H](N1)c3ccccc3","inhibitor [Ki=~10uM]","12475240"
"CHEMBL2387402","CCCC[C@]1(CC)CS(=O)(=O)c2cc(CN[C@H](CC(=O)O)C(=O)O)c(OC)cc2[C@H](N1)c3ccccc3","","23678871"
"CHEMBL2387402","CCCC[C@]1(CC)CS(=O)(=O)c2cc(CN[C@H](CC(=O)O)C(=O)O)c(OC)cc2[C@H](N1)c3ccccc3","","23678871"
"CHEMBL2387526","CCCC[C@]1(CC)CS(=O)(=O)c2cc(OCCCC(=O)O)c(OC)cc2[C@H](N1)c3ccccc3","","23678871"
"CHEMBL372088","CCCCC1(CCCC)CS(=O)(=O)c2ccc(cc2[C@H]([C@H]1O)c3ccc(OCCCCC(=O)O)cc3)N(C)C","","16134951"
"CHEMBL331015","[Cl-].CCCCC1(CCCC)[C@H](O)[C@H](c2cccc(NC(=O)C[N+](CC)(CC)CC)c2)c3cc(ccc3S(=O)(=O)N1C)N(C)C","","14552767"
"CHEMBL331015","[Cl-].CCCCC1(CCCC)[C@H](O)[C@H](c2cccc(NC(=O)C[N+](CC)(CC)CC)c2)c3cc(ccc3S(=O)(=O)N1C)N(C)C","","14552767"
"CHEMBL194792","CCCCC1(CCCC)CS(=O)(=O)c2ccc(cc2[C@H]([C@H]1O)c3ccccn3)N(C)C","","16134951"
"CHEMBL194792","CCCCC1(CCCC)CS(=O)(=O)c2ccc(cc2[C@H]([C@H]1O)c3ccccn3)N(C)C","","16134951"
"CHEMBL2387414","CCCC[C@]1(CC)CS(=O)(=O)c2cc(CNC(C)(C)C(=O)O)c(OC)cc2[C@H](N1)c3ccccc3","","23678871"
"CHEMBL2387414","CCCC[C@]1(CC)CS(=O)(=O)c2cc(CNC(C)(C)C(=O)O)c(OC)cc2[C@H](N1)c3ccccc3","","23678871"
"CHEMBL2387414","CCCC[C@]1(CC)CS(=O)(=O)c2cc(CNC(C)(C)C(=O)O)c(OC)cc2[C@H](N1)c3ccccc3","","23678871"
