"CHEMBL2387412","CCCC[C@]1(CC)CS(=O)(=O)c2cc(CNCCCC(=O)O)c(OC)cc2[C@H](N1)c3ccccc3","302723",""
"CHEMBL2387513","CCCC[C@]1(CC)CS(=O)(=O)c2cc(CNC(=O)CP(=O)(O)O)c(OC)cc2[C@H](N1)c3ccccc3","302731",""
"CHEMBL3944190","CCCC[C@@]1(CC)CS(=O)(=O)c2cc(CC)c(OC)cc2[C@@H](N1)c3ccccc3","302703",""
"CHEMBL3923867","CCCC[C@@]1(CC)CS(=O)(=O)c2cc(CNC(CC(=O)O)CC(=O)O)c(cc2[C@@H](N1)c3ccccc3)N(C)C","302761",""
"CHEMBL2385105","CCCC[C@]1(CC)CS(=O)(=O)c2cc(CP(=O)(O)O)c(OC)cc2[C@H](N1)c3ccccc3","302699",""
"CHEMBL3899283","CCCC[C@@]1(CC)CS(=O)(=O)c2cc(CNCC)c(OC)cc2[C@@H](N1)c3ccccc3","302722",""
"CHEMBL2387522","CCCC[C@]1(CC)CS(=O)(=O)c2cc(CCCS(=O)(=O)O)c(OC)cc2[C@H](N1)c3ccccc3","302713",""
"CHEMBL2387523","CCCC[C@]1(CC)CS(=O)(=O)c2cc(CCP(=O)(O)O)c(OC)cc2[C@H](N1)c3ccccc3","302744",""
"CHEMBL2387401","CCCC[C@]1(CC)CS(=O)(=O)c2cc(CNCCP(=O)(O)O)c(OC)cc2[C@H](N1)c3ccccc3","302726",""
"CHEMBL2387525","CCCC[C@]1(CC)CS(=O)(=O)c2cc(C(=O)NCC(C)(C)C(=O)O)c(OC)cc2[C@H](N1)c3ccccc3","302694",""
"CHEMBL2387509","CCCC[C@]1(CC)CS(=O)(=O)c2cc(CCC(=O)NCS(=O)(=O)O)c(OC)cc2[C@H](N1)c3ccccc3","302706",""
"CHEMBL2387524","CCCC[C@]1(CC)CS(=O)(=O)c2cc(CCCP(=O)(O)O)c(OC)cc2[C@H](N1)c3ccccc3","302714",""
"CHEMBL3986858","CCCC[C@@]1(CC)CS(=O)(=O)c2cc(C)c(OC)cc2[C@@H](N1)c3ccccc3","302698",""
"CHEMBL3941659","CCCC[C@@]1(CC)CS(=O)(=O)c2cc(C(C)C)c(OC)cc2[C@@H](N1)c3ccccc3","302764",""
"CHEMBL3906480","CCCC[C@@]1(CC)CS(=O)(=O)c2cc(CCCNCCS(=O)(=O)O)c(OC)cc2[C@@H](N1)c3ccccc3","302715",""
"CHEMBL2387421","CCCC[C@]1(CC)CS(=O)(=O)c2cc(C(=O)NCCS(=O)(=O)O)c(OC)cc2[C@H](N1)c3ccccc3","302696",""
"CHEMBL3905780","CCCC[C@@]1(CC)CS(=O)(=O)c2cc(CCC(=NC)O)c(OC)cc2[C@@H](N1)c3ccccc3","302707",""
"CHEMBL3658900","CCCC[C@]1(CC)CS(=O)(=O)c2cc(CP(=O)(O)O)c(OC)cc2[C@@H](N1)c3ccccc3","302738",""
"CHEMBL3950112","CCCC[C@@]1(CC)CS(=O)(=O)c2cc(CNC)c(OC)cc2[C@@H](N1)c3ccccc3","302718",""
"CHEMBL3965143","CCCC[C@@]1(CC)CS(=O)(=O)c2cc(CNC(C)C)c(OC)cc2[C@@H](N1)c3ccccc3","302725",""
"CHEMBL3967089","CCCC[C@@]1(CC)CS(=O)(=O)c2cc(CN3CCCC3=O)c(OC)cc2[C@@H](N1)c4ccccc4","302724",""
"CHEMBL3911419","CCCC[C@@]1(CC)CS(=O)(=O)c2cc(C(=O)C)c(OC)cc2[C@@H](N1)c3ccccc3","302763",""
"CHEMBL3658898","CCCC[C@]1(CC)CS(=O)(=O)c2cc(CNC(C)C)c(OC)cc2[C@@H](N1)c3ccccc3","302736",""
"CHEMBL3980211","CCCC[C@@]1(CC)CS(=O)(=O)c2cc(CCCO)c(OC)cc2[C@@H](N1)c3ccccc3","302712",""
"CHEMBL3981679","CCCC[C@@]1(CC)CS(=O)(=O)c2cc(C=C)c(OC)cc2[C@@H](N1)c3ccccc3","302702",""
"CHEMBL3658899","CCCC[C@]1(CC)CS(=O)(=O)c2cc(CNC)c(OC)cc2[C@@H](N1)c3ccccc3","302737",""
"CHEMBL3979643","CCCC[C@@]1(CC)CS(=O)(=O)c2cc(CCC(=NO)O)c(OC)cc2[C@@H](N1)c3ccccc3","302705",""
"CHEMBL3899782","CCCC[C@@]1(CC)CS(=O)(=O)c2cc(CNC(CC(=O)O)CC(=O)O)c(OC)cc2[C@@H](N1O)c3ccccc3","302743",""
"CHEMBL3937798","CCCC[C@@]1(CC)CS(=O)(=O)c2cc(CCCN=CO)c(OC)cc2[C@@H](N1)c3ccccc3","302717",""
"CHEMBL3658890","CCCC[C@]1(CC)CS(=O)(=O)c2cc(CN[C@@H](C)C(=O)O)c(OC)cc2[C@H](N1)c3ccccc3","302720",""
"CHEMBL3933861","CCCC[C@@]1(CC)CS(=O)(=O)c2cc(CN(CP(=O)(O)O)CP(=O)(O)OCC)c(OC)cc2[C@@H](N1)c3ccccc3","302753",""
"CHEMBL3658911","CCCCC1(CCCC)CS(=O)(=O)c2cc(CNCC(=O)O)c(OC)cc2C(N1)c3ccccc3","302758",""
