"Cyclosporine","CC[C@@H]1NC(=O)[C@H]([C@H](O)[C@H](C)C\C=C\C)N(C)C(=O)[C@H](C(C)C)N(C)C(=O)[C@H](CC(C)C)N(C)C(=O)[C@H](CC(C)C)N(C)C(=O)[C@@H](C)NC(=O)[C@H](C)NC(=O)[C@H](CC(C)C)N(C)C(=O)[C@@H](NC(=O)[C@H](CC(C)C)N(C)C(=O)CN(C)C1=O)C(C)C","Ileal sodium/bile acid cotransporter","BE0003643","|inhibitor|","CHEMBL160"
"Valaciclovir","CC(C)[C@H](N)C(=O)OCCOCN1C=NC2=C1NC(N)=NC2=O","Ileal sodium/bile acid cotransporter","BE0003643","|","CHEMBL1349"
"Acyclovir","NC1=NC(=O)C2=C(N1)N(COCCO)C=N2","Ileal sodium/bile acid cotransporter","BE0003643","|substrate|","CHEMBL184"
"Ursodeoxycholic acid","[H][C@@]1(CC[C@@]2([H])[C@]3([H])[C@@H](O)C[C@]4([H])C[C@H](O)CC[C@]4(C)[C@@]3([H])CC[C@]12C)[C@H](C)CCC(O)=O","Ileal sodium/bile acid cotransporter","BE0003643","|inhibitor|","CHEMBL1551"
"Glycochenodeoxycholic Acid","C[C@H](CCC(=O)NCC(O)=O)[C@H]1CC[C@H]2[C@@H]3[C@H](O)C[C@@H]4C[C@H](O)CC[C@]4(C)[C@H]3CC[C@]12C","Ileal sodium/bile acid cotransporter","BE0003643","|substrate|","CHEMBL1552"
"Cholic Acid","[H][C@@](C)(CCC(O)=O)[C@@]1([H])CC[C@@]2([H])[C@]3([H])[C@]([H])(O)C[C@]4([H])C[C@]([H])(O)CC[C@]4(C)[C@@]3([H])C[C@]([H])(O)[C@]12C","Ileal sodium/bile acid cotransporter","BE0003643","|substrate|inhibitor|inducer|","CHEMBL205596"
"Deoxycholic Acid","[H][C@@]12CC[C@H]([C@H](C)CCC(O)=O)[C@@]1(C)[C@@H](O)C[C@@]1([H])[C@@]2([H])CC[C@]2([H])C[C@H](O)CC[C@]12C","Ileal sodium/bile acid cotransporter","BE0003643","|inhibitor|","CHEMBL406393"
"Taurocholic Acid","[H][C@@]1(CC[C@@]2([H])[C@]3([H])[C@H](O)C[C@]4([H])C[C@H](O)CC[C@]4(C)[C@@]3([H])C[C@H](O)[C@]12C)[C@H](C)CCC(=O)NCCS(O)(=O)=O","Ileal sodium/bile acid cotransporter","BE0003643","|substrate|inducer|","CHEMBL224867"
