"CHEMBL184","Nc1nc(O)c2ncn(COCCO)c2n1","","22190696"
"CHEMBL184","Nc1nc(O)c2ncn(COCCO)c2n1","","22190696"
"CHEMBL792","Oc1nc(O)c2nc(O)[nH]c2n1","substrate [+]","11306713"
"CHEMBL222913","CO\N=C(/C(=O)N[C@H]1[C@H]2SCC(=C(N2C1=O)C(=O)O)CSC(=O)c3occc3)\c4csc(N)n4","Not Active","23344796"
"CHEMBL521","CC(C)Cc1ccc(cc1)C(C)C(=O)O","is not a substrate [-]","11306713"
"CHEMBL1537","CC1(C)S[C@@H]2[C@H](NC(=O)[C@H](NC(=O)N3CCNC3=O)c4ccccc4)C(=O)N2[C@H]1C(=O)O","Not Active","23344796"
"CHEMBL1433","C[C@@H]1[C@H]2[C@H](O)[C@H]3[C@H](N(C)C)C(=C(C(=O)N)C(=O)[C@@]3(O)C(=C2C(=O)c4c(O)cccc14)O)O","is not an inhibitor [-]","11855680"
"CHEMBL174","CC1(C)S[C@@H]2[C@H](NC(=O)[C@H](N)c3ccccc3)C(=O)N2[C@H]1C(=O)O","Not Active","23344796"
"CHEMBL496942","CN1C(=O)N(Cc2ccc(cc2)C(=O)O)C(=O)c3cc(ccc13)C#CCc4ccccc4","","26653735"
"CHEMBL158","C[C@H]1[C@H](NC(=O)\C(=N/OC(C)(C)C(=O)O)\c2csc(N)n2)C(=O)N1S(=O)(=O)O","Not Active","23344796"
"CHEMBL1790041","CNC(=C[N+](=O)[O-])NCCSCc1oc(CN(C)C)cc1","substrate [Km234+/-49micro;M]","16291876"
"CHEMBL1790041","CNC(=C[N+](=O)[O-])NCCSCc1oc(CN(C)C)cc1","substrate [Km234+/-49micro;M]","16291876"
"CHEMBL1790041","CNC(=C[N+](=O)[O-])NCCSCc1oc(CN(C)C)cc1","substrate [Km234+/-49micro;M]","16291876"
"CHEMBL1349","CC(C)[C@H](N)C(=O)OCCOCn1cnc2C(=O)N=C(N)Nc12","substrate [Km=57.9uM]","11861798"
"CHEMBL424","OC(=O)c1ccccc1O","inhibitor [(at a rough estimate) 55 % of control]","11306713"
"CHEMBL548","CCCCC[C@H](O)\C=C\[C@H]1[C@H](O)CC(=O)[C@@H]1C\C=C/CCCC(=O)O","inhibitor [21.8 % of control]","11907186"
"CHEMBL548","CCCCC[C@H](O)\C=C\[C@H]1[C@H](O)CC(=O)[C@@H]1C\C=C/CCCC(=O)O","inhibitor [21.8 % of control]","11907186"
"CHEMBL3929544","FC(F)(F)c1cncc(NS(=O)(=O)c2ccccc2C(F)(F)F)c1","",""
"CHEMBL3929544","FC(F)(F)c1cncc(NS(=O)(=O)c2ccccc2C(F)(F)F)c1","",""
"CHEMBL3929544","FC(F)(F)c1cncc(NS(=O)(=O)c2ccccc2C(F)(F)F)c1","",""
"CHEMBL182","Nc1nc(O)c2ncn(COC(CO)CO)c2n1","inhibitor [74.3 % of control]","11861798"
"CHEMBL1517","CN(C)[C@H]1[C@@H]2[C@@H](O)[C@H]3C(=C(O)[C@]2(O)C(=O)C(=C1O)C(=O)N)C(=O)c4c(O)cccc4[C@@]3(C)O","is not an inhibitor [-]","11855680"
"CHEMBL1517","CN(C)[C@H]1[C@@H]2[C@@H](O)[C@H]3C(=C(O)[C@]2(O)C(=O)C(=C1O)C(=O)N)C(=O)c4c(O)cccc4[C@@]3(C)O","is not an inhibitor [-]","11855680"
"CHEMBL34259","CN(Cc1cnc2nc(N)nc(N)c2n1)c3ccc(cc3)C(=O)N[C@@H](CCC(=O)O)C(=O)O","substrate [Km=10.9uM]","11306713"
"CHEMBL34259","CN(Cc1cnc2nc(N)nc(N)c2n1)c3ccc(cc3)C(=O)N[C@@H](CCC(=O)O)C(=O)O","substrate [Km=10.9uM]","11306713"
"CHEMBL161","CO\N=C(/C(=O)N[C@H]1[C@H]2SCC(=C(N2C1=O)C(=O)O)CSC3=NC(=O)C(=NN3C)O)\c4csc(N)n4","inhibitor [Ki=4.39uM]","11909604"
"CHEMBL129","CC1=CN([C@H]2C[C@H](N=[N+]=[N-])[C@@H](CO)O2)C(=O)NC1=O","inhibitor [70 % of control]","11861798"
"CHEMBL484","Nc1ncnc2c1ncn2CCOCP(=O)(O)O","","19001108"
"CHEMBL819","Cc1onc(c2ccccc2)c1C(=O)N[C@H]3[C@H]4SC(C)(C)[C@@H](N4C3=O)C(=O)O","Active","23344796"
"CHEMBL1214","CC1(C)S[C@@H]2[C@H](NC(=O)C(C(=O)O)c3ccccc3)C(=O)N2[C@H]1C(=O)O","","23344796"
"CHEMBL259898","C[C@]12CC[C@H]3[C@@H](CC=C4C[C@H](CC[C@]34C)OS(=O)(=O)O)[C@@H]1CCC2=O","substrate [+]","11306713"
"CHEMBL259898","C[C@]12CC[C@H]3[C@@H](CC=C4C[C@H](CC[C@]34C)OS(=O)(=O)O)[C@@H]1CCC2=O","substrate [+]","11306713"
"CHEMBL259898","C[C@]12CC[C@H]3[C@@H](CC=C4C[C@H](CC[C@]34C)OS(=O)(=O)O)[C@@H]1CCC2=O","substrate [+]","11306713"
"CHEMBL259898","C[C@]12CC[C@H]3[C@@H](CC=C4C[C@H](CC[C@]34C)OS(=O)(=O)O)[C@@H]1CCC2=O","substrate [+]","11306713"
"CHEMBL259898","C[C@]12CC[C@H]3[C@@H](CC=C4C[C@H](CC[C@]34C)OS(=O)(=O)O)[C@@H]1CCC2=O","substrate [+]","11306713"
"CHEMBL259898","C[C@]12CC[C@H]3[C@@H](CC=C4C[C@H](CC[C@]34C)OS(=O)(=O)O)[C@@H]1CCC2=O","substrate [+]","11306713"
"CHEMBL571","CC(C(=O)O)c1cccc(c1)C(=O)c2ccccc2","inhibitor [Ki=1160uM]","12130730"
"CHEMBL571","CC(C(=O)O)c1cccc(c1)C(=O)c2ccccc2","inhibitor [Ki=1160uM]","12130730"
"CHEMBL119625","OC(=O)CN1C(=O)C(=O)Nc2cc(c(cc12)n3ccnc3)[N+](=O)[O-]","","20356304"
"CHEMBL1440","CN(C)[C@H]1[C@@H]2C[C@H]3C(=C(O)[C@]2(O)C(=O)C(=C1O)C(=O)N)C(=O)c4c(O)cccc4[C@@]3(C)O","is not an inhibitor [-]","11855680"
"CHEMBL1440","CN(C)[C@H]1[C@@H]2C[C@H]3C(=C(O)[C@]2(O)C(=O)C(=C1O)C(=O)N)C(=O)c4c(O)cccc4[C@@]3(C)O","is not an inhibitor [-]","11855680"
"CHEMBL1440","CN(C)[C@H]1[C@@H]2C[C@H]3C(=C(O)[C@]2(O)C(=O)C(=C1O)C(=O)N)C(=O)c4c(O)cccc4[C@@]3(C)O","is not an inhibitor [-]","11855680"
"CHEMBL1440","CN(C)[C@H]1[C@@H]2C[C@H]3C(=C(O)[C@]2(O)C(=O)C(=C1O)C(=O)N)C(=O)c4c(O)cccc4[C@@]3(C)O","is not an inhibitor [-]","11855680"
"CHEMBL1440","CN(C)[C@H]1[C@@H]2C[C@H]3C(=C(O)[C@]2(O)C(=O)C(=C1O)C(=O)N)C(=O)c4c(O)cccc4[C@@]3(C)O","is not an inhibitor [-]","11855680"
"CHEMBL893","Cc1onc(c1C(=O)N[C@H]2[C@H]3SC(C)(C)[C@@H](N3C2=O)C(=O)O)c4c(Cl)cccc4Cl","Active","23344796"
"CHEMBL510139","C[C@H]1OC=C2C(=C(C(=O)O)C(=O)C(=C2[C@@H]1C)C)O","inhibitor [Ki=15.4uM]","11669456"
"CHEMBL510139","C[C@H]1OC=C2C(=C(C(=O)O)C(=O)C(=C2[C@@H]1C)C)O","inhibitor [Ki=15.4uM]","11669456"
"CHEMBL1436","CO\N=C(/C(=O)N[C@H]1[C@H]2SCC(=C(N2C1=O)C(=O)O)COC(=O)N)\c3occc3","Not Active","23344796"
"CHEMBL891","Cc1onc(c2ccccc2Cl)c1C(=O)N[C@H]3[C@H]4SC(C)(C)[C@@H](N4C3=O)C(=O)O","Not Active","23344796"
"CHEMBL252036","Nc1ncnc2c1ncn2[C@@H]3O[C@H](OCP(=O)(O)O)C=C3F","","19001108"
"CHEMBL252036","Nc1ncnc2c1ncn2[C@@H]3O[C@H](OCP(=O)(O)O)C=C3F","","19001108"
"CHEMBL252036","Nc1ncnc2c1ncn2[C@@H]3O[C@H](OCP(=O)(O)O)C=C3F","","19001108"
"CHEMBL252036","Nc1ncnc2c1ncn2[C@@H]3O[C@H](OCP(=O)(O)O)C=C3F","","19001108"
"CHEMBL44354","CC(C)(O\N=C(/C(=O)N[C@H]1[C@H]2SCC(=C(N2C1=O)C(=O)[O-])C[n+]3ccccc3)\c4csc(N)n4)C(=O)O","Not Active","23344796"
"CHEMBL44354","CC(C)(O\N=C(/C(=O)N[C@H]1[C@H]2SCC(=C(N2C1=O)C(=O)[O-])C[n+]3ccccc3)\c4csc(N)n4)C(=O)O","Not Active","23344796"
"CHEMBL44354","CC(C)(O\N=C(/C(=O)N[C@H]1[C@H]2SCC(=C(N2C1=O)C(=O)[O-])C[n+]3ccccc3)\c4csc(N)n4)C(=O)O","Not Active","23344796"
"CHEMBL1236749","CC1(C)S[C@@H]2[C@H](N)C(=O)N2[C@H]1C(=O)O","Not Active","23344796"
"CHEMBL615","CC1(C)S[C@@H]2[C@H](NC(=O)COc3ccccc3)C(=O)N2[C@H]1C(=O)O","Not Active","23344796"
"CHEMBL615","CC1(C)S[C@@H]2[C@H](NC(=O)COc3ccccc3)C(=O)N2[C@H]1C(=O)O","Not Active","23344796"
"CHEMBL615","CC1(C)S[C@@H]2[C@H](NC(=O)COc3ccccc3)C(=O)N2[C@H]1C(=O)O","Not Active","23344796"
"CHEMBL1435","Cc1nnc(SCC2=C(N3[C@H](SC2)[C@H](NC(=O)Cn4cnnn4)C3=O)C(=O)O)s1","inhibitor [Ki=0.55uM]","11909604"
"CHEMBL1435","Cc1nnc(SCC2=C(N3[C@H](SC2)[C@H](NC(=O)Cn4cnnn4)C3=O)C(=O)O)s1","inhibitor [Ki=0.55uM]","11909604"
"CHEMBL1435","Cc1nnc(SCC2=C(N3[C@H](SC2)[C@H](NC(=O)Cn4cnnn4)C3=O)C(=O)O)s1","inhibitor [Ki=0.55uM]","11909604"
"CHEMBL1435","Cc1nnc(SCC2=C(N3[C@H](SC2)[C@H](NC(=O)Cn4cnnn4)C3=O)C(=O)O)s1","inhibitor [Ki=0.55uM]","11909604"
"CHEMBL1435","Cc1nnc(SCC2=C(N3[C@H](SC2)[C@H](NC(=O)Cn4cnnn4)C3=O)C(=O)O)s1","inhibitor [Ki=0.55uM]","11909604"
"CHEMBL36506","CO[C@@H]1[C@@H](OC(=O)N)[C@@H](O)[C@H](Oc2ccc3C(=C(NC(=O)c4ccc(O)c(CC=C(C)C)c4)C(=O)Oc3c2C)O)OC1(C)C","transporter inhibitor","20190787"
"CHEMBL36506","CO[C@@H]1[C@@H](OC(=O)N)[C@@H](O)[C@H](Oc2ccc3C(=C(NC(=O)c4ccc(O)c(CC=C(C)C)c4)C(=O)Oc3c2C)O)OC1(C)C","transporter inhibitor","20190787"
"CHEMBL36506","CO[C@@H]1[C@@H](OC(=O)N)[C@@H](O)[C@H](Oc2ccc3C(=C(NC(=O)c4ccc(O)c(CC=C(C)C)c4)C(=O)Oc3c2C)O)OC1(C)C","transporter inhibitor","20190787"
"CHEMBL36506","CO[C@@H]1[C@@H](OC(=O)N)[C@@H](O)[C@H](Oc2ccc3C(=C(NC(=O)c4ccc(O)c(CC=C(C)C)c4)C(=O)Oc3c2C)O)OC1(C)C","transporter inhibitor","20190787"
"CHEMBL1449","CC1(C)S[C@@H]2[C@H](NC(=O)[C@H](C(=O)O)c3ccsc3)C(=O)N2[C@H]1C(=O)O","Not Active","23344796"
"CHEMBL1449","CC1(C)S[C@@H]2[C@H](NC(=O)[C@H](C(=O)O)c3ccsc3)C(=O)N2[C@H]1C(=O)O","Not Active","23344796"
"CHEMBL1697724","C[C@]12CC[C@H]3[C@@H](CCc4cc(O)ccc34)[C@@H]1CC[C@@H]2O[C@@H]5O[C@@H]([C@@H](O)[C@H](O)[C@H]5O)C(=O)O","substrate [+]","11306713"
"CHEMBL1697724","C[C@]12CC[C@H]3[C@@H](CCc4cc(O)ccc34)[C@@H]1CC[C@@H]2O[C@@H]5O[C@@H]([C@@H](O)[C@H](O)[C@H]5O)C(=O)O","substrate [+]","11306713"
"CHEMBL1697724","C[C@]12CC[C@H]3[C@@H](CCc4cc(O)ccc34)[C@@H]1CC[C@@H]2O[C@@H]5O[C@@H]([C@@H](O)[C@H](O)[C@H]5O)C(=O)O","substrate [+]","11306713"
"CHEMBL171679","COC(=O)[C@H](Cc1ccccc1)NC(=O)[C@@H](N)CC(=O)O","is not an inhibitor [-]","11669456"
"CHEMBL1727","CC1=C(N2[C@H](SC1)[C@H](NC(=O)[C@H](N)c3ccccc3)C2=O)C(=O)O","Not Active","23344796"
"CHEMBL1727","CC1=C(N2[C@H](SC1)[C@H](NC(=O)[C@H](N)c3ccccc3)C2=O)C(=O)O","Not Active","23344796"
