"CHEMBL109","CCCC(CCC)C(=O)O","is not a substrate [-]","11306713"
"CHEMBL521","CC(C)Cc1ccc(cc1)C(C)C(=O)O","is not a substrate [-]","11306713"
"CHEMBL1433","C[C@@H]1[C@H]2[C@H](O)[C@H]3[C@H](N(C)C)C(=C(C(=O)N)C(=O)[C@@]3(O)C(=C2C(=O)c4c(O)cccc14)O)O","is not an inhibitor [-]","11855680"
"CHEMBL222863","C[C@@H]1O[C@@H](O[C@H]2C[C@@H](O)[C@]3(CO)[C@H]4[C@H](O)C[C@]5(C)[C@H](CC[C@]5(O)[C@@H]4CC[C@]3(O)C2)C6=CC(=O)OC6)[C@H](O)[C@H](O)[C@H]1O","is not an inhibitor [-]","11306713"
"CHEMBL463","Nc1ccc(cc1)C(=O)NCC(=O)O","is not a substrate [-]","10049739"
"CHEMBL9324","CC[N+](CC)(CC)CC","is not a substrate [-]","10049739"
"CHEMBL576","OC(=O)CCC(=O)O","is not a substrate [-]","11306713"
"CHEMBL182928","[Na+].[Na+].[O-]C(=O)C(=O)[O-]","is not a substrate [-]","10049739"
"CHEMBL152","NC1=NC(=O)N(C[C@@H](CO)OCP(=O)(O)O)C=C1","Not Determined","19001108"
"CHEMBL1517","CN(C)[C@H]1[C@@H]2[C@@H](O)[C@H]3C(=C(O)[C@]2(O)C(=O)C(=C1O)C(=O)N)C(=O)c4c(O)cccc4[C@@]3(C)O","is not an inhibitor [-]","11855680"
"CHEMBL1159524","O[C@@H]1O[C@@H]([C@@H](O)[C@H](O)[C@H]1O)C(=O)O","is not a substrate [-]","11306713"
"CHEMBL1440","CN(C)[C@H]1[C@@H]2C[C@H]3C(=C(O)[C@]2(O)C(=O)C(=C1O)C(=O)N)C(=O)c4c(O)cccc4[C@@]3(C)O","is not an inhibitor [-]","11855680"
"CHEMBL171679","COC(=O)[C@H](Cc1ccccc1)NC(=O)[C@@H](N)CC(=O)O","is not an inhibitor [-]","11669456"
"CHEMBL821","NC(=N)N","is not an inhibitor [-]","11306713"
"CHEMBL1434","CN(C)[C@H]1[C@@H]2C[C@@H]3Cc4c(ccc(O)c4C(=O)C3=C(O)[C@]2(O)C(=O)C(=C1O)C(=O)N)N(C)C","is not an inhibitor [-]","11855680"
