"CHEMBL897","CCCN(CCC)S(=O)(=O)c1ccc(cc1)C(=O)O","inhibitor [(at a rough estimate) 10 % of control]","11306713"
"CHEMBL1730","CO\N=C(/C(=O)N[C@H]1[C@H]2SCC(=C(N2C1=O)C(=O)O)COC(=O)C)\c3csc(N)n3","inhibitor [Ki=0.29uM]","11909604"
"CHEMBL1231530","OC(=O)CCNC(=O)c1ccccc1","inhibitor [Ki=48.3uM]","11426832"
"CHEMBL316966","Nc1ncnc2c1ncn2[C@@H]3O[C@@H]4COP(=O)(O)O[C@H]4[C@H]3O","substrate [+]","11306713"
"CHEMBL110739","C[C@]12C[C@H](O)[C@H]3[C@@H](CCC4=CC(=O)CC[C@]34C)[C@@H]1CC[C@@H]2C(=O)CO","inhibitor [(at a rough estimate) 30 % of control]","11306713"
"CHEMBL792","Oc1nc(O)c2nc(O)[nH]c2n1","substrate [+]","11306713"
"CHEMBL1162495","OC(=O)CCCC(=O)O","substrate [+]","11306713"
"CHEMBL617","CC(=O)OCC1=C(N2[C@H](SC1)[C@H](NC(=O)Cc3cccs3)C2=O)C(=O)O","inhibitor [Ki=0.04uM]","11909604"
"CHEMBL902","NC(=Nc1nc(CSCC\C(=N\S(=O)(=O)N)\N)cs1)N","substrate [Km124+/-4micro;M]","16291876"
"CHEMBL766","CC1(C)C[C@@H]1C(=O)N\C(=C/CCCCSC[C@H](N)C(=O)O)\C(=O)O","inhibitor [IC50=249 +/- 98.9uM]","14978359"
"CHEMBL1144","CC[C@H](C)C(=O)O[C@H]1C[C@H](O)C=C2C=C[C@H](C)[C@H](CC[C@@H](O)C[C@@H](O)CC(=O)O)[C@@H]12","inhibitor [IC50=13.7 +/- 1.49uM]","14978359"
"CHEMBL1146","Cn1nnnc1SCC2=C(N3[C@H](SC2)[C@H](NC(=O)[C@H](O)c4ccccc4)C3=O)C(=O)O","inhibitor [Ki=0.046uM]","11909604"
"CHEMBL52333","CCCN1C(=O)N(CCC)c2[nH]c(nc2C1=O)C34CC5CC(CC3C5)C4","inhibitor [Ki=3.7uM]","11426832"
"CHEMBL101","CCCCC1C(=O)N(N(C1=O)c2ccccc2)c3ccccc3","inhibitor [Ki=34.7uM]","12130730"
"CHEMBL30","CN\C(=N/CCSCc1nc[nH]c1C)\NC#N","substrate [Km=57.4uM]","11306713"
"CHEMBL1790041","CNC(=C[N+](=O)[O-])NCCSCc1oc(CN(C)C)cc1","substrate [Km234+/-49micro;M]","16291876"
"CHEMBL1233636","OS(=O)(=O)Oc1c[nH]c2ccccc12","substrate []","12679137"
"CHEMBL139","OC(=O)Cc1ccccc1Nc2c(Cl)cccc2Cl","inhibitor [(at a rough estimate) 10 % of control]","11306713"
"CHEMBL1231562","CCCc1oc(CCC(=O)O)c(C(=O)O)c1C","substrate [Km=27uM]","14675047"
"CHEMBL1349","CC(C)[C@H](N)C(=O)OCCOCn1cnc2C(=O)N=C(N)Nc12","substrate [Km=57.9uM]","11861798"
"CHEMBL527","CN1C(=C(O)c2ccccc2S1(=O)=O)C(=O)Nc3ccccn3","inhibitor [Ki=4.88uM]","11669456"
"CHEMBL1072","CCCCNc1cc(cc(c1Oc2ccccc2)S(=O)(=O)N)C(=O)O","transporter substrate","20190787"
"CHEMBL528","CO\N=C(/C(=O)N[C@H]1[C@H]2SCC=C(N2C1=O)C(=O)O)\c3csc(N)n3","transporter substrate","20190787"
"CHEMBL424","OC(=O)c1ccccc1O","inhibitor [(at a rough estimate) 55 % of control]","11306713"
"CHEMBL324846","CCCCCCCC(=O)O","inhibitor [Ki=8.6uM]","11669456"
"CHEMBL589366","C[C@@H]1Cc2c(Cl)cc(C(=O)N[C@@H](Cc3ccccc3)C(=O)O)c(O)c2C(=O)O1","substrate [Km=0.75uM]","11669456"
"CHEMBL548","CCCCC[C@H](O)\C=C\[C@H]1[C@H](O)CC(=O)[C@@H]1C\C=C/CCCC(=O)O","inhibitor [21.8 % of control]","11907186"
"CHEMBL6","COc1ccc2c(c1)c(CC(=O)O)c(C)n2C(=O)c3ccc(Cl)cc3","inhibitor [(at a rough estimate) 15 % of control]","11306713"
"CHEMBL815","CCCCC[C@H](O)\C=C\[C@H]1[C@H](O)C[C@H](O)[C@@H]1C\C=C/CCCC(=O)O","inhibitor [26.8 % of control]","11907186"
"CHEMBL224867","C[C@H](CCC(=O)NCCS(=O)(=O)O)[C@H]1CC[C@H]2[C@@H]3[C@H](O)C[C@@H]4C[C@H](O)CC[C@]4(C)[C@H]3C[C@H](O)[C@]12C","inhibitor [(at a rough estimate) 15 % of control]","11306713"
"CHEMBL182","Nc1nc(O)c2ncn(COC(CO)CO)c2n1","inhibitor [74.3 % of control]","11861798"
"CHEMBL34259","CN(Cc1cnc2nc(N)nc(N)c2n1)c3ccc(cc3)C(=O)N[C@@H](CCC(=O)O)C(=O)O","substrate [Km=10.9uM]","11306713"
"CHEMBL461","OC(=O)CNC(=O)c1ccccc1","inhibitor [Ki=31uM]","14675047"
"CHEMBL453904","[Na+].[Na+].Oc1ccc(cc1S(=O)(=O)[O-])C2(OC(=O)c3c(Br)c(Br)c(Br)c(Br)c23)c4ccc(O)c(c4)S(=O)(=O)[O-]","inhibitor [(at a rough estimate) 55 % of control]","11306713"
"CHEMBL2074590","CC(=O)Oc1c[nH]c2ccccc12","inhibitor [Ki=491uM]","14675047"
"CHEMBL161","CO\N=C(/C(=O)N[C@H]1[C@H]2SCC(=C(N2C1=O)C(=O)O)CSC3=NC(=O)C(=NN3C)O)\c4csc(N)n4","inhibitor [Ki=4.39uM]","11909604"
"CHEMBL129","CC1=CN([C@H]2C[C@H](N=[N+]=[N-])[C@@H](CO)O2)C(=O)NC1=O","inhibitor [70 % of control]","11861798"
"CHEMBL819","Cc1onc(c2ccccc2)c1C(=O)N[C@H]3[C@H]4SC(C)(C)[C@@H](N4C3=O)C(=O)O","Active","23344796"
"CHEMBL259898","C[C@]12CC[C@H]3[C@@H](CC=C4C[C@H](CC[C@]34C)OS(=O)(=O)O)[C@@H]1CCC2=O","substrate [+]","11306713"
"CHEMBL29","CC1(C)S[C@@H]2[C@H](NC(=O)Cc3ccccc3)C(=O)N2[C@H]1C(=O)O","Active","23344796"
"CHEMBL35","NS(=O)(=O)c1cc(C(=O)O)c(NCc2occc2)cc1Cl","inhibitor [(at a rough estimate) 15 % of control]","11306713"
"CHEMBL316157","[O-]C(=O)C1=C(C[n+]2ccccc2)CS[C@@H]3[C@H](NC(=O)Cc4cccs4)C(=O)N13","substrate []","12650826"
"CHEMBL571","CC(C(=O)O)c1cccc(c1)C(=O)c2ccccc2","inhibitor [Ki=1160uM]","12130730"
"CHEMBL893","Cc1onc(c1C(=O)N[C@H]2[C@H]3SC(C)(C)[C@@H](N3C2=O)C(=O)O)c4c(Cl)cccc4Cl","Active","23344796"
"CHEMBL510139","C[C@H]1OC=C2C(=C(C(=O)O)C(=O)C(=C2[C@@H]1C)C)O","inhibitor [Ki=15.4uM]","11669456"
"CHEMBL1294","COc1ccc2nccc([C@H](O)[C@H]3C[C@@H]4CCN3C[C@@H]4C=C)c2c1","inhibitor [(at a rough estimate) 55 % of control]","11306713"
"CHEMBL1435","Cc1nnc(SCC2=C(N3[C@H](SC2)[C@H](NC(=O)Cn4cnnn4)C3=O)C(=O)O)s1","inhibitor [Ki=0.55uM]","11909604"
"CHEMBL36506","CO[C@@H]1[C@@H](OC(=O)N)[C@@H](O)[C@H](Oc2ccc3C(=C(NC(=O)c4ccc(O)c(CC=C(C)C)c4)C(=O)Oc3c2C)O)OC1(C)C","transporter inhibitor","20190787"
"CHEMBL1686","OC(=O)CCC(=O)C(=O)O","substrate []","14586168"
"CHEMBL1697724","C[C@]12CC[C@H]3[C@@H](CCc4cc(O)ccc34)[C@@H]1CC[C@@H]2O[C@@H]5O[C@@H]([C@@H](O)[C@H](O)[C@H]5O)C(=O)O","substrate [+]","11306713"
"CHEMBL575","COc1cccc(OC)c1C(=O)N[C@H]2[C@H]3SC(C)(C)[C@@H](N3C2=O)C(=O)O","Not Active","23344796"
"CHEMBL222913","CO\N=C(/C(=O)N[C@H]1[C@H]2SCC(=C(N2C1=O)C(=O)O)CSC(=O)c3occc3)\c4csc(N)n4","Not Active","23344796"
"CHEMBL1537","CC1(C)S[C@@H]2[C@H](NC(=O)[C@H](NC(=O)N3CCNC3=O)c4ccccc4)C(=O)N2[C@H]1C(=O)O","Not Active","23344796"
"CHEMBL1540","Nc1nc(O)c2ncn(CCC(CO)CO)c2n1","Not Active","22190696"
"CHEMBL1617285","NC(=O)c1cc[n+](CC2=C(N3[C@H](SC2)[C@H](NC(=O)C(c4ccccc4)S(=O)(=O)O)C3=O)C(=O)O)cc1","Not Active","23344796"
"CHEMBL174","CC1(C)S[C@@H]2[C@H](NC(=O)[C@H](N)c3ccccc3)C(=O)N2[C@H]1C(=O)O","Not Active","23344796"
"CHEMBL158","C[C@H]1[C@H](NC(=O)\C(=N/OC(C)(C)C(=O)O)\c2csc(N)n2)C(=O)N1S(=O)(=O)O","Not Active","23344796"
"CHEMBL996","CO[C@]1(NC(=O)Cc2cccs2)[C@H]3SCC(=C(N3C1=O)C(=O)O)COC(=O)N","Not Active","23344796"
"CHEMBL1201195","CO[C@]1(NC(=O)CSCC#N)[C@H]2SCC(=C(N2C1=O)C(=O)O)CSc3nnnn3C","Not Active","23344796"
"CHEMBL1443","CCOc1ccc2ccccc2c1C(=O)N[C@H]3[C@H]4SC(C)(C)[C@@H](N4C3=O)C(=O)O","Not Active","23344796"
"CHEMBL1770248","CCOc1ccc(Cc2cc(ccc2Cl)[C@]34OC[C@](CO)(O3)[C@@H](O)[C@H](O)[C@H]4O)cc1","Not Active","21449606"
"CHEMBL507674","CCN1CCN(C(=O)N[C@@H](C(=O)N[C@H]2[C@H]3SCC(=C(N3C2=O)C(=O)O)CSc4nnnn4C)c5ccc(O)cc5)C(=O)C1=O","Not Active","23344796"
"CHEMBL1436","CO\N=C(/C(=O)N[C@H]1[C@H]2SCC(=C(N2C1=O)C(=O)O)COC(=O)N)\c3occc3","Not Active","23344796"
"CHEMBL891","Cc1onc(c2ccccc2Cl)c1C(=O)N[C@H]3[C@H]4SC(C)(C)[C@@H](N4C3=O)C(=O)O","Not Active","23344796"
"CHEMBL702","CCN1CCN(C(=O)N[C@@H](C(=O)N[C@H]2[C@H]3SC(C)(C)[C@@H](N3C2=O)C(=O)O)c4ccccc4)C(=O)C1=O","Not Active","23344796"
"CHEMBL44354","CC(C)(O\N=C(/C(=O)N[C@H]1[C@H]2SCC(=C(N2C1=O)C(=O)[O-])C[n+]3ccccc3)\c4csc(N)n4)C(=O)O","Not Active","23344796"
"CHEMBL1236749","CC1(C)S[C@@H]2[C@H](N)C(=O)N2[C@H]1C(=O)O","Not Active","23344796"
"CHEMBL615","CC1(C)S[C@@H]2[C@H](NC(=O)COc3ccccc3)C(=O)N2[C@H]1C(=O)O","Not Active","23344796"
"CHEMBL1449","CC1(C)S[C@@H]2[C@H](NC(=O)[C@H](C(=O)O)c3ccsc3)C(=O)N2[C@H]1C(=O)O","Not Active","23344796"
"CHEMBL1727","CC1=C(N2[C@H](SC1)[C@H](NC(=O)[C@H](N)c3ccccc3)C2=O)C(=O)O","Not Active","23344796"
