"Duplicates"
"CHEMBL316966","Nc1ncnc2c1ncn2[C@@H]3O[C@@H]4COP(=O)(O)O[C@H]4[C@H]3O","substrate [+]","11306713"
"Cyclic Adenosine Monophosphate","NC1=NC=NC2=C1N=CN2[C@@H]1O[C@@H]2COP(O)(=O)O[C@H]2[C@H]1O","Solute carrier family 22 member 8","BE0003645","|substrate|","CHEMBL316966"
"Duplicates"
"CHEMBL1162495","OC(=O)CCCC(=O)O","substrate [+]","11306713"
"Glutaric Acid","OC(=O)CCCC(O)=O","Solute carrier family 22 member 8","BE0003645","|substrate|inhibitor|","CHEMBL1162495"
"Duplicates"
"CHEMBL902","NC(=Nc1nc(CSCC\C(=N\S(=O)(=O)N)\N)cs1)N","substrate [Km124+/-4micro;M]","16291876"
"Famotidine","NC(N)=NC1=NC(CSCCC(N)=NS(N)(=O)=O)=CS1","Solute carrier family 22 member 8","BE0003645","|substrate|inhibitor|","CHEMBL902"
"Duplicates"
"CHEMBL1790041","CNC(=C[N+](=O)[O-])NCCSCc1oc(CN(C)C)cc1","substrate [Km234+/-49micro;M]","16291876"
"Ranitidine","CN\C(NCCSCC1=CC=C(CN(C)C)O1)=C/[N+]([O-])=O","Solute carrier family 22 member 8","BE0003645","|substrate|","CHEMBL512"
"Duplicates"
"CHEMBL1349","CC(C)[C@H](N)C(=O)OCCOCn1cnc2C(=O)N=C(N)Nc12","substrate [Km=57.9uM]","11861798"
"Valaciclovir","CC(C)[C@H](N)C(=O)OCCOCN1C=NC2=C1NC(N)=NC2=O","Solute carrier family 22 member 8","BE0003645","|substrate|","CHEMBL1349"
"Duplicates"
"CHEMBL1072","CCCCNc1cc(cc(c1Oc2ccccc2)S(=O)(=O)N)C(=O)O","transporter substrate","20190787"
"Bumetanide","CCCCNC1=C(OC2=CC=CC=C2)C(=CC(=C1)C(O)=O)S(N)(=O)=O","Solute carrier family 22 member 8","BE0003645","|inhibitor|","CHEMBL1072"
"Duplicates"
"CHEMBL528","CO\N=C(/C(=O)N[C@H]1[C@H]2SCC=C(N2C1=O)C(=O)O)\c3csc(N)n3","transporter substrate","20190787"
"Ceftizoxime","[H][C@]12SCC=C(N1C(=O)[C@H]2NC(=O)C(=N/OC)\C1=CSC(N)=N1)C(O)=O","Solute carrier family 22 member 8","BE0003645","|substrate|inhibitor|","CHEMBL528"
"Duplicates"
"CHEMBL34259","CN(Cc1cnc2nc(N)nc(N)c2n1)c3ccc(cc3)C(=O)N[C@@H](CCC(=O)O)C(=O)O","substrate [Km=10.9uM]","11306713"
"Methotrexate","CN(CC1=CN=C2N=C(N)N=C(N)C2=N1)C1=CC=C(C=C1)C(=O)N[C@@H](CCC(O)=O)C(O)=O","Solute carrier family 22 member 8","BE0003645","|substrate|inhibitor|","CHEMBL34259"
"Duplicates"
"CHEMBL259898","C[C@]12CC[C@H]3[C@@H](CC=C4C[C@H](CC[C@]34C)OS(=O)(=O)O)[C@@H]1CCC2=O","substrate [+]","11306713"
"Prasterone sulfate","[H][C@@]12CCC(=O)[C@@]1(C)CC[C@@]1([H])[C@@]2([H])CC=C2C[C@H](CC[C@]12C)OS(O)(=O)=O","Solute carrier family 22 member 8","BE0003645","|","CHEMBL259898"
"Duplicates"
"CHEMBL897","CCCN(CCC)S(=O)(=O)c1ccc(cc1)C(=O)O","inhibitor [(at a rough estimate) 10 % of control]","11306713"
"Probenecid","CCCN(CCC)S(=O)(=O)C1=CC=C(C=C1)C(O)=O","Solute carrier family 22 member 8","BE0003645","|inhibitor|","CHEMBL897"
"Duplicates"
"CHEMBL1730","CO\N=C(/C(=O)N[C@H]1[C@H]2SCC(=C(N2C1=O)C(=O)O)COC(=O)C)\c3csc(N)n3","inhibitor [Ki=0.29uM]","11909604"
"Cefotaxime","[H][C@]12SCC(COC(C)=O)=C(N1C(=O)[C@H]2NC(=O)C(=N/OC)\C1=CSC(N)=N1)C(O)=O","Solute carrier family 22 member 8","BE0003645","|inhibitor|","CHEMBL1730"
"Duplicates"
"CHEMBL617","CC(=O)OCC1=C(N2[C@H](SC1)[C@H](NC(=O)Cc3cccs3)C2=O)C(=O)O","inhibitor [Ki=0.04uM]","11909604"
"Cefalotin","[H][C@]12SCC(COC(C)=O)=C(N1C(=O)[C@H]2NC(=O)CC1=CC=CS1)C(O)=O","Solute carrier family 22 member 8","BE0003645","|inhibitor|","CHEMBL617"
"Duplicates"
"CHEMBL766","CC1(C)C[C@@H]1C(=O)N\C(=C/CCCCSC[C@H](N)C(=O)O)\C(=O)O","inhibitor [IC50=249 +/- 98.9uM]","14978359"
"Cilastatin","N[C@@H](CSCCCC\C=C(/NC(=O)[C@H]1CC1(C)C)C(=O)O)C(=O)O","Solute carrier family 22 member 8","BE0003645","|inhibitor|","CHEMBL766"
"Duplicates"
"CHEMBL1144","CC[C@H](C)C(=O)O[C@H]1C[C@H](O)C=C2C=C[C@H](C)[C@H](CC[C@@H](O)C[C@@H](O)CC(=O)O)[C@@H]12","inhibitor [IC50=13.7 +/- 1.49uM]","14978359"
"Pravastatin","[H][C@]12[C@H](C[C@H](O)C=C1C=C[C@H](C)[C@@H]2CC[C@@H](O)C[C@@H](O)CC(O)=O)OC(=O)[C@@H](C)CC","Solute carrier family 22 member 8","BE0003645","|substrate|inhibitor|","CHEMBL1144"
"Duplicates"
"CHEMBL1146","Cn1nnnc1SCC2=C(N3[C@H](SC2)[C@H](NC(=O)[C@H](O)c4ccccc4)C3=O)C(=O)O","inhibitor [Ki=0.046uM]","11909604"
"Cefamandole","[H][C@]12SCC(CSC3=NN=NN3C)=C(N1C(=O)[C@H]2NC(=O)[C@H](O)C1=CC=CC=C1)C(O)=O","Solute carrier family 22 member 8","BE0003645","|inhibitor|","CHEMBL1146"
"Duplicates"
"CHEMBL101","CCCCC1C(=O)N(N(C1=O)c2ccccc2)c3ccccc3","inhibitor [Ki=34.7uM]","12130730"
"Phenylbutazone","CCCCC1C(=O)N(N(C1=O)C1=CC=CC=C1)C1=CC=CC=C1","Solute carrier family 22 member 8","BE0003645","|inhibitor|","CHEMBL101"
"Duplicates"
"CHEMBL139","OC(=O)Cc1ccccc1Nc2c(Cl)cccc2Cl","inhibitor [(at a rough estimate) 10 % of control]","11306713"
"Diclofenac","OC(=O)CC1=CC=CC=C1NC1=C(Cl)C=CC=C1Cl","Solute carrier family 22 member 8","BE0003645","|inhibitor|","CHEMBL139"
"Duplicates"
"CHEMBL527","CN1C(=C(O)c2ccccc2S1(=O)=O)C(=O)Nc3ccccn3","inhibitor [Ki=4.88uM]","11669456"
"Piroxicam","CN1C(C(=O)NC2=NC=CC=C2)=C(O)C2=C(C=CC=C2)S1(=O)=O","Solute carrier family 22 member 8","BE0003645","|inhibitor|","CHEMBL527"
"Duplicates"
"CHEMBL424","OC(=O)c1ccccc1O","inhibitor [(at a rough estimate) 55 % of control]","11306713"
"Salicylic acid","OC(=O)C1=CC=CC=C1O","Solute carrier family 22 member 8","BE0003645","|inhibitor|","CHEMBL424"
"Duplicates"
"CHEMBL324846","CCCCCCCC(=O)O","inhibitor [Ki=8.6uM]","11669456"
"Caprylic acid","CCCCCCCC(O)=O","Solute carrier family 22 member 8","BE0003645","|inhibitor|","CHEMBL324846"
"Duplicates"
"CHEMBL548","CCCCC[C@H](O)\C=C\[C@H]1[C@H](O)CC(=O)[C@@H]1C\C=C/CCCC(=O)O","inhibitor [21.8 % of control]","11907186"
"Dinoprostone","CCCCC[C@H](O)\C=C\[C@H]1[C@H](O)CC(=O)[C@@H]1C\C=C/CCCC(O)=O","Solute carrier family 22 member 8","BE0003645","|substrate|inhibitor|","CHEMBL548"
"Duplicates"
"CHEMBL6","COc1ccc2c(c1)c(CC(=O)O)c(C)n2C(=O)c3ccc(Cl)cc3","inhibitor [(at a rough estimate) 15 % of control]","11306713"
"Indomethacin","COC1=CC2=C(C=C1)N(C(=O)C1=CC=C(Cl)C=C1)C(C)=C2CC(O)=O","Solute carrier family 22 member 8","BE0003645","|inhibitor|","CHEMBL6"
"Duplicates"
"CHEMBL224867","C[C@H](CCC(=O)NCCS(=O)(=O)O)[C@H]1CC[C@H]2[C@@H]3[C@H](O)C[C@@H]4C[C@H](O)CC[C@]4(C)[C@H]3C[C@H](O)[C@]12C","inhibitor [(at a rough estimate) 15 % of control]","11306713"
"Taurocholic Acid","[H][C@@]1(CC[C@@]2([H])[C@]3([H])[C@H](O)C[C@]4([H])C[C@H](O)CC[C@]4(C)[C@@]3([H])C[C@H](O)[C@]12C)[C@H](C)CCC(=O)NCCS(O)(=O)=O","Solute carrier family 22 member 8","BE0003645","|substrate|inhibitor|","CHEMBL224867"
"Duplicates"
"CHEMBL129","CC1=CN([C@H]2C[C@H](N=[N+]=[N-])[C@@H](CO)O2)C(=O)NC1=O","inhibitor [70 % of control]","11861798"
"Zidovudine","CC1=CN([C@H]2C[C@H](N=[N+]=[N-])[C@@H](CO)O2)C(=O)NC1=O","Solute carrier family 22 member 8","BE0003645","|substrate|inhibitor|","CHEMBL129"
"Duplicates"
"CHEMBL35","NS(=O)(=O)c1cc(C(=O)O)c(NCc2occc2)cc1Cl","inhibitor [(at a rough estimate) 15 % of control]","11306713"
"Furosemide","NS(=O)(=O)C1=C(Cl)C=C(NCC2=CC=CO2)C(=C1)C(O)=O","Solute carrier family 22 member 8","BE0003645","|inhibitor|","CHEMBL35"
"Duplicates"
"CHEMBL571","CC(C(=O)O)c1cccc(c1)C(=O)c2ccccc2","inhibitor [Ki=1160uM]","12130730"
"Ketoprofen","CC(C(O)=O)C1=CC(=CC=C1)C(=O)C1=CC=CC=C1","Solute carrier family 22 member 8","BE0003645","|inhibitor|","CHEMBL571"
"Duplicates"
"CHEMBL1294","COc1ccc2nccc([C@H](O)[C@H]3C[C@@H]4CCN3C[C@@H]4C=C)c2c1","inhibitor [(at a rough estimate) 55 % of control]","11306713"
"Quinidine","[H][C@@]12CCN(C[C@@H]1C=C)[C@]([H])(C2)[C@@H](O)C1=C2C=C(OC)C=CC2=NC=C1","Solute carrier family 22 member 8","BE0003645","|inhibitor|","CHEMBL1294"
"Duplicates"
"CHEMBL1435","Cc1nnc(SCC2=C(N3[C@H](SC2)[C@H](NC(=O)Cn4cnnn4)C3=O)C(=O)O)s1","inhibitor [Ki=0.55uM]","11909604"
"Cefazolin","[H][C@]12SCC(CSC3=NN=C(C)S3)=C(N1C(=O)[C@H]2NC(=O)CN1C=NN=N1)C(O)=O","Solute carrier family 22 member 8","BE0003645","|inhibitor|","CHEMBL1435"
"Duplicates"
"CHEMBL36506","CO[C@@H]1[C@@H](OC(=O)N)[C@@H](O)[C@H](Oc2ccc3C(=C(NC(=O)c4ccc(O)c(CC=C(C)C)c4)C(=O)Oc3c2C)O)OC1(C)C","transporter inhibitor","20190787"
"Novobiocin","CO[C@@H]1[C@@H](OC(N)=O)[C@@H](O)[C@H](OC2=C(C)C3=C(C=C2)C(O)=C(NC(=O)C2=CC=C(O)C(CC=C(C)C)=C2)C(=O)O3)OC1(C)C","Solute carrier family 22 member 8","BE0003645","|inhibitor|","CHEMBL36506"
