"Succinic acid","OC(=O)CCC(O)=O","Solute carrier family 22 member 8","BE0003645","|substrate|","CHEMBL576"
"Aspartame","COC(=O)[C@H](CC1=CC=CC=C1)NC(=O)[C@@H](N)CC(O)=O","Solute carrier family 22 member 8","BE0003645","|inhibitor|","CHEMBL171679"
"Pravastatin","[H][C@]12[C@H](C[C@H](O)C=C1C=C[C@H](C)[C@@H]2CC[C@@H](O)C[C@@H](O)CC(O)=O)OC(=O)[C@@H](C)CC","Solute carrier family 22 member 8","BE0003645","|substrate|inhibitor|","CHEMBL1144"
"Baclofen","NCC(CC(O)=O)C1=CC=C(Cl)C=C1","Solute carrier family 22 member 8","BE0003645","|inhibitor|","CHEMBL701"
"Oseltamivir","CCOC(=O)C1=C[C@@H](OC(CC)CC)[C@H](NC(C)=O)[C@@H](N)C1","Solute carrier family 22 member 8","BE0003645","|substrate|","CHEMBL1229"
"Cefotiam","[H][C@]12SCC(CSC3=NN=NN3CCN(C)C)=C(N1C(=O)[C@H]2NC(=O)CC1=CSC(N)=N1)C(O)=O","Solute carrier family 22 member 8","BE0003645","|substrate|inhibitor|","CHEMBL1296"
"Doxycycline","[H][C@@]12[C@@H](C)C3=C(C(O)=CC=C3)C(=O)C1=C(O)[C@]1(O)C(=O)C(C(N)=O)=C(O)[C@@H](N(C)C)[C@]1([H])[C@H]2O","Solute carrier family 22 member 8","BE0003645","|inhibitor|","CHEMBL1433"
"Liothyronine","N[C@@H](CC1=CC(I)=C(OC2=CC(I)=C(O)C=C2)C(I)=C1)C(O)=O","Solute carrier family 22 member 8","BE0003645","|inhibitor|","CHEMBL1544"
"Tenofovir disoproxil","[H][C@@](C)(CN1C=NC2=C(N)N=CN=C12)OCP(=O)(OCOC(=O)OC(C)C)OCOC(=O)OC(C)C","Solute carrier family 22 member 8","BE0003645","|substrate|","CHEMBL1538"
"Valproic Acid","CCCC(CCC)C(O)=O","Solute carrier family 22 member 8","BE0003645","|substrate|inhibitor|","CHEMBL109"
"Indomethacin","COC1=CC2=C(C=C1)N(C(=O)C1=CC=C(Cl)C=C1)C(C)=C2CC(O)=O","Solute carrier family 22 member 8","BE0003645","|inhibitor|","CHEMBL6"
"Aminohippuric acid","NC1=CC=C(C=C1)C(=O)NCC(O)=O","Solute carrier family 22 member 8","BE0003645","|substrate|inhibitor|","CHEMBL463"
"Digoxin","[H][C@]12CC[C@]3([H])[C@]([H])(C[C@@H](O)[C@]4(C)[C@H](CC[C@]34O)C3=CC(=O)OC3)[C@@]1(C)CC[C@@H](C2)O[C@H]1C[C@H](O)[C@H](O[C@H]2C[C@H](O)[C@H](O[C@H]3C[C@H](O)[C@H](O)[C@@H](C)O3)[C@@H](C)O2)[C@@H](C)O1","Solute carrier family 22 member 8","BE0003645","|inhibitor|","CHEMBL1751"
"Allopurinol","O=C1N=CN=C2NNC=C12","Solute carrier family 22 member 8","BE0003645","|substrate|","CHEMBL1467"
"Cefalotin","[H][C@]12SCC(COC(C)=O)=C(N1C(=O)[C@H]2NC(=O)CC1=CC=CS1)C(O)=O","Solute carrier family 22 member 8","BE0003645","|inhibitor|","CHEMBL617"
"Tenoxicam","CN1C(C(=O)NC2=CC=CC=N2)=C(O)C2=C(C=CS2)S1(=O)=O","Solute carrier family 22 member 8","BE0003645","|inhibitor|","CHEMBL302795"
"Cefotaxime","[H][C@]12SCC(COC(C)=O)=C(N1C(=O)[C@H]2NC(=O)C(=N/OC)\C1=CSC(N)=N1)C(O)=O","Solute carrier family 22 member 8","BE0003645","|inhibitor|","CHEMBL1730"
"Zidovudine","CC1=CN([C@H]2C[C@H](N=[N+]=[N-])[C@@H](CO)O2)C(=O)NC1=O","Solute carrier family 22 member 8","BE0003645","|substrate|inhibitor|","CHEMBL129"
"Cimetidine","C\N=C(\NCCSCC1=C(C)NC=N1)NC#N","Solute carrier family 22 member 8","BE0003645","|substrate|inhibitor|","CHEMBL30"
"Cefdinir","[H][C@]12SCC(C=C)=C(N1C(=O)[C@H]2NC(=O)C(=N/O)\C1=CSC(N)=N1)C(O)=O","Solute carrier family 22 member 8","BE0003645","|substrate|inhibitor|","CHEMBL927"
"Guanidine","NC(N)=N","Solute carrier family 22 member 8","BE0003645","|inhibitor|","CHEMBL821"
"Piroxicam","CN1C(C(=O)NC2=NC=CC=C2)=C(O)C2=C(C=CC=C2)S1(=O)=O","Solute carrier family 22 member 8","BE0003645","|inhibitor|","CHEMBL527"
"Methotrexate","CN(CC1=CN=C2N=C(N)N=C(N)C2=N1)C1=CC=C(C=C1)C(=O)N[C@@H](CCC(O)=O)C(O)=O","Solute carrier family 22 member 8","BE0003645","|substrate|inhibitor|","CHEMBL34259"
"Cephalexin","[H][C@]12SCC(C)=C(N1C(=O)[C@H]2NC(=O)[C@H](N)C1=CC=CC=C1)C(O)=O","Solute carrier family 22 member 8","BE0003645","|inhibitor|","CHEMBL1727"
"Valaciclovir","CC(C)[C@H](N)C(=O)OCCOCN1C=NC2=C1NC(N)=NC2=O","Solute carrier family 22 member 8","BE0003645","|substrate|","CHEMBL1349"
"L-Carnitine","C[N+](C)(C)C[C@H](O)CC([O-])=O","Solute carrier family 22 member 8","BE0003645","|substrate|","CHEMBL1149"
"Enalapril","CCOC(=O)[C@H](CCC1=CC=CC=C1)N[C@@H](C)C(=O)N1CCC[C@H]1C(O)=O","Solute carrier family 22 member 8","BE0003645","|inhibitor|","CHEMBL578"
"Diclofenac","OC(=O)CC1=CC=CC=C1NC1=C(Cl)C=CC=C1Cl","Solute carrier family 22 member 8","BE0003645","|inhibitor|","CHEMBL139"
"Oxytetracycline","[H][C@@]12[C@@H](O)[C@@]3([H])C(C(=O)C4=C(O)C=CC=C4[C@@]3(C)O)=C(O)[C@]1(O)C(=O)C(C(N)=O)=C(O)[C@H]2N(C)C","Solute carrier family 22 member 8","BE0003645","|inhibitor|","CHEMBL1517"
"Testosterone","[H][C@@]12CC[C@H](O)[C@@]1(C)CC[C@@]1([H])[C@@]2([H])CCC2=CC(=O)CC[C@]12C","Solute carrier family 22 member 8","BE0003645","|inducer|","CHEMBL386630"
"Leucovorin","[H]C(=O)N1C(CNC2=CC=C(C=C2)C(=O)N[C@@H](CCC(O)=O)C(O)=O)CNC2=C1C(=O)NC(N)=N2","Solute carrier family 22 member 8","BE0003645","|substrate|inhibitor|","CHEMBL1679"
"Estrone","[H][C@@]12CCC(=O)[C@@]1(C)CC[C@]1([H])C3=C(CC[C@@]21[H])C=C(O)C=C3","Solute carrier family 22 member 8","BE0003645","|substrate|","CHEMBL1405"
"Furosemide","NS(=O)(=O)C1=C(Cl)C=C(NCC2=CC=CO2)C(=C1)C(O)=O","Solute carrier family 22 member 8","BE0003645","|inhibitor|","CHEMBL35"
"Hydrocortisone","[H][C@@]12CC[C@](O)(C(=O)CO)[C@@]1(C)C[C@H](O)[C@@]1([H])[C@@]2([H])CCC2=CC(=O)CC[C@]12C","Solute carrier family 22 member 8","BE0003645","|substrate|","CHEMBL389621"
"Tetracycline","[H][C@@]12C[C@@]3([H])C(=C(O)[C@]1(O)C(=O)C(C(N)=O)=C(O)[C@H]2N(C)C)C(=O)C1=C(O)C=CC=C1[C@@]3(C)O","Solute carrier family 22 member 8","BE0003645","|substrate|inhibitor|","CHEMBL1440"
"Estradiol","[H][C@@]12CC[C@H](O)[C@@]1(C)CC[C@]1([H])C3=C(CC[C@@]21[H])C=C(O)C=C3","Solute carrier family 22 member 8","BE0003645","|substrate|","CHEMBL135"
"Acyclovir","NC1=NC(=O)C2=C(N1)N(COCCO)C=N2","Solute carrier family 22 member 8","BE0003645","|substrate|inhibitor|","CHEMBL184"
"Phenylbutazone","CCCCC1C(=O)N(N(C1=O)C1=CC=CC=C1)C1=CC=CC=C1","Solute carrier family 22 member 8","BE0003645","|inhibitor|","CHEMBL101"
"Cefaclor","[H][C@]12SCC(Cl)=C(N1C(=O)[C@H]2NC(=O)[C@H](N)C1=CC=CC=C1)C(O)=O","Solute carrier family 22 member 8","BE0003645","|substrate|inhibitor|","CHEMBL680"
"Ranitidine","CN\C(NCCSCC1=CC=C(CN(C)C)O1)=C/[N+]([O-])=O","Solute carrier family 22 member 8","BE0003645","|substrate|","CHEMBL512"
"Quinapril","CCOC(=O)[C@H](CCC1=CC=CC=C1)N[C@@H](C)C(=O)N1CC2=CC=CC=C2C[C@H]1C(O)=O","Solute carrier family 22 member 8","BE0003645","|substrate|","CHEMBL1592"
"Bumetanide","CCCCNC1=C(OC2=CC=CC=C2)C(=CC(=C1)C(O)=O)S(N)(=O)=O","Solute carrier family 22 member 8","BE0003645","|inhibitor|","CHEMBL1072"
"Quinidine","[H][C@@]12CCN(C[C@@H]1C=C)[C@]([H])(C2)[C@@H](O)C1=C2C=C(OC)C=CC2=NC=C1","Solute carrier family 22 member 8","BE0003645","|inhibitor|","CHEMBL1294"
"Dinoprostone","CCCCC[C@H](O)\C=C\[C@H]1[C@H](O)CC(=O)[C@@H]1C\C=C/CCCC(O)=O","Solute carrier family 22 member 8","BE0003645","|substrate|inhibitor|","CHEMBL548"
"Famotidine","NC(N)=NC1=NC(CSCCC(N)=NS(N)(=O)=O)=CS1","Solute carrier family 22 member 8","BE0003645","|substrate|inhibitor|","CHEMBL902"
"Salicylic acid","OC(=O)C1=CC=CC=C1O","Solute carrier family 22 member 8","BE0003645","|inhibitor|","CHEMBL424"
"Fexofenadine","CC(C)(C(O)=O)C1=CC=C(C=C1)C(O)CCCN1CCC(CC1)C(O)(C1=CC=CC=C1)C1=CC=CC=C1","Solute carrier family 22 member 8","BE0003645","|substrate|","CHEMBL914"
"Ganciclovir","NC1=NC2=C(N=CN2COC(CO)CO)C(=O)N1","Solute carrier family 22 member 8","BE0003645","|inhibitor|","CHEMBL182"
"Ketoprofen","CC(C(O)=O)C1=CC(=CC=C1)C(=O)C1=CC=CC=C1","Solute carrier family 22 member 8","BE0003645","|inhibitor|","CHEMBL571"
"Minocycline","[H][C@@]12CC3=C(C(O)=CC=C3N(C)C)C(=O)C1=C(O)[C@]1(O)C(=O)C(C(N)=O)=C(O)[C@@H](N(C)C)[C@]1([H])C2","Solute carrier family 22 member 8","BE0003645","|inhibitor|","CHEMBL1434"
"Probenecid","CCCN(CCC)S(=O)(=O)C1=CC=C(C=C1)C(O)=O","Solute carrier family 22 member 8","BE0003645","|inhibitor|","CHEMBL897"
"Mercaptopurine","S=C1N=CNC2=C1NC=N2","Solute carrier family 22 member 8","BE0003645","|substrate|inhibitor|","CHEMBL1425"
"Ibuprofen","CC(C)CC1=CC=C(C=C1)C(C)C(O)=O","Solute carrier family 22 member 8","BE0003645","|inhibitor|","CHEMBL521"
"Novobiocin","CO[C@@H]1[C@@H](OC(N)=O)[C@@H](O)[C@H](OC2=C(C)C3=C(C=C2)C(O)=C(NC(=O)C2=CC=C(O)C(CC=C(C)C)=C2)C(=O)O3)OC1(C)C","Solute carrier family 22 member 8","BE0003645","|inhibitor|","CHEMBL36506"
"Benzylpenicillin","[H][C@]12SC(C)(C)[C@@H](N1C(=O)[C@H]2NC(=O)CC1=CC=CC=C1)C(O)=O","Solute carrier family 22 member 8","BE0003645","|substrate|inhibitor|","CHEMBL29"
"Melatonin","COC1=CC2=C(NC=C2CCNC(C)=O)C=C1","Solute carrier family 22 member 8","BE0003645","|inhibitor|","CHEMBL45"
"Ouabain","[H][C@@]12CC[C@]3(O)C[C@H](C[C@@H](O)[C@]3(CO)[C@@]1([H])[C@H](O)C[C@]1(C)[C@H](CC[C@]21O)C1=CC(=O)OC1)O[C@@H]1O[C@@H](C)[C@H](O)[C@@H](O)[C@H]1O","Solute carrier family 22 member 8","BE0003645","|inhibitor|","CHEMBL222863"
"Rosuvastatin","CC(C)C1=NC(=NC(C2=CC=C(F)C=C2)=C1\C=C\[C@@H](O)C[C@@H](O)CC(=O)O)N(C)S(C)(=O)=O","Solute carrier family 22 member 8","BE0003645","|substrate|inhibitor|","CHEMBL1496"
"Cefadroxil","[H][C@]12SCC(C)=C(N1C(=O)[C@H]2NC(=O)[C@H](N)C1=CC=C(O)C=C1)C(O)=O","Solute carrier family 22 member 8","BE0003645","|inhibitor|","CHEMBL1644"
"Dinoprost Tromethamine","OCC(N)(CO)CO.CCCCC[C@H](O)\C=C\[C@H]1[C@H](O)C[C@H](O)[C@@H]1C\C=C/CCCC(O)=O","Solute carrier family 22 member 8","BE0003645","|","CHEMBL1200896"
"Ceftriaxone","[H][C@]12SCC(CSC3=NC(=O)C(=O)NN3C)=C(N1C(=O)[C@H]2NC(=O)C(=N/OC)\C1=CSC(N)=N1)C(O)=O","Solute carrier family 22 member 8","BE0003645","|inhibitor|","CHEMBL161"
"Sitagliptin","N[C@@H](CC(=O)N1CCN2C(C1)=NN=C2C(F)(F)F)CC1=CC(F)=C(F)C=C1F","Solute carrier family 22 member 8","BE0003645","|substrate|","CHEMBL1422"
"Cefamandole","[H][C@]12SCC(CSC3=NN=NN3C)=C(N1C(=O)[C@H]2NC(=O)[C@H](O)C1=CC=CC=C1)C(O)=O","Solute carrier family 22 member 8","BE0003645","|inhibitor|","CHEMBL1146"
"Cefazolin","[H][C@]12SCC(CSC3=NN=C(C)S3)=C(N1C(=O)[C@H]2NC(=O)CN1C=NN=N1)C(O)=O","Solute carrier family 22 member 8","BE0003645","|inhibitor|","CHEMBL1435"
"Cefoperazone","[H][C@]12SCC(CSC3=NN=NN3C)=C(N1C(=O)[C@H]2NC(=O)C(NC(=O)N1CCN(CC)C(=O)C1=O)C1=CC=C(O)C=C1)C(O)=O","Solute carrier family 22 member 8","BE0003645","|inhibitor|","CHEMBL507674"
"Ceftizoxime","[H][C@]12SCC=C(N1C(=O)[C@H]2NC(=O)C(=N/OC)\C1=CSC(N)=N1)C(O)=O","Solute carrier family 22 member 8","BE0003645","|substrate|inhibitor|","CHEMBL528"
"Cefacetrile","[H][C@]12SCC(COC(C)=O)=C(N1C(=O)[C@H]2NC(=O)CC#N)C(O)=O","Solute carrier family 22 member 8","BE0003645","|substrate|inhibitor|","CHEMBL2110602"
"Ceftibuten","[H][C@]12SCC=C(N1C(=O)[C@H]2NC(=O)C(=C/CC(O)=O)\C1=CSC(N)=N1)C(O)=O","Solute carrier family 22 member 8","BE0003645","|substrate|inhibitor|","CHEMBL1605"
"Liotrix","[Na+].[Na+].N[C@@H](CC1=CC(I)=C(OC2=CC(I)=C(O)C=C2)C(I)=C1)C([O-])=O.N[C@@H](CC1=CC(I)=C(OC2=CC(I)=C(O)C(I)=C2)C(I)=C1)C([O-])=O","Solute carrier family 22 member 8","BE0003645","|inhibitor|",""
"Cilastatin","N[C@@H](CSCCCC\C=C(/NC(=O)[C@H]1CC1(C)C)C(=O)O)C(=O)O","Solute carrier family 22 member 8","BE0003645","|inhibitor|","CHEMBL766"
"trans-2-hydroxycinnamic acid","OC(=O)\C=C\C1=CC=CC=C1O","Solute carrier family 22 member 8","BE0003645","|inhibitor|","CHEMBL52564"
"Topiroxostat","N#CC1=NC=CC(=C1)C1=NNC(=N1)C1=CC=NC=C1","Solute carrier family 22 member 8","BE0003645","|inhibitor|","CHEMBL1078685"
"Cyclic Adenosine Monophosphate","NC1=NC=NC2=C1N=CN2[C@@H]1O[C@@H]2COP(O)(=O)O[C@H]2[C@H]1O","Solute carrier family 22 member 8","BE0003645","|substrate|","CHEMBL316966"
"Cholic Acid","[H][C@@](C)(CCC(O)=O)[C@@]1([H])CC[C@@]2([H])[C@]3([H])[C@]([H])(O)C[C@]4([H])C[C@]([H])(O)CC[C@]4(C)[C@@]3([H])C[C@]([H])(O)[C@]12C","Solute carrier family 22 member 8","BE0003645","|substrate|inhibitor|","CHEMBL205596"
"Glutaric Acid","OC(=O)CCCC(O)=O","Solute carrier family 22 member 8","BE0003645","|substrate|inhibitor|","CHEMBL1162495"
"Benzoic Acid","OC(=O)C1=CC=CC=C1","Solute carrier family 22 member 8","BE0003645","|inhibitor|","CHEMBL541"
"Oxalic Acid","OC(=O)C(O)=O","Solute carrier family 22 member 8","BE0003645","|substrate|","CHEMBL146755"
"Degraded Cephaloridine","[H][C@@](NC(=O)CC1=CC=CS1)(C=O)[C@]1([H])NC(C(O)=O)=C(C)CS1","Solute carrier family 22 member 8","BE0003645","|",""
"Taurocholic Acid","[H][C@@]1(CC[C@@]2([H])[C@]3([H])[C@H](O)C[C@]4([H])C[C@H](O)CC[C@]4(C)[C@@]3([H])C[C@H](O)[C@]12C)[C@H](C)CCC(=O)NCCS(O)(=O)=O","Solute carrier family 22 member 8","BE0003645","|substrate|inhibitor|","CHEMBL224867"
"Caprylic acid","CCCCCCCC(O)=O","Solute carrier family 22 member 8","BE0003645","|inhibitor|","CHEMBL324846"
"Prasterone sulfate","[H][C@@]12CCC(=O)[C@@]1(C)CC[C@@]1([H])[C@@]2([H])CC=C2C[C@H](CC[C@]12C)OS(O)(=O)=O","Solute carrier family 22 member 8","BE0003645","|","CHEMBL259898"
"Saxagliptin","N[C@H](C(=O)N1[C@H]2C[C@H]2C[C@H]1C#N)C12CC3CC(CC(O)(C3)C1)C2","Solute carrier family 22 member 8","BE0003645","|substrate|","CHEMBL385517"
"Methyltestosterone","[H][C@@]12CC[C@](C)(O)[C@@]1(C)CC[C@@]1([H])[C@@]2([H])CCC2=CC(=O)CC[C@]12C","Solute carrier family 22 member 8","BE0003645","|inducer|","CHEMBL1395"
"Tetraethylammonium","CC[N+](CC)(CC)CC","Solute carrier family 22 member 8","BE0003645","|","CHEMBL9324"
"Uric Acid","O=C1NC2=C(N1)C(=O)NC(=O)N2","Solute carrier family 22 member 8","BE0003645","|","CHEMBL792"
"Dabrafenib","CC(C)(C)C1=NC(=C(S1)C1=NC(N)=NC=C1)C1=C(F)C(NS(=O)(=O)C2=C(F)C=CC=C2F)=CC=C1","Solute carrier family 22 member 8","BE0003645","|inhibitor|","CHEMBL2028663"
"Dolutegravir","[H][C@]12CN3C=C(C(=O)NCC4=CC=C(F)C=C4F)C(=O)C(O)=C3C(=O)N1[C@H](C)CCO2","Solute carrier family 22 member 8","BE0003645","|inhibitor|","CHEMBL1229211"
"Cephaloridine","[H][C@]12SCC(C[N+]3=CC=CC=C3)=C(N1C(=O)[C@@]2([H])N=C(O)CC1=CC=CS1)C([O-])=O","Solute carrier family 22 member 8","BE0003645","|substrate|inhibitor|","CHEMBL316157"
"Avibactam","[H]OS(=O)(=O)ON1C(=O)N2C([H])([H])[C@@]1([H])C([H])([H])C([H])([H])[C@@]2([H])C(=O)N([H])[H]","Solute carrier family 22 member 8","BE0003645","|substrate|","CHEMBL1689063"
"Eluxadoline","COC1=CC=C(CN([C@@H](C)C2=NC(=CN2)C2=CC=CC=C2)C(=O)[C@@H](N)CC2=C(C)C=C(C=C2C)C(N)=O)C=C1C(O)=O","Solute carrier family 22 member 8","BE0003645","|substrate|","CHEMBL2159122"
"Baricitinib","CCS(=O)(=O)N1CC(CC#N)(C1)N1C=C(C=N1)C1=C2C=CNC2=NC=N1","Solute carrier family 22 member 8","BE0003645","|substrate|inhibitor|","CHEMBL2105759"
"Apalutamide","CNC(=O)C1=CC=C(C=C1F)N1C(=S)N(C(=O)C11CCC1)C1=CC(=C(N=C1)C#N)C(F)(F)F","Solute carrier family 22 member 8","BE0003645","|inhibitor|","CHEMBL3183409"
"Letermovir","COC1=CC=CC(=C1)N1CCN(CC1)C1=NC2=C(C=CC=C2F)[C@H](CC(O)=O)N1C1=CC(=CC=C1OC)C(F)(F)F","Solute carrier family 22 member 8","BE0003645","|inhibitor|","CHEMBL1241951"
"Edaravone","CC1=NN(C(=O)C1)C1=CC=CC=C1","Solute carrier family 22 member 8","BE0003645","|substrate|","CHEMBL290916"
"Rucaparib","CNCC1=CC=C(C=C1)C1=C2CCNC(=O)C3=C2C(N1)=CC(F)=C3","Solute carrier family 22 member 8","BE0003645","|inhibitor|","CHEMBL1173055"
"Enasidenib","CC(C)(O)CNC1=NC(=NC(NC2=CC(=NC=C2)C(F)(F)F)=N1)C1=NC(=CC=C1)C(F)(F)F","Solute carrier family 22 member 8","BE0003645","|inhibitor|","CHEMBL3989908"
"Testosterone cypionate","C[C@]12CC[C@H]3[C@@H](CCC4=CC(=O)CC[C@]34C)[C@@H]1CC[C@@H]2OC(=O)CCC1CCCC1","Solute carrier family 22 member 8","BE0003645","|inducer|","CHEMBL1201101"
"Testosterone enanthate","[H][C@@]12CC[C@H](OC(=O)CCCCCC)[C@@]1(C)CC[C@@]1([H])[C@@]2([H])CCC2=CC(=O)CC[C@]12C","Solute carrier family 22 member 8","BE0003645","|inducer|","CHEMBL1200335"
"Testosterone undecanoate","CCCCCCCCCCC(=O)O[C@H]1CC[C@H]2[C@@H]3CCC4=CC(=O)CC[C@]4(C)[C@H]3CC[C@]12C","Solute carrier family 22 member 8","BE0003645","|inducer|","CHEMBL2107067"
"Estradiol acetate","[H][C@]1(O)CC[C@@]2([H])[C@]3([H])CCC4=CC(OC(C)=O)=CC=C4[C@@]3([H])CC[C@]12C","Solute carrier family 22 member 8","BE0003645","|","CHEMBL1200430"
"Estradiol benzoate","[H][C@]1(O)CC[C@@]2([H])[C@]3([H])CCC4=CC(OC(=O)C5=CC=CC=C5)=CC=C4[C@@]3([H])CC[C@]12C","Solute carrier family 22 member 8","BE0003645","|","CHEMBL282575"
"Estradiol cypionate","[H][C@@]1(CC[C@@]2([H])[C@]3([H])CCC4=CC(O)=CC=C4[C@@]3([H])CC[C@]12C)OC(=O)CCC1CCCC1","Solute carrier family 22 member 8","BE0003645","|","CHEMBL1200973"
"Estradiol dienanthate","CCCCCCC(=O)O[C@H]1CC[C@H]2[C@@H]3CCC4=CC(OC(=O)CCCCCC)=CC=C4[C@H]3CC[C@]12C","Solute carrier family 22 member 8","BE0003645","|",""
"Estradiol valerate","[H][C@@]12CC[C@H](OC(=O)CCCC)[C@@]1(C)CC[C@]1([H])C3=C(CC[C@@]21[H])C=C(O)C=C3","Solute carrier family 22 member 8","BE0003645","|","CHEMBL1511"
