"CHEMBL126075","COc1cc(cc(OC)c1OC)C(=O)OCCCN2CCCN(CCCOC(=O)c3cc(OC)c(OC)c(OC)c3)CC2","inhibitor [IC50>50uM]","12695538"
"CHEMBL192","CCCc1nn(C)c2C(=O)NC(=Nc12)c3cc(ccc3OCC)S(=O)(=O)N4CCN(C)CC4","","22380603"
"CHEMBL192","CCCc1nn(C)c2C(=O)NC(=Nc12)c3cc(ccc3OCC)S(=O)(=O)N4CCN(C)CC4","","22380603"
"CHEMBL2047883","CCCc1nn(C)c2C(=O)NC(=Nc12)c3cc(ccc3OCC)S(=O)(=O)N4CCCCCC4","","22380603"
"CHEMBL2047885","CCCc1nn(C)c2C(=O)NC(=Nc12)c3cc(ccc3OCC)S(=O)(=O)N(C)C","","22380603"
"CHEMBL2047885","CCCc1nn(C)c2C(=O)NC(=Nc12)c3cc(ccc3OCC)S(=O)(=O)N(C)C","","22380603"
"CHEMBL1425","Sc1ncnc2nc[nH]c12","substrate [+]","10840050"
"CHEMBL897","CCCN(CCC)S(=O)(=O)c1ccc(cc1)C(=O)O","inhibitor [31.7 % of control]","10893247"
"CHEMBL2068237","","inducer [+]","11323161"
"CHEMBL2068237","","inducer [+]","11323161"
"CHEMBL2068237","","inducer [+]","11323161"
"CHEMBL484","Nc1ncnc2c1ncn2CCOCP(=O)(O)O","substrate [+]","10840050"
"CHEMBL2047881","CCCc1nn(C)c2C(=O)NC(=Nc12)c3cc(ccc3OCC)S(=O)(=O)Nc4ncccc4C5CCCN5C","","22380603"
"CHEMBL2047881","CCCc1nn(C)c2C(=O)NC(=Nc12)c3cc(ccc3OCC)S(=O)(=O)Nc4ncccc4C5CCCN5C","","22380603"
"CHEMBL2047881","CCCc1nn(C)c2C(=O)NC(=Nc12)c3cc(ccc3OCC)S(=O)(=O)Nc4ncccc4C5CCCN5C","","22380603"
