"CHEMBL395336","NC1=Nc2c(ncn2[C@@H]3O[C@@H]4COP(=O)(O)O[C@H]4[C@H]3O)C(=O)N1","substrate [Km=2.1uM]","10893247"
"CHEMBL1425","Sc1ncnc2nc[nH]c12","substrate [+]","10840050"
"CHEMBL484","Nc1ncnc2c1ncn2CCOCP(=O)(O)O","substrate [+]","10840050"
"CHEMBL1492044","CC(=O)Oc1ccc2c(Oc3cc(OC(=O)C)ccc3C24OC(=O)c5ccccc45)c1","inhibitor [49.2 % of control]","10893247"
"CHEMBL15177","CN(C)C(=O)CCSC(SCCC(=O)O)c1cccc(\C=C\c2ccc3ccc(Cl)cc3n2)c1","inhibitor [IC50=40uM]","12695538"
"CHEMBL932","OCCN(CCO)c1nc(N2CCCCC2)c3nc(nc(N4CCCCC4)c3n1)N(CCO)CCO","inhibitor [IC50=30uM]","12695538"
"CHEMBL316966","Nc1ncnc2c1ncn2[C@@H]3O[C@@H]4COP(=O)(O)O[C@H]4[C@H]3O","inhibitor [35.5 % of control]","10893247"
"CHEMBL1084644","CCCCC[C@H](O)\C=C\[C@H]1C=CC(=O)[C@@H]1CCCCCCC(=O)O","inhibitor [51% of control]","12835412"
"CHEMBL1552426","CCCCC[C@H](O)\C=C\[C@H]1OC(O)C[C@H](O)[C@@H]1C\C=C/CCCC(=O)O","inhibitor [77% of control]","12835412"
"CHEMBL548","CCCCC[C@H](O)\C=C\[C@H]1[C@H](O)CC(=O)[C@@H]1C\C=C/CCCC(=O)O","inhibitor [74% of control]","12835412"
"CHEMBL126075","COc1cc(cc(OC)c1OC)C(=O)OCCCN2CCCN(CCCOC(=O)c3cc(OC)c(OC)c(OC)c3)CC2","inhibitor [IC50>50uM]","12695538"
"CHEMBL897","CCCN(CCC)S(=O)(=O)c1ccc(cc1)C(=O)O","inhibitor [31.7 % of control]","10893247"
"CHEMBL832","[O-][S+](CCC1C(=O)N(N(C1=O)c2ccccc2)c3ccccc3)c4ccccc4","inhibitor [IC50=<100 uM]","10840050"
"CHEMBL285913","COc1cc2CCN3C(=O)N(C)\C(=N\c4c(C)cc(C)cc4C)\C=C3c2cc1OC","inhibitor [IC50=30uM]","12695538"
"CHEMBL815","CCCCC[C@H](O)\C=C\[C@H]1[C@H](O)C[C@H](O)[C@@H]1C\C=C/CCCC(=O)O","inhibitor [63% of control]","12835412"
"CHEMBL495","CCCCC[C@H](O)\C=C\[C@H]1[C@H](O)CC(=O)[C@@H]1CCCCCCC(=O)O","inhibitor [69% of control]","12835412"
