"Duplicates"
"CHEMBL932","OCCN(CCO)c1nc(N2CCCCC2)c3nc(nc(N4CCCCC4)c3n1)N(CCO)CCO","inhibitor [IC50=30uM]","12695538"
"Dipyridamole","OCCN(CCO)C1=NC2=C(N=C(N=C2N2CCCCC2)N(CCO)CCO)C(=N1)N1CCCCC1","Multidrug resistance-associated protein 5","BE0003639","|inhibitor|","CHEMBL932"
"Duplicates"
"CHEMBL316966","Nc1ncnc2c1ncn2[C@@H]3O[C@@H]4COP(=O)(O)O[C@H]4[C@H]3O","inhibitor [35.5 % of control]","10893247"
"Cyclic Adenosine Monophosphate","NC1=NC=NC2=C1N=CN2[C@@H]1O[C@@H]2COP(O)(=O)O[C@H]2[C@H]1O","Multidrug resistance-associated protein 5","BE0003639","|inhibitor|","CHEMBL316966"
"Duplicates"
"CHEMBL548","CCCCC[C@H](O)\C=C\[C@H]1[C@H](O)CC(=O)[C@@H]1C\C=C/CCCC(=O)O","inhibitor [74% of control]","12835412"
"Dinoprostone","CCCCC[C@H](O)\C=C\[C@H]1[C@H](O)CC(=O)[C@@H]1C\C=C/CCCC(O)=O","Multidrug resistance-associated protein 5","BE0003639","|inhibitor|","CHEMBL548"
"Duplicates"
"CHEMBL897","CCCN(CCC)S(=O)(=O)c1ccc(cc1)C(=O)O","inhibitor [31.7 % of control]","10893247"
"Probenecid","CCCN(CCC)S(=O)(=O)C1=CC=C(C=C1)C(O)=O","Multidrug resistance-associated protein 5","BE0003639","|inhibitor|","CHEMBL897"
"Duplicates"
"CHEMBL495","CCCCC[C@H](O)\C=C\[C@H]1[C@H](O)CC(=O)[C@@H]1CCCCCCC(=O)O","inhibitor [69% of control]","12835412"
"Alprostadil","CCCCC[C@H](O)C=C[C@H]1[C@H](O)CC(=O)[C@@H]1CCCCCCC(O)=O","Multidrug resistance-associated protein 5","BE0003639","|inhibitor|","CHEMBL495"
