"Glutathione","N[C@@H](CCC(=O)N[C@@H](CS)C(=O)NCC(O)=O)C(O)=O","Multidrug resistance-associated protein 5","BE0003639","|substrate|","CHEMBL1543"
"Sildenafil","CCCC1=NN(C)C2=C1NC(=NC2=O)C1=C(OCC)C=CC(=C1)S(=O)(=O)N1CCN(C)CC1","Multidrug resistance-associated protein 5","BE0003639","|inhibitor|","CHEMBL192"
"Zidovudine","CC1=CN([C@H]2C[C@H](N=[N+]=[N-])[C@@H](CO)O2)C(=O)NC1=O","Multidrug resistance-associated protein 5","BE0003639","|substrate|","CHEMBL129"
"Cisplatin","N[Pt](N)(Cl)Cl","Multidrug resistance-associated protein 5","BE0003639","|inducer|","CHEMBL2068237"
"Fluorouracil","FC1=CNC(=O)NC1=O","Multidrug resistance-associated protein 5","BE0003639","|substrate|","CHEMBL185"
"Adefovir Dipivoxil","CC(C)(C)C(=O)OCOP(=O)(COCCN1C=NC2=C(N)N=CN=C12)OCOC(=O)C(C)(C)C","Multidrug resistance-associated protein 5","BE0003639","|substrate|","CHEMBL922"
"Alprostadil","CCCCC[C@H](O)C=C[C@H]1[C@H](O)CC(=O)[C@@H]1CCCCCCC(O)=O","Multidrug resistance-associated protein 5","BE0003639","|inhibitor|","CHEMBL495"
"Dinoprostone","CCCCC[C@H](O)\C=C\[C@H]1[C@H](O)CC(=O)[C@@H]1C\C=C/CCCC(O)=O","Multidrug resistance-associated protein 5","BE0003639","|inhibitor|","CHEMBL548"
"Dipyridamole","OCCN(CCO)C1=NC2=C(N=C(N=C2N2CCCCC2)N(CCO)CCO)C(=N1)N1CCCCC1","Multidrug resistance-associated protein 5","BE0003639","|inhibitor|","CHEMBL932"
"Probenecid","CCCN(CCC)S(=O)(=O)C1=CC=C(C=C1)C(O)=O","Multidrug resistance-associated protein 5","BE0003639","|inhibitor|","CHEMBL897"
"Mercaptopurine","S=C1N=CNC2=C1NC=N2","Multidrug resistance-associated protein 5","BE0003639","|substrate|","CHEMBL1425"
"Rifampicin","CO[C@H]1\C=C\O[C@@]2(C)OC3=C(C2=O)C2=C(O)C(\C=N\N4CCN(C)CC4)=C(NC(=O)\C(C)=C/C=C/[C@H](C)[C@H](O)[C@@H](C)[C@@H](O)[C@@H](C)[C@H](OC(C)=O)[C@@H]1C)C(O)=C2C(O)=C3C","Multidrug resistance-associated protein 5","BE0003639","|inducer|","CHEMBL374478"
"Atorvastatin","CC(C)C1=C(C(=O)NC2=CC=CC=C2)C(=C(N1CC[C@@H](O)C[C@@H](O)CC(O)=O)C1=CC=C(F)C=C1)C1=CC=CC=C1","Multidrug resistance-associated protein 5","BE0003639","|substrate|","CHEMBL1487"
"Sulfinpyrazone","O=C1C(CCS(=O)C2=CC=CC=C2)C(=O)N(N1C1=CC=CC=C1)C1=CC=CC=C1","Multidrug resistance-associated protein 5","BE0003639","|inhibitor|","CHEMBL832"
"Cyclic Adenosine Monophosphate","NC1=NC=NC2=C1N=CN2[C@@H]1O[C@@H]2COP(O)(=O)O[C@H]2[C@H]1O","Multidrug resistance-associated protein 5","BE0003639","|inhibitor|","CHEMBL316966"
