"CHEMBL1106","NC1=NCC2N1c3ccccc3Cc4ccccc24","","23241029"
"CHEMBL1393","CC(=O)S[C@@H]1CC2=CC(=O)CC[C@]2(C)[C@H]3CC[C@@]4(C)[C@@H](CC[C@@]45CCC(=O)O5)[C@H]13","","23241029"
"CHEMBL959","CC(N)C12CC3CC(CC(C3)C1)C2","","23241029"
"CHEMBL11","CN(C)CCCN1c2ccccc2CCc3ccccc13","","21599003"
"CHEMBL573","OC(=O)c1cccnc1","","23241029"
"CHEMBL289469","CN1C2CCCC1CC(C2)NC(=O)c3nn(C)c4ccccc34","","23241029"
"CHEMBL289469","CN1C2CCCC1CC(C2)NC(=O)c3nn(C)c4ccccc34","","23241029"
"CHEMBL289469","CN1C2CCCC1CC(C2)NC(=O)c3nn(C)c4ccccc34","","23241029"
"CHEMBL1513","CCCCC1=NC2(CCCC2)C(=O)N1Cc3ccc(cc3)c4ccccc4c5nn[nH]n5","","23241029"
"CHEMBL1513","CCCCC1=NC2(CCCC2)C(=O)N1Cc3ccc(cc3)c4ccccc4c5nn[nH]n5","","23241029"
"CHEMBL296419","COc1ccc(CCN2CCC(CC2)Nc3nc4ccccc4n3Cc5ccc(F)cc5)cc1","","23241029"
"CHEMBL16073","CCOc1ccc(NC(=O)C)cc1","","23241029"
"CHEMBL603","COc1cc(ccc1Cc2cn(C)c3ccc(NC(=O)OC4CCCC4)cc23)C(=O)NS(=O)(=O)c5ccccc5C","","23241029"
"CHEMBL35","NS(=O)(=O)c1cc(C(=O)O)c(NCc2occc2)cc1Cl","","23241029"
"CHEMBL33","C[C@H]1COc2c(N3CCN(C)CC3)c(F)cc4C(=O)C(=CN1c24)C(=O)O","","23241029"
"CHEMBL33","C[C@H]1COc2c(N3CCN(C)CC3)c(F)cc4C(=O)C(=CN1c24)C(=O)O","","23241029"
"CHEMBL1732","CN1C[C@@H](C[C@H]2[C@H]1Cc3c[nH]c4cccc2c34)C(=O)N[C@]5(C)O[C@@]6(O)[C@@H]7CCCN7C(=O)[C@H](Cc8ccccc8)N6C5=O","","23241029"
"CHEMBL1502","COc1ccnc(C[S+]([O-])c2nc3cc(OC(F)F)ccc3[nH]2)c1OC","","23241029"
"CHEMBL1431","CN(C)C(=N)NC(=N)N","","23241029"
"CHEMBL1431","CN(C)C(=N)NC(=N)N","","23241029"
"CHEMBL1431","CN(C)C(=N)NC(=N)N","","23241029"
"CHEMBL1431","CN(C)C(=N)NC(=N)N","","23241029"
"CHEMBL1431","CN(C)C(=N)NC(=N)N","","23241029"
"CHEMBL1431","CN(C)C(=N)NC(=N)N","","23241029"
"CHEMBL1431","CN(C)C(=N)NC(=N)N","","23241029"
"CHEMBL1431","CN(C)C(=N)NC(=N)N","","23241029"
"CHEMBL1200629","[Br-].CC(=O)O[C@H]1C[C@@H]2CC[C@@H]3[C@H](CC[C@@]4(C)[C@H]3C[C@@H]([C@@H]4OC(=O)C)[N+]5(C)CCCCC5)[C@@]2(C)C[C@@H]1N6CCCCC6","","23241029"
"CHEMBL85","CC1=C(CCN2CCC(CC2)c3noc4cc(F)ccc34)C(=O)N5CCCCC5=N1","","23241029"
"CHEMBL85","CC1=C(CCN2CCC(CC2)c3noc4cc(F)ccc34)C(=O)N5CCCCC5=N1","","23241029"
"CHEMBL85","CC1=C(CCN2CCC(CC2)c3noc4cc(F)ccc34)C(=O)N5CCCCC5=N1","","23241029"
"CHEMBL85","CC1=C(CCN2CCC(CC2)c3noc4cc(F)ccc34)C(=O)N5CCCCC5=N1","","23241029"
"CHEMBL85","CC1=C(CCN2CCC(CC2)c3noc4cc(F)ccc34)C(=O)N5CCCCC5=N1","","23241029"
"CHEMBL85","CC1=C(CCN2CCC(CC2)c3noc4cc(F)ccc34)C(=O)N5CCCCC5=N1","","23241029"
"CHEMBL85","CC1=C(CCN2CCC(CC2)c3noc4cc(F)ccc34)C(=O)N5CCCCC5=N1","","23241029"
"CHEMBL111861","C[C@]12CC[C@@H](O)C=C1CC[C@H]3[C@@H]4CC[C@](O)(C(=O)CO)[C@@]4(C)CC(=O)[C@H]23","","23241029"
"CHEMBL364713","COc1ccc2[C@H](OC(=O)c2c1OC)[C@@H]3N(C)CCc4cc5OCOc5c(OC)c34","","23241029"
"CHEMBL364713","COc1ccc2[C@H](OC(=O)c2c1OC)[C@@H]3N(C)CCc4cc5OCOc5c(OC)c34","","23241029"
"CHEMBL455","CC(=O)NS(=O)(=O)c1ccc(N)cc1","","23241029"
"CHEMBL455","CC(=O)NS(=O)(=O)c1ccc(N)cc1","","23241029"
"CHEMBL455","CC(=O)NS(=O)(=O)c1ccc(N)cc1","","23241029"
"CHEMBL455","CC(=O)NS(=O)(=O)c1ccc(N)cc1","","23241029"
"CHEMBL455","CC(=O)NS(=O)(=O)c1ccc(N)cc1","","23241029"
"CHEMBL455","CC(=O)NS(=O)(=O)c1ccc(N)cc1","","23241029"
"CHEMBL455","CC(=O)NS(=O)(=O)c1ccc(N)cc1","","23241029"
"CHEMBL455","CC(=O)NS(=O)(=O)c1ccc(N)cc1","","23241029"
"CHEMBL1790041","CNC(=C[N+](=O)[O-])NCCSCc1oc(CN(C)C)cc1","","23241029"
"CHEMBL1201187","CC(C)c1nnc(C)n1[C@@H]2C[C@H]3CC[C@@H](C2)N3CC[C@H](NC(=O)C4CCC(F)(F)CC4)c5ccccc5","","23241029"
"CHEMBL1201187","CC(C)c1nnc(C)n1[C@@H]2C[C@H]3CC[C@@H](C2)N3CC[C@H](NC(=O)C4CCC(F)(F)CC4)c5ccccc5","","23241029"
"CHEMBL1201187","CC(C)c1nnc(C)n1[C@@H]2C[C@H]3CC[C@@H](C2)N3CC[C@H](NC(=O)C4CCC(F)(F)CC4)c5ccccc5","","23241029"
"CHEMBL49","O=C1CC2(CCCC2)CC(=O)N1CCCCN3CCN(CC3)c4ncccn4","","23241029"
"CHEMBL640","CCN(CC)CCNC(=O)c1ccc(N)cc1","transporter inhibitor","20190787"
"CHEMBL302326","C[n+]1ccccc1","transporter substrate","20190787"
"CHEMBL302326","C[n+]1ccccc1","transporter substrate","20190787"
"CHEMBL302326","C[n+]1ccccc1","transporter substrate","20190787"
"CHEMBL302326","C[n+]1ccccc1","transporter substrate","20190787"
"CHEMBL302326","C[n+]1ccccc1","transporter substrate","20190787"
"CHEMBL302326","C[n+]1ccccc1","transporter substrate","20190787"
"CHEMBL900","CN(C)CCOC(c1ccccc1)c2ccccc2C","","21599003"
"CHEMBL900","CN(C)CCOC(c1ccccc1)c2ccccc2C","","21599003"
"CHEMBL900","CN(C)CCOC(c1ccccc1)c2ccccc2C","","21599003"
"CHEMBL900","CN(C)CCOC(c1ccccc1)c2ccccc2C","","21599003"
"CHEMBL95","Nc1c2CCCCc2nc3ccccc13","","21599003"
"CHEMBL95","Nc1c2CCCCc2nc3ccccc13","","21599003"
"CHEMBL95","Nc1c2CCCCc2nc3ccccc13","","21599003"
"CHEMBL95","Nc1c2CCCCc2nc3ccccc13","","21599003"
"CHEMBL95","Nc1c2CCCCc2nc3ccccc13","","21599003"
"CHEMBL95","Nc1c2CCCCc2nc3ccccc13","","21599003"
"CHEMBL902","NC(=Nc1nc(CSCC\C(=N\S(=O)(=O)N)\N)cs1)N","","23241029"
