"CHEMBL302326","C[n+]1ccccc1","transporter substrate","20190787"
"CHEMBL9324","CC[N+](CC)(CC)CC","transporter substrate","20190787"
"CHEMBL1294","COc1ccc2nccc([C@H](O)[C@H]3C[C@@H]4CCN3C[C@@H]4C=C)c2c1","transporter inhibitor","20190787"
"CHEMBL640","CCN(CC)CCNC(=O)c1ccc(N)cc1","transporter inhibitor","20190787"
"Metformin","CN(C)C(=N)NC(N)=N","Multidrug and toxin extrusion protein 1","BE0003657","|inhibitor|","CHEMBL1431"
"Cimetidine","C\N=C(\NCCSCC1=C(C)NC=N1)NC#N","Multidrug and toxin extrusion protein 1","BE0003657","|inhibitor|","CHEMBL30"
"Cephalexin","[H][C@]12SCC(C)=C(N1C(=O)[C@H]2NC(=O)[C@H](N)C1=CC=CC=C1)C(O)=O","Multidrug and toxin extrusion protein 1","BE0003657","|substrate|","CHEMBL1727"
"Acyclovir","NC1=NC(=O)C2=C(N1)N(COCCO)C=N2","Multidrug and toxin extrusion protein 1","BE0003657","|substrate|","CHEMBL184"
"Sirolimus","[H][C@@]1(C[C@@H](C)[C@]2([H])CC(=O)[C@H](C)\C=C(C)\[C@@H](O)[C@@H](OC)C(=O)[C@H](C)C[C@H](C)\C=C\C=C\C=C(C)\[C@H](C[C@]3([H])CC[C@@H](C)[C@@](O)(O3)C(=O)C(=O)N3CCCC[C@@]3([H])C(=O)O2)OC)CC[C@@H](O)[C@@H](C1)OC","Multidrug and toxin extrusion protein 1","BE0003657","|","CHEMBL413"
"Bromodiphenhydramine","CN(C)CCOC(C1=CC=CC=C1)C1=CC=C(Br)C=C1","Multidrug and toxin extrusion protein 1","BE0003657","|inhibitor|","CHEMBL1201245"
"Lofexidine","CC(OC1=C(Cl)C=CC=C1Cl)C1=NCCN1","Multidrug and toxin extrusion protein 1","BE0003657","|inhibitor|","CHEMBL17860"
"Dolutegravir","[H][C@]12CN3C=C(C(=O)NCC4=CC=C(F)C=C4F)C(=O)C(O)=C3C(=O)N1[C@H](C)CCO2","Multidrug and toxin extrusion protein 1","BE0003657","|inhibitor|","CHEMBL1229211"
"Baricitinib","CCS(=O)(=O)N1CC(CC#N)(C1)N1C=C(C=N1)C1=C2C=CNC2=NC=N1","Multidrug and toxin extrusion protein 1","BE0003657","|inhibitor|","CHEMBL2105759"
"Apalutamide","CNC(=O)C1=CC=C(C=C1F)N1C(=S)N(C(=O)C11CCC1)C1=CC(=C(N=C1)C#N)C(F)(F)F","Multidrug and toxin extrusion protein 1","BE0003657","|inhibitor|","CHEMBL3183409"
"Abemaciclib","CCN1CCN(CC2=CC=C(NC3=NC=C(F)C(=N3)C3=CC(F)=C4N=C(C)N(C(C)C)C4=C3)N=C2)CC1","Multidrug and toxin extrusion protein 1","BE0003657","|inhibitor|","CHEMBL3301610"
"Brigatinib","COC1=CC(=CC=C1NC1=NC=C(Cl)C(NC2=CC=CC=C2P(C)(C)=O)=N1)N1CCC(CC1)N1CCN(C)CC1","Multidrug and toxin extrusion protein 1","BE0003657","|inhibitor|","CHEMBL3545311"
"Rucaparib","CNCC1=CC=C(C=C1)C1=C2CCNC(=O)C3=C2C(N1)=CC(F)=C3","Multidrug and toxin extrusion protein 1","BE0003657","|inhibitor|","CHEMBL1173055"
"Plazomicin","CN[C@@H]1[C@@H](O)[C@@H](O[C@H]2[C@@H](C[C@H](N)[C@@H](O[C@H]3OC(CNCCO)=CC[C@H]3N)[C@@H]2O)NC(=O)[C@@H](O)CCN)OC[C@]1(C)O","Multidrug and toxin extrusion protein 1","BE0003657","|inhibitor|","CHEMBL1650559"
