"CHEMBL1630216","OC(=O)c1ccc(NC(=O)CSc2nnc(Br)n2c3ccc(C4CC4)c5ccccc35)c(Cl)c1","Active","20498326"
"CHEMBL3691997","Cc1cn(Cc2c(F)cccc2Cl)c3cc(CC(=O)O)ccc13","292472",""
"CHEMBL3683330","COc1ccc(Cl)c(Oc2ccc(cc2C#N)S(=O)(=O)Nc3ccc(F)cn3)c1","309270",""
"CHEMBL3683447","Fc1ccc(NS(=O)(=O)c2ccc(Oc3ccc(Br)cc3)c(c2)C#N)nc1","",""
"CHEMBL3692029","Cc1nn(Cc2c(Cl)cccc2Cl)c3cc(OCC(=O)O)ccc13","292504",""
"CHEMBL3683300","Fc1ccc(NS(=O)(=O)c2ccc(Oc3cccc(c3)C#N)c(c2)C#N)nc1","",""
"CHEMBL1767090","CCc1oc2ccc(O)cc2c1C(=O)c3ccc(O)cc3","","21449597"
"CHEMBL3683294","COc1cc(F)cc(Oc2ccc(cc2C#N)S(=O)(=O)Nc3ccc(F)cn3)c1","",""
"CHEMBL3683294","COc1cc(F)cc(Oc2ccc(cc2C#N)S(=O)(=O)Nc3ccc(F)cn3)c1","",""
"CHEMBL3683388","Fc1ccnc(NS(=O)(=O)c2ccc(Oc3ccc(C#N)c(Cl)c3)c(c2)C#N)c1","",""
"CHEMBL3683467","Fc1ccc(Oc2ccc(cc2C#N)S(=O)(=O)Nc3ccc(F)cn3)cc1","309408",""
"CHEMBL1767103","CCc1oc2c(O)cccc2c1C(=O)c3ccc(OC)cc3","","21449597"
"CHEMBL1767103","CCc1oc2c(O)cccc2c1C(=O)c3ccc(OC)cc3","","21449597"
"CHEMBL3692043","Cc1nn(Cc2c(Cl)cccc2Cl)c3cc(cnc13)c4nnn[nH]4","",""
"CHEMBL3692043","Cc1nn(Cc2c(Cl)cccc2Cl)c3cc(cnc13)c4nnn[nH]4","",""
"CHEMBL3688179","Fc1cnc(NS(=O)(=O)c2cc(Cl)c(Oc3ccc(C#N)c(Cl)c3)cc2F)nc1","309447",""
"CHEMBL3683348","Fc1ccc(NS(=O)(=O)c2ccc(Oc3cc(Cl)cc(c3)C#N)c(c2)C#N)nc1","309288",""
"CHEMBL3683482","Fc1ccc(NS(=O)(=O)c2ccc(Oc3ccc(C#N)c(c3)C4CC4)c(c2)C#N)nc1","",""
"CHEMBL3683482","Fc1ccc(NS(=O)(=O)c2ccc(Oc3ccc(C#N)c(c3)C4CC4)c(c2)C#N)nc1","",""
"CHEMBL3691993","Cc1cccc(C)c1CN2CC(C)(C)c3ccc(CC(=O)O)cc23","",""
"CHEMBL3692004","Cc1nn(Cc2cccc(Cl)c2Cl)c3cc(CC(=O)O)ccc13","",""
"CHEMBL3692031","CCc1nn(Cc2c(Cl)cccc2Cl)c3cc(CC(=O)O)ccc13","292506",""
"CHEMBL3692031","CCc1nn(Cc2c(Cl)cccc2Cl)c3cc(CC(=O)O)ccc13","292506",""
"CHEMBL3688191","OCc1cc(Oc2ccc(cc2C#N)S(=O)(=O)Nc3ccc(F)cn3)ccc1Cl","",""
"CHEMBL3683357","COc1cc(Oc2ccc(cc2C#N)S(=O)(=O)Nc3ccc(F)cn3)ccc1Cl","",""
"CHEMBL3683375","Fc1cnc(NS(=O)(=O)c2ccc(Oc3ccc(C#N)c(Cl)c3)c(c2)C#N)nc1","",""
"CHEMBL3683462","Cc1ccc(Oc2ccc(cc2C#N)S(=O)(=O)Nc3ccc(F)cn3)c(Cl)c1C","",""
"CHEMBL3683462","Cc1ccc(Oc2ccc(cc2C#N)S(=O)(=O)Nc3ccc(F)cn3)c(Cl)c1C","",""
"CHEMBL1767108","CCc1oc2ccc(OC)c(C(=O)c3cc(Br)c(O)c(Br)c3)c2c1","","21449597"
"CHEMBL1767108","CCc1oc2ccc(OC)c(C(=O)c3cc(Br)c(O)c(Br)c3)c2c1","","21449597"
"CHEMBL3691989","Cc1cccc(C)c1Cn2nc(C)c3ccc(CC(=O)O)cc23","292464",""
"CHEMBL3692037","CC(C)c1nn(Cc2c(C)cccc2C)c3cc(CC(=O)O)ccc13","292512",""
"CHEMBL3702600","Cc1ccc(Cc2nnn[nH]2)cc1OCc3c(C)cccc3C","",""
"CHEMBL3683314","Fc1ccc(NS(=O)(=O)c2ccc(Oc3cc(F)cc(Cl)c3)c(c2)C#N)nc1","309254",""
"CHEMBL3683393","Cc1cc(Oc2ccc(cc2C#N)S(=O)(=O)Nc3ccc(F)cn3)c(Cl)cc1Cl","",""
"CHEMBL1767097","CCc1oc2cc(OC)ccc2c1C(=O)c3ccc(O)cc3","","21449597"
"CHEMBL3691990","Cc1cccc(C)c1Cn2cc(Cl)c3ccc(CC(=O)O)cc23","",""
"CHEMBL3691990","Cc1cccc(C)c1Cn2cc(Cl)c3ccc(CC(=O)O)cc23","",""
"CHEMBL3691990","Cc1cccc(C)c1Cn2cc(Cl)c3ccc(CC(=O)O)cc23","",""
"CHEMBL3688183","Fc1ccc(Oc2ccc(cc2C#N)S(=O)(=O)Nc3ccc(cn3)C#N)cc1Cl","",""
"CHEMBL3683345","Cc1ccc(Oc2ccc(cc2C#N)S(=O)(=O)Nc3ccc(F)cn3)cc1C#N","",""
"CHEMBL3683345","Cc1ccc(Oc2ccc(cc2C#N)S(=O)(=O)Nc3ccc(F)cn3)cc1C#N","",""
"CHEMBL3683378","Clc1cc(Oc2ccc(cc2C#N)S(=O)(=O)Nc3ccnnc3)ccc1C#N","",""
"CHEMBL3683423","CC(C)c1ccc(Oc2ccc(cc2C#N)S(=O)(=O)Nc3ccc(F)cn3)cc1C","",""
"CHEMBL3683423","CC(C)c1ccc(Oc2ccc(cc2C#N)S(=O)(=O)Nc3ccc(F)cn3)cc1C","",""
"CHEMBL1767080","CCc1oc2ccccc2c1C(=O)c3ccc(OC)cc3","","21449597"
"CHEMBL3691999","Cc1cn(Cc2cc3OCOc3cc2Cl)c4cc(CC(=O)O)ccc14","",""
"CHEMBL3691999","Cc1cn(Cc2cc3OCOc3cc2Cl)c4cc(CC(=O)O)ccc14","",""
"CHEMBL3688177","Clc1cccc(Oc2ccc(cc2)S(=O)(=O)Nc3cnccn3)c1C#N","309444",""
"CHEMBL3688177","Clc1cccc(Oc2ccc(cc2)S(=O)(=O)Nc3cnccn3)c1C#N","309444",""
"CHEMBL3688177","Clc1cccc(Oc2ccc(cc2)S(=O)(=O)Nc3cnccn3)c1C#N","309444",""
"CHEMBL3683407","Cc1cccc(Cl)c1Oc2ccc(cc2C#N)S(=O)(=O)Nc3ccc(F)cn3","309348",""
"CHEMBL3683486","CC(C)Oc1ccccc1Oc2ccc(cc2C#N)S(=O)(=O)Nc3ccc(F)cn3","309428",""
"CHEMBL3683486","CC(C)Oc1ccccc1Oc2ccc(cc2C#N)S(=O)(=O)Nc3ccc(F)cn3","309428",""
"CHEMBL3683486","CC(C)Oc1ccccc1Oc2ccc(cc2C#N)S(=O)(=O)Nc3ccc(F)cn3","309428",""
"CHEMBL3692036","CCc1nn(Cc2c(Cl)cccc2Cl)c3cc(\C=C\C(=O)O)ccc13","",""
"CHEMBL3692055","CCc1nn(Cc2c(Cl)cccc2Cl)c3cc(ccc13)c4nnn[nH]4","",""
"CHEMBL3683361","Fc1ccc(NS(=O)(=O)c2ccc(Oc3cccc(C#N)c3F)c(c2)C#N)nc1","",""
"CHEMBL3683374","Clc1cc(Oc2ccc(cc2C#N)S(=O)(=O)Nc3ncccn3)ccc1C#N","",""
"CHEMBL1767085","CCc1oc2cc(OC)cc(C(=O)c3ccc(OC)cc3)c2c1","Not Determined","21449597"
"CHEMBL1767085","CCc1oc2cc(OC)cc(C(=O)c3ccc(OC)cc3)c2c1","Not Determined","21449597"
"CHEMBL1767085","CCc1oc2cc(OC)cc(C(=O)c3ccc(OC)cc3)c2c1","Not Determined","21449597"
"CHEMBL1767085","CCc1oc2cc(OC)cc(C(=O)c3ccc(OC)cc3)c2c1","Not Determined","21449597"
"CHEMBL3746336","OC(=O)C1(CCC1)Sc2ccnc3ccc(O)cc23","","26704267"
"CHEMBL3746336","OC(=O)C1(CCC1)Sc2ccnc3ccc(O)cc23","","26704267"
"CHEMBL3683351","Fc1ccc(NS(=O)(=O)c2ccc(Oc3cc(Cl)ccc3C#N)c(c2)C#N)nc1","309291",""
"CHEMBL3683414","Fc1ccc(NS(=O)(=O)c2ccc(Oc3cc(F)c(F)cc3F)c(c2)C#N)nc1","",""
"CHEMBL3683414","Fc1ccc(NS(=O)(=O)c2ccc(Oc3cc(F)c(F)cc3F)c(c2)C#N)nc1","",""
"CHEMBL3683431","Cc1c(F)ccc(Oc2ccc(cc2C#N)S(=O)(=O)Nc3ccc(F)cn3)c1Cl","",""
"CHEMBL3683431","Cc1c(F)ccc(Oc2ccc(cc2C#N)S(=O)(=O)Nc3ccc(F)cn3)c1Cl","",""
"CHEMBL3683457","COc1c(C)c(F)ccc1Oc2ccc(cc2C#N)S(=O)(=O)Nc3ccc(F)cn3","",""
"CHEMBL3683463","Fc1ccc(NS(=O)(=O)c2ccc(Oc3cccc(Cl)c3C#N)c(c2)C#N)nc1","309404",""
"CHEMBL3683469","Fc1ccc(NS(=O)(=O)c2ccc(Oc3ccccn3)c(c2)C#N)nc1","",""
"CHEMBL3683469","Fc1ccc(NS(=O)(=O)c2ccc(Oc3ccccn3)c(c2)C#N)nc1","",""
"CHEMBL1767106","CCc1oc2ccc(OC)cc2c1C(=O)c3cc(Br)c(O)c(Br)c3","","21449597"
"CHEMBL1767106","CCc1oc2ccc(OC)cc2c1C(=O)c3cc(Br)c(O)c(Br)c3","","21449597"
"CHEMBL3929868","COc1ccncc1NS(=O)(=O)c2ccccc2C(F)(F)F","",""
"CHEMBL3929868","COc1ccncc1NS(=O)(=O)c2ccccc2C(F)(F)F","",""
"CHEMBL3929868","COc1ccncc1NS(=O)(=O)c2ccccc2C(F)(F)F","",""
"CHEMBL3929868","COc1ccncc1NS(=O)(=O)c2ccccc2C(F)(F)F","",""
"CHEMBL3683322","Fc1ccc(NS(=O)(=O)c2ccc(Oc3ccc(F)cc3C#N)c(c2)C#N)nc1","",""
"CHEMBL3683398","COc1cccc(Cl)c1Oc2ccc(cc2C#N)S(=O)(=O)Nc3ccc(F)cn3","309339",""
"CHEMBL3683406","Fc1ccc(NS(=O)(=O)c2ccc(Oc3ccc(Cl)c(Cl)c3)c(c2)C#N)nc1","",""
"CHEMBL3683406","Fc1ccc(NS(=O)(=O)c2ccc(Oc3ccc(Cl)c(Cl)c3)c(c2)C#N)nc1","",""
"CHEMBL3683406","Fc1ccc(NS(=O)(=O)c2ccc(Oc3ccc(Cl)c(Cl)c3)c(c2)C#N)nc1","",""
"CHEMBL3683406","Fc1ccc(NS(=O)(=O)c2ccc(Oc3ccc(Cl)c(Cl)c3)c(c2)C#N)nc1","",""
"CHEMBL3683470","COc1ccc(Oc2ccc(cc2C#N)S(=O)(=O)Nc3ccc(F)cn3)cc1","309412",""
"CHEMBL3692025","Cc1nn(Cc2c(Cl)cccc2Cl)c3cc(Cc4nnn[nH]4)ccc13","",""
"CHEMBL3692025","Cc1nn(Cc2c(Cl)cccc2Cl)c3cc(Cc4nnn[nH]4)ccc13","",""
"CHEMBL3692025","Cc1nn(Cc2c(Cl)cccc2Cl)c3cc(Cc4nnn[nH]4)ccc13","",""
"CHEMBL3688190","OCc1ncc(Oc2ccc(c(F)c2)S(=O)(=O)Nc3ccc(F)cn3)cc1Cl","",""
"CHEMBL3688190","OCc1ncc(Oc2ccc(c(F)c2)S(=O)(=O)Nc3ccc(F)cn3)cc1Cl","",""
"CHEMBL3683310","Fc1ccc(NS(=O)(=O)c2ccc(Oc3cccc(Cl)c3F)c(c2)C#N)nc1","309250",""
"CHEMBL3683395","COc1cccc(F)c1Oc2ccc(cc2C#N)S(=O)(=O)Nc3ccc(F)cn3","309336",""
"CHEMBL3683395","COc1cccc(F)c1Oc2ccc(cc2C#N)S(=O)(=O)Nc3ccc(F)cn3","309336",""
"CHEMBL3683422","CCOc1cc(C)ccc1Oc2ccc(cc2C#N)S(=O)(=O)Nc3ccc(F)cn3","309363",""
"CHEMBL3683436","Cc1cccc(C)c1Oc2ccc(cc2C#N)S(=O)(=O)Nc3ccc(F)cn3","",""
"CHEMBL1767095","CCc1oc2c(cc(O)cc2c1)C(=O)c3ccc(OC)cc3","","21449597"
"CHEMBL1767095","CCc1oc2c(cc(O)cc2c1)C(=O)c3ccc(OC)cc3","","21449597"
"CHEMBL1767095","CCc1oc2c(cc(O)cc2c1)C(=O)c3ccc(OC)cc3","","21449597"
"CHEMBL3692015","Cc1nn(Cc2c(Cl)cccc2Cl)c3cc(ccc13)C(=O)O","292490",""
"CHEMBL3692015","Cc1nn(Cc2c(Cl)cccc2Cl)c3cc(ccc13)C(=O)O","292490",""
"CHEMBL3688172","Clc1cccc(Oc2ccc(cc2)S(=O)(=O)Nc3ccccn3)c1C#N","309439",""
"CHEMBL3683287","Fc1ccc(NS(=O)(=O)c2ccc(Oc3ccc(C#N)c(Cl)c3)c(c2)C#N)nc1","",""
"CHEMBL3683287","Fc1ccc(NS(=O)(=O)c2ccc(Oc3ccc(C#N)c(Cl)c3)c(c2)C#N)nc1","",""
"CHEMBL3683391","Fc1ccc(NS(=O)(=O)c2ccc(Oc3cc(Cl)c(F)cc3Cl)c(c2)C#N)nc1","",""
"CHEMBL3683453","Cc1ccc(Cl)c(C)c1Oc2ccc(cc2C#N)S(=O)(=O)Nc3ccc(F)cn3","",""
"CHEMBL3688182","Fc1ccc(Oc2ccc(cc2C#N)S(=O)(=O)Nc3cc(ccn3)C#N)cc1Cl","309450",""
"CHEMBL3683301","Cc1cc(Cl)cc(Oc2ccc(cc2C#N)S(=O)(=O)Nc3ccc(F)cn3)c1","309241",""
"CHEMBL3683301","Cc1cc(Cl)cc(Oc2ccc(cc2C#N)S(=O)(=O)Nc3ccc(F)cn3)c1","309241",""
"CHEMBL3683301","Cc1cc(Cl)cc(Oc2ccc(cc2C#N)S(=O)(=O)Nc3ccc(F)cn3)c1","309241",""
"CHEMBL3683301","Cc1cc(Cl)cc(Oc2ccc(cc2C#N)S(=O)(=O)Nc3ccc(F)cn3)c1","309241",""
"CHEMBL3683373","Clc1cc(Oc2ccc(cc2C#N)S(=O)(=O)Nc3ccccn3)ccc1C#N","",""
"CHEMBL3683373","Clc1cc(Oc2ccc(cc2C#N)S(=O)(=O)Nc3ccccn3)ccc1C#N","",""
"CHEMBL3683425","Cc1cc(Oc2ccc(cc2C#N)S(=O)(=O)Nc3ccc(F)cn3)ccc1F","309366",""
"CHEMBL3683444","COc1cc(F)ccc1Oc2ccc(cc2C#N)S(=O)(=O)Nc3ccc(F)cn3","309385",""
"CHEMBL3683444","COc1cc(F)ccc1Oc2ccc(cc2C#N)S(=O)(=O)Nc3ccc(F)cn3","309385",""
"CHEMBL3683444","COc1cc(F)ccc1Oc2ccc(cc2C#N)S(=O)(=O)Nc3ccc(F)cn3","309385",""
"CHEMBL1767087","CCc1oc2c(OC)ccc(C(=O)c3ccc(OC)cc3)c2c1","","21449597"
"CHEMBL3747573","OC(=O)C1(CCC1)Sc2ccnc3ccc(cc23)c4ccccc4C(F)(F)F","","26704267"
"CHEMBL3747573","OC(=O)C1(CCC1)Sc2ccnc3ccc(cc23)c4ccccc4C(F)(F)F","","26704267"
"CHEMBL3692052","Cc1cccc(Cl)c1Cn2nc(Cl)c3ncc(cc23)C(=O)O","",""
"CHEMBL3692052","Cc1cccc(Cl)c1Cn2nc(Cl)c3ncc(cc23)C(=O)O","",""
"CHEMBL3692052","Cc1cccc(Cl)c1Cn2nc(Cl)c3ncc(cc23)C(=O)O","",""
"CHEMBL3692052","Cc1cccc(Cl)c1Cn2nc(Cl)c3ncc(cc23)C(=O)O","",""
"CHEMBL3692052","Cc1cccc(Cl)c1Cn2nc(Cl)c3ncc(cc23)C(=O)O","",""
"CHEMBL3683293","Fc1ccc(NS(=O)(=O)c2ccc(Oc3ccc(F)cc3F)c(c2)C#N)nc1","309233",""
"CHEMBL3683293","Fc1ccc(NS(=O)(=O)c2ccc(Oc3ccc(F)cc3F)c(c2)C#N)nc1","309233",""
"CHEMBL3683293","Fc1ccc(NS(=O)(=O)c2ccc(Oc3ccc(F)cc3F)c(c2)C#N)nc1","309233",""
"CHEMBL3683353","FC(F)Oc1cc(ccc1Oc2ccc(cc2C#N)S(=O)(=O)Nc3ccc(F)cn3)C#N","",""
"CHEMBL3683353","FC(F)Oc1cc(ccc1Oc2ccc(cc2C#N)S(=O)(=O)Nc3ccc(F)cn3)C#N","",""
"CHEMBL3683353","FC(F)Oc1cc(ccc1Oc2ccc(cc2C#N)S(=O)(=O)Nc3ccc(F)cn3)C#N","",""
"CHEMBL3683353","FC(F)Oc1cc(ccc1Oc2ccc(cc2C#N)S(=O)(=O)Nc3ccc(F)cn3)C#N","",""
"CHEMBL3683353","FC(F)Oc1cc(ccc1Oc2ccc(cc2C#N)S(=O)(=O)Nc3ccc(F)cn3)C#N","",""
"CHEMBL3683439","COc1ccc(C)cc1Oc2ccc(cc2C#N)S(=O)(=O)Nc3ccc(F)cn3","",""
"CHEMBL3683439","COc1ccc(C)cc1Oc2ccc(cc2C#N)S(=O)(=O)Nc3ccc(F)cn3","",""
"CHEMBL3747493","OC(=O)C1(CCC1)Sc2ccnc3ccc(cc23)C#N","","26704267"
"CHEMBL3747493","OC(=O)C1(CCC1)Sc2ccnc3ccc(cc23)C#N","","26704267"
"CHEMBL3747493","OC(=O)C1(CCC1)Sc2ccnc3ccc(cc23)C#N","","26704267"
"CHEMBL3747493","OC(=O)C1(CCC1)Sc2ccnc3ccc(cc23)C#N","","26704267"
"CHEMBL3683307","Cc1ccc(F)cc1Oc2ccc(cc2C#N)S(=O)(=O)Nc3ccc(F)cn3","",""
"CHEMBL3683358","Fc1ccc(NS(=O)(=O)c2ccc(Oc3cc(F)c(cc3F)C#N)c(c2)C#N)nc1","",""
"CHEMBL3683358","Fc1ccc(NS(=O)(=O)c2ccc(Oc3cc(F)c(cc3F)C#N)c(c2)C#N)nc1","",""
"CHEMBL3683358","Fc1ccc(NS(=O)(=O)c2ccc(Oc3cc(F)c(cc3F)C#N)c(c2)C#N)nc1","",""
"CHEMBL3683358","Fc1ccc(NS(=O)(=O)c2ccc(Oc3cc(F)c(cc3F)C#N)c(c2)C#N)nc1","",""
"CHEMBL3683358","Fc1ccc(NS(=O)(=O)c2ccc(Oc3cc(F)c(cc3F)C#N)c(c2)C#N)nc1","",""
"CHEMBL3683454","Fc1ccc(NS(=O)(=O)c2ccc(Oc3cc(Cl)ccc3Cl)c(c2)C#N)nc1","309395",""
"CHEMBL3683454","Fc1ccc(NS(=O)(=O)c2ccc(Oc3cc(Cl)ccc3Cl)c(c2)C#N)nc1","309395",""
"CHEMBL3683454","Fc1ccc(NS(=O)(=O)c2ccc(Oc3cc(Cl)ccc3Cl)c(c2)C#N)nc1","309395",""
"CHEMBL3683454","Fc1ccc(NS(=O)(=O)c2ccc(Oc3cc(Cl)ccc3Cl)c(c2)C#N)nc1","309395",""
"CHEMBL3683454","Fc1ccc(NS(=O)(=O)c2ccc(Oc3cc(Cl)ccc3Cl)c(c2)C#N)nc1","309395",""
"CHEMBL3683454","Fc1ccc(NS(=O)(=O)c2ccc(Oc3cc(Cl)ccc3Cl)c(c2)C#N)nc1","309395",""
"CHEMBL3683454","Fc1ccc(NS(=O)(=O)c2ccc(Oc3cc(Cl)ccc3Cl)c(c2)C#N)nc1","309395",""
"CHEMBL3683454","Fc1ccc(NS(=O)(=O)c2ccc(Oc3cc(Cl)ccc3Cl)c(c2)C#N)nc1","309395",""
"CHEMBL3692013","Cc1nn(Cc2cccc3cccnc23)c4cc(CC(=O)O)ccc14","292488",""
"CHEMBL3692013","Cc1nn(Cc2cccc3cccnc23)c4cc(CC(=O)O)ccc14","292488",""
"CHEMBL3702599","Cc1cccc(C)c1COc2cccc(CCc3nnn[nH]3)c2","273832",""
"CHEMBL3702599","Cc1cccc(C)c1COc2cccc(CCc3nnn[nH]3)c2","273832",""
"CHEMBL3702599","Cc1cccc(C)c1COc2cccc(CCc3nnn[nH]3)c2","273832",""
"CHEMBL3702599","Cc1cccc(C)c1COc2cccc(CCc3nnn[nH]3)c2","273832",""
"CHEMBL3683311","Fc1ccc(NS(=O)(=O)c2ccc(Oc3cccc(Cl)c3)c(c2)C#N)nc1","309251",""
"CHEMBL3683334","Fc1ccc(NS(=O)(=O)c2ccc(Oc3ccc(F)c(c3)C(F)(F)F)c(c2)C#N)nc1","",""
"CHEMBL3683334","Fc1ccc(NS(=O)(=O)c2ccc(Oc3ccc(F)c(c3)C(F)(F)F)c(c2)C#N)nc1","",""
"CHEMBL3683334","Fc1ccc(NS(=O)(=O)c2ccc(Oc3ccc(F)c(c3)C(F)(F)F)c(c2)C#N)nc1","",""
"CHEMBL3683372","Fc1cc(Oc2ccc(cc2C#N)S(=O)(=O)Nc3cccnn3)ccc1C#N","309313",""
"CHEMBL3683372","Fc1cc(Oc2ccc(cc2C#N)S(=O)(=O)Nc3cccnn3)ccc1C#N","309313",""
"CHEMBL3683416","COc1ccc(Oc2ccc(cc2C#N)S(=O)(=O)Nc3ccc(F)cn3)cc1F","",""
"CHEMBL3683473","Cc1ccc(Oc2ccc(cc2C#N)S(=O)(=O)Nc3ccc(F)cn3)cc1","",""
"CHEMBL1767114","CCc1oc2c(O)c(Br)cc(C(=O)c3cc(Br)c(O)c(Br)c3)c2c1","","21449597"
"CHEMBL3902528","OC(=Nc1ccc(O)cc1)C2=C(O)NC(=O)N=C2O","422020",""
"CHEMBL3692017","Cc1cccc(C)c1Cn2nc(C)c3ccc(CCC(=O)O)cc23","292492",""
"CHEMBL3688171","Clc1cccc(Oc2ccc(cc2)S(=O)(=O)Nc3ccncc3)c1C#N","309438",""
"CHEMBL3688185","Clc1ccc(NS(=O)(=O)c2ccc(Oc3ccc(C#N)c(Cl)c3)c(c2)C#N)nc1","309453",""
"CHEMBL3683325","Cc1ccc(Cl)cc1Oc2ccc(cc2C#N)S(=O)(=O)Nc3ccc(F)cn3","309265",""
"CHEMBL3683325","Cc1ccc(Cl)cc1Oc2ccc(cc2C#N)S(=O)(=O)Nc3ccc(F)cn3","309265",""
"CHEMBL3683376","Clc1cc(Oc2ccc(cc2C#N)S(=O)(=O)Nc3cccnc3)ccc1C#N","309317",""
"CHEMBL3683376","Clc1cc(Oc2ccc(cc2C#N)S(=O)(=O)Nc3cccnc3)ccc1C#N","309317",""
"CHEMBL3683405","CC(C)COc1ccc(Oc2ccc(cc2C#N)S(=O)(=O)Nc3ccc(F)cn3)cn1","",""
"CHEMBL3683440","CC(C)Oc1ccc(F)cc1Oc2ccc(cc2C#N)S(=O)(=O)Nc3ccc(F)cn3","",""
"CHEMBL3683455","Cc1cc(Oc2ccc(cc2C#N)S(=O)(=O)Nc3ccc(F)cn3)cc(Cl)c1C","",""
"CHEMBL3683455","Cc1cc(Oc2ccc(cc2C#N)S(=O)(=O)Nc3ccc(F)cn3)cc(Cl)c1C","",""
"CHEMBL3683455","Cc1cc(Oc2ccc(cc2C#N)S(=O)(=O)Nc3ccc(F)cn3)cc(Cl)c1C","",""
"CHEMBL3683455","Cc1cc(Oc2ccc(cc2C#N)S(=O)(=O)Nc3ccc(F)cn3)cc(Cl)c1C","",""
"CHEMBL3683455","Cc1cc(Oc2ccc(cc2C#N)S(=O)(=O)Nc3ccc(F)cn3)cc(Cl)c1C","",""
"CHEMBL3683455","Cc1cc(Oc2ccc(cc2C#N)S(=O)(=O)Nc3ccc(F)cn3)cc(Cl)c1C","",""
"CHEMBL3683455","Cc1cc(Oc2ccc(cc2C#N)S(=O)(=O)Nc3ccc(F)cn3)cc(Cl)c1C","",""
"CHEMBL3683455","Cc1cc(Oc2ccc(cc2C#N)S(=O)(=O)Nc3ccc(F)cn3)cc(Cl)c1C","",""
"CHEMBL3691991","Cc1cccc(C)c1CN2CCc3ccc(CC(=O)O)cc23","",""
"CHEMBL3688178","Nc1ccc(Oc2ccc(cc2C#N)S(=O)(=O)Nc3ccc(F)cn3)cc1","309445",""
"CHEMBL3688178","Nc1ccc(Oc2ccc(cc2C#N)S(=O)(=O)Nc3ccc(F)cn3)cc1","309445",""
"CHEMBL3688178","Nc1ccc(Oc2ccc(cc2C#N)S(=O)(=O)Nc3ccc(F)cn3)cc1","309445",""
"CHEMBL3683342","CCc1cc(F)ccc1Oc2ccc(cc2C#N)S(=O)(=O)Nc3ccc(F)cn3","",""
"CHEMBL3683342","CCc1cc(F)ccc1Oc2ccc(cc2C#N)S(=O)(=O)Nc3ccc(F)cn3","",""
"CHEMBL3683342","CCc1cc(F)ccc1Oc2ccc(cc2C#N)S(=O)(=O)Nc3ccc(F)cn3","",""
"CHEMBL3683443","Cc1cc(Cl)cc(Oc2ccc(cc2C#N)S(=O)(=O)Nc3ccc(F)cn3)c1C","309384",""
"CHEMBL3683443","Cc1cc(Cl)cc(Oc2ccc(cc2C#N)S(=O)(=O)Nc3ccc(F)cn3)c1C","309384",""
"CHEMBL3899557","FC(F)(F)c1ccccc1S(=O)(=O)Nc2ccc(Cl)c(c2)C#N","",""
"CHEMBL3692030","Cc1nn(Cc2c(Cl)cccc2Cl)c3cc(CS(=O)(=O)O)ccc13","",""
"CHEMBL3692040","OC(=O)c1ccc2c(nn(Cc3c(Cl)cccc3Cl)c2c1)[N+]#[C-]","292515",""
"CHEMBL3692040","OC(=O)c1ccc2c(nn(Cc3c(Cl)cccc3Cl)c2c1)[N+]#[C-]","292515",""
"CHEMBL3692040","OC(=O)c1ccc2c(nn(Cc3c(Cl)cccc3Cl)c2c1)[N+]#[C-]","292515",""
"CHEMBL3692040","OC(=O)c1ccc2c(nn(Cc3c(Cl)cccc3Cl)c2c1)[N+]#[C-]","292515",""
"CHEMBL3692040","OC(=O)c1ccc2c(nn(Cc3c(Cl)cccc3Cl)c2c1)[N+]#[C-]","292515",""
"CHEMBL3692040","OC(=O)c1ccc2c(nn(Cc3c(Cl)cccc3Cl)c2c1)[N+]#[C-]","292515",""
"CHEMBL3692040","OC(=O)c1ccc2c(nn(Cc3c(Cl)cccc3Cl)c2c1)[N+]#[C-]","292515",""
"CHEMBL3692040","OC(=O)c1ccc2c(nn(Cc3c(Cl)cccc3Cl)c2c1)[N+]#[C-]","292515",""
"CHEMBL3692040","OC(=O)c1ccc2c(nn(Cc3c(Cl)cccc3Cl)c2c1)[N+]#[C-]","292515",""
"CHEMBL3683313","Fc1ccc(NS(=O)(=O)c2ccc(Oc3ccccc3OC(F)(F)F)c(c2)C#N)nc1","",""
"CHEMBL3683313","Fc1ccc(NS(=O)(=O)c2ccc(Oc3ccccc3OC(F)(F)F)c(c2)C#N)nc1","",""
"CHEMBL3683313","Fc1ccc(NS(=O)(=O)c2ccc(Oc3ccccc3OC(F)(F)F)c(c2)C#N)nc1","",""
"CHEMBL3683355","Fc1ccc(NS(=O)(=O)c2ccc(Oc3cc(ccc3F)C#N)c(c2)C#N)nc1","",""
"CHEMBL3683362","COc1cc(Oc2ccc(cc2C#N)S(=O)(=O)Nc3ccc(F)cn3)ccc1C#N","309302",""
"CHEMBL3683362","COc1cc(Oc2ccc(cc2C#N)S(=O)(=O)Nc3ccc(F)cn3)ccc1C#N","309302",""
"CHEMBL3683362","COc1cc(Oc2ccc(cc2C#N)S(=O)(=O)Nc3ccc(F)cn3)ccc1C#N","309302",""
"CHEMBL3683362","COc1cc(Oc2ccc(cc2C#N)S(=O)(=O)Nc3ccc(F)cn3)ccc1C#N","309302",""
"CHEMBL3683362","COc1cc(Oc2ccc(cc2C#N)S(=O)(=O)Nc3ccc(F)cn3)ccc1C#N","309302",""
"CHEMBL3683362","COc1cc(Oc2ccc(cc2C#N)S(=O)(=O)Nc3ccc(F)cn3)ccc1C#N","309302",""
"CHEMBL1767098","CCc1oc2cc(O)ccc2c1C(=O)c3ccc(OC)cc3","Not Determined","21449597"
"CHEMBL1767098","CCc1oc2cc(O)ccc2c1C(=O)c3ccc(OC)cc3","Not Determined","21449597"
"CHEMBL3691995","Cc1cn(Cc2cccc(Cl)c2Cl)c3cc(CC(=O)O)ccc13","",""
"CHEMBL3691995","Cc1cn(Cc2cccc(Cl)c2Cl)c3cc(CC(=O)O)ccc13","",""
"CHEMBL3691995","Cc1cn(Cc2cccc(Cl)c2Cl)c3cc(CC(=O)O)ccc13","",""
"CHEMBL3691995","Cc1cn(Cc2cccc(Cl)c2Cl)c3cc(CC(=O)O)ccc13","",""
"CHEMBL3691995","Cc1cn(Cc2cccc(Cl)c2Cl)c3cc(CC(=O)O)ccc13","",""
"CHEMBL3691995","Cc1cn(Cc2cccc(Cl)c2Cl)c3cc(CC(=O)O)ccc13","",""
"CHEMBL3691995","Cc1cn(Cc2cccc(Cl)c2Cl)c3cc(CC(=O)O)ccc13","",""
"CHEMBL3691995","Cc1cn(Cc2cccc(Cl)c2Cl)c3cc(CC(=O)O)ccc13","",""
"CHEMBL3683347","Cc1cc(Oc2ccc(cc2C#N)S(=O)(=O)Nc3ccc(F)cn3)ccc1C#N","309287",""
"CHEMBL3683347","Cc1cc(Oc2ccc(cc2C#N)S(=O)(=O)Nc3ccc(F)cn3)ccc1C#N","309287",""
"CHEMBL3683347","Cc1cc(Oc2ccc(cc2C#N)S(=O)(=O)Nc3ccc(F)cn3)ccc1C#N","309287",""
"CHEMBL3683397","CCN(CC)c1cccc(Oc2ccc(cc2C#N)S(=O)(=O)Nc3ccc(F)cn3)c1","",""
"CHEMBL3683397","CCN(CC)c1cccc(Oc2ccc(cc2C#N)S(=O)(=O)Nc3ccc(F)cn3)c1","",""
"CHEMBL1767088","CCc1oc2ccc(OC)cc2c1C(=O)c3ccc(O)cc3","","21449597"
"CHEMBL1767088","CCc1oc2ccc(OC)cc2c1C(=O)c3ccc(O)cc3","","21449597"
"CHEMBL3747747","OC(=O)C1(CCC1)Sc2ccnc3ccc(cc23)c4cccc(c4)C(F)(F)F","","26704267"
"CHEMBL3747747","OC(=O)C1(CCC1)Sc2ccnc3ccc(cc23)c4cccc(c4)C(F)(F)F","","26704267"
"CHEMBL3747747","OC(=O)C1(CCC1)Sc2ccnc3ccc(cc23)c4cccc(c4)C(F)(F)F","","26704267"
"CHEMBL3747747","OC(=O)C1(CCC1)Sc2ccnc3ccc(cc23)c4cccc(c4)C(F)(F)F","","26704267"
"CHEMBL3747747","OC(=O)C1(CCC1)Sc2ccnc3ccc(cc23)c4cccc(c4)C(F)(F)F","","26704267"
"CHEMBL3747747","OC(=O)C1(CCC1)Sc2ccnc3ccc(cc23)c4cccc(c4)C(F)(F)F","","26704267"
"CHEMBL3683328","Cc1ccc(Oc2ccc(cc2C#N)S(=O)(=O)Nc3ccc(F)cn3)c(Cl)c1","",""
"CHEMBL3683328","Cc1ccc(Oc2ccc(cc2C#N)S(=O)(=O)Nc3ccc(F)cn3)c(Cl)c1","",""
"CHEMBL3683328","Cc1ccc(Oc2ccc(cc2C#N)S(=O)(=O)Nc3ccc(F)cn3)c(Cl)c1","",""
"CHEMBL3683328","Cc1ccc(Oc2ccc(cc2C#N)S(=O)(=O)Nc3ccc(F)cn3)c(Cl)c1","",""
"CHEMBL3683328","Cc1ccc(Oc2ccc(cc2C#N)S(=O)(=O)Nc3ccc(F)cn3)c(Cl)c1","",""
"CHEMBL3683328","Cc1ccc(Oc2ccc(cc2C#N)S(=O)(=O)Nc3ccc(F)cn3)c(Cl)c1","",""
"CHEMBL3683328","Cc1ccc(Oc2ccc(cc2C#N)S(=O)(=O)Nc3ccc(F)cn3)c(Cl)c1","",""
"CHEMBL3683328","Cc1ccc(Oc2ccc(cc2C#N)S(=O)(=O)Nc3ccc(F)cn3)c(Cl)c1","",""
"CHEMBL3683328","Cc1ccc(Oc2ccc(cc2C#N)S(=O)(=O)Nc3ccc(F)cn3)c(Cl)c1","",""
"CHEMBL3920396","Clc1cc(NS(=O)(=O)c2ccccc2C#N)ccc1C#N","",""
"CHEMBL3692046","Cc1ccc(C)c(Cn2nc(C)c3ncc(cc23)c4nnn[nH]4)c1","292521",""
"CHEMBL3692046","Cc1ccc(C)c(Cn2nc(C)c3ncc(cc23)c4nnn[nH]4)c1","292521",""
"CHEMBL3692046","Cc1ccc(C)c(Cn2nc(C)c3ncc(cc23)c4nnn[nH]4)c1","292521",""
"CHEMBL3707347","CC(C)(Sc1ccncc1c2ccc(C#N)c3ccccc23)C(=O)O","",""
"CHEMBL3707347","CC(C)(Sc1ccncc1c2ccc(C#N)c3ccccc23)C(=O)O","",""
"CHEMBL3707347","CC(C)(Sc1ccncc1c2ccc(C#N)c3ccccc23)C(=O)O","",""
"CHEMBL3707347","CC(C)(Sc1ccncc1c2ccc(C#N)c3ccccc23)C(=O)O","",""
"CHEMBL3707347","CC(C)(Sc1ccncc1c2ccc(C#N)c3ccccc23)C(=O)O","",""
"CHEMBL3707347","CC(C)(Sc1ccncc1c2ccc(C#N)c3ccccc23)C(=O)O","",""
"CHEMBL3707347","CC(C)(Sc1ccncc1c2ccc(C#N)c3ccccc23)C(=O)O","",""
"CHEMBL3707347","CC(C)(Sc1ccncc1c2ccc(C#N)c3ccccc23)C(=O)O","",""
"CHEMBL3707347","CC(C)(Sc1ccncc1c2ccc(C#N)c3ccccc23)C(=O)O","",""
"CHEMBL3707347","CC(C)(Sc1ccncc1c2ccc(C#N)c3ccccc23)C(=O)O","",""
"CHEMBL3707347","CC(C)(Sc1ccncc1c2ccc(C#N)c3ccccc23)C(=O)O","",""
"CHEMBL3707347","CC(C)(Sc1ccncc1c2ccc(C#N)c3ccccc23)C(=O)O","",""
"CHEMBL3683475","Fc1ccc(NS(=O)(=O)c2ccc(Oc3ccc(nc3)C(F)(F)F)c(c2)C#N)nc1","309417",""
"CHEMBL3683475","Fc1ccc(NS(=O)(=O)c2ccc(Oc3ccc(nc3)C(F)(F)F)c(c2)C#N)nc1","309417",""
"CHEMBL3683475","Fc1ccc(NS(=O)(=O)c2ccc(Oc3ccc(nc3)C(F)(F)F)c(c2)C#N)nc1","309417",""
"CHEMBL3683475","Fc1ccc(NS(=O)(=O)c2ccc(Oc3ccc(nc3)C(F)(F)F)c(c2)C#N)nc1","309417",""
"CHEMBL3683475","Fc1ccc(NS(=O)(=O)c2ccc(Oc3ccc(nc3)C(F)(F)F)c(c2)C#N)nc1","309417",""
"CHEMBL3920960","COc1ccc(NS(=O)(=O)c2ccccc2C(F)(F)F)cn1","",""
"CHEMBL3920960","COc1ccc(NS(=O)(=O)c2ccccc2C(F)(F)F)cn1","",""
"CHEMBL3920960","COc1ccc(NS(=O)(=O)c2ccccc2C(F)(F)F)cn1","",""
"CHEMBL3920960","COc1ccc(NS(=O)(=O)c2ccccc2C(F)(F)F)cn1","",""
"CHEMBL3920960","COc1ccc(NS(=O)(=O)c2ccccc2C(F)(F)F)cn1","",""
"CHEMBL3920960","COc1ccc(NS(=O)(=O)c2ccccc2C(F)(F)F)cn1","",""
"CHEMBL3920960","COc1ccc(NS(=O)(=O)c2ccccc2C(F)(F)F)cn1","",""
"CHEMBL3683312","Cc1cc(Cl)c(Oc2ccc(cc2C#N)S(=O)(=O)Nc3ccc(F)cn3)cc1C#N","309252",""
"CHEMBL3683312","Cc1cc(Cl)c(Oc2ccc(cc2C#N)S(=O)(=O)Nc3ccc(F)cn3)cc1C#N","309252",""
"CHEMBL3683343","CC(C)c1cccc(Oc2ccc(cc2C#N)S(=O)(=O)Nc3ccc(F)cn3)c1","309283",""
"CHEMBL3683343","CC(C)c1cccc(Oc2ccc(cc2C#N)S(=O)(=O)Nc3ccc(F)cn3)c1","309283",""
"CHEMBL3683400","CCOc1ccc(Oc2ccc(cc2C#N)S(=O)(=O)Nc3ccc(F)cn3)cc1Cl","309341",""
"CHEMBL3683400","CCOc1ccc(Oc2ccc(cc2C#N)S(=O)(=O)Nc3ccc(F)cn3)cc1Cl","309341",""
"CHEMBL3683400","CCOc1ccc(Oc2ccc(cc2C#N)S(=O)(=O)Nc3ccc(F)cn3)cc1Cl","309341",""
"CHEMBL3924161","FC(F)(F)c1ccc(NS(=O)(=O)c2ccccc2C(F)(F)F)cn1","",""
"CHEMBL3924161","FC(F)(F)c1ccc(NS(=O)(=O)c2ccccc2C(F)(F)F)cn1","",""
"CHEMBL3924161","FC(F)(F)c1ccc(NS(=O)(=O)c2ccccc2C(F)(F)F)cn1","",""
"CHEMBL3924161","FC(F)(F)c1ccc(NS(=O)(=O)c2ccccc2C(F)(F)F)cn1","",""
"CHEMBL3924161","FC(F)(F)c1ccc(NS(=O)(=O)c2ccccc2C(F)(F)F)cn1","",""
"CHEMBL3924161","FC(F)(F)c1ccc(NS(=O)(=O)c2ccccc2C(F)(F)F)cn1","",""
"CHEMBL3924161","FC(F)(F)c1ccc(NS(=O)(=O)c2ccccc2C(F)(F)F)cn1","",""
"CHEMBL3924161","FC(F)(F)c1ccc(NS(=O)(=O)c2ccccc2C(F)(F)F)cn1","",""
"CHEMBL3924161","FC(F)(F)c1ccc(NS(=O)(=O)c2ccccc2C(F)(F)F)cn1","",""
"CHEMBL3924161","FC(F)(F)c1ccc(NS(=O)(=O)c2ccccc2C(F)(F)F)cn1","",""
"CHEMBL3924161","FC(F)(F)c1ccc(NS(=O)(=O)c2ccccc2C(F)(F)F)cn1","",""
"CHEMBL3924161","FC(F)(F)c1ccc(NS(=O)(=O)c2ccccc2C(F)(F)F)cn1","",""
"CHEMBL3924161","FC(F)(F)c1ccc(NS(=O)(=O)c2ccccc2C(F)(F)F)cn1","",""
"CHEMBL3924161","FC(F)(F)c1ccc(NS(=O)(=O)c2ccccc2C(F)(F)F)cn1","",""
"CHEMBL3924161","FC(F)(F)c1ccc(NS(=O)(=O)c2ccccc2C(F)(F)F)cn1","",""
"CHEMBL3924161","FC(F)(F)c1ccc(NS(=O)(=O)c2ccccc2C(F)(F)F)cn1","",""
"CHEMBL3924161","FC(F)(F)c1ccc(NS(=O)(=O)c2ccccc2C(F)(F)F)cn1","",""
"CHEMBL3924161","FC(F)(F)c1ccc(NS(=O)(=O)c2ccccc2C(F)(F)F)cn1","",""
"CHEMBL3924161","FC(F)(F)c1ccc(NS(=O)(=O)c2ccccc2C(F)(F)F)cn1","",""
"CHEMBL3746658","COCc1ccc2nccc(SC3(CCC3)C(=O)O)c2c1","","26704267"
"CHEMBL3692006","Cc1nn(Cc2c(F)cccc2Cl)c3cc(CC(=O)O)ccc13","",""
"CHEMBL3692006","Cc1nn(Cc2c(F)cccc2Cl)c3cc(CC(=O)O)ccc13","",""
"CHEMBL3692028","Cc1nn(Cc2c(Cl)cccc2Cl)c3cc(CC4=NNC(=S)O4)ccc13","",""
"CHEMBL3692028","Cc1nn(Cc2c(Cl)cccc2Cl)c3cc(CC4=NNC(=S)O4)ccc13","",""
"CHEMBL3692028","Cc1nn(Cc2c(Cl)cccc2Cl)c3cc(CC4=NNC(=S)O4)ccc13","",""
"CHEMBL3692028","Cc1nn(Cc2c(Cl)cccc2Cl)c3cc(CC4=NNC(=S)O4)ccc13","",""
"CHEMBL3692028","Cc1nn(Cc2c(Cl)cccc2Cl)c3cc(CC4=NNC(=S)O4)ccc13","",""
"CHEMBL3692028","Cc1nn(Cc2c(Cl)cccc2Cl)c3cc(CC4=NNC(=S)O4)ccc13","",""
"CHEMBL3683331","Fc1ccc(NS(=O)(=O)c2ccc(Oc3ccc(Cl)cc3C#N)c(c2)C#N)nc1","",""
"CHEMBL3683331","Fc1ccc(NS(=O)(=O)c2ccc(Oc3ccc(Cl)cc3C#N)c(c2)C#N)nc1","",""
"CHEMBL3683331","Fc1ccc(NS(=O)(=O)c2ccc(Oc3ccc(Cl)cc3C#N)c(c2)C#N)nc1","",""
"CHEMBL3683331","Fc1ccc(NS(=O)(=O)c2ccc(Oc3ccc(Cl)cc3C#N)c(c2)C#N)nc1","",""
"CHEMBL3683331","Fc1ccc(NS(=O)(=O)c2ccc(Oc3ccc(Cl)cc3C#N)c(c2)C#N)nc1","",""
"CHEMBL3683331","Fc1ccc(NS(=O)(=O)c2ccc(Oc3ccc(Cl)cc3C#N)c(c2)C#N)nc1","",""
"CHEMBL3683331","Fc1ccc(NS(=O)(=O)c2ccc(Oc3ccc(Cl)cc3C#N)c(c2)C#N)nc1","",""
"CHEMBL3683452","COc1ccc(Oc2ccc(cc2C#N)S(=O)(=O)Nc3ccc(F)cn3)c(Cl)c1","",""
"CHEMBL3683452","COc1ccc(Oc2ccc(cc2C#N)S(=O)(=O)Nc3ccc(F)cn3)c(Cl)c1","",""
"CHEMBL3683452","COc1ccc(Oc2ccc(cc2C#N)S(=O)(=O)Nc3ccc(F)cn3)c(Cl)c1","",""
"CHEMBL3683452","COc1ccc(Oc2ccc(cc2C#N)S(=O)(=O)Nc3ccc(F)cn3)c(Cl)c1","",""
"CHEMBL3683452","COc1ccc(Oc2ccc(cc2C#N)S(=O)(=O)Nc3ccc(F)cn3)c(Cl)c1","",""
"CHEMBL3902309","FC(F)(F)c1ccccc1S(=O)(=O)Nc2ccc(C#N)c(Cl)c2","",""
"CHEMBL3902309","FC(F)(F)c1ccccc1S(=O)(=O)Nc2ccc(C#N)c(Cl)c2","",""
"CHEMBL3902309","FC(F)(F)c1ccccc1S(=O)(=O)Nc2ccc(C#N)c(Cl)c2","",""
"CHEMBL3902309","FC(F)(F)c1ccccc1S(=O)(=O)Nc2ccc(C#N)c(Cl)c2","",""
"CHEMBL3902309","FC(F)(F)c1ccccc1S(=O)(=O)Nc2ccc(C#N)c(Cl)c2","",""
"CHEMBL3902309","FC(F)(F)c1ccccc1S(=O)(=O)Nc2ccc(C#N)c(Cl)c2","",""
"CHEMBL3683332","CCc1ccccc1Oc2ccc(cc2C#N)S(=O)(=O)Nc3ccc(F)cn3","309272",""
"CHEMBL3683332","CCc1ccccc1Oc2ccc(cc2C#N)S(=O)(=O)Nc3ccc(F)cn3","309272",""
"CHEMBL3683332","CCc1ccccc1Oc2ccc(cc2C#N)S(=O)(=O)Nc3ccc(F)cn3","309272",""
"CHEMBL3683392","Cc1ccc(F)c(Oc2ccc(cc2C#N)S(=O)(=O)Nc3ccc(F)cn3)c1Cl","",""
"CHEMBL3683392","Cc1ccc(F)c(Oc2ccc(cc2C#N)S(=O)(=O)Nc3ccc(F)cn3)c1Cl","",""
"CHEMBL3683392","Cc1ccc(F)c(Oc2ccc(cc2C#N)S(=O)(=O)Nc3ccc(F)cn3)c1Cl","",""
"CHEMBL3683392","Cc1ccc(F)c(Oc2ccc(cc2C#N)S(=O)(=O)Nc3ccc(F)cn3)c1Cl","",""
"CHEMBL3683392","Cc1ccc(F)c(Oc2ccc(cc2C#N)S(=O)(=O)Nc3ccc(F)cn3)c1Cl","",""
"CHEMBL3683434","Cc1cc(C)cc(Oc2ccc(cc2C#N)S(=O)(=O)Nc3ccc(F)cn3)c1","",""
"CHEMBL3683434","Cc1cc(C)cc(Oc2ccc(cc2C#N)S(=O)(=O)Nc3ccc(F)cn3)c1","",""
"CHEMBL3683434","Cc1cc(C)cc(Oc2ccc(cc2C#N)S(=O)(=O)Nc3ccc(F)cn3)c1","",""
"CHEMBL3683434","Cc1cc(C)cc(Oc2ccc(cc2C#N)S(=O)(=O)Nc3ccc(F)cn3)c1","",""
"CHEMBL3683434","Cc1cc(C)cc(Oc2ccc(cc2C#N)S(=O)(=O)Nc3ccc(F)cn3)c1","",""
"CHEMBL3683434","Cc1cc(C)cc(Oc2ccc(cc2C#N)S(=O)(=O)Nc3ccc(F)cn3)c1","",""
"CHEMBL3683434","Cc1cc(C)cc(Oc2ccc(cc2C#N)S(=O)(=O)Nc3ccc(F)cn3)c1","",""
"CHEMBL2316142","COc1cc(OC)cc(\C=C\2/CCC\C(=C/c3ccccc3Cl)\C2=O)c1","","28340987"
"CHEMBL3747526","OC(=O)C1(CCCC1)Sc2ccnc3ccc(Br)cc23","","26704267"
"CHEMBL3747526","OC(=O)C1(CCCC1)Sc2ccnc3ccc(Br)cc23","","26704267"
"CHEMBL3692010","Cc1nn(Cc2c(Cl)cccc2C#N)c3cc(CC(=O)O)ccc13","292485",""
"CHEMBL3692010","Cc1nn(Cc2c(Cl)cccc2C#N)c3cc(CC(=O)O)ccc13","292485",""
"CHEMBL3692010","Cc1nn(Cc2c(Cl)cccc2C#N)c3cc(CC(=O)O)ccc13","292485",""
"CHEMBL3692010","Cc1nn(Cc2c(Cl)cccc2C#N)c3cc(CC(=O)O)ccc13","292485",""
"CHEMBL3692010","Cc1nn(Cc2c(Cl)cccc2C#N)c3cc(CC(=O)O)ccc13","292485",""
"CHEMBL3692010","Cc1nn(Cc2c(Cl)cccc2C#N)c3cc(CC(=O)O)ccc13","292485",""
"CHEMBL3692010","Cc1nn(Cc2c(Cl)cccc2C#N)c3cc(CC(=O)O)ccc13","292485",""
"CHEMBL3692010","Cc1nn(Cc2c(Cl)cccc2C#N)c3cc(CC(=O)O)ccc13","292485",""
"CHEMBL3692010","Cc1nn(Cc2c(Cl)cccc2C#N)c3cc(CC(=O)O)ccc13","292485",""
"CHEMBL3692010","Cc1nn(Cc2c(Cl)cccc2C#N)c3cc(CC(=O)O)ccc13","292485",""
"CHEMBL3692010","Cc1nn(Cc2c(Cl)cccc2C#N)c3cc(CC(=O)O)ccc13","292485",""
"CHEMBL3692010","Cc1nn(Cc2c(Cl)cccc2C#N)c3cc(CC(=O)O)ccc13","292485",""
"CHEMBL3692010","Cc1nn(Cc2c(Cl)cccc2C#N)c3cc(CC(=O)O)ccc13","292485",""
"CHEMBL3692010","Cc1nn(Cc2c(Cl)cccc2C#N)c3cc(CC(=O)O)ccc13","292485",""
"CHEMBL3692010","Cc1nn(Cc2c(Cl)cccc2C#N)c3cc(CC(=O)O)ccc13","292485",""
"CHEMBL3692010","Cc1nn(Cc2c(Cl)cccc2C#N)c3cc(CC(=O)O)ccc13","292485",""
"CHEMBL3692010","Cc1nn(Cc2c(Cl)cccc2C#N)c3cc(CC(=O)O)ccc13","292485",""
"CHEMBL3692010","Cc1nn(Cc2c(Cl)cccc2C#N)c3cc(CC(=O)O)ccc13","292485",""
"CHEMBL3692010","Cc1nn(Cc2c(Cl)cccc2C#N)c3cc(CC(=O)O)ccc13","292485",""
"CHEMBL3901925","COc1ncccc1NS(=O)(=O)c2ccccc2C(F)(F)F","",""
"CHEMBL3901925","COc1ncccc1NS(=O)(=O)c2ccccc2C(F)(F)F","",""
"CHEMBL3901925","COc1ncccc1NS(=O)(=O)c2ccccc2C(F)(F)F","",""
"CHEMBL3901925","COc1ncccc1NS(=O)(=O)c2ccccc2C(F)(F)F","",""
"CHEMBL3901925","COc1ncccc1NS(=O)(=O)c2ccccc2C(F)(F)F","",""
"CHEMBL3901925","COc1ncccc1NS(=O)(=O)c2ccccc2C(F)(F)F","",""
"CHEMBL3901925","COc1ncccc1NS(=O)(=O)c2ccccc2C(F)(F)F","",""
"CHEMBL3901925","COc1ncccc1NS(=O)(=O)c2ccccc2C(F)(F)F","",""
"CHEMBL3901925","COc1ncccc1NS(=O)(=O)c2ccccc2C(F)(F)F","",""
"CHEMBL3901925","COc1ncccc1NS(=O)(=O)c2ccccc2C(F)(F)F","",""
"CHEMBL3901925","COc1ncccc1NS(=O)(=O)c2ccccc2C(F)(F)F","",""
"CHEMBL3901925","COc1ncccc1NS(=O)(=O)c2ccccc2C(F)(F)F","",""
"CHEMBL3901925","COc1ncccc1NS(=O)(=O)c2ccccc2C(F)(F)F","",""
"CHEMBL3901925","COc1ncccc1NS(=O)(=O)c2ccccc2C(F)(F)F","",""
"CHEMBL3901925","COc1ncccc1NS(=O)(=O)c2ccccc2C(F)(F)F","",""
"CHEMBL3901925","COc1ncccc1NS(=O)(=O)c2ccccc2C(F)(F)F","",""
"CHEMBL3901925","COc1ncccc1NS(=O)(=O)c2ccccc2C(F)(F)F","",""
"CHEMBL3901925","COc1ncccc1NS(=O)(=O)c2ccccc2C(F)(F)F","",""
"CHEMBL3901925","COc1ncccc1NS(=O)(=O)c2ccccc2C(F)(F)F","",""
"CHEMBL3901925","COc1ncccc1NS(=O)(=O)c2ccccc2C(F)(F)F","",""
"CHEMBL3901925","COc1ncccc1NS(=O)(=O)c2ccccc2C(F)(F)F","",""
"CHEMBL3901925","COc1ncccc1NS(=O)(=O)c2ccccc2C(F)(F)F","",""
"CHEMBL3901925","COc1ncccc1NS(=O)(=O)c2ccccc2C(F)(F)F","",""
"CHEMBL3901925","COc1ncccc1NS(=O)(=O)c2ccccc2C(F)(F)F","",""
"CHEMBL3901925","COc1ncccc1NS(=O)(=O)c2ccccc2C(F)(F)F","",""
"CHEMBL3901925","COc1ncccc1NS(=O)(=O)c2ccccc2C(F)(F)F","",""
"CHEMBL3901925","COc1ncccc1NS(=O)(=O)c2ccccc2C(F)(F)F","",""
