"CHEMBL3691988","Cc1cccc(C)c1Cn2cc(C)c3ccc(CC(=O)O)cc23","292463",""
"CHEMBL3692024","Cc1nn(Cc2c(Cl)cccc2Cl)c3cc(CCCC(=O)O)ccc13","292499",""
"CHEMBL3692050","CCc1nn(Cc2c(Cl)cccc2Cl)c3cc(cnc13)c4nnn[nH]4","292525",""
"CHEMBL3683304","Fc1ccc(NS(=O)(=O)c2ccc(Oc3cccc(OC(F)(F)F)c3)c(c2)C#N)nc1","309244",""
"CHEMBL3683327","Fc1ccc(NS(=O)(=O)c2ccc(Oc3ccccc3F)c(c2)C#N)nc1","309267",""
"CHEMBL3683344","Fc1ccc(NS(=O)(=O)c2ccc(Oc3ccc(Cl)cc3I)c(c2)C#N)nc1","309284",""
"CHEMBL3683369","FC(F)Oc1cc(Cl)ccc1Oc2cc(F)c(cc2Cl)S(=O)(=O)Nc3cccnn3","309310",""
"CHEMBL3683380","Clc1cc(Oc2ccc(cc2C#N)S(=O)(=O)Nc3cncnc3)ccc1C#N","309321",""
"CHEMBL3683387","Fc1cccnc1NS(=O)(=O)c2ccc(Oc3ccc(C#N)c(Cl)c3)c(c2)C#N","309328",""
"CHEMBL3683394","CCOc1cc(Cl)ccc1Oc2ccc(cc2C#N)S(=O)(=O)Nc3ccc(F)cn3","309335",""
"CHEMBL3683399","COc1cccc(C)c1Oc2ccc(cc2C#N)S(=O)(=O)Nc3ccc(F)cn3","309340",""
"CHEMBL3683419","CCOc1cccc(Oc2ccc(cc2C#N)S(=O)(=O)Nc3ccc(F)cn3)c1","309360",""
"CHEMBL3683424","COc1cc(C)ccc1Oc2ccc(cc2C#N)S(=O)(=O)Nc3ccc(F)cn3","309365",""
"CHEMBL3683429","Cc1cc(F)ccc1Oc2ccc(cc2C#N)S(=O)(=O)Nc3ccc(F)cn3","309370",""
"CHEMBL3683450","COc1ccc(F)c(Oc2ccc(cc2C#N)S(=O)(=O)Nc3ccc(F)cn3)c1","309391",""
"CHEMBL3683489","Fc1ccc(Oc2cc(F)c(cc2Cl)S(=O)(=O)Nc3ncccn3)cc1F","309431",""
"CHEMBL3692016","Cc1nn(Cc2cccc(Cl)c2Cl)c3cc(ccc13)C(=O)O","292491",""
"CHEMBL3692019","Cc1nn(Cc2csc3ccc(Cl)cc23)c4cc(CCC(=O)O)ccc14","292494",""
"CHEMBL3692021","Cc1nn(Cc2c(Cl)cccc2Cl)c3cc(ccc13)C(O)C(=O)O","292496",""
"CHEMBL3692023","Cc1nn(Cc2c(Cl)cccc2Cl)c3cc(CCC(=O)N)ccc13","292498",""
"CHEMBL3692058","CC(C)N1C(=O)N(Cc2c(C)cccc2C)c3cc(ccc13)C(=O)O","292533",""
"CHEMBL3683296","Fc1ccc(NS(=O)(=O)c2ccc(Oc3cc(F)cc(F)c3)c(c2)C#N)nc1","309237",""
"CHEMBL3683321","Fc1ccc(NS(=O)(=O)c2ccc(Oc3ccc(OC(F)(F)F)cc3)c(c2)C#N)nc1","309261",""
"CHEMBL3683354","Fc1ccc(NS(=O)(=O)c2ccc(Oc3cnc(C#N)c(Cl)c3)c(c2)C#N)nc1","309294",""
"CHEMBL3683367","COc1cc(Cl)ccc1Oc2ccc(cc2Cl)S(=O)(=O)Nc3cccnn3","309307",""
"CHEMBL3683418","Fc1ccc(NS(=O)(=O)c2ccc(Oc3c(F)ccc(F)c3F)c(c2)C#N)nc1","309359",""
"CHEMBL897","CCCN(CCC)S(=O)(=O)c1ccc(cc1)C(=O)O","273835",""
"CHEMBL3692039","Cc1cccc(C)c1Cn2nc(Cl)c3ccc(cc23)C(=O)O","292514",""
"CHEMBL3692057","Cc1nn(Cc2c(Cl)cccc2C3CC3)c4cc(CCC(=O)O)ccc14","292532",""
"CHEMBL3702598","COc1ccc(Cc2nnn[nH]2)cc1OCc3c(C)cccc3C","273831",""
"CHEMBL3688175","Cc1ccc(NS(=O)(=O)c2ccc(Oc3cccc(Cl)c3C#N)cc2)nc1","309442",""
"CHEMBL3683315","Fc1ccc(NS(=O)(=O)c2ccc(Oc3cccc(c3F)C(F)(F)F)c(c2)C#N)nc1","309255",""
"CHEMBL3683316","Fc1ccc(NS(=O)(=O)c2ccc(Oc3ccc(cc3Cl)C#N)c(c2)C#N)nc1","309256",""
"CHEMBL3683320","Cc1cc(Oc2ccc(cc2C#N)S(=O)(=O)Nc3ccc(F)cn3)ccc1Cl","309260",""
"CHEMBL3683426","COc1ccccc1Oc2ccc(cc2C#N)S(=O)(=O)Nc3ccc(F)cn3","309367",""
"CHEMBL3683435","CCOc1ccccc1Oc2ccc(cc2C#N)S(=O)(=O)Nc3ccc(F)cn3","309376",""
"CHEMBL3683491","Fc1cnc(NS(=O)(=O)c2cc(Cl)c(Oc3ccc(F)c(F)c3)cc2F)nc1","309433",""
"CHEMBL1767086","CCc1oc2c(OC)cccc2c1C(=O)c3ccc(OC)cc3","Not Determined","21449597"
"CHEMBL3691997","Cc1cn(Cc2c(F)cccc2Cl)c3cc(CC(=O)O)ccc13","292472",""
"CHEMBL3692053","Clc1cccc(Cl)c1Cn2nc(Cl)c3ncc(cc23)c4nnn[nH]4","292528",""
"CHEMBL3688167","Fc1ccc(Oc2cc(F)c(cc2Cl)S(=O)(=O)Nc3ncccn3)cc1C#N","309434",""
"CHEMBL3683330","COc1ccc(Cl)c(Oc2ccc(cc2C#N)S(=O)(=O)Nc3ccc(F)cn3)c1","309270",""
"CHEMBL3683427","COc1cc(Cl)ccc1Oc2ccc(cc2C#N)S(=O)(=O)Nc3ccc(F)cn3","309368",""
"CHEMBL3691996","Cc1ccc(C)c(Cn2cc(C)c3ccc(CC(=O)O)cc23)c1","292471",""
"CHEMBL3692007","Cc1nn(Cc2csc3ccc(Cl)cc23)c4cc(CC(=O)O)ccc14","292482",""
"CHEMBL3692008","Cc1nn(Cc2cccc3ccccc23)c4cc(CC(=O)O)ccc14","292483",""
"CHEMBL3692029","Cc1nn(Cc2c(Cl)cccc2Cl)c3cc(OCC(=O)O)ccc13","292504",""
"CHEMBL3688194","CNc1ncc(Oc2ccc(cc2C#N)S(=O)(=O)Nc3ccc(F)cn3)cc1Cl","309462",""
"CHEMBL3688198","Fc1ccc(NS(=O)(=O)c2cc(F)c(Oc3ccc(C#N)c(Cl)c3)c(c2)C#N)nc1","309466",""
"CHEMBL3683290","Fc1ccc(NS(=O)(=O)c2ccc(Oc3cc(ccc3F)C(F)(F)F)c(c2)C#N)nc1","309230",""
"CHEMBL3683295","Fc1ccc(NS(=O)(=O)c2ccc(Oc3ccccc3Cl)c(c2)C#N)nc1","309235",""
"CHEMBL3683379","Fc1ccc(NS(=O)(=O)c2cc(F)c(Oc3ccc(C#N)c(F)c3)cc2F)nc1","309320",""
"CHEMBL1765797","O=C(Nc1ccccc1)C2C(=O)NC(=S)NC2=O","422018",""
"CHEMBL3692001","CCc1cn(Cc2c(C)cccc2C)c3cc(ccc13)C(=O)O","292476",""
"CHEMBL3692056","Cc1nn(Cc2c(Cl)cccc2Cl)c3cc(ccc13)C(F)(F)C(=O)O","292531",""
"CHEMBL3688180","Fc1cc(Oc2ccc(C#N)c(Cl)c2)c(Cl)cc1S(=O)(=O)Nc3cccnn3","309448",""
"CHEMBL3683289","Fc1ccc(NS(=O)(=O)c2ccc(Oc3cccc(Cl)c3Cl)c(c2)C#N)nc1","309229",""
"CHEMBL3683297","Fc1ccc(NS(=O)(=O)c2ccc(Oc3ccc(cc3F)C#N)c(c2)C#N)nc1","309238",""
"CHEMBL3683337","Fc1ccc(NS(=O)(=O)c2ccc(Oc3ccccc3C(F)(F)F)c(c2)C#N)nc1","309277",""
"CHEMBL3683432","COc1ccc(Oc2ccc(cc2C#N)S(=O)(=O)Nc3ccc(F)cn3)cc1Cl","309373",""
"CHEMBL3683467","Fc1ccc(Oc2ccc(cc2C#N)S(=O)(=O)Nc3ccc(F)cn3)cc1","309408",""
"CHEMBL1767084","CCc1oc2cc(OC)ccc2c1C(=O)c3ccc(OC)cc3","Not Determined","21449597"
"CHEMBL3948311","Cc1cc(Oc2ccc(c(F)c2)S(=O)(=O)Nc3ccc(F)cn3)cc(C)c1C#N","213418",""
"CHEMBL3692005","Cc1cccc(Cl)c1Cn2nc(C)c3ccc(CC(=O)O)cc23","292480",""
"CHEMBL3692022","Cc1nn(Cc2c(Cl)cccc2Cl)c3cc(ccc13)C(=O)CCC(=O)O","292497",""
"CHEMBL3692026","Cc1nn(Cc2c(Cl)cccc2Cl)c3cc(CCc4nnn[nH]4)ccc13","292501",""
"CHEMBL3688179","Fc1cnc(NS(=O)(=O)c2cc(Cl)c(Oc3ccc(C#N)c(Cl)c3)cc2F)nc1","309447",""
"CHEMBL3688197","OCc1ccc(Oc2ccc(cc2C#N)S(=O)(=O)Nc3ccc(F)cn3)cc1Cl","309465",""
"CHEMBL3683323","Cc1ccc(Cl)c(Oc2ccc(cc2C#N)S(=O)(=O)Nc3ccc(F)cn3)c1","309263",""
"CHEMBL3683324","Fc1ccc(NS(=O)(=O)c2ccc(Oc3ccc(F)c(Cl)c3Cl)c(c2)C#N)nc1","309264",""
"CHEMBL3683348","Fc1ccc(NS(=O)(=O)c2ccc(Oc3cc(Cl)cc(c3)C#N)c(c2)C#N)nc1","309288",""
"CHEMBL3683479","COc1ccc(C)c(Oc2ccc(cc2C#N)S(=O)(=O)Nc3ccc(F)cn3)c1","309421",""
"CHEMBL3692031","CCc1nn(Cc2c(Cl)cccc2Cl)c3cc(CC(=O)O)ccc13","292506",""
"CHEMBL3688174","Cc1ccnc(NS(=O)(=O)c2ccc(Oc3cccc(Cl)c3C#N)cc2)n1","309441",""
"CHEMBL3683338","Fc1ccc(NS(=O)(=O)c2ccc(Oc3cccc(F)c3)c(c2)C#N)nc1","309278",""
"CHEMBL3691989","Cc1cccc(C)c1Cn2nc(C)c3ccc(CC(=O)O)cc23","292464",""
"CHEMBL3692037","CC(C)c1nn(Cc2c(C)cccc2C)c3cc(CC(=O)O)ccc13","292512",""
"CHEMBL3683305","Fc1ccc(NS(=O)(=O)c2ccc(Oc3ccc(F)c(c3)C#N)c(c2)C#N)nc1","309245",""
"CHEMBL3683314","Fc1ccc(NS(=O)(=O)c2ccc(Oc3cc(F)cc(Cl)c3)c(c2)C#N)nc1","309254",""
"CHEMBL3683335","CC(C)c1ccccc1Oc2ccc(cc2C#N)S(=O)(=O)Nc3ccc(F)cn3","309275",""
"CHEMBL3683336","CCc1ccc(Oc2ccc(cc2C#N)S(=O)(=O)Nc3ccc(F)cn3)cc1","309276",""
"CHEMBL3683417","CC(C)c1cc(Cl)c(C)cc1Oc2ccc(cc2C#N)S(=O)(=O)Nc3ccc(F)cn3","309358",""
"CHEMBL3688181","Fc1ccc(NS(=O)(=O)c2ccc(Oc3ccc(C#N)c(F)c3)c(Cl)c2)nc1","309449",""
"CHEMBL3688186","Cc1ccc(NS(=O)(=O)c2ccc(Oc3ccc(C#N)c(Cl)c3)c(c2)C#N)nc1","309454",""
"CHEMBL3688193","Fc1ccc(NS(=O)(=O)c2ccc(Oc3cnc(N4CCC4)c(Cl)c3)c(c2)C#N)nc1","309461",""
"CHEMBL3683303","Fc1ccc(NS(=O)(=O)c2ccc(Oc3ccccc3C#N)c(c2)C#N)nc1","309243",""
"CHEMBL3683340","Fc1ccc(NS(=O)(=O)c2ccc(Oc3ccc(cc3)C(F)(F)F)c(c2)C#N)nc1","309280",""
"CHEMBL3683352","COc1ccc(Oc2ccc(cc2C#N)S(=O)(=O)Nc3ccc(F)cn3)cc1C#N","309292",""
"CHEMBL3683370","FC(F)Oc1cc(Cl)ccc1Oc2ccc(cc2C#N)S(=O)(=O)Nc3cccnn3","309311",""
"CHEMBL3683411","CC(C)(C)c1ccc(Oc2ccc(cc2C#N)S(=O)(=O)Nc3ccc(F)cn3)c(Cl)c1","309352",""
"CHEMBL3683415","CN(C)c1cccc(Oc2ccc(cc2C#N)S(=O)(=O)Nc3ccc(F)cn3)c1","309356",""
"CHEMBL3688177","Clc1cccc(Oc2ccc(cc2)S(=O)(=O)Nc3cnccn3)c1C#N","309444",""
"CHEMBL3683341","Fc1ccc(NS(=O)(=O)c2ccc(Oc3ccc(Cl)c(F)c3)c(c2)C#N)nc1","309281",""
"CHEMBL3683366","Clc1ccc(Oc2ccc(cc2C#N)S(=O)(=O)Nc3ccccn3)c(I)c1","309306",""
"CHEMBL3683368","FC(F)Oc1cc(Cl)ccc1Oc2cc(F)c(cc2Cl)S(=O)(=O)Nc3ncccn3","309308",""
"CHEMBL3683401","CC(C)c1ncc(Oc2ccc(cc2C#N)S(=O)(=O)Nc3ccc(F)cn3)cc1Cl","309342",""
"CHEMBL3683407","Cc1cccc(Cl)c1Oc2ccc(cc2C#N)S(=O)(=O)Nc3ccc(F)cn3","309348",""
"CHEMBL3683486","CC(C)Oc1ccccc1Oc2ccc(cc2C#N)S(=O)(=O)Nc3ccc(F)cn3","309428",""
"CHEMBL3691987","Cc1cccc(C)c1Cn2cc(C)c3ccc(cc23)C(=O)O","292462",""
"CHEMBL3692032","CCc1nn(Cc2c(C)cccc2C)c3cc(CC(=O)O)ccc13","292507",""
"CHEMBL3688184","FC(F)Oc1ncc(Oc2ccc(cc2C#N)S(=O)(=O)Nc3ccc(F)cn3)cc1Cl","309452",""
"CHEMBL3683437","CCOc1ccc(Oc2ccc(cc2C#N)S(=O)(=O)Nc3ccc(F)cn3)cc1","309378",""
"CHEMBL3683481","Fc1ccc(NS(=O)(=O)c2ccc(Oc3cncc(Cl)c3)c(c2)C#N)nc1","309423",""
"CHEMBL1767085","CCc1oc2cc(OC)cc(C(=O)c3ccc(OC)cc3)c2c1","Not Determined","21449597"
"CHEMBL3971355","OC(=Nc1ccc(O)cc1)C2=C(O)NC(=S)N=C2O","422021",""
"CHEMBL3688169","Fc1ccc(NS(=O)(=O)c2cc(Cl)c(Oc3ccc(C#N)c(F)c3)cc2F)nc1","309436",""
"CHEMBL3688196","Nc1ncc(Oc2ccc(cc2C#N)S(=O)(=O)Nc3ccc(F)cn3)cc1Cl","309464",""
"CHEMBL3683351","Fc1ccc(NS(=O)(=O)c2ccc(Oc3cc(Cl)ccc3C#N)c(c2)C#N)nc1","309291",""
"CHEMBL3683363","Fc1ccc(NS(=O)(=O)c2ccc(Oc3ccc(F)c(F)c3)c(c2)C#N)nc1","309303",""
"CHEMBL3683463","Fc1ccc(NS(=O)(=O)c2ccc(Oc3cccc(Cl)c3C#N)c(c2)C#N)nc1","309404",""
"CHEMBL1767089","CCc1oc2ccc(O)cc2c1C(=O)c3ccc(OC)cc3","Not Determined","21449597"
"CHEMBL3683317","Fc1ccc(NS(=O)(=O)c2ccc(Oc3ccc(F)cc3Cl)c(c2)C#N)nc1","309257",""
"CHEMBL3683365","Cc1cc(Oc2ccc(cc2C#N)S(=O)(=O)Nc3ccc(F)cn3)cc(C)c1C#N","309305",""
"CHEMBL3683398","COc1cccc(Cl)c1Oc2ccc(cc2C#N)S(=O)(=O)Nc3ccc(F)cn3","309339",""
"CHEMBL3683470","COc1ccc(Oc2ccc(cc2C#N)S(=O)(=O)Nc3ccc(F)cn3)cc1","309412",""
"CHEMBL1767081","CCc1oc2ccc(OC)cc2c1C(=O)c3ccc(OC)cc3","Not Determined","21449597"
"CHEMBL3692003","Cc1nn(Cc2c(Cl)cccc2Cl)c3cc(CC(=O)O)ccc13","292478",""
"CHEMBL3692012","Cc1nn(Cc2c(Cl)cccc2Cl)c3cc(ccc13)C(C)(C)C(=O)O","292487",""
"CHEMBL3688187","CC(C)(O)c1ccc(Oc2ccc(cc2C#N)S(=O)(=O)Nc3ccc(F)cn3)cc1","309455",""
"CHEMBL3683310","Fc1ccc(NS(=O)(=O)c2ccc(Oc3cccc(Cl)c3F)c(c2)C#N)nc1","309250",""
"CHEMBL3683386","COc1cccnc1NS(=O)(=O)c2ccc(Oc3ccc(C#N)c(Cl)c3)c(c2)C#N","309327",""
"CHEMBL3683395","COc1cccc(F)c1Oc2ccc(cc2C#N)S(=O)(=O)Nc3ccc(F)cn3","309336",""
"CHEMBL3683422","CCOc1cc(C)ccc1Oc2ccc(cc2C#N)S(=O)(=O)Nc3ccc(F)cn3","309363",""
"CHEMBL3683490","Fc1ccc(Oc2ccc(cc2C#N)S(=O)(=O)Nc3ncccn3)cc1F","309432",""
"CHEMBL3977539","COc1cc(Cl)ccc1Oc2ccc(cc2C#N)S(=O)(=O)Nc3cccnc3","213412",""
"CHEMBL3692015","Cc1nn(Cc2c(Cl)cccc2Cl)c3cc(ccc13)C(=O)O","292490",""
"CHEMBL3688172","Clc1cccc(Oc2ccc(cc2)S(=O)(=O)Nc3ccccn3)c1C#N","309439",""
"CHEMBL3692018","Cc1nn(Cc2c(Cl)cccc2Cl)c3cc(CCC(=O)O)ccc13","292493",""
"CHEMBL3688182","Fc1ccc(Oc2ccc(cc2C#N)S(=O)(=O)Nc3cc(ccn3)C#N)cc1Cl","309450",""
"CHEMBL3683301","Cc1cc(Cl)cc(Oc2ccc(cc2C#N)S(=O)(=O)Nc3ccc(F)cn3)c1","309241",""
"CHEMBL3683425","Cc1cc(Oc2ccc(cc2C#N)S(=O)(=O)Nc3ccc(F)cn3)ccc1F","309366",""
"CHEMBL3683444","COc1cc(F)ccc1Oc2ccc(cc2C#N)S(=O)(=O)Nc3ccc(F)cn3","309385",""
"CHEMBL3683476","COc1ccc(cc1Oc2ccc(cc2C#N)S(=O)(=O)Nc3ccc(F)cn3)C#N","309418",""
"CHEMBL1767093","CCc1oc2ccc(O)c(C(=O)c3ccc(O)cc3)c2c1","Not Determined","21449597"
"CHEMBL2164432","OC1=C(C(=O)Nc2ccccc2)C(=O)NC(=O)N1","422019",""
"CHEMBL3683293","Fc1ccc(NS(=O)(=O)c2ccc(Oc3ccc(F)cc3F)c(c2)C#N)nc1","309233",""
"CHEMBL1767082","CCc1oc2ccc(OC)c(C(=O)c3ccc(OC)cc3)c2c1","Not Determined","21449597"
"CHEMBL3683346","Fc1ccc(NS(=O)(=O)c2ccc(Oc3ccc(Cl)c(c3)C#N)c(c2)C#N)nc1","309286",""
"CHEMBL3683454","Fc1ccc(NS(=O)(=O)c2ccc(Oc3cc(Cl)ccc3Cl)c(c2)C#N)nc1","309395",""
"CHEMBL3691992","CC1CN(Cc2c(C)cccc2C)c3cc(CC(=O)O)ccc13","292467",""
"CHEMBL3692013","Cc1nn(Cc2cccc3cccnc23)c4cc(CC(=O)O)ccc14","292488",""
"CHEMBL3702599","Cc1cccc(C)c1COc2cccc(CCc3nnn[nH]3)c2","273832",""
"CHEMBL3683309","Fc1ccc(NS(=O)(=O)c2ccc(Oc3cccc(c3)C(F)(F)F)c(c2)C#N)nc1","309249",""
"CHEMBL3683311","Fc1ccc(NS(=O)(=O)c2ccc(Oc3cccc(Cl)c3)c(c2)C#N)nc1","309251",""
"CHEMBL3683372","Fc1cc(Oc2ccc(cc2C#N)S(=O)(=O)Nc3cccnn3)ccc1C#N","309313",""
"CHEMBL3683413","CC(C)(C)c1cccc(Oc2ccc(cc2C#N)S(=O)(=O)Nc3ccc(F)cn3)c1","309354",""
"CHEMBL3902528","OC(=Nc1ccc(O)cc1)C2=C(O)NC(=O)N=C2O","422020",""
"CHEMBL3692017","Cc1cccc(C)c1Cn2nc(C)c3ccc(CCC(=O)O)cc23","292492",""
"CHEMBL3688171","Clc1cccc(Oc2ccc(cc2)S(=O)(=O)Nc3ccncc3)c1C#N","309438",""
"CHEMBL3688185","Clc1ccc(NS(=O)(=O)c2ccc(Oc3ccc(C#N)c(Cl)c3)c(c2)C#N)nc1","309453",""
"CHEMBL3683325","Cc1ccc(Cl)cc1Oc2ccc(cc2C#N)S(=O)(=O)Nc3ccc(F)cn3","309265",""
"CHEMBL3683376","Clc1cc(Oc2ccc(cc2C#N)S(=O)(=O)Nc3cccnc3)ccc1C#N","309317",""
"CHEMBL3688178","Nc1ccc(Oc2ccc(cc2C#N)S(=O)(=O)Nc3ccc(F)cn3)cc1","309445",""
"CHEMBL3683443","Cc1cc(Cl)cc(Oc2ccc(cc2C#N)S(=O)(=O)Nc3ccc(F)cn3)c1C","309384",""
"CHEMBL3692040","OC(=O)c1ccc2c(nn(Cc3c(Cl)cccc3Cl)c2c1)[N+]#[C-]","292515",""
"CHEMBL3683362","COc1cc(Oc2ccc(cc2C#N)S(=O)(=O)Nc3ccc(F)cn3)ccc1C#N","309302",""
"CHEMBL1767098","CCc1oc2cc(O)ccc2c1C(=O)c3ccc(OC)cc3","Not Determined","21449597"
"CHEMBL3683347","Cc1cc(Oc2ccc(cc2C#N)S(=O)(=O)Nc3ccc(F)cn3)ccc1C#N","309287",""
"CHEMBL3692046","Cc1ccc(C)c(Cn2nc(C)c3ncc(cc23)c4nnn[nH]4)c1","292521",""
"CHEMBL3683475","Fc1ccc(NS(=O)(=O)c2ccc(Oc3ccc(nc3)C(F)(F)F)c(c2)C#N)nc1","309417",""
"CHEMBL3683312","Cc1cc(Cl)c(Oc2ccc(cc2C#N)S(=O)(=O)Nc3ccc(F)cn3)cc1C#N","309252",""
"CHEMBL3683343","CC(C)c1cccc(Oc2ccc(cc2C#N)S(=O)(=O)Nc3ccc(F)cn3)c1","309283",""
"CHEMBL3683400","CCOc1ccc(Oc2ccc(cc2C#N)S(=O)(=O)Nc3ccc(F)cn3)cc1Cl","309341",""
"CHEMBL3639823","Cc1ncccc1Oc2ccc(cc2C#N)S(=O)(=O)Nc3ccc(F)cn3","309409",""
"CHEMBL3692000","Cc1cn(Cc2c(Cl)cccc2Cl)c3cc(CCC(=O)O)ccc13","292475",""
"CHEMBL3683332","CCc1ccccc1Oc2ccc(cc2C#N)S(=O)(=O)Nc3ccc(F)cn3","309272",""
"CHEMBL3692010","Cc1nn(Cc2c(Cl)cccc2C#N)c3cc(CC(=O)O)ccc13","292485",""
