"CHEMBL1727","CC1=C(N2[C@H](SC1)[C@H](NC(=O)[C@H](N)c3ccccc3)C2=O)C(=O)O","","21741846"
"CHEMBL617","CC(=O)OCC1=C(N2[C@H](SC1)[C@H](NC(=O)Cc3cccs3)C2=O)C(=O)O","","21741846"
"CHEMBL191057","C[C@H](N)C(=O)N[C@@H](CCCCN)C(=O)O","","21741846"
"CHEMBL1814488","CCCC[C@H](NC(=O)[C@H](C)N)C(=O)O","","21741846"
"CHEMBL1814488","CCCC[C@H](NC(=O)[C@H](C)N)C(=O)O","","21741846"
"CHEMBL1814488","CCCC[C@H](NC(=O)[C@H](C)N)C(=O)O","","21741846"
"CHEMBL29","CC1(C)S[C@@H]2[C@H](NC(=O)Cc3ccccc3)C(=O)N2[C@H]1C(=O)O","","21741846"
"CHEMBL29","CC1(C)S[C@@H]2[C@H](NC(=O)Cc3ccccc3)C(=O)N2[C@H]1C(=O)O","","21741846"
"CHEMBL3039598","CCC(=O)O[C@@H](O[P@](=O)(CCCCc1ccccc1)CC(=O)N2C[C@@H](C[C@H]2C(=O)O)C3CCCCC3)C(C)C","transporter inhibitor","20190787"
"CHEMBL1908324","CC1(C)S[C@@H]2[C@H](NC(=O)[C@H](N=C)c3ccccc3)C(=O)N2[C@H]1C(=O)O","","21741846"
"CHEMBL91241","C[C@H](NC(=O)CN)C(=O)O","","21741846"
"CHEMBL190179","C[C@H](N)C(=O)N[C@@H](CO)C(=O)O","","21741846"
"CHEMBL66839","NCCCC[C@H](NC(=O)[C@@H](N)CC(=O)O)C(=O)O","inhibitor [Ki=8uM]","7495840"
"CHEMBL66839","NCCCC[C@H](NC(=O)[C@@H](N)CC(=O)O)C(=O)O","inhibitor [Ki=8uM]","7495840"
"CHEMBL190027","OC(=O)CC[C@H](NC(=O)[C@@H]1CCCN1)C(=O)O","","21741846"
"CHEMBL927","Nc1nc(cs1)\C(=N\O)\C(=O)N[C@H]2[C@H]3SCC(=C(N3C2=O)C(=O)O)C=C","inhibitor [0.48]","9092716"
"CHEMBL927","Nc1nc(cs1)\C(=N\O)\C(=O)N[C@H]2[C@H]3SCC(=C(N3C2=O)C(=O)O)C=C","inhibitor [0.48]","9092716"
"CHEMBL364928","N[C@@H](Cc1c[nH]c2ccccc12)C(=O)NCC(=O)N[C@@H](Cc3ccc(O)cc3)C(=O)O","","21741846"
"CHEMBL364928","N[C@@H](Cc1c[nH]c2ccccc12)C(=O)NCC(=O)N[C@@H](Cc3ccc(O)cc3)C(=O)O","","21741846"
"CHEMBL364928","N[C@@H](Cc1c[nH]c2ccccc12)C(=O)NCC(=O)N[C@@H](Cc3ccc(O)cc3)C(=O)O","","21741846"
"CHEMBL364928","N[C@@H](Cc1c[nH]c2ccccc12)C(=O)NCC(=O)N[C@@H](Cc3ccc(O)cc3)C(=O)O","","21741846"
"CHEMBL364928","N[C@@H](Cc1c[nH]c2ccccc12)C(=O)NCC(=O)N[C@@H](Cc3ccc(O)cc3)C(=O)O","","21741846"
"CHEMBL17171","N[C@@H](CC(=O)O)C(=O)N[C@@H](CC(=O)O)C(=O)O","","21741846"
"CHEMBL17171","N[C@@H](CC(=O)O)C(=O)N[C@@H](CC(=O)O)C(=O)O","","21741846"
"CHEMBL17697","C[C@H](N)C(=O)N[C@@H](C)C(=O)O","","21741846"
"CHEMBL17697","C[C@H](N)C(=O)N[C@@H](C)C(=O)O","","21741846"
"CHEMBL1229","CCOC(=O)C1=C[C@@H](OC(CC)CC)[C@H](NC(=O)C)[C@@H](N)C1","Not Active","22584254"
"CHEMBL439762","CC(C)[C@H](N)C(=O)N1CCC[C@H]1C(=O)O","","21741846"
"CHEMBL893","Cc1onc(c1C(=O)N[C@H]2[C@H]3SC(C)(C)[C@@H](N3C2=O)C(=O)O)c4c(Cl)cccc4Cl","","21741846"
"CHEMBL893","Cc1onc(c1C(=O)N[C@H]2[C@H]3SC(C)(C)[C@@H](N3C2=O)C(=O)O)c4c(Cl)cccc4Cl","","21741846"
"CHEMBL434535","N[C@@H](Cc1c[nH]c2ccccc12)C(=O)N[C@@H](Cc3c[nH]c4ccccc34)C(=O)N[C@@H](Cc5c[nH]c6ccccc56)C(=O)O","","21741846"
"CHEMBL434535","N[C@@H](Cc1c[nH]c2ccccc12)C(=O)N[C@@H](Cc3c[nH]c4ccccc34)C(=O)N[C@@H](Cc5c[nH]c6ccccc56)C(=O)O","","21741846"
"CHEMBL1436","CO\N=C(/C(=O)N[C@H]1[C@H]2SCC(=C(N2C1=O)C(=O)O)COC(=O)N)\c3occc3","","21741846"
"CHEMBL426809","NCCCC[C@H](NC(=O)[C@H](Cc1ccccc1)NC(=O)[C@@H]2CCCN2)C(=O)O","","21741846"
"CHEMBL426809","NCCCC[C@H](NC(=O)[C@H](Cc1ccccc1)NC(=O)[C@@H]2CCCN2)C(=O)O","","21741846"
"CHEMBL426809","NCCCC[C@H](NC(=O)[C@H](Cc1ccccc1)NC(=O)[C@@H]2CCCN2)C(=O)O","","21741846"
"CHEMBL426809","NCCCC[C@H](NC(=O)[C@H](Cc1ccccc1)NC(=O)[C@@H]2CCCN2)C(=O)O","","21741846"
"CHEMBL1814487","C[C@H](N)C(=O)N[C@H](C)C(=O)O","","21741846"
"CHEMBL175737","CN(CC(=O)O)C(=O)CN","substrate [Km=48uM]","7592745"
"CHEMBL1201043","[Na+].CC(=O)OCC1=C(N2[C@H](SC1)[C@H](NC(=O)CSc3ccncc3)C2=O)C(=O)[O-]","","21741846"
"CHEMBL1201043","[Na+].CC(=O)OCC1=C(N2[C@H](SC1)[C@H](NC(=O)CSc3ccncc3)C2=O)C(=O)[O-]","","21741846"
"CHEMBL1201043","[Na+].CC(=O)OCC1=C(N2[C@H](SC1)[C@H](NC(=O)CSc3ccncc3)C2=O)C(=O)[O-]","","21741846"
"CHEMBL1201043","[Na+].CC(=O)OCC1=C(N2[C@H](SC1)[C@H](NC(=O)CSc3ccncc3)C2=O)C(=O)[O-]","","21741846"
"CHEMBL1201043","[Na+].CC(=O)OCC1=C(N2[C@H](SC1)[C@H](NC(=O)CSc3ccncc3)C2=O)C(=O)[O-]","","21741846"
"CHEMBL1201043","[Na+].CC(=O)OCC1=C(N2[C@H](SC1)[C@H](NC(=O)CSc3ccncc3)C2=O)C(=O)[O-]","","21741846"
"CHEMBL1201043","[Na+].CC(=O)OCC1=C(N2[C@H](SC1)[C@H](NC(=O)CSc3ccncc3)C2=O)C(=O)[O-]","","21741846"
"CHEMBL1201043","[Na+].CC(=O)OCC1=C(N2[C@H](SC1)[C@H](NC(=O)CSc3ccncc3)C2=O)C(=O)[O-]","","21741846"
"CHEMBL297722","CC(C)C[C@H](N)C(=O)NCC(=O)NCC(=O)O","","21741846"
"CHEMBL1730","CO\N=C(/C(=O)N[C@H]1[C@H]2SCC(=C(N2C1=O)C(=O)O)COC(=O)C)\c3csc(N)n3","","21741846"
"CHEMBL1730","CO\N=C(/C(=O)N[C@H]1[C@H]2SCC(=C(N2C1=O)C(=O)O)COC(=O)C)\c3csc(N)n3","","21741846"
"CHEMBL1730","CO\N=C(/C(=O)N[C@H]1[C@H]2SCC(=C(N2C1=O)C(=O)O)COC(=O)C)\c3csc(N)n3","","21741846"
"CHEMBL1730","CO\N=C(/C(=O)N[C@H]1[C@H]2SCC(=C(N2C1=O)C(=O)O)COC(=O)C)\c3csc(N)n3","","21741846"
"CHEMBL1730","CO\N=C(/C(=O)N[C@H]1[C@H]2SCC(=C(N2C1=O)C(=O)O)COC(=O)C)\c3csc(N)n3","","21741846"
"CHEMBL93127","NCC(=O)N[C@@H](Cc1cnc[nH]1)C(=O)O","","21741846"
"CHEMBL93127","NCC(=O)N[C@@H](Cc1cnc[nH]1)C(=O)O","","21741846"
"CHEMBL1814494","C[C@H](NC(=O)[C@H](CCCCN)NC(=O)C)C(=O)O","","21741846"
"CHEMBL2074641","C[C@H](N)C(=O)NCC(=O)N1CCC[C@H]1C(=O)O","inhibitor [0% of control]","7756356"
"CHEMBL601","NCC(=O)CCC(=O)O","transporter substrate","20190787"
"CHEMBL601","NCC(=O)CCC(=O)O","transporter substrate","20190787"
"CHEMBL189210","CC(C)C[C@H](N)C(=O)N1CCC[C@H]1C(=O)O","","21741846"
"CHEMBL417979","N[C@@H](Cc1ccccc1)C(=O)NCC(=O)O","","21741846"
"CHEMBL417979","N[C@@H](Cc1ccccc1)C(=O)NCC(=O)O","","21741846"
"CHEMBL417979","N[C@@H](Cc1ccccc1)C(=O)NCC(=O)O","","21741846"
"CHEMBL417979","N[C@@H](Cc1ccccc1)C(=O)NCC(=O)O","","21741846"
"CHEMBL417979","N[C@@H](Cc1ccccc1)C(=O)NCC(=O)O","","21741846"
"CHEMBL286852","N[C@@H](Cc1c[nH]c2ccccc12)C(=O)N[C@@H](Cc3c[nH]c4ccccc34)C(=O)O","","21741846"
"CHEMBL286852","N[C@@H](Cc1c[nH]c2ccccc12)C(=O)N[C@@H](Cc3c[nH]c4ccccc34)C(=O)O","","21741846"
"CHEMBL286852","N[C@@H](Cc1c[nH]c2ccccc12)C(=O)N[C@@H](Cc3c[nH]c4ccccc34)C(=O)O","","21741846"
"CHEMBL286852","N[C@@H](Cc1c[nH]c2ccccc12)C(=O)N[C@@H](Cc3c[nH]c4ccccc34)C(=O)O","","21741846"
"CHEMBL286852","N[C@@H](Cc1c[nH]c2ccccc12)C(=O)N[C@@H](Cc3c[nH]c4ccccc34)C(=O)O","","21741846"
"CHEMBL286852","N[C@@H](Cc1c[nH]c2ccccc12)C(=O)N[C@@H](Cc3c[nH]c4ccccc34)C(=O)O","","21741846"
"CHEMBL286852","N[C@@H](Cc1c[nH]c2ccccc12)C(=O)N[C@@H](Cc3c[nH]c4ccccc34)C(=O)O","","21741846"
"CHEMBL286852","N[C@@H](Cc1c[nH]c2ccccc12)C(=O)N[C@@H](Cc3c[nH]c4ccccc34)C(=O)O","","21741846"
"CHEMBL286852","N[C@@H](Cc1c[nH]c2ccccc12)C(=O)N[C@@H](Cc3c[nH]c4ccccc34)C(=O)O","","21741846"
"CHEMBL286852","N[C@@H](Cc1c[nH]c2ccccc12)C(=O)N[C@@H](Cc3c[nH]c4ccccc34)C(=O)O","","21741846"
"CHEMBL286852","N[C@@H](Cc1c[nH]c2ccccc12)C(=O)N[C@@H](Cc3c[nH]c4ccccc34)C(=O)O","","21741846"
"CHEMBL286852","N[C@@H](Cc1c[nH]c2ccccc12)C(=O)N[C@@H](Cc3c[nH]c4ccccc34)C(=O)O","","21741846"
"CHEMBL286852","N[C@@H](Cc1c[nH]c2ccccc12)C(=O)N[C@@H](Cc3c[nH]c4ccccc34)C(=O)O","","21741846"
"CHEMBL286852","N[C@@H](Cc1c[nH]c2ccccc12)C(=O)N[C@@H](Cc3c[nH]c4ccccc34)C(=O)O","","21741846"
"CHEMBL55868","N[C@@H](Cc1ccccc1)C(=O)N[C@@H](Cc2ccccc2)C(=O)O","","21741846"
"CHEMBL55868","N[C@@H](Cc1ccccc1)C(=O)N[C@@H](Cc2ccccc2)C(=O)O","","21741846"
"CHEMBL188747","CC[C@H](C)[C@H](N)C(=O)N[C@@H](C(C)C)C(=O)N[C@@H](Cc1ccc(O)cc1)C(=O)O","","21741846"
"CHEMBL188747","CC[C@H](C)[C@H](N)C(=O)N[C@@H](C(C)C)C(=O)N[C@@H](Cc1ccc(O)cc1)C(=O)O","","21741846"
"CHEMBL188747","CC[C@H](C)[C@H](N)C(=O)N[C@@H](C(C)C)C(=O)N[C@@H](Cc1ccc(O)cc1)C(=O)O","","21741846"
"CHEMBL188747","CC[C@H](C)[C@H](N)C(=O)N[C@@H](C(C)C)C(=O)N[C@@H](Cc1ccc(O)cc1)C(=O)O","","21741846"
"CHEMBL188747","CC[C@H](C)[C@H](N)C(=O)N[C@@H](C(C)C)C(=O)N[C@@H](Cc1ccc(O)cc1)C(=O)O","","21741846"
"CHEMBL188747","CC[C@H](C)[C@H](N)C(=O)N[C@@H](C(C)C)C(=O)N[C@@H](Cc1ccc(O)cc1)C(=O)O","","21741846"
"CHEMBL188747","CC[C@H](C)[C@H](N)C(=O)N[C@@H](C(C)C)C(=O)N[C@@H](Cc1ccc(O)cc1)C(=O)O","","21741846"
"CHEMBL331378","C[C@H](CSC(=O)c1ccccc1)C(=O)N2C[C@H](C[C@H]2C(=O)O)Sc3ccccc3","transporter inhibitor","20190787"
"CHEMBL331378","C[C@H](CSC(=O)c1ccccc1)C(=O)N2C[C@H](C[C@H]2C(=O)O)Sc3ccccc3","transporter inhibitor","20190787"
"CHEMBL331378","C[C@H](CSC(=O)c1ccccc1)C(=O)N2C[C@H](C[C@H]2C(=O)O)Sc3ccccc3","transporter inhibitor","20190787"
"CHEMBL331378","C[C@H](CSC(=O)c1ccccc1)C(=O)N2C[C@H](C[C@H]2C(=O)O)Sc3ccccc3","transporter inhibitor","20190787"
