"CHEMBL578","CCOC(=O)[C@H](CCc1ccccc1)N[C@@H](C)C(=O)N2CCC[C@H]2C(=O)O","transporter substrate","20190787"
"CHEMBL1349","CC(C)[C@H](N)C(=O)OCCOCn1cnc2C(=O)N=C(N)Nc12","transporter substrate","20190787"
"CHEMBL175737","CN(CC(=O)O)C(=O)CN","substrate [Km=48uM]","7592745"
"CHEMBL601","NCC(=O)CCC(=O)O","transporter substrate","20190787"
"CHEMBL1560","C[C@H](CS)C(=O)N1CCC[C@H]1C(=O)O","transporter substrate","20190787"
"CHEMBL29292","CC(C)C[C@H](NC(=O)[C@@H](O)[C@H](N)Cc1ccccc1)C(=O)O","transporter substrate","20190787"
"CHEMBL380047","C[C@H](N)C(=O)N[C@@H](CC(=O)O)C(=O)O","inhibitor [Ki=18uM]","7495840"
"CHEMBL299889","NCC(=O)N[C@@H](Cc1ccccc1)C(=O)O","inhibitor [0% of control]","7756356"
"CHEMBL3039598","CCC(=O)O[C@@H](O[P@](=O)(CCCCc1ccccc1)CC(=O)N2C[C@@H](C[C@H]2C(=O)O)C3CCCCC3)C(C)C","transporter inhibitor","20190787"
"CHEMBL1644","CC1=C(N2[C@H](SC1)[C@H](NC(=O)[C@H](N)c3ccc(O)cc3)C2=O)C(=O)O","inhibitor [Ki=2.5uM]","7592745"
"CHEMBL1200356","CC1(C)S[C@@H]2[C@H](NC(=O)C3(N)CCCCC3)C(=O)N2[C@H]1C(=O)O","inhibitor [Ki=39.1uM]","7592745"
"CHEMBL66839","NCCCC[C@H](NC(=O)[C@@H](N)CC(=O)O)C(=O)O","inhibitor [Ki=8uM]","7495840"
"CHEMBL927","Nc1nc(cs1)\C(=N\O)\C(=O)N[C@H]2[C@H]3SCC(=C(N3C2=O)C(=O)O)C=C","inhibitor [0.48]","9092716"
"CHEMBL1605","Nc1nc(cs1)\C(=C\CC(=O)O)\C(=O)N[C@H]2[C@H]3SCC=C(N3C2=O)C(=O)O","inhibitor [Ki=90uM]","9092716"
"CHEMBL2074641","C[C@H](N)C(=O)NCC(=O)N1CCC[C@H]1C(=O)O","inhibitor [0% of control]","7756356"
"CHEMBL331378","C[C@H](CSC(=O)c1ccccc1)C(=O)N2C[C@H](C[C@H]2C(=O)O)Sc3ccccc3","transporter inhibitor","20190787"
