"Duplicates"
"CHEMBL1349","CC(C)[C@H](N)C(=O)OCCOCn1cnc2C(=O)N=C(N)Nc12","transporter substrate","20190787"
"Valaciclovir","CC(C)[C@H](N)C(=O)OCCOCN1C=NC2=C1NC(N)=NC2=O","Solute carrier family 15 member 2","BE0001134","|inhibitor|","CHEMBL1349"
"Duplicates"
"CHEMBL601","NCC(=O)CCC(=O)O","transporter substrate","20190787"
"Aminolevulinic acid","NCC(=O)CCC(O)=O","Solute carrier family 15 member 2","BE0001134","|inhibitor|","CHEMBL601"
"Duplicates"
"CHEMBL3039598","CCC(=O)O[C@@H](O[P@](=O)(CCCCc1ccccc1)CC(=O)N2C[C@@H](C[C@H]2C(=O)O)C3CCCCC3)C(C)C","transporter inhibitor","20190787"
"Fosinopril","CCC(=O)O[C@@H](O[P@](=O)(CCCCC1=CC=CC=C1)CC(=O)N1C[C@@H](C[C@H]1C(O)=O)C1CCCCC1)C(C)C","Solute carrier family 15 member 2","BE0001134","|substrate|","CHEMBL3039598"
"Duplicates"
"CHEMBL1644","CC1=C(N2[C@H](SC1)[C@H](NC(=O)[C@H](N)c3ccc(O)cc3)C2=O)C(=O)O","inhibitor [Ki=2.5uM]","7592745"
"Cefadroxil","[H][C@]12SCC(C)=C(N1C(=O)[C@H]2NC(=O)[C@H](N)C1=CC=C(O)C=C1)C(O)=O","Solute carrier family 15 member 2","BE0001134","|inhibitor|","CHEMBL1644"
"Duplicates"
"CHEMBL1200356","CC1(C)S[C@@H]2[C@H](NC(=O)C3(N)CCCCC3)C(=O)N2[C@H]1C(=O)O","inhibitor [Ki=39.1uM]","7592745"
"Cyclacillin","[H][C@]12SC(C)(C)[C@@H](N1C(=O)[C@H]2NC(=O)C1(N)CCCCC1)C(O)=O","Solute carrier family 15 member 2","BE0001134","|inhibitor|","CHEMBL1200356"
"Duplicates"
"CHEMBL927","Nc1nc(cs1)\C(=N\O)\C(=O)N[C@H]2[C@H]3SCC(=C(N3C2=O)C(=O)O)C=C","inhibitor [0.48]","9092716"
"Cefdinir","[H][C@]12SCC(C=C)=C(N1C(=O)[C@H]2NC(=O)C(=N/O)\C1=CSC(N)=N1)C(O)=O","Solute carrier family 15 member 2","BE0001134","|inhibitor|","CHEMBL927"
"Duplicates"
"CHEMBL1605","Nc1nc(cs1)\C(=C\CC(=O)O)\C(=O)N[C@H]2[C@H]3SCC=C(N3C2=O)C(=O)O","inhibitor [Ki=90uM]","9092716"
"Ceftibuten","[H][C@]12SCC=C(N1C(=O)[C@H]2NC(=O)C(=C/CC(O)=O)\C1=CSC(N)=N1)C(O)=O","Solute carrier family 15 member 2","BE0001134","|inhibitor|","CHEMBL1605"
