"Ramipril","[H][C@@]12CCC[C@]1([H])N([C@@H](C2)C(O)=O)C(=O)[C@H](C)N[C@@H](CCC1=CC=CC=C1)C(=O)OCC","Solute carrier family 15 member 2","BE0001134","|substrate|","CHEMBL1168"
"Cefmetazole","[H][C@]12SCC(CSC3=NN=NN3C)=C(N1C(=O)[C@]2(NC(=O)CSCC#N)OC)C(O)=O","Solute carrier family 15 member 2","BE0001134","|inhibitor|","CHEMBL1201195"
"Tranexamic Acid","NC[C@H]1CC[C@@H](CC1)C(O)=O","Solute carrier family 15 member 2","BE0001134","|","CHEMBL877"
"Ampicillin","[H][C@]12SC(C)(C)[C@@H](N1C(=O)[C@H]2NC(=O)[C@H](N)C1=CC=CC=C1)C(O)=O","Solute carrier family 15 member 2","BE0001134","|inhibitor|","CHEMBL174"
"Ceftazidime","[O-]C(=O)C1=C(CS[C@]2([H])[C@H](NC(=O)C(=N/OC(C)(C)C(O)=O)\C3=CSC(N)=N3)C(=O)N12)C[N+]1=CC=CC=C1","Solute carrier family 15 member 2","BE0001134","|inhibitor|","CHEMBL44354"
"Loracarbef","N[C@@H](C(=O)N[C@H]1[C@H]2CCC(Cl)=C(N2C1=O)C(O)=O)C1=CC=CC=C1","Solute carrier family 15 member 2","BE0001134","|inhibitor|","CHEMBL1013"
"Cefalotin","[H][C@]12SCC(COC(C)=O)=C(N1C(=O)[C@H]2NC(=O)CC1=CC=CS1)C(O)=O","Solute carrier family 15 member 2","BE0001134","|inhibitor|","CHEMBL617"
"Dicloxacillin","[H][C@]12SC(C)(C)[C@@H](N1C(=O)[C@H]2NC(=O)C1=C(C)ON=C1C1=C(Cl)C=CC=C1Cl)C(O)=O","Solute carrier family 15 member 2","BE0001134","|inhibitor|","CHEMBL893"
"Fosinopril","CCC(=O)O[C@@H](O[P@](=O)(CCCCC1=CC=CC=C1)CC(=O)N1C[C@@H](C[C@H]1C(O)=O)C1CCCCC1)C(C)C","Solute carrier family 15 member 2","BE0001134","|substrate|","CHEMBL3039598"
"Cefotaxime","[H][C@]12SCC(COC(C)=O)=C(N1C(=O)[C@H]2NC(=O)C(=N/OC)\C1=CSC(N)=N1)C(O)=O","Solute carrier family 15 member 2","BE0001134","|inhibitor|","CHEMBL1730"
"Trandolapril","[H][C@@]12C[C@H](N(C(=O)[C@H](C)N[C@@H](CCC3=CC=CC=C3)C(=O)OCC)[C@@]1([H])CCCC2)C(O)=O","Solute carrier family 15 member 2","BE0001134","|substrate|","CHEMBL1519"
"Cefdinir","[H][C@]12SCC(C=C)=C(N1C(=O)[C@H]2NC(=O)C(=N/O)\C1=CSC(N)=N1)C(O)=O","Solute carrier family 15 member 2","BE0001134","|inhibitor|","CHEMBL927"
"Benazepril","CCOC(=O)[C@H](CCC1=CC=CC=C1)N[C@H]1CCC2=CC=CC=C2N(CC(O)=O)C1=O","Solute carrier family 15 member 2","BE0001134","|substrate|","CHEMBL838"
"Cephalexin","[H][C@]12SCC(C)=C(N1C(=O)[C@H]2NC(=O)[C@H](N)C1=CC=CC=C1)C(O)=O","Solute carrier family 15 member 2","BE0001134","|inhibitor|","CHEMBL1727"
"Valaciclovir","CC(C)[C@H](N)C(=O)OCCOCN1C=NC2=C1NC(N)=NC2=O","Solute carrier family 15 member 2","BE0001134","|inhibitor|","CHEMBL1349"
"Cefixime","[H][C@]12SCC(C=C)=C(N1C(=O)[C@H]2NC(=O)C(=N/OCC(O)=O)\C1=CSC(N)=N1)C(O)=O","Solute carrier family 15 member 2","BE0001134","|inhibitor|","CHEMBL1541"
"Chlorpropamide","CCCNC(=O)NS(=O)(=O)C1=CC=C(Cl)C=C1","Solute carrier family 15 member 2","BE0001134","|inhibitor|","CHEMBL498"
"Moexipril","CCOC(=O)[C@H](CCC1=CC=CC=C1)N[C@@H](C)C(=O)N1CC2=CC(OC)=C(OC)C=C2C[C@H]1C(O)=O","Solute carrier family 15 member 2","BE0001134","|substrate|","CHEMBL1165"
"Oxacillin","[H][C@]12SC(C)(C)[C@@H](N1C(=O)[C@H]2NC(=O)C1=C(C)ON=C1C1=CC=CC=C1)C(O)=O","Solute carrier family 15 member 2","BE0001134","|inhibitor|","CHEMBL819"
"Nateglinide","[H][C@](CC1=CC=CC=C1)(N=C(O)[C@@]1([H])CC[C@@]([H])(CC1)C(C)C)C(O)=O","Solute carrier family 15 member 2","BE0001134","|inhibitor|","CHEMBL783"
"Perindopril","[H][C@]12C[C@H](N(C(=O)[C@H](C)N[C@@H](CCC)C(=O)OCC)[C@@]1([H])CCCC2)C(O)=O","Solute carrier family 15 member 2","BE0001134","|substrate|","CHEMBL1581"
"Cefaclor","[H][C@]12SCC(Cl)=C(N1C(=O)[C@H]2NC(=O)[C@H](N)C1=CC=CC=C1)C(O)=O","Solute carrier family 15 member 2","BE0001134","|inhibitor|","CHEMBL680"
"Aminolevulinic acid","NCC(=O)CCC(O)=O","Solute carrier family 15 member 2","BE0001134","|inhibitor|","CHEMBL601"
"Quinapril","CCOC(=O)[C@H](CCC1=CC=CC=C1)N[C@@H](C)C(=O)N1CC2=CC=CC=C2C[C@H]1C(O)=O","Solute carrier family 15 member 2","BE0001134","|substrate|","CHEMBL1592"
"Cyclacillin","[H][C@]12SC(C)(C)[C@@H](N1C(=O)[C@H]2NC(=O)C1(N)CCCCC1)C(O)=O","Solute carrier family 15 member 2","BE0001134","|inhibitor|","CHEMBL1200356"
"Glyburide","COC1=C(C=C(Cl)C=C1)C(=O)NCCC1=CC=C(C=C1)S(=O)(=O)NC(=O)NC1CCCCC1","Solute carrier family 15 member 2","BE0001134","|inhibitor|","CHEMBL472"
"Benzylpenicillin","[H][C@]12SC(C)(C)[C@@H](N1C(=O)[C@H]2NC(=O)CC1=CC=CC=C1)C(O)=O","Solute carrier family 15 member 2","BE0001134","|inhibitor|","CHEMBL29"
"Amoxicillin","[H][C@]12SC(C)(C)[C@@H](N1C(=O)[C@H]2NC(=O)[C@H](N)C1=CC=C(O)C=C1)C(O)=O","Solute carrier family 15 member 2","BE0001134","|inhibitor|","CHEMBL1082"
"Cefuroxime","[H][C@]12SCC(COC(N)=O)=C(N1C(=O)[C@H]2NC(=O)C(=N/OC)\C1=CC=CO1)C(O)=O","Solute carrier family 15 member 2","BE0001134","|inhibitor|","CHEMBL1436"
"Tolbutamide","CCCCNC(=O)NS(=O)(=O)C1=CC=C(C)C=C1","Solute carrier family 15 member 2","BE0001134","|inhibitor|","CHEMBL782"
"Cefadroxil","[H][C@]12SCC(C)=C(N1C(=O)[C@H]2NC(=O)[C@H](N)C1=CC=C(O)C=C1)C(O)=O","Solute carrier family 15 member 2","BE0001134","|inhibitor|","CHEMBL1644"
"Cloxacillin","[H][C@]12SC(C)(C)[C@@H](N1C(=O)[C@H]2NC(=O)C1=C(C)ON=C1C1=CC=CC=C1Cl)C(O)=O","Solute carrier family 15 member 2","BE0001134","|inhibitor|","CHEMBL891"
"Ceftriaxone","[H][C@]12SCC(CSC3=NC(=O)C(=O)NN3C)=C(N1C(=O)[C@H]2NC(=O)C(=N/OC)\C1=CSC(N)=N1)C(O)=O","Solute carrier family 15 member 2","BE0001134","|inhibitor|","CHEMBL161"
"Cefradine","[H][C@]12SCC(C)=C(N1C(=O)[C@H]2NC(=O)[C@H](N)C1=CCC=CC1)C(O)=O","Solute carrier family 15 member 2","BE0001134","|inhibitor|","CHEMBL1604"
"Cilazapril","CCOC(=O)[C@H](CCC1=CC=CC=C1)N[C@H]1CCCN2CCC[C@H](N2C1=O)C(O)=O","Solute carrier family 15 member 2","BE0001134","|substrate|","CHEMBL515606"
"Spirapril","CCOC(=O)[C@H](CCC1=CC=CC=C1)N[C@@H](C)C(=O)N1CC2(C[C@H]1C(O)=O)SCCS2","Solute carrier family 15 member 2","BE0001134","|substrate|","CHEMBL431"
"Cefepime","CO\N=C(/C(=O)N[C@@H]1C(=O)N2[C@]1([H])SCC(C[N+]1(C)CCCC1)=C2C([O-])=O)C1=CSC(N)=N1","Solute carrier family 15 member 2","BE0001134","|inhibitor|","CHEMBL186"
"Ceftibuten","[H][C@]12SCC=C(N1C(=O)[C@H]2NC(=O)C(=C/CC(O)=O)\C1=CSC(N)=N1)C(O)=O","Solute carrier family 15 member 2","BE0001134","|inhibitor|","CHEMBL1605"
"Valganciclovir","CC(C)[C@H](N)C(=O)OCC(CO)OCN1C=NC2=C1NC(N)=NC2=O","Solute carrier family 15 member 2","BE0001134","|","CHEMBL1201314"
"Ubenimex","[H][C@@](N)(CC1=CC=CC=C1)[C@]([H])(O)C(O)=N[C@@]([H])(CC(C)C)C(O)=O","Solute carrier family 15 member 2","BE0001134","|substrate|inhibitor|","CHEMBL29292"
"Azidocillin","[H][C@]12SC(C)(C)[C@@H](N1C(=O)[C@H]2NC(=O)[C@H](N=[N+]=[N-])C1=CC=CC=C1)C(O)=O","Solute carrier family 15 member 2","BE0001134","|inhibitor|","CHEMBL2105907"
