"CHEMBL578","CCOC(=O)[C@H](CCc1ccccc1)N[C@@H](C)C(=O)N2CCC[C@H]2C(=O)O","transporter substrate","20190787"
"CHEMBL1349","CC(C)[C@H](N)C(=O)OCCOCn1cnc2C(=O)N=C(N)Nc12","transporter substrate","20190787"
"CHEMBL175737","CN(CC(=O)O)C(=O)CN","substrate [Km=48uM]","7592745"
"CHEMBL601","NCC(=O)CCC(=O)O","transporter substrate","20190787"
"CHEMBL1560","C[C@H](CS)C(=O)N1CCC[C@H]1C(=O)O","transporter substrate","20190787"
"CHEMBL29292","CC(C)C[C@H](NC(=O)[C@@H](O)[C@H](N)Cc1ccccc1)C(=O)O","transporter substrate","20190787"
"CHEMBL380047","C[C@H](N)C(=O)N[C@@H](CC(=O)O)C(=O)O","inhibitor [Ki=18uM]","7495840"
"CHEMBL299889","NCC(=O)N[C@@H](Cc1ccccc1)C(=O)O","inhibitor [0% of control]","7756356"
"CHEMBL3039598","CCC(=O)O[C@@H](O[P@](=O)(CCCCc1ccccc1)CC(=O)N2C[C@@H](C[C@H]2C(=O)O)C3CCCCC3)C(C)C","transporter inhibitor","20190787"
"CHEMBL1644","CC1=C(N2[C@H](SC1)[C@H](NC(=O)[C@H](N)c3ccc(O)cc3)C2=O)C(=O)O","inhibitor [Ki=2.5uM]","7592745"
"CHEMBL1200356","CC1(C)S[C@@H]2[C@H](NC(=O)C3(N)CCCCC3)C(=O)N2[C@H]1C(=O)O","inhibitor [Ki=39.1uM]","7592745"
"CHEMBL66839","NCCCC[C@H](NC(=O)[C@@H](N)CC(=O)O)C(=O)O","inhibitor [Ki=8uM]","7495840"
"CHEMBL927","Nc1nc(cs1)\C(=N\O)\C(=O)N[C@H]2[C@H]3SCC(=C(N3C2=O)C(=O)O)C=C","inhibitor [0.48]","9092716"
"CHEMBL1605","Nc1nc(cs1)\C(=C\CC(=O)O)\C(=O)N[C@H]2[C@H]3SCC=C(N3C2=O)C(=O)O","inhibitor [Ki=90uM]","9092716"
"CHEMBL2074641","C[C@H](N)C(=O)NCC(=O)N1CCC[C@H]1C(=O)O","inhibitor [0% of control]","7756356"
"CHEMBL331378","C[C@H](CSC(=O)c1ccccc1)C(=O)N2C[C@H](C[C@H]2C(=O)O)Sc3ccccc3","transporter inhibitor","20190787"
"Ramipril","[H][C@@]12CCC[C@]1([H])N([C@@H](C2)C(O)=O)C(=O)[C@H](C)N[C@@H](CCC1=CC=CC=C1)C(=O)OCC","Solute carrier family 15 member 2","BE0001134","|substrate|","CHEMBL1168"
"Cefmetazole","[H][C@]12SCC(CSC3=NN=NN3C)=C(N1C(=O)[C@]2(NC(=O)CSCC#N)OC)C(O)=O","Solute carrier family 15 member 2","BE0001134","|inhibitor|","CHEMBL1201195"
"Tranexamic Acid","NC[C@H]1CC[C@@H](CC1)C(O)=O","Solute carrier family 15 member 2","BE0001134","|","CHEMBL877"
"Ampicillin","[H][C@]12SC(C)(C)[C@@H](N1C(=O)[C@H]2NC(=O)[C@H](N)C1=CC=CC=C1)C(O)=O","Solute carrier family 15 member 2","BE0001134","|inhibitor|","CHEMBL174"
"Ceftazidime","[O-]C(=O)C1=C(CS[C@]2([H])[C@H](NC(=O)C(=N/OC(C)(C)C(O)=O)\C3=CSC(N)=N3)C(=O)N12)C[N+]1=CC=CC=C1","Solute carrier family 15 member 2","BE0001134","|inhibitor|","CHEMBL44354"
"Loracarbef","N[C@@H](C(=O)N[C@H]1[C@H]2CCC(Cl)=C(N2C1=O)C(O)=O)C1=CC=CC=C1","Solute carrier family 15 member 2","BE0001134","|inhibitor|","CHEMBL1013"
"Cefalotin","[H][C@]12SCC(COC(C)=O)=C(N1C(=O)[C@H]2NC(=O)CC1=CC=CS1)C(O)=O","Solute carrier family 15 member 2","BE0001134","|inhibitor|","CHEMBL617"
"Dicloxacillin","[H][C@]12SC(C)(C)[C@@H](N1C(=O)[C@H]2NC(=O)C1=C(C)ON=C1C1=C(Cl)C=CC=C1Cl)C(O)=O","Solute carrier family 15 member 2","BE0001134","|inhibitor|","CHEMBL893"
"Cefotaxime","[H][C@]12SCC(COC(C)=O)=C(N1C(=O)[C@H]2NC(=O)C(=N/OC)\C1=CSC(N)=N1)C(O)=O","Solute carrier family 15 member 2","BE0001134","|inhibitor|","CHEMBL1730"
"Trandolapril","[H][C@@]12C[C@H](N(C(=O)[C@H](C)N[C@@H](CCC3=CC=CC=C3)C(=O)OCC)[C@@]1([H])CCCC2)C(O)=O","Solute carrier family 15 member 2","BE0001134","|substrate|","CHEMBL1519"
"Benazepril","CCOC(=O)[C@H](CCC1=CC=CC=C1)N[C@H]1CCC2=CC=CC=C2N(CC(O)=O)C1=O","Solute carrier family 15 member 2","BE0001134","|substrate|","CHEMBL838"
"Cephalexin","[H][C@]12SCC(C)=C(N1C(=O)[C@H]2NC(=O)[C@H](N)C1=CC=CC=C1)C(O)=O","Solute carrier family 15 member 2","BE0001134","|inhibitor|","CHEMBL1727"
"Cefixime","[H][C@]12SCC(C=C)=C(N1C(=O)[C@H]2NC(=O)C(=N/OCC(O)=O)\C1=CSC(N)=N1)C(O)=O","Solute carrier family 15 member 2","BE0001134","|inhibitor|","CHEMBL1541"
"Chlorpropamide","CCCNC(=O)NS(=O)(=O)C1=CC=C(Cl)C=C1","Solute carrier family 15 member 2","BE0001134","|inhibitor|","CHEMBL498"
"Moexipril","CCOC(=O)[C@H](CCC1=CC=CC=C1)N[C@@H](C)C(=O)N1CC2=CC(OC)=C(OC)C=C2C[C@H]1C(O)=O","Solute carrier family 15 member 2","BE0001134","|substrate|","CHEMBL1165"
"Oxacillin","[H][C@]12SC(C)(C)[C@@H](N1C(=O)[C@H]2NC(=O)C1=C(C)ON=C1C1=CC=CC=C1)C(O)=O","Solute carrier family 15 member 2","BE0001134","|inhibitor|","CHEMBL819"
"Nateglinide","[H][C@](CC1=CC=CC=C1)(N=C(O)[C@@]1([H])CC[C@@]([H])(CC1)C(C)C)C(O)=O","Solute carrier family 15 member 2","BE0001134","|inhibitor|","CHEMBL783"
"Perindopril","[H][C@]12C[C@H](N(C(=O)[C@H](C)N[C@@H](CCC)C(=O)OCC)[C@@]1([H])CCCC2)C(O)=O","Solute carrier family 15 member 2","BE0001134","|substrate|","CHEMBL1581"
"Cefaclor","[H][C@]12SCC(Cl)=C(N1C(=O)[C@H]2NC(=O)[C@H](N)C1=CC=CC=C1)C(O)=O","Solute carrier family 15 member 2","BE0001134","|inhibitor|","CHEMBL680"
"Quinapril","CCOC(=O)[C@H](CCC1=CC=CC=C1)N[C@@H](C)C(=O)N1CC2=CC=CC=C2C[C@H]1C(O)=O","Solute carrier family 15 member 2","BE0001134","|substrate|","CHEMBL1592"
"Glyburide","COC1=C(C=C(Cl)C=C1)C(=O)NCCC1=CC=C(C=C1)S(=O)(=O)NC(=O)NC1CCCCC1","Solute carrier family 15 member 2","BE0001134","|inhibitor|","CHEMBL472"
"Benzylpenicillin","[H][C@]12SC(C)(C)[C@@H](N1C(=O)[C@H]2NC(=O)CC1=CC=CC=C1)C(O)=O","Solute carrier family 15 member 2","BE0001134","|inhibitor|","CHEMBL29"
"Amoxicillin","[H][C@]12SC(C)(C)[C@@H](N1C(=O)[C@H]2NC(=O)[C@H](N)C1=CC=C(O)C=C1)C(O)=O","Solute carrier family 15 member 2","BE0001134","|inhibitor|","CHEMBL1082"
"Cefuroxime","[H][C@]12SCC(COC(N)=O)=C(N1C(=O)[C@H]2NC(=O)C(=N/OC)\C1=CC=CO1)C(O)=O","Solute carrier family 15 member 2","BE0001134","|inhibitor|","CHEMBL1436"
"Tolbutamide","CCCCNC(=O)NS(=O)(=O)C1=CC=C(C)C=C1","Solute carrier family 15 member 2","BE0001134","|inhibitor|","CHEMBL782"
"Cloxacillin","[H][C@]12SC(C)(C)[C@@H](N1C(=O)[C@H]2NC(=O)C1=C(C)ON=C1C1=CC=CC=C1Cl)C(O)=O","Solute carrier family 15 member 2","BE0001134","|inhibitor|","CHEMBL891"
"Ceftriaxone","[H][C@]12SCC(CSC3=NC(=O)C(=O)NN3C)=C(N1C(=O)[C@H]2NC(=O)C(=N/OC)\C1=CSC(N)=N1)C(O)=O","Solute carrier family 15 member 2","BE0001134","|inhibitor|","CHEMBL161"
"Cefradine","[H][C@]12SCC(C)=C(N1C(=O)[C@H]2NC(=O)[C@H](N)C1=CCC=CC1)C(O)=O","Solute carrier family 15 member 2","BE0001134","|inhibitor|","CHEMBL1604"
"Cilazapril","CCOC(=O)[C@H](CCC1=CC=CC=C1)N[C@H]1CCCN2CCC[C@H](N2C1=O)C(O)=O","Solute carrier family 15 member 2","BE0001134","|substrate|","CHEMBL515606"
"Spirapril","CCOC(=O)[C@H](CCC1=CC=CC=C1)N[C@@H](C)C(=O)N1CC2(C[C@H]1C(O)=O)SCCS2","Solute carrier family 15 member 2","BE0001134","|substrate|","CHEMBL431"
"Cefepime","CO\N=C(/C(=O)N[C@@H]1C(=O)N2[C@]1([H])SCC(C[N+]1(C)CCCC1)=C2C([O-])=O)C1=CSC(N)=N1","Solute carrier family 15 member 2","BE0001134","|inhibitor|","CHEMBL186"
"Valganciclovir","CC(C)[C@H](N)C(=O)OCC(CO)OCN1C=NC2=C1NC(N)=NC2=O","Solute carrier family 15 member 2","BE0001134","|","CHEMBL1201314"
"Ubenimex","[H][C@@](N)(CC1=CC=CC=C1)[C@]([H])(O)C(O)=N[C@@]([H])(CC(C)C)C(O)=O","Solute carrier family 15 member 2","BE0001134","|substrate|inhibitor|","CHEMBL29292"
"Azidocillin","[H][C@]12SC(C)(C)[C@@H](N1C(=O)[C@H]2NC(=O)[C@H](N=[N+]=[N-])C1=CC=CC=C1)C(O)=O","Solute carrier family 15 member 2","BE0001134","|inhibitor|","CHEMBL2105907"
