"CHEMBL1604","CC1=C(N2[C@H](SC1)[C@H](NC(=O)[C@H](N)C3=CCC=CC3)C2=O)C(=O)O","Active","22166395"
"CHEMBL3349339","C[C@]12CC[C@H]3[C@@H](CCc4cc(OS(=O)(=O)O)ccc34)[C@@H]1CC[C@H]2O","inhibitor [IC50=70uM]","12523936"
"CHEMBL15177","CN(C)C(=O)CCSC(SCCC(=O)O)c1cccc(\C=C\c2ccc3ccc(Cl)cc3n2)c1","inhibitor [IC50=10uM]","12695538"
"CHEMBL996","CO[C@]1(NC(=O)Cc2cccs2)[C@H]3SCC(=C(N3C1=O)C(=O)O)COC(=O)N","Active","22166395"
"CHEMBL425912","C\N=C(/NS(=O)(=O)N1CCS(=O)(=O)CC1)\N2CC(C(=N2)c3ccc(Cl)cc3)c4ccccc4","Not Active","21511945"
"CHEMBL260315","C[C@H](CCC(=O)O)[C@H]1CC[C@H]2[C@@H]3CC[C@@H]4C[C@@H](CC[C@]4(C)[C@H]3CC[C@]12C)OS(=O)(=O)O","inhibitor [IC50=10uM]","12523936"
"CHEMBL260315","C[C@H](CCC(=O)O)[C@H]1CC[C@H]2[C@@H]3CC[C@@H]4C[C@@H](CC[C@]4(C)[C@H]3CC[C@]12C)OS(=O)(=O)O","inhibitor [IC50=10uM]","12523936"
"CHEMBL118","Cc1ccc(cc1)c2cc(nn2c3ccc(cc3)S(=O)(=O)N)C(F)(F)F","inhibitor [78% of control]","12835412"
"CHEMBL118","Cc1ccc(cc1)c2cc(nn2c3ccc(cc3)S(=O)(=O)N)C(F)(F)F","inhibitor [78% of control]","12835412"
"CHEMBL897","CCCN(CCC)S(=O)(=O)c1ccc(cc1)C(=O)O","inhibitor [52% of control]","12883481"
"CHEMBL28079","CCCOc1ccccc1C2=Nc3nn[nH]c3C(=O)N2","inhibitor [34.1 % of control]","12036927"
"CHEMBL28079","CCCOc1ccccc1C2=Nc3nn[nH]c3C(=O)N2","inhibitor [34.1 % of control]","12036927"
"CHEMBL28079","CCCOc1ccccc1C2=Nc3nn[nH]c3C(=O)N2","inhibitor [34.1 % of control]","12036927"
"CHEMBL28079","CCCOc1ccccc1C2=Nc3nn[nH]c3C(=O)N2","inhibitor [34.1 % of control]","12036927"
"CHEMBL680","N[C@@H](C(=O)N[C@H]1[C@H]2SCC(=C(N2C1=O)C(=O)O)Cl)c3ccccc3","Active","22166395"
"CHEMBL1425","Sc1ncnc2nc[nH]c12","substrate [+]","11447229"
"CHEMBL1425","Sc1ncnc2nc[nH]c12","substrate [+]","11447229"
"CHEMBL1425","Sc1ncnc2nc[nH]c12","substrate [+]","11447229"
"CHEMBL521","CC(C)Cc1ccc(cc1)C(C)C(=O)O","inhibitor [31% of control]","12835412"
"CHEMBL521","CC(C)Cc1ccc(cc1)C(C)C(=O)O","inhibitor [31% of control]","12835412"
"CHEMBL521","CC(C)Cc1ccc(cc1)C(C)C(=O)O","inhibitor [31% of control]","12835412"
"CHEMBL521","CC(C)Cc1ccc(cc1)C(C)C(=O)O","inhibitor [31% of control]","12835412"
"CHEMBL521","CC(C)Cc1ccc(cc1)C(C)C(=O)O","inhibitor [31% of control]","12835412"
"CHEMBL1084644","CCCCC[C@H](O)\C=C\[C@H]1C=CC(=O)[C@@H]1CCCCCCC(=O)O","inhibitor [2% of control]","12835412"
"CHEMBL495244","O[C@@H]1[C@@H](O)[C@H](Oc2ccc(cc2)[N+](=O)[O-])O[C@@H]([C@H]1O)C(=O)O","inhibitor [25 % of control]","11856762"
"CHEMBL388590","CCc1oc2ccccc2c1C(=O)c3cc(Br)c(O)c(Br)c3","inhibitor [60% of control]","14643890"
"CHEMBL111","Cc1c(nn(c2ccc(Cl)cc2Cl)c1c3ccc(Cl)cc3)C(=O)NN4CCCCC4","Active","21511945"
"CHEMBL111","Cc1c(nn(c2ccc(Cl)cc2Cl)c1c3ccc(Cl)cc3)C(=O)NN4CCCCC4","Active","21511945"
"CHEMBL111","Cc1c(nn(c2ccc(Cl)cc2Cl)c1c3ccc(Cl)cc3)C(=O)NN4CCCCC4","Active","21511945"
"CHEMBL364300","CCN(C)S(=O)(=O)N\C(=N/C)\N1CC(C(=N1)c2ccc(Cl)cc2)c3ccccc3","Active","21511945"
"CHEMBL1727","CC1=C(N2[C@H](SC1)[C@H](NC(=O)[C@H](N)c3ccccc3)C2=O)C(=O)O","Active","22166395"
"CHEMBL815","CCCCC[C@H](O)\C=C\[C@H]1[C@H](O)C[C@H](O)[C@@H]1C\C=C/CCCC(=O)O","inhibitor [15% of control]","12835412"
"CHEMBL815","CCCCC[C@H](O)\C=C\[C@H]1[C@H](O)C[C@H](O)[C@@H]1C\C=C/CCCC(=O)O","inhibitor [15% of control]","12835412"
"CHEMBL815","CCCCC[C@H](O)\C=C\[C@H]1[C@H](O)C[C@H](O)[C@@H]1C\C=C/CCCC(=O)O","inhibitor [15% of control]","12835412"
"CHEMBL126075","COc1cc(cc(OC)c1OC)C(=O)OCCCN2CCCN(CCCOC(=O)c3cc(OC)c(OC)c(OC)c3)CC2","inhibitor [IC50=20uM]","12695538"
"CHEMBL126075","COc1cc(cc(OC)c1OC)C(=O)OCCCN2CCCN(CCCOC(=O)c3cc(OC)c(OC)c(OC)c3)CC2","inhibitor [IC50=20uM]","12695538"
"CHEMBL126075","COc1cc(cc(OC)c1OC)C(=O)OCCCN2CCCN(CCCOC(=O)c3cc(OC)c(OC)c(OC)c3)CC2","inhibitor [IC50=20uM]","12695538"
"CHEMBL126075","COc1cc(cc(OC)c1OC)C(=O)OCCCN2CCCN(CCCOC(=O)c3cc(OC)c(OC)c(OC)c3)CC2","inhibitor [IC50=20uM]","12695538"
"CHEMBL548","CCCCC[C@H](O)\C=C\[C@H]1[C@H](O)CC(=O)[C@@H]1C\C=C/CCCC(=O)O","substrate [Km3.4uM]","12835412"
"CHEMBL548","CCCCC[C@H](O)\C=C\[C@H]1[C@H](O)CC(=O)[C@@H]1C\C=C/CCCC(=O)O","substrate [Km3.4uM]","12835412"
"CHEMBL418509","OC[C@H]1O[C@H]([C@H](O)[C@@H]1O)n2cnc3c(SCc4ccc(cc4)[N+](=O)[O-])ncnc23","inhibitor [IC50=75uM]","12695538"
"CHEMBL2074980","CC1=C(C)C(=O)N2N1C(=C(C)C2=O)CSC[C@H](NC(=O)CC[C@H](N)C(=O)O)C(=O)CNC(=O)O","substrate []","14643890"
"CHEMBL2074980","CC1=C(C)C(=O)N2N1C(=C(C)C2=O)CSC[C@H](NC(=O)CC[C@H](N)C(=O)O)C(=O)CNC(=O)O","substrate []","14643890"
"CHEMBL383580","C\N=C(/NS(=O)(=O)N1CCSCC1)\N2CC(C(=N2)c3ccc(Cl)cc3)c4ccccc4","Not Active","21511945"
"CHEMBL383580","C\N=C(/NS(=O)(=O)N1CCSCC1)\N2CC(C(=N2)c3ccc(Cl)cc3)c4ccccc4","Not Active","21511945"
"CHEMBL371829","C\N=C(/NS(=O)(=O)N(C)C(C)C)\N1CC(C(=N1)c2ccc(Cl)cc2)c3ccccc3","Active","21511945"
"CHEMBL484","Nc1ncnc2c1ncn2CCOCP(=O)(O)O","transporter substrate","20190787"
"CHEMBL15870","CC(C(=O)O)c1ccc(cc1)N2Cc3ccccc3C2=O","inhibitor [17% of control]","12835412"
"CHEMBL84","CC[C@@]1(O)C(=O)OCC2=C1C=C3N(Cc4cc5c(CN(C)C)c(O)ccc5nc34)C2=O","transporter substrate","20190787"
"CHEMBL84","CC[C@@]1(O)C(=O)OCC2=C1C=C3N(Cc4cc5c(CN(C)C)c(O)ccc5nc34)C2=O","transporter substrate","20190787"
"CHEMBL84","CC[C@@]1(O)C(=O)OCC2=C1C=C3N(Cc4cc5c(CN(C)C)c(O)ccc5nc34)C2=O","transporter substrate","20190787"
"CHEMBL84","CC[C@@]1(O)C(=O)OCC2=C1C=C3N(Cc4cc5c(CN(C)C)c(O)ccc5nc34)C2=O","transporter substrate","20190787"
"CHEMBL84","CC[C@@]1(O)C(=O)OCC2=C1C=C3N(Cc4cc5c(CN(C)C)c(O)ccc5nc34)C2=O","transporter substrate","20190787"
"CHEMBL84","CC[C@@]1(O)C(=O)OCC2=C1C=C3N(Cc4cc5c(CN(C)C)c(O)ccc5nc34)C2=O","transporter substrate","20190787"
"CHEMBL2074644","C[C@H](CCC(=O)NCCS(=O)(=O)O)C1CC[C@H]2[C@@H]3CC[C@@H]4C[C@@H](CC[C@]4(C)[C@H]3CC[C@]12C)OS(=O)(=O)O","inhibitor [IC50=10uM]","12523936"
"CHEMBL2074644","C[C@H](CCC(=O)NCCS(=O)(=O)O)C1CC[C@H]2[C@@H]3CC[C@@H]4C[C@@H](CC[C@]4(C)[C@H]3CC[C@]12C)OS(=O)(=O)O","inhibitor [IC50=10uM]","12523936"
"CHEMBL2074644","C[C@H](CCC(=O)NCCS(=O)(=O)O)C1CC[C@H]2[C@@H]3CC[C@@H]4C[C@@H](CC[C@]4(C)[C@H]3CC[C@]12C)OS(=O)(=O)O","inhibitor [IC50=10uM]","12523936"
"CHEMBL2074644","C[C@H](CCC(=O)NCCS(=O)(=O)O)C1CC[C@H]2[C@@H]3CC[C@@H]4C[C@@H](CC[C@]4(C)[C@H]3CC[C@]12C)OS(=O)(=O)O","inhibitor [IC50=10uM]","12523936"
