"CHEMBL1086218","C\C=C\C[C@@H](C)C(=O)[C@@H]1N(C)C(=O)[C@H](C(C)C)N(C)C(=O)[C@H](CC(C)C)N(C)C(=O)[C@H](CC(C)C)N(C)C(=O)[C@@H](C)NC(=O)[C@H](C)NC(=O)[C@H](CC(C)C)N(C)C(=O)[C@@H](NC(=O)[C@H](CC(C)C)N(C)C(=O)CN(C)C(=O)[C@@H](NC1=O)C(C)C)C(C)C","inhibitor [56.4 % of control]","12036927"
"CHEMBL6","COc1ccc2c(c1)c(CC(=O)O)c(C)n2C(=O)c3ccc(Cl)cc3","inhibitor [74% of control]","14643890"
"CHEMBL224867","C[C@H](CCC(=O)NCCS(=O)(=O)O)[C@H]1CC[C@H]2[C@@H]3[C@H](O)C[C@@H]4C[C@H](O)CC[C@]4(C)[C@H]3C[C@H](O)[C@]12C","inhibitor [IC50=250uM]","14643890"
"CHEMBL2074591","C[C@]12CC[C@H]3[C@@H](CCc4cc(O[C@@H]5O[C@@H]([C@@H](O)[C@H](O)[C@H]5O)C(=O)O)ccc34)[C@@H]1CC[C@@H]2O","inhibitor [IC50=120uM]","12523936"
"CHEMBL1436","CO\N=C(/C(=O)N[C@H]1[C@H]2SCC(=C(N2C1=O)C(=O)O)COC(=O)N)\c3occc3","Active","22166395"
"CHEMBL272427","C[C@H](CCC(=O)NCCS(=O)(=O)O)[C@H]1CC[C@H]2[C@@H]3[C@@H](O)C[C@@H]4C[C@H](O)CC[C@]4(C)[C@H]3CC[C@]12C","inhibitor [26% of control]","12883481"
"CHEMBL161","CO\N=C(/C(=O)N[C@H]1[C@H]2SCC(=C(N2C1=O)C(=O)O)CSC3=NC(=O)C(=NN3C)O)\c4csc(N)n4","Active","22166395"
"CHEMBL932","OCCN(CCO)c1nc(N2CCCCC2)c3nc(nc(N4CCCCC4)c3n1)N(CCO)CCO","inhibitor [9 % of control]","11856762"
"CHEMBL395336","NC1=Nc2c(ncn2[C@@H]3O[C@@H]4COP(=O)(O)O[C@H]4[C@H]3O)C(=O)N1","inhibitor [16.2 % of control]","11447229"
"CHEMBL2074982","C[C@]12CC[C@H]3[C@@H](CC=C4C[C@H](CC[C@]34C)O[C@@H]5O[C@@H]([C@@H](O)[C@H](O)[C@H]5O)C(=O)O)[C@@H]1CCC2=O","inhibitor [IC50=80uM]","12523936"
"CHEMBL1201195","CO[C@]1(NC(=O)CSCC#N)[C@H]2SCC(=C(N2C1=O)C(=O)O)CSc3nnnn3C","Active","22166395"
"CHEMBL1552426","CCCCC[C@H](O)\C=C\[C@H]1OC(O)C[C@H](O)[C@@H]1C\C=C/CCCC(=O)O","inhibitor [29% of control]","12835412"
"CHEMBL122","CS(=O)(=O)c1ccc(cc1)C2=C(C(=O)OC2)c3ccccc3","inhibitor [80% of control]","12835412"
"CHEMBL195050","CCN(CC)S(=O)(=O)N\C(=N/C)\N1CC(C(=N1)c2ccc(Cl)cc2)c3ccccc3","Active","21511945"
"CHEMBL34259","CN(Cc1cnc2nc(N)nc(N)c2n1)c3ccc(cc3)C(=O)N[C@@H](CCC(=O)O)C(=O)O","inhibitor [40.3 % of control]","11447229"
"CHEMBL1604","CC1=C(N2[C@H](SC1)[C@H](NC(=O)[C@H](N)C3=CCC=CC3)C2=O)C(=O)O","Active","22166395"
"CHEMBL372650","C\N=C(/NS(=O)(=O)N(C)C)\N1CC(C(=N1)c2ccc(Cl)cc2)c3ccccc3","Active","21511945"
"CHEMBL196989","C\N=C(/NS(=O)(=O)N1CCCC1)\N2CC(C(=N2)c3ccc(Cl)cc3)c4ccccc4","Active","21511945"
"CHEMBL1622","NC1=NC(=O)c2nc(CNc3ccc(cc3)C(=O)N[C@@H](CCC(=O)O)C(=O)O)cnc2N1","inhibitor [63% of control]","12883481"
"CHEMBL257695","CC1=CN([C@H]2C[C@H](N=[N+]=[N-])[C@@H](COP(=O)(O)O)O2)C(=O)NC1=O","substrate [+]","10470083"
"CHEMBL411070","C[C@H](CCC(=O)NCC(=O)O)[C@H]1CC[C@H]2[C@@H]3[C@H](O)C[C@@H]4C[C@H](O)CC[C@]4(C)[C@H]3C[C@H](O)[C@]12C","inhibitor [IC50=400uM]","12523936"
"CHEMBL3349339","C[C@]12CC[C@H]3[C@@H](CCc4cc(OS(=O)(=O)O)ccc34)[C@@H]1CC[C@H]2O","inhibitor [IC50=70uM]","12523936"
"CHEMBL15177","CN(C)C(=O)CCSC(SCCC(=O)O)c1cccc(\C=C\c2ccc3ccc(Cl)cc3n2)c1","inhibitor [IC50=10uM]","12695538"
"CHEMBL213947","N[C@@H](CCC(=O)N[C@H](CSc1ccc(cc1[N+](=O)[O-])[N+](=O)[O-])C(=O)NCC(=O)O)C(=O)O","inhibitor [3 % of control]","11856762"
"CHEMBL1679","NC1=NC(=O)C2=C(NCC(CNc3ccc(cc3)C(=O)N[C@@H](CCC(=O)O)C(=O)O)N2C=O)N1","substrate [Km=640uM]","12036927"
"CHEMBL259898","C[C@]12CC[C@H]3[C@@H](CC=C4C[C@H](CC[C@]34C)OS(=O)(=O)O)[C@@H]1CCC2=O","substrate [Km=1.9uM]","14643890"
"CHEMBL996","CO[C@]1(NC(=O)Cc2cccs2)[C@H]3SCC(=C(N3C1=O)C(=O)O)COC(=O)N","Active","22166395"
"CHEMBL192","CCCc1nn(C)c2C(=O)NC(=Nc12)c3cc(ccc3OCC)S(=O)(=O)N4CCN(C)CC4","inhibitor [IC50=20uM]","12695538"
"CHEMBL285913","COc1cc2CCN3C(=O)N(C)\C(=N\c4c(C)cc(C)cc4C)\C=C3c2cc1OC","inhibitor [25.7 % of control]","12036927"
"CHEMBL571","CC(C(=O)O)c1cccc(c1)C(=O)c2ccccc2","inhibitor [35% of control]","12835412"
"CHEMBL6966","COc1ccc(CCN(C)CCCC(C#N)(C(C)C)c2ccc(OC)c(OC)c2)cc1OC","inhibitor [61% of control]","14643890"
"CHEMBL2074695","O[C@H]1[C@H](Oc2cccc3ccccc23)O[C@@H]([C@@H](O)[C@@H]1O)C(=O)O","inhibitor [18 % of control]","11856762"
"CHEMBL1146","Cn1nnnc1SCC2=C(N3[C@H](SC2)[C@H](NC(=O)[C@H](O)c4ccccc4)C3=O)C(=O)O","Active","22166395"
"CHEMBL260315","C[C@H](CCC(=O)O)[C@H]1CC[C@H]2[C@@H]3CC[C@@H]4C[C@@H](CC[C@]4(C)[C@H]3CC[C@]12C)OS(=O)(=O)O","inhibitor [IC50=10uM]","12523936"
"CHEMBL832","[O-][S+](CCC1C(=O)N(N(C1=O)c2ccccc2)c3ccccc3)c4ccccc4","inhibitor [23.3 % of control]","12036927"
"CHEMBL1543","N[C@@H](CCC(=O)N[C@@H](CS)C(=O)NCC(=O)O)C(=O)O","substrate [+]","11802779"
"CHEMBL2074584","C[C@H](CCC(=O)NCC(=O)O)[C@H]1CC[C@H]2[C@@H]3CC[C@@H]4C[C@@H](CC[C@]4(C)[C@H]3CC[C@]12C)OS(=O)(=O)O","inhibitor [IC50=10uM]","12523936"
"CHEMBL1162492","C[C@]12CC[C@H]3[C@@H](CCc4cc(OS(=O)(=O)O)ccc34)[C@@H]1CC[C@@H]2OS(=O)(=O)O","inhibitor [IC50=0.2uM]","12523936"
"CHEMBL118","Cc1ccc(cc1)c2cc(nn2c3ccc(cc3)S(=O)(=O)N)C(F)(F)F","inhibitor [78% of control]","12835412"
"CHEMBL483","C[C@H](Cn1cnc2c(N)ncnc12)OCP(=O)(O)O","transporter substrate","20190787"
"CHEMBL897","CCCN(CCC)S(=O)(=O)c1ccc(cc1)C(=O)O","inhibitor [52% of control]","12883481"
"CHEMBL1697724","C[C@]12CC[C@H]3[C@@H](CCc4cc(O)ccc34)[C@@H]1CC[C@@H]2O[C@@H]5O[C@@H]([C@@H](O)[C@H](O)[C@H]5O)C(=O)O","inhibitor [75 % of control]","11856762"
"CHEMBL316966","Nc1ncnc2c1ncn2[C@@H]3O[C@@H]4COP(=O)(O)O[C@H]4[C@H]3O","transporter substrate","20190787"
"CHEMBL563","CC(C(=O)O)c1ccc(c(F)c1)c2ccccc2","inhibitor [23% of control]","12835412"
"CHEMBL185878","C[C@H](CCC(=O)NCCS(=O)(=O)O)[C@H]1CC[C@H]2[C@@H]3[C@H](O)C[C@@H]4C[C@H](O)CC[C@]4(C)[C@H]3CC[C@]12C","inhibitor [11% of control]","12883481"
"CHEMBL494753","C[C@]12CC[C@H]3[C@@H](CCc4cc(OS(=O)(=O)O)ccc34)[C@@H]1CCC2=O","inhibitor [IC50=95uM]","12523936"
"CHEMBL28079","CCCOc1ccccc1C2=Nc3nn[nH]c3C(=O)N2","inhibitor [34.1 % of control]","12036927"
"CHEMBL1551","C[C@H](CCC(=O)O)[C@H]1CC[C@H]2[C@@H]3[C@@H](O)C[C@@H]4C[C@H](O)CC[C@]4(C)[C@H]3CC[C@]12C","inhibitor [18% of control]","12883481"
"CHEMBL680","N[C@@H](C(=O)N[C@H]1[C@H]2SCC(=C(N2C1=O)C(=O)O)Cl)c3ccccc3","Active","22166395"
"CHEMBL727","NC1=Nc2[nH]cnc2C(=S)N1","inhibitor [53% of control]","14643890"
"CHEMBL1425","Sc1ncnc2nc[nH]c12","substrate [+]","11447229"
"CHEMBL521","CC(C)Cc1ccc(cc1)C(C)C(=O)O","inhibitor [31% of control]","12835412"
"CHEMBL1084644","CCCCC[C@H](O)\C=C\[C@H]1C=CC(=O)[C@@H]1CCCCCCC(=O)O","inhibitor [2% of control]","12835412"
"CHEMBL495244","O[C@@H]1[C@@H](O)[C@H](Oc2ccc(cc2)[N+](=O)[O-])O[C@@H]([C@H]1O)C(=O)O","inhibitor [25 % of control]","11856762"
"CHEMBL408701","C[C@H](CCC(=O)NCCS(=O)(=O)O)[C@H]1CC[C@H]2[C@@H]3CC[C@@H]4C[C@H](O)CC[C@]4(C)[C@H]3CC[C@]12C","inhibitor [IC50=20uM]","12523936"
"CHEMBL388590","CCc1oc2ccccc2c1C(=O)c3cc(Br)c(O)c(Br)c3","inhibitor [60% of control]","14643890"
"CHEMBL111","Cc1c(nn(c2ccc(Cl)cc2Cl)c1c3ccc(Cl)cc3)C(=O)NN4CCCCC4","Active","21511945"
"CHEMBL364300","CCN(C)S(=O)(=O)N\C(=N/C)\N1CC(C(=N1)c2ccc(Cl)cc2)c3ccccc3","Active","21511945"
"CHEMBL1727","CC1=C(N2[C@H](SC1)[C@H](NC(=O)[C@H](N)c3ccccc3)C2=O)C(=O)O","Active","22166395"
"CHEMBL815","CCCCC[C@H](O)\C=C\[C@H]1[C@H](O)C[C@H](O)[C@@H]1C\C=C/CCCC(=O)O","inhibitor [15% of control]","12835412"
"CHEMBL126075","COc1cc(cc(OC)c1OC)C(=O)OCCCN2CCCN(CCCOC(=O)c3cc(OC)c(OC)c(OC)c3)CC2","inhibitor [IC50=20uM]","12695538"
"CHEMBL548","CCCCC[C@H](O)\C=C\[C@H]1[C@H](O)CC(=O)[C@@H]1C\C=C/CCCC(=O)O","substrate [Km3.4uM]","12835412"
"CHEMBL1325783","CCCCC[C@H](O)\C=C\[C@H]1[C@H](O)C[C@H](O)[C@@H]1CCCCCCC(=O)O","inhibitor [29% of control]","12835412"
"CHEMBL418509","OC[C@H]1O[C@H]([C@H](O)[C@@H]1O)n2cnc3c(SCc4ccc(cc4)[N+](=O)[O-])ncnc23","inhibitor [IC50=75uM]","12695538"
"CHEMBL2074749","NC(CCC(=O)NC(CSc1ccc(cc1[N+](=O)[O-])[N+](=O)[O-])C(=O)NCC(=O)O)C(=O)O.[O-][N+](=O)c2ccc(Cl)c(c2)[N+](=O)[O-]","inhibitor [27% of control]","14643890"
"CHEMBL2074980","CC1=C(C)C(=O)N2N1C(=C(C)C2=O)CSC[C@H](NC(=O)CC[C@H](N)C(=O)O)C(=O)CNC(=O)O","substrate []","14643890"
"CHEMBL139","OC(=O)Cc1ccccc1Nc2c(Cl)cccc2Cl","transporter inhibitor","20190787"
"CHEMBL258818","C[C@H](CCC(=O)NCC(=O)O)[C@H]1CC[C@H]2[C@@H]3CC[C@@H]4C[C@H](O)CC[C@]4(C)[C@H]3CC[C@]12C","inhibitor [9% of control]","12883481"
"CHEMBL495","CCCCC[C@H](O)\C=C\[C@H]1[C@H](O)CC(=O)[C@@H]1CCCCCCC(=O)O","substrate [Km2.1uM]","12835412"
"CHEMBL412272","C[C@H](CCC(=O)NCCS(=O)(=O)O)[C@H]1CC[C@H]2[C@@H]3CC[C@@H]4C[C@H](O)CC[C@]4(C)[C@H]3C[C@H](O)[C@]12C","inhibitor [IC50=60uM]","12523936"
"CHEMBL35","NS(=O)(=O)c1cc(C(=O)O)c(NCc2occc2)cc1Cl","transporter substrate","20190787"
"CHEMBL1478","C[C@H](CCC(=O)O)[C@H]1CC[C@H]2[C@@H]3CC[C@@H]4C[C@H](O)CC[C@]4(C)[C@H]3CC[C@]12C","inhibitor [68% of control]","12883481"
"CHEMBL371829","C\N=C(/NS(=O)(=O)N(C)C(C)C)\N1CC(C(=N1)c2ccc(Cl)cc2)c3ccccc3","Active","21511945"
"CHEMBL484","Nc1ncnc2c1ncn2CCOCP(=O)(O)O","transporter substrate","20190787"
"CHEMBL2074738","CC(=O)N[C@@H](CSc1ccc(cc1[N+](=O)[O-])[N+](=O)[O-])C(=O)O","inhibitor [29 % of control]","11856762"
"CHEMBL15870","CC(C(=O)O)c1ccc(cc1)N2Cc3ccccc3C2=O","inhibitor [17% of control]","12835412"
"CHEMBL507674","CCN1CCN(C(=O)N[C@@H](C(=O)N[C@H]2[C@H]3SCC(=C(N3C2=O)C(=O)O)CSc4nnnn4C)c5ccc(O)cc5)C(=O)C1=O","Active","22166395"
"CHEMBL84","CC[C@@]1(O)C(=O)OCC2=C1C=C3N(Cc4cc5c(CN(C)C)c(O)ccc5nc34)C2=O","transporter substrate","20190787"
"CHEMBL2074644","C[C@H](CCC(=O)NCCS(=O)(=O)O)C1CC[C@H]2[C@@H]3CC[C@@H]4C[C@@H](CC[C@]4(C)[C@H]3CC[C@]12C)OS(=O)(=O)O","inhibitor [IC50=10uM]","12523936"
"CHEMBL51628","Oc1ccc2C=CC(=O)Oc2c1","Not Active","22415933"
"CHEMBL197040","C\N=C(/NS(=O)(=O)N1CCCCCC1)\N2CC(C(=N2)c3ccc(Cl)cc3)c4ccccc4","Not Active","21511945"
"CHEMBL197099","C\N=C(/NS(=O)(=O)N1CCCCCCC1)\N2CC(C(=N2)c3ccc(Cl)cc3)c4ccccc4","Not Active","21511945"
"CHEMBL425912","C\N=C(/NS(=O)(=O)N1CCS(=O)(=O)CC1)\N2CC(C(=N2)c3ccc(Cl)cc3)c4ccccc4","Not Active","21511945"
"CHEMBL383580","C\N=C(/NS(=O)(=O)N1CCSCC1)\N2CC(C(=N2)c3ccc(Cl)cc3)c4ccccc4","Not Active","21511945"
