"Duplicates"
"CHEMBL1543","N[C@@H](CCC(=O)N[C@@H](CS)C(=O)NCC(=O)O)C(=O)O","substrate [+]","11802779"
"Glutathione","N[C@@H](CCC(=O)N[C@@H](CS)C(=O)NCC(O)=O)C(O)=O","Multidrug resistance-associated protein 4","BE0001188","|substrate|","CHEMBL1543"
"Duplicates"
"CHEMBL316966","Nc1ncnc2c1ncn2[C@@H]3O[C@@H]4COP(=O)(O)O[C@H]4[C@H]3O","transporter substrate","20190787"
"Cyclic Adenosine Monophosphate","NC1=NC=NC2=C1N=CN2[C@@H]1O[C@@H]2COP(O)(=O)O[C@H]2[C@H]1O","Multidrug resistance-associated protein 4","BE0001188","|substrate|inhibitor|","CHEMBL316966"
"Duplicates"
"CHEMBL548","CCCCC[C@H](O)\C=C\[C@H]1[C@H](O)CC(=O)[C@@H]1C\C=C/CCCC(=O)O","substrate [Km3.4uM]","12835412"
"Dinoprostone","CCCCC[C@H](O)\C=C\[C@H]1[C@H](O)CC(=O)[C@@H]1C\C=C/CCCC(O)=O","Multidrug resistance-associated protein 4","BE0001188","|substrate|","CHEMBL548"
"Duplicates"
"CHEMBL495","CCCCC[C@H](O)\C=C\[C@H]1[C@H](O)CC(=O)[C@@H]1CCCCCCC(=O)O","substrate [Km2.1uM]","12835412"
"Alprostadil","CCCCC[C@H](O)C=C[C@H]1[C@H](O)CC(=O)[C@@H]1CCCCCCC(O)=O","Multidrug resistance-associated protein 4","BE0001188","|substrate|","CHEMBL495"
"Duplicates"
"CHEMBL6","COc1ccc2c(c1)c(CC(=O)O)c(C)n2C(=O)c3ccc(Cl)cc3","inhibitor [74% of control]","14643890"
"Indomethacin","COC1=CC2=C(C=C1)N(C(=O)C1=CC=C(Cl)C=C1)C(C)=C2CC(O)=O","Multidrug resistance-associated protein 4","BE0001188","|inhibitor|","CHEMBL6"
"Duplicates"
"CHEMBL224867","C[C@H](CCC(=O)NCCS(=O)(=O)O)[C@H]1CC[C@H]2[C@@H]3[C@H](O)C[C@@H]4C[C@H](O)CC[C@]4(C)[C@H]3C[C@H](O)[C@]12C","inhibitor [IC50=250uM]","14643890"
"Taurocholic Acid","[H][C@@]1(CC[C@@]2([H])[C@]3([H])[C@H](O)C[C@]4([H])C[C@H](O)CC[C@]4(C)[C@@]3([H])C[C@H](O)[C@]12C)[C@H](C)CCC(=O)NCCS(O)(=O)=O","Multidrug resistance-associated protein 4","BE0001188","|inhibitor|","CHEMBL224867"
"Duplicates"
"CHEMBL932","OCCN(CCO)c1nc(N2CCCCC2)c3nc(nc(N4CCCCC4)c3n1)N(CCO)CCO","inhibitor [9 % of control]","11856762"
"Dipyridamole","OCCN(CCO)C1=NC2=C(N=C(N=C2N2CCCCC2)N(CCO)CCO)C(=N1)N1CCCCC1","Multidrug resistance-associated protein 4","BE0001188","|inhibitor|","CHEMBL932"
"Duplicates"
"CHEMBL122","CS(=O)(=O)c1ccc(cc1)C2=C(C(=O)OC2)c3ccccc3","inhibitor [80% of control]","12835412"
"Rofecoxib","CS(=O)(=O)C1=CC=C(C=C1)C1=C(C(=O)OC1)C1=CC=CC=C1","Multidrug resistance-associated protein 4","BE0001188","|inhibitor|","CHEMBL122"
"Duplicates"
"CHEMBL34259","CN(Cc1cnc2nc(N)nc(N)c2n1)c3ccc(cc3)C(=O)N[C@@H](CCC(=O)O)C(=O)O","inhibitor [40.3 % of control]","11447229"
"Methotrexate","CN(CC1=CN=C2N=C(N)N=C(N)C2=N1)C1=CC=C(C=C1)C(=O)N[C@@H](CCC(O)=O)C(O)=O","Multidrug resistance-associated protein 4","BE0001188","|substrate|inhibitor|","CHEMBL34259"
"Duplicates"
"CHEMBL1622","NC1=NC(=O)c2nc(CNc3ccc(cc3)C(=O)N[C@@H](CCC(=O)O)C(=O)O)cnc2N1","inhibitor [63% of control]","12883481"
"Folic Acid","NC1=NC(=O)C2=NC(CNC3=CC=C(C=C3)C(=O)N[C@@H](CCC(O)=O)C(O)=O)=CN=C2N1","Multidrug resistance-associated protein 4","BE0001188","|inhibitor|","CHEMBL1622"
"Duplicates"
"CHEMBL192","CCCc1nn(C)c2C(=O)NC(=Nc12)c3cc(ccc3OCC)S(=O)(=O)N4CCN(C)CC4","inhibitor [IC50=20uM]","12695538"
"Sildenafil","CCCC1=NN(C)C2=C1NC(=NC2=O)C1=C(OCC)C=CC(=C1)S(=O)(=O)N1CCN(C)CC1","Multidrug resistance-associated protein 4","BE0001188","|inhibitor|","CHEMBL192"
"Duplicates"
"CHEMBL571","CC(C(=O)O)c1cccc(c1)C(=O)c2ccccc2","inhibitor [35% of control]","12835412"
"Ketoprofen","CC(C(O)=O)C1=CC(=CC=C1)C(=O)C1=CC=CC=C1","Multidrug resistance-associated protein 4","BE0001188","|inhibitor|","CHEMBL571"
"Duplicates"
"CHEMBL6966","COc1ccc(CCN(C)CCCC(C#N)(C(C)C)c2ccc(OC)c(OC)c2)cc1OC","inhibitor [61% of control]","14643890"
"Verapamil","COC1=C(OC)C=C(CCN(C)CCCC(C#N)(C(C)C)C2=CC(OC)=C(OC)C=C2)C=C1","Multidrug resistance-associated protein 4","BE0001188","|inhibitor|","CHEMBL6966"
"Duplicates"
"CHEMBL118","Cc1ccc(cc1)c2cc(nn2c3ccc(cc3)S(=O)(=O)N)C(F)(F)F","inhibitor [78% of control]","12835412"
"Celecoxib","CC1=CC=C(C=C1)C1=CC(=NN1C1=CC=C(C=C1)S(N)(=O)=O)C(F)(F)F","Multidrug resistance-associated protein 4","BE0001188","|inhibitor|","CHEMBL118"
"Duplicates"
"CHEMBL897","CCCN(CCC)S(=O)(=O)c1ccc(cc1)C(=O)O","inhibitor [52% of control]","12883481"
"Probenecid","CCCN(CCC)S(=O)(=O)C1=CC=C(C=C1)C(O)=O","Multidrug resistance-associated protein 4","BE0001188","|inhibitor|","CHEMBL897"
"Duplicates"
"CHEMBL563","CC(C(=O)O)c1ccc(c(F)c1)c2ccccc2","inhibitor [23% of control]","12835412"
"Flurbiprofen","CC(C(O)=O)C1=CC(F)=C(C=C1)C1=CC=CC=C1","Multidrug resistance-associated protein 4","BE0001188","|inhibitor|","CHEMBL563"
"Duplicates"
"CHEMBL1551","C[C@H](CCC(=O)O)[C@H]1CC[C@H]2[C@@H]3[C@@H](O)C[C@@H]4C[C@H](O)CC[C@]4(C)[C@H]3CC[C@]12C","inhibitor [18% of control]","12883481"
"Ursodeoxycholic acid","[H][C@@]1(CC[C@@]2([H])[C@]3([H])[C@@H](O)C[C@]4([H])C[C@H](O)CC[C@]4(C)[C@@]3([H])CC[C@]12C)[C@H](C)CCC(O)=O","Multidrug resistance-associated protein 4","BE0001188","|inhibitor|","CHEMBL1551"
"Duplicates"
"CHEMBL727","NC1=Nc2[nH]cnc2C(=S)N1","inhibitor [53% of control]","14643890"
"Tioguanine","NC1=NC(=S)C2=C(N1)N=CN2","Multidrug resistance-associated protein 4","BE0001188","|inhibitor|","CHEMBL727"
"Duplicates"
"CHEMBL521","CC(C)Cc1ccc(cc1)C(C)C(=O)O","inhibitor [31% of control]","12835412"
"Ibuprofen","CC(C)CC1=CC=C(C=C1)C(C)C(O)=O","Multidrug resistance-associated protein 4","BE0001188","|inhibitor|","CHEMBL521"
"Duplicates"
"CHEMBL139","OC(=O)Cc1ccccc1Nc2c(Cl)cccc2Cl","transporter inhibitor","20190787"
"Diclofenac","OC(=O)CC1=CC=CC=C1NC1=C(Cl)C=CC=C1Cl","Multidrug resistance-associated protein 4","BE0001188","|inhibitor|","CHEMBL139"
