"Glutathione","N[C@@H](CCC(=O)N[C@@H](CS)C(=O)NCC(O)=O)C(O)=O","Multidrug resistance-associated protein 4","BE0001188","|substrate|","CHEMBL1543"
"Folic Acid","NC1=NC(=O)C2=NC(CNC3=CC=C(C=C3)C(=O)N[C@@H](CCC(O)=O)C(O)=O)=CN=C2N1","Multidrug resistance-associated protein 4","BE0001188","|inhibitor|","CHEMBL1622"
"Oseltamivir","CCOC(=O)C1=C[C@@H](OC(CC)CC)[C@H](NC(C)=O)[C@@H](N)C1","Multidrug resistance-associated protein 4","BE0001188","|substrate|","CHEMBL1229"
"Sildenafil","CCCC1=NN(C)C2=C1NC(=NC2=O)C1=C(OCC)C=CC(=C1)S(=O)(=O)N1CCN(C)CC1","Multidrug resistance-associated protein 4","BE0001188","|inhibitor|","CHEMBL192"
"Tenofovir disoproxil","[H][C@@](C)(CN1C=NC2=C(N)N=CN=C12)OCP(=O)(OCOC(=O)OC(C)C)OCOC(=O)OC(C)C","Multidrug resistance-associated protein 4","BE0001188","|substrate|","CHEMBL1538"
"Indomethacin","COC1=CC2=C(C=C1)N(C(=O)C1=CC=C(Cl)C=C1)C(C)=C2CC(O)=O","Multidrug resistance-associated protein 4","BE0001188","|inhibitor|","CHEMBL6"
"Tioguanine","NC1=NC(=S)C2=C(N1)N=CN2","Multidrug resistance-associated protein 4","BE0001188","|inhibitor|","CHEMBL727"
"Sorafenib","CNC(=O)C1=NC=CC(OC2=CC=C(NC(=O)NC3=CC(=C(Cl)C=C3)C(F)(F)F)C=C2)=C1","Multidrug resistance-associated protein 4","BE0001188","|inhibitor|","CHEMBL1336"
"Celecoxib","CC1=CC=C(C=C1)C1=CC(=NN1C1=CC=C(C=C1)S(N)(=O)=O)C(F)(F)F","Multidrug resistance-associated protein 4","BE0001188","|inhibitor|","CHEMBL118"
"Zidovudine","CC1=CN([C@H]2C[C@H](N=[N+]=[N-])[C@@H](CO)O2)C(=O)NC1=O","Multidrug resistance-associated protein 4","BE0001188","|substrate|","CHEMBL129"
"Rofecoxib","CS(=O)(=O)C1=CC=C(C=C1)C1=C(C(=O)OC1)C1=CC=CC=C1","Multidrug resistance-associated protein 4","BE0001188","|inhibitor|","CHEMBL122"
"Fluorouracil","FC1=CNC(=O)NC1=O","Multidrug resistance-associated protein 4","BE0001188","|substrate|","CHEMBL185"
"Methotrexate","CN(CC1=CN=C2N=C(N)N=C(N)C2=N1)C1=CC=C(C=C1)C(=O)N[C@@H](CCC(O)=O)C(O)=O","Multidrug resistance-associated protein 4","BE0001188","|substrate|inhibitor|","CHEMBL34259"
"Diclofenac","OC(=O)CC1=CC=CC=C1NC1=C(Cl)C=CC=C1Cl","Multidrug resistance-associated protein 4","BE0001188","|inhibitor|","CHEMBL139"
"Verapamil","COC1=C(OC)C=C(CCN(C)CCCC(C#N)(C(C)C)C2=CC(OC)=C(OC)C=C2)C=C1","Multidrug resistance-associated protein 4","BE0001188","|inhibitor|","CHEMBL6966"
"Lamivudine","NC1=NC(=O)N(C=C1)[C@@H]1CS[C@H](CO)O1","Multidrug resistance-associated protein 4","BE0001188","|substrate|","CHEMBL141"
"Flurbiprofen","CC(C(O)=O)C1=CC(F)=C(C=C1)C1=CC=CC=C1","Multidrug resistance-associated protein 4","BE0001188","|inhibitor|","CHEMBL563"
"Adefovir Dipivoxil","CC(C)(C)C(=O)OCOP(=O)(COCCN1C=NC2=C(N)N=CN=C12)OCOC(=O)C(C)(C)C","Multidrug resistance-associated protein 4","BE0001188","|substrate|","CHEMBL922"
"Nateglinide","[H][C@](CC1=CC=CC=C1)(N=C(O)[C@@]1([H])CC[C@@]([H])(CC1)C(C)C)C(O)=O","Multidrug resistance-associated protein 4","BE0001188","|substrate|","CHEMBL783"
"Alprostadil","CCCCC[C@H](O)C=C[C@H]1[C@H](O)CC(=O)[C@@H]1CCCCCCC(O)=O","Multidrug resistance-associated protein 4","BE0001188","|substrate|","CHEMBL495"
"Meloxicam","CN1C(C(=O)NC2=NC=C(C)S2)=C(O)C2=C(C=CC=C2)S1(=O)=O","Multidrug resistance-associated protein 4","BE0001188","|substrate|","CHEMBL599"
"Dinoprostone","CCCCC[C@H](O)\C=C\[C@H]1[C@H](O)CC(=O)[C@@H]1C\C=C/CCCC(O)=O","Multidrug resistance-associated protein 4","BE0001188","|substrate|","CHEMBL548"
"Dipyridamole","OCCN(CCO)C1=NC2=C(N=C(N=C2N2CCCCC2)N(CCO)CCO)C(=N1)N1CCCCC1","Multidrug resistance-associated protein 4","BE0001188","|inhibitor|","CHEMBL932"
"Ketoprofen","CC(C(O)=O)C1=CC(=CC=C1)C(=O)C1=CC=CC=C1","Multidrug resistance-associated protein 4","BE0001188","|inhibitor|","CHEMBL571"
"Probenecid","CCCN(CCC)S(=O)(=O)C1=CC=C(C=C1)C(O)=O","Multidrug resistance-associated protein 4","BE0001188","|inhibitor|","CHEMBL897"
"Mercaptopurine","S=C1N=CNC2=C1NC=N2","Multidrug resistance-associated protein 4","BE0001188","|substrate|","CHEMBL1425"
"Ibuprofen","CC(C)CC1=CC=C(C=C1)C(C)C(O)=O","Multidrug resistance-associated protein 4","BE0001188","|inhibitor|","CHEMBL521"
"Atorvastatin","CC(C)C1=C(C(=O)NC2=CC=CC=C2)C(=C(N1CC[C@@H](O)C[C@@H](O)CC(O)=O)C1=CC=C(F)C=C1)C1=CC=CC=C1","Multidrug resistance-associated protein 4","BE0001188","|substrate|","CHEMBL1487"
"Rosuvastatin","CC(C)C1=NC(=NC(C2=CC=C(F)C=C2)=C1\C=C\[C@@H](O)C[C@@H](O)CC(=O)O)N(C)S(C)(=O)=O","Multidrug resistance-associated protein 4","BE0001188","|substrate|","CHEMBL1496"
"Sulfinpyrazone","O=C1C(CCS(=O)C2=CC=CC=C2)C(=O)N(N1C1=CC=CC=C1)C1=CC=CC=C1","Multidrug resistance-associated protein 4","BE0001188","|inhibitor|","CHEMBL832"
"Sunitinib","CCN(CC)CCNC(=O)C1=C(C)NC(\C=C2/C(=O)NC3=C2C=C(F)C=C3)=C1C","Multidrug resistance-associated protein 4","BE0001188","|inhibitor|","CHEMBL535"
"Cefazolin","[H][C@]12SCC(CSC3=NN=C(C)S3)=C(N1C(=O)[C@H]2NC(=O)CN1C=NN=N1)C(O)=O","Multidrug resistance-associated protein 4","BE0001188","|substrate|","CHEMBL1435"
"Ursodeoxycholic acid","[H][C@@]1(CC[C@@]2([H])[C@]3([H])[C@@H](O)C[C@]4([H])C[C@H](O)CC[C@]4(C)[C@@]3([H])CC[C@]12C)[C@H](C)CCC(O)=O","Multidrug resistance-associated protein 4","BE0001188","|inhibitor|","CHEMBL1551"
"Cyclic Adenosine Monophosphate","NC1=NC=NC2=C1N=CN2[C@@H]1O[C@@H]2COP(O)(=O)O[C@H]2[C@H]1O","Multidrug resistance-associated protein 4","BE0001188","|substrate|inhibitor|","CHEMBL316966"
"Cholic Acid","[H][C@@](C)(CCC(O)=O)[C@@]1([H])CC[C@@]2([H])[C@]3([H])[C@]([H])(O)C[C@]4([H])C[C@]([H])(O)CC[C@]4(C)[C@@]3([H])C[C@]([H])(O)[C@]12C","Multidrug resistance-associated protein 4","BE0001188","|inhibitor|","CHEMBL205596"
"Taurocholic Acid","[H][C@@]1(CC[C@@]2([H])[C@]3([H])[C@H](O)C[C@]4([H])C[C@H](O)CC[C@]4(C)[C@@]3([H])C[C@H](O)[C@]12C)[C@H](C)CCC(=O)NCCS(O)(=O)=O","Multidrug resistance-associated protein 4","BE0001188","|inhibitor|","CHEMBL224867"
"Gadoxetic acid","[Gd+3].[H][C@@](CN(CCN(CC([O-])=O)CC([O-])=O)CC([O-])=O)(CC1=CC=C(OCC)C=C1)N(CC(O)=O)CC(O)=O","Multidrug resistance-associated protein 4","BE0001188","|substrate|","CHEMBL1201768"
"Rucaparib","CNCC1=CC=C(C=C1)C1=C2CCNC(=O)C3=C2C(N1)=CC(F)=C3","Multidrug resistance-associated protein 4","BE0001188","|inhibitor|","CHEMBL1173055"
"Fluciclovine (18F)","N[C@]1(C[C@H]([18F])C1)C(O)=O","Multidrug resistance-associated protein 4","BE0001188","|substrate|","CHEMBL254468"
