"CHEMBL175737","CN(CC(=O)O)C(=O)CN","","22584254"
"CHEMBL429950","C[C@H](NC(=O)[C@@H](N)Cc1ccccc1)C(=O)O","","14761208"
"CHEMBL1349","CC(C)[C@H](N)C(=O)OCCOCn1cnc2C(=O)N=C(N)Nc12","substrate [Km=2200uM]","11180195"
"CHEMBL1161365","CC(N)C(=O)Nc1cccc(c1)c2ccccc2","","14667225"
"CHEMBL1161365","CC(N)C(=O)Nc1cccc(c1)c2ccccc2","","14667225"
"CHEMBL1807355","[NH3+][C@@H](Cc1ccccc1)C(=O)N[C@@H](COC(=O)c2ccccc2)C(=O)N[C@@H](Cc3cccc4ccccc34)C(=O)O.[O-]C(=O)C(F)(F)F","Dose-dependent effect","21703856"
"CHEMBL2074822","CC[N+](C)(C\C=C\C1=C(N2[C@H](SC1)[C@H](NC(=O)\C(=N/OCF)\c3nsc(N)n3)C2=O)C(=O)[O-])CC(=O)N","is not an inhibitor [-]","10636865"
"CHEMBL91792","C[C@H](N)C(=O)N[C@@H](Cc1c[nH]c2ccccc12)C(=O)O","","16759105"
"CHEMBL589585","CC[C@H](C)[C@H](N)C(=O)OCc1cccc(NC(=N)N)c1","","19957998"
"CHEMBL589585","CC[C@H](C)[C@H](N)C(=O)OCc1cccc(NC(=N)N)c1","","19957998"
"CHEMBL589585","CC[C@H](C)[C@H](N)C(=O)OCc1cccc(NC(=N)N)c1","","19957998"
"CHEMBL210784","CC(=O)N[C@@H](Cc1ccccc1)C(=O)N[C@@H](Cc2ccc(O)cc2)C(=O)N","Not Determined","16759105"
"CHEMBL1807351","C[C@H](NC(=O)[C@H](CO)NC(=O)[C@@H](N)Cc1ccccc1)C(=O)O","Dose-dependent effect","21703856"
"CHEMBL2371839","CC[C@H](C)[C@H](NC(=O)[C@@H]1CCCN1C(=O)[C@@H](N)Cc2ccc(O)cc2)C(=O)O","","15974593"
"CHEMBL377325","NCCCC[C@H](NC(=O)[C@@H]1CCCN1)C(=O)O","Not Active","16759105"
"CHEMBL1436","CO\N=C(/C(=O)N[C@H]1[C@H]2SCC(=C(N2C1=O)C(=O)O)COC(=O)N)\c3occc3","inhibitor [Ki=>5mM]","15567297"
"CHEMBL80548","NCC(=O)N1CCC[C@H]1C(=O)O","","16759105"
"CHEMBL191422","N[C@@H](Cc1ccc(O)cc1)C(=O)NCC(=O)NCC(=O)O","","15974593"
"CHEMBL1200340","CCOC(=O)C1=C[C@@H](OC(CC)CC)[C@H](NC(=O)C)[C@@H](N)C1.OP(=O)(O)O","Not Active","22490229"
"CHEMBL578","CCOC(=O)[C@H](CCc1ccccc1)N[C@@H](C)C(=O)N2CCC[C@H]2C(=O)O","inhibitor [IC50=15000uM]","9706043"
"CHEMBL190704","OC(=O)C[C@H](NC(=O)[C@@H]1CCCN1)C(=O)O","","15974593"
"CHEMBL188695","CC(C)C[C@H](N)C(=O)N[C@@H](CCCN=C(N)N)C(=O)N1CCC[C@H]1C(=O)O","","15974593"
"CHEMBL1644","CC1=C(N2[C@H](SC1)[C@H](NC(=O)[C@H](N)c3ccc(O)cc3)C2=O)C(=O)O","inhibitor [IC50=5400uM]","7592745"
"CHEMBL378905","NCC(=O)NCC(=O)NCC(=O)NCC(=O)O","Not Active","16759105"
"CHEMBL378905","NCC(=O)NCC(=O)NCC(=O)NCC(=O)O","Not Active","16759105"
"CHEMBL363832","C[C@@H](O)[C@H](N)C(=O)N[C@@H](CCCCN)C(=O)N[C@@H](Cc1ccc(O)cc1)C(=O)O","","15974593"
"CHEMBL1237","NCCCC[C@H](N[C@@H](CCc1ccccc1)C(=O)O)C(=O)N2CCC[C@H]2C(=O)O","is not a substrate [-]","15618677"
"CHEMBL1009","N[C@@H](Cc1ccc(O)c(O)c1)C(=O)O","inhibitor [IC50=141200uM]","10052994"
"CHEMBL1009","N[C@@H](Cc1ccc(O)c(O)c1)C(=O)O","inhibitor [IC50=141200uM]","10052994"
"CHEMBL1009","N[C@@H](Cc1ccc(O)c(O)c1)C(=O)O","inhibitor [IC50=141200uM]","10052994"
"CHEMBL1009","N[C@@H](Cc1ccc(O)c(O)c1)C(=O)O","inhibitor [IC50=141200uM]","10052994"
"CHEMBL377872","N[C@@H](Cc1c[nH]cn1)C(=O)N[C@@H](Cc2c[nH]cn2)C(=O)O","","16759105"
"CHEMBL377872","N[C@@H](Cc1c[nH]cn1)C(=O)N[C@@H](Cc2c[nH]cn2)C(=O)O","","16759105"
"CHEMBL2096813","C[C@H](N)C(=O)N[C@H](CCCCN)C(=O)O","","15974593"
"CHEMBL2074938","C[C@H](N)C(=O)N[C@@H](CCC(=O)O)C(=O)O","","14667225"
"CHEMBL2074938","C[C@H](N)C(=O)N[C@@H](CCC(=O)O)C(=O)O","","14667225"
"CHEMBL2074938","C[C@H](N)C(=O)N[C@@H](CCC(=O)O)C(=O)O","","14667225"
"CHEMBL293494","CC(C)C[C@H](NC(=O)[C@@H]1CCCN1)C(=O)O","","16759105"
"CHEMBL293494","CC(C)C[C@H](NC(=O)[C@@H]1CCCN1)C(=O)O","","16759105"
"CHEMBL293494","CC(C)C[C@H](NC(=O)[C@@H]1CCCN1)C(=O)O","","16759105"
"CHEMBL293494","CC(C)C[C@H](NC(=O)[C@@H]1CCCN1)C(=O)O","","16759105"
"CHEMBL190361","NCCCC[C@H](NC(=O)[C@@H](N)CCC(=O)O)C(=O)O","","16759105"
"CHEMBL190361","NCCCC[C@H](NC(=O)[C@@H](N)CCC(=O)O)C(=O)O","","16759105"
"CHEMBL108438","N[C@@H](Cc1ccccc1)C(=O)N[C@@H](Cc2ccccc2)C(=O)N","","16759105"
"CHEMBL108438","N[C@@H](Cc1ccccc1)C(=O)N[C@@H](Cc2ccccc2)C(=O)N","","16759105"
"CHEMBL108438","N[C@@H](Cc1ccccc1)C(=O)N[C@@H](Cc2ccccc2)C(=O)N","","16759105"
"CHEMBL260836","CC1=C(CC(=O)NCCCC[C@H](N)C(=O)N[C@@H](CO)C(=O)O)C(=O)Oc2cc(N)c(cc12)S(=O)(=O)O","","18374571"
"CHEMBL260836","CC1=C(CC(=O)NCCCC[C@H](N)C(=O)N[C@@H](CO)C(=O)O)C(=O)Oc2cc(N)c(cc12)S(=O)(=O)O","","18374571"
"CHEMBL192867","C[C@H](NC(=O)[C@@H](N)CO)C(=O)O","","14667225"
"CHEMBL2372591","C[C@H](NC(=O)[C@H](C)NC(=O)OCc1ccccc1)C(=O)O","","14667225"
"CHEMBL2372591","C[C@H](NC(=O)[C@H](C)NC(=O)OCc1ccccc1)C(=O)O","","14667225"
"CHEMBL2372591","C[C@H](NC(=O)[C@H](C)NC(=O)OCc1ccccc1)C(=O)O","","14667225"
"CHEMBL2372591","C[C@H](NC(=O)[C@H](C)NC(=O)OCc1ccccc1)C(=O)O","","14667225"
"CHEMBL53400","NCC(=O)N[C@@H](Cc1ccc(O)cc1)C(=O)O","","16759105"
"CHEMBL318725","CC(N)C(=O)NCc1ccccc1","","14667225"
"CHEMBL318725","CC(N)C(=O)NCc1ccccc1","","14667225"
"CHEMBL610518","N[C@@H](CC(=O)O)C(=O)OC[C@H]1OC([C@H](O)[C@@H]1O)n2c(Br)nc3cc(Cl)c(Cl)cc23","","15715497"
"CHEMBL244545","CC(C)C[C@@H](CNC(=O)[C@@H](C)CNC(=O)[C@H](CN)C(C)C)C(=O)O","Active","17887660"
"CHEMBL244545","CC(C)C[C@@H](CNC(=O)[C@@H](C)CNC(=O)[C@H](CN)C(C)C)C(=O)O","Active","17887660"
"CHEMBL190272","CSCC[C@H](N)C(=O)N[C@@H](CCSC)C(=O)N[C@@H](CCSC)C(=O)O","","15974593"
"CHEMBL1807686","N[C@@H](Cc1ccccc1)C(=O)N2CCC[C@H]2C(=O)O","substrate [+]","10189264"
"CHEMBL1807686","N[C@@H](Cc1ccccc1)C(=O)N2CCC[C@H]2C(=O)O","substrate [+]","10189264"
"CHEMBL2371139","CNCC(=O)N1CCC[C@H]1C(=O)O","","14667225"
"CHEMBL55868","N[C@@H](Cc1ccccc1)C(=O)N[C@@H](Cc2ccccc2)C(=O)O","","14667225"
"CHEMBL347510","CC(N)C(=S)N1CCCC1C(=O)O","inhibitor [Ki=300uM]","9461567"
"CHEMBL1200356","CC1(C)S[C@@H]2[C@H](NC(=O)C3(N)CCCCC3)C(=O)N2[C@H]1C(=O)O","","15974593"
"CHEMBL1200356","CC1(C)S[C@@H]2[C@H](NC(=O)C3(N)CCCCC3)C(=O)N2[C@H]1C(=O)O","","15974593"
"CHEMBL1200356","CC1(C)S[C@@H]2[C@H](NC(=O)C3(N)CCCCC3)C(=O)N2[C@H]1C(=O)O","","15974593"
"CHEMBL1200356","CC1(C)S[C@@H]2[C@H](NC(=O)C3(N)CCCCC3)C(=O)N2[C@H]1C(=O)O","","15974593"
"CHEMBL607962","N[C@H](CC(=O)O)C(=O)OC[C@H]1OC([C@H](O)[C@@H]1O)n2c(Br)nc3cc(Cl)c(Cl)cc23","","15715497"
"CHEMBL592658","CC(C)[C@H](N)C(=O)OC(=O)c1ccccc1","","19957998"
"CHEMBL244542","C[C@@H](CC(=O)O)NC(=O)C[C@H](C)NC(=O)C[C@@H](N)CO","Not Active","17887660"
"CHEMBL244542","C[C@@H](CC(=O)O)NC(=O)C[C@H](C)NC(=O)C[C@@H](N)CO","Not Active","17887660"
"CHEMBL210490","N[C@@H](CC(=O)O)C(=O)N[C@@H](Cc1c[nH]c2ccccc12)C(=O)O","","16759105"
"CHEMBL188696","NCCCC[C@H](N)C(=O)N[C@@H](CC(=O)O)C=O","","15974593"
"CHEMBL59426","OC(=O)CNC(=O)[C@@H]1CCCN1","","16759105"
"CHEMBL186","CO\N=C(/C(=O)N[C@H]1[C@H]2SCC(=C(N2C1=O)C(=O)[O-])C[N+]3(C)CCCC3)\c4csc(N)n4","","15974593"
"CHEMBL361278","CC(C)C[C@H](N)C(=O)N1CCC[C@H]1C(=O)N[C@@H](CCCN=C(N)N)C(=O)O","","15974593"
"CHEMBL2074827","Oc1ccc(C[C@@H]2NC(=O)CNC2=O)cc1","substrate [Km=62.9uM]","12356285"
"CHEMBL327608","C[C@H](N)C(=O)N1CCC[C@@H]1C(=O)O","","15974593"
"CHEMBL327608","C[C@H](N)C(=O)N1CCC[C@@H]1C(=O)O","","15974593"
"CHEMBL541207","CC(C)C[C@H](N)C(=O)N[C@@H](C)C(=O)O","","14667225"
"CHEMBL189777","N[C@@H](Cc1ccccc1)C(=O)C[C@@H](CC(=O)OCc2ccccc2)C(=O)O","","15341490"
"CHEMBL1791442","CCC(C)[C@H](N)C(=O)OC[C@H]1O[C@H]([C@H](O)[C@@H]1O)n2c(Br)nc3cc(Cl)c(Cl)cc23","","15715497"
"CHEMBL893","Cc1onc(c1C(=O)N[C@H]2[C@H]3SC(C)(C)[C@@H](N3C2=O)C(=O)O)c4c(Cl)cccc4Cl","","15974593"
"CHEMBL893","Cc1onc(c1C(=O)N[C@H]2[C@H]3SC(C)(C)[C@@H](N3C2=O)C(=O)O)c4c(Cl)cccc4Cl","","15974593"
"CHEMBL417979","N[C@@H](Cc1ccccc1)C(=O)NCC(=O)O","","16759105"
"CHEMBL417979","N[C@@H](Cc1ccccc1)C(=O)NCC(=O)O","","16759105"
"CHEMBL417979","N[C@@H](Cc1ccccc1)C(=O)NCC(=O)O","","16759105"
"CHEMBL379810","N[C@@H](CO)C(=O)N[C@@H](CO)C(=O)O","","16759105"
"CHEMBL379810","N[C@@H](CO)C(=O)N[C@@H](CO)C(=O)O","","16759105"
"CHEMBL1161351","COC(=O)c1cccc(NC(=O)C(C)N)c1","","14667225"
"CHEMBL1161351","COC(=O)c1cccc(NC(=O)C(C)N)c1","","14667225"
"CHEMBL1161351","COC(=O)c1cccc(NC(=O)C(C)N)c1","","14667225"
"CHEMBL1161351","COC(=O)c1cccc(NC(=O)C(C)N)c1","","14667225"
"CHEMBL209341","CC(C)C[C@H](NC(=O)CN)C(=O)NCC(=O)O","","16759105"
"CHEMBL209765","N[C@@H](Cc1c[nH]cn1)C(=O)N[C@@H](Cc2c[nH]c3ccccc23)C(=O)O","","16759105"
"CHEMBL209765","N[C@@H](Cc1c[nH]cn1)C(=O)N[C@@H](Cc2c[nH]c3ccccc23)C(=O)O","","16759105"
"CHEMBL191212","C[C@H](NC(=O)[C@@H](N)CCCCN)C(=O)N","","15974593"
"CHEMBL191212","C[C@H](NC(=O)[C@@H](N)CCCCN)C(=O)N","","15974593"
"CHEMBL1766263","N[C@@H](Cc1ccc(cc1)c2ccccc2)C(=O)N[C@@H](CCCNC(=N)N)C(=O)O","","21401113"
"CHEMBL1766263","N[C@@H](Cc1ccc(cc1)c2ccccc2)C(=O)N[C@@H](CCCNC(=N)N)C(=O)O","","21401113"
"CHEMBL1766263","N[C@@H](Cc1ccc(cc1)c2ccccc2)C(=O)N[C@@H](CCCNC(=N)N)C(=O)O","","21401113"
"CHEMBL1766263","N[C@@H](Cc1ccc(cc1)c2ccccc2)C(=O)N[C@@H](CCCNC(=N)N)C(=O)O","","21401113"
"CHEMBL1766263","N[C@@H](Cc1ccc(cc1)c2ccccc2)C(=O)N[C@@H](CCCNC(=N)N)C(=O)O","","21401113"
"CHEMBL1766263","N[C@@H](Cc1ccc(cc1)c2ccccc2)C(=O)N[C@@H](CCCNC(=N)N)C(=O)O","","21401113"
"CHEMBL1766263","N[C@@H](Cc1ccc(cc1)c2ccccc2)C(=O)N[C@@H](CCCNC(=N)N)C(=O)O","","21401113"
"CHEMBL54552","CC(C)[C@H](N)C(=O)N[C@@H](C(C)C)C(=O)O","","16759105"
"CHEMBL54552","CC(C)[C@H](N)C(=O)N[C@@H](C(C)C)C(=O)O","","16759105"
"CHEMBL54552","CC(C)[C@H](N)C(=O)N[C@@H](C(C)C)C(=O)O","","16759105"
"CHEMBL54552","CC(C)[C@H](N)C(=O)N[C@@H](C(C)C)C(=O)O","","16759105"
"CHEMBL1161361","CC(N)C(=O)Nc1cccc(Cl)c1","","14667225"
"CHEMBL1161361","CC(N)C(=O)Nc1cccc(Cl)c1","","14667225"
"CHEMBL209670","CC(C)C[C@H](NC(=O)CN)C(=O)N[C@@H](Cc1ccccc1)C(=O)O","","16759105"
"CHEMBL1807353","CCC[C@H](NC(=O)[C@H](COC(=O)c1ccccc1)CC(=O)[C@@H]([NH3+])Cc2ccccc2)C(=O)O.[O-]C(=O)C(F)(F)F","","21703856"
"CHEMBL1807353","CCC[C@H](NC(=O)[C@H](COC(=O)c1ccccc1)CC(=O)[C@@H]([NH3+])Cc2ccccc2)C(=O)O.[O-]C(=O)C(F)(F)F","","21703856"
"CHEMBL154156","CC(NC(=O)CCN)C(=O)O","","14667225"
"CHEMBL427343","CC[C@H](C)[C@H](NC(=O)[C@@H]1CCCN1C(=O)[C@@H](N)CO)C(=O)O","","15974593"
"CHEMBL427343","CC[C@H](C)[C@H](NC(=O)[C@@H]1CCCN1C(=O)[C@@H](N)CO)C(=O)O","","15974593"
"CHEMBL3358420","O=C(N[C@@H](Cc1ccccc1)C(=O)NC#N)OCc2ccccc2","","25516784"
"CHEMBL2074596","N[C@@H](CCCCNC(=O)OCc1ccc(cc1)[N+](=O)[O-])C(=O)N2CCC[C@H]2C(=O)O","inhibitor [Ki=19uM]","11284702"
"CHEMBL1222388","CC(C)C[C@@H](N)C(=O)NCC(=O)NCC(=O)O","","15974593"
"CHEMBL1222388","CC(C)C[C@@H](N)C(=O)NCC(=O)NCC(=O)O","","15974593"
"CHEMBL1222388","CC(C)C[C@@H](N)C(=O)NCC(=O)NCC(=O)O","","15974593"
"CHEMBL1222388","CC(C)C[C@@H](N)C(=O)NCC(=O)NCC(=O)O","","15974593"
"CHEMBL1222388","CC(C)C[C@@H](N)C(=O)NCC(=O)NCC(=O)O","","15974593"
"CHEMBL1222388","CC(C)C[C@@H](N)C(=O)NCC(=O)NCC(=O)O","","15974593"
"CHEMBL1222388","CC(C)C[C@@H](N)C(=O)NCC(=O)NCC(=O)O","","15974593"
"CHEMBL1222388","CC(C)C[C@@H](N)C(=O)NCC(=O)NCC(=O)O","","15974593"
"CHEMBL190869","C[C@H](NC(=O)[C@@H](N)Cc1ccc(cc1)c2ccccc2)C(=O)O","","14667225"
"CHEMBL191532","C[C@H](NC(=O)[C@@H](N)CC(=O)O)C(=O)N","","15974593"
"CHEMBL191532","C[C@H](NC(=O)[C@@H](N)CC(=O)O)C(=O)N","","15974593"
"CHEMBL438960","N[C@@H](CCC(=O)N)C(=O)N[C@@H](CCC(=O)N)C(=O)O","","16759105"
"CHEMBL438960","N[C@@H](CCC(=O)N)C(=O)N[C@@H](CCC(=O)N)C(=O)O","","16759105"
"CHEMBL1617285","NC(=O)c1cc[n+](CC2=C(N3[C@H](SC2)[C@H](NC(=O)C(c4ccccc4)S(=O)(=O)O)C3=O)C(=O)O)cc1","inhibitor [Ki=>30mM]","15567297"
"CHEMBL1617285","NC(=O)c1cc[n+](CC2=C(N3[C@H](SC2)[C@H](NC(=O)C(c4ccccc4)S(=O)(=O)O)C3=O)C(=O)O)cc1","inhibitor [Ki=>30mM]","15567297"
"CHEMBL1617285","NC(=O)c1cc[n+](CC2=C(N3[C@H](SC2)[C@H](NC(=O)C(c4ccccc4)S(=O)(=O)O)C3=O)C(=O)O)cc1","inhibitor [Ki=>30mM]","15567297"
"CHEMBL93507","CCC(C)C(N)C(=O)N1CCCCC1","","14667225"
"CHEMBL371194","OC(=O)[C@@H]1CCCN1C(=O)[C@@H]2CCCN2","","15974593"
"CHEMBL91561","NCCCC[C@H](N)C(=O)NCC(=O)O","","16759105"
"CHEMBL91561","NCCCC[C@H](N)C(=O)NCC(=O)O","","16759105"
"CHEMBL91561","NCCCC[C@H](N)C(=O)NCC(=O)O","","16759105"
"CHEMBL91561","NCCCC[C@H](N)C(=O)NCC(=O)O","","16759105"
"CHEMBL1229","CCOC(=O)C1=C[C@@H](OC(CC)CC)[C@H](NC(=O)C)[C@@H](N)C1","Not Active","22584254"
"CHEMBL191493","C[C@H](NC(=O)[C@@H](N)COCc1ccccc1)C(=O)O","","15974593"
"CHEMBL891","Cc1onc(c2ccccc2Cl)c1C(=O)N[C@H]3[C@H]4SC(C)(C)[C@@H](N4C3=O)C(=O)O","","15974593"
"CHEMBL891","Cc1onc(c2ccccc2Cl)c1C(=O)N[C@H]3[C@H]4SC(C)(C)[C@@H](N4C3=O)C(=O)O","","15974593"
"CHEMBL425551","C[C@@H](N)C(=O)N1CCC[C@H]1C(=O)O","","14667225"
"CHEMBL425551","C[C@@H](N)C(=O)N1CCC[C@H]1C(=O)O","","14667225"
"CHEMBL425551","C[C@@H](N)C(=O)N1CCC[C@H]1C(=O)O","","14667225"
"CHEMBL425551","C[C@@H](N)C(=O)N1CCC[C@H]1C(=O)O","","14667225"
"CHEMBL2074761","OC[C@@H]1NC(=O)[C@H](Cc2ccccc2)NC1=O","substrate [Km=118uM]","12356285"
"CHEMBL674","CCC(CC)O[C@@H]1C=C(C[C@H](N)[C@H]1NC(=O)C)C(=O)O","Not Active","22584254"
"CHEMBL299889","NCC(=O)N[C@@H](Cc1ccccc1)C(=O)O","","16759105"
"CHEMBL1161359","COC(=O)c1ccccc1NC(=O)C(C)N","","14667225"
"CHEMBL1161359","COC(=O)c1ccccc1NC(=O)C(C)N","","14667225"
"CHEMBL1161359","COC(=O)c1ccccc1NC(=O)C(C)N","","14667225"
"CHEMBL604252","CC[C@H](C)[C@H](N)C(=O)OC(=O)c1ccccc1","","19957998"
"CHEMBL604252","CC[C@H](C)[C@H](N)C(=O)OC(=O)c1ccccc1","","19957998"
"CHEMBL604252","CC[C@H](C)[C@H](N)C(=O)OC(=O)c1ccccc1","","19957998"
"CHEMBL604252","CC[C@H](C)[C@H](N)C(=O)OC(=O)c1ccccc1","","19957998"
"CHEMBL1807357","[NH3+][C@@H](Cc1ccccc1)C(=O)N[C@@H](COC(=O)c2ccccc2)C(=O)N[C@@H](C3CCCCC3)C(=O)O.[O-]C(=O)C(F)(F)F","Dose-dependent effect","21703856"
"CHEMBL2371834","C[C@H](NC(=O)[C@H](Cc1ccccc1)NCc2ccccc2)C(=O)O","","15974593"
"CHEMBL2371834","C[C@H](NC(=O)[C@H](Cc1ccccc1)NCc2ccccc2)C(=O)O","","15974593"
"CHEMBL2371834","C[C@H](NC(=O)[C@H](Cc1ccccc1)NCc2ccccc2)C(=O)O","","15974593"
"CHEMBL2371834","C[C@H](NC(=O)[C@H](Cc1ccccc1)NCc2ccccc2)C(=O)O","","15974593"
"CHEMBL2371834","C[C@H](NC(=O)[C@H](Cc1ccccc1)NCc2ccccc2)C(=O)O","","15974593"
"CHEMBL2371834","C[C@H](NC(=O)[C@H](Cc1ccccc1)NCc2ccccc2)C(=O)O","","15974593"
"CHEMBL2371834","C[C@H](NC(=O)[C@H](Cc1ccccc1)NCc2ccccc2)C(=O)O","","15974593"
"CHEMBL2371834","C[C@H](NC(=O)[C@H](Cc1ccccc1)NCc2ccccc2)C(=O)O","","15974593"
"CHEMBL340564","NCC(=O)NCC(=O)NCC(=O)N","Not Active","16759105"
"CHEMBL1161341","CC(N)C(=O)N1CCSC1","","14667225"
"CHEMBL1908324","CC1(C)S[C@@H]2[C@H](NC(=O)[C@H](N=C)c3ccccc3)C(=O)N2[C@H]1C(=O)O","","15974593"
"CHEMBL43068","CC(C)[C@H](N)C(=O)O","Not Active","16759105"
"CHEMBL74632","CO[C@]1(NC(=O)C(C(=O)O)c2ccc(O)cc2)[C@H]3OCC(=C(N3C1=O)C(=O)O)CSc4nnnn4C","inhibitor [Ki=12.3mM]","15567297"
"CHEMBL74632","CO[C@]1(NC(=O)C(C(=O)O)c2ccc(O)cc2)[C@H]3OCC(=C(N3C1=O)C(=O)O)CSc4nnnn4C","inhibitor [Ki=12.3mM]","15567297"
"CHEMBL74632","CO[C@]1(NC(=O)C(C(=O)O)c2ccc(O)cc2)[C@H]3OCC(=C(N3C1=O)C(=O)O)CSc4nnnn4C","inhibitor [Ki=12.3mM]","15567297"
"CHEMBL74632","CO[C@]1(NC(=O)C(C(=O)O)c2ccc(O)cc2)[C@H]3OCC(=C(N3C1=O)C(=O)O)CSc4nnnn4C","inhibitor [Ki=12.3mM]","15567297"
"CHEMBL74632","CO[C@]1(NC(=O)C(C(=O)O)c2ccc(O)cc2)[C@H]3OCC(=C(N3C1=O)C(=O)O)CSc4nnnn4C","inhibitor [Ki=12.3mM]","15567297"
"CHEMBL74632","CO[C@]1(NC(=O)C(C(=O)O)c2ccc(O)cc2)[C@H]3OCC(=C(N3C1=O)C(=O)O)CSc4nnnn4C","inhibitor [Ki=12.3mM]","15567297"
"CHEMBL74632","CO[C@]1(NC(=O)C(C(=O)O)c2ccc(O)cc2)[C@H]3OCC(=C(N3C1=O)C(=O)O)CSc4nnnn4C","inhibitor [Ki=12.3mM]","15567297"
"CHEMBL74632","CO[C@]1(NC(=O)C(C(=O)O)c2ccc(O)cc2)[C@H]3OCC(=C(N3C1=O)C(=O)O)CSc4nnnn4C","inhibitor [Ki=12.3mM]","15567297"
"CHEMBL191472","CC(C)C[C@H](NC(=O)[C@H](Cc1ccccc1)NC(=O)[C@H](C)N)C(=O)O","","15974593"
"CHEMBL447844","N[C@@H](Cc1ccc(O)cc1)C(=O)N[C@@H](Cc2ccccc2)C(=O)O","","14667225"
"CHEMBL447844","N[C@@H](Cc1ccc(O)cc1)C(=O)N[C@@H](Cc2ccccc2)C(=O)O","","14667225"
"CHEMBL447844","N[C@@H](Cc1ccc(O)cc1)C(=O)N[C@@H](Cc2ccccc2)C(=O)O","","14667225"
"CHEMBL447844","N[C@@H](Cc1ccc(O)cc1)C(=O)N[C@@H](Cc2ccccc2)C(=O)O","","14667225"
"CHEMBL447844","N[C@@H](Cc1ccc(O)cc1)C(=O)N[C@@H](Cc2ccccc2)C(=O)O","","14667225"
"CHEMBL447844","N[C@@H](Cc1ccc(O)cc1)C(=O)N[C@@H](Cc2ccccc2)C(=O)O","","14667225"
"CHEMBL447844","N[C@@H](Cc1ccc(O)cc1)C(=O)N[C@@H](Cc2ccccc2)C(=O)O","","14667225"
"CHEMBL447844","N[C@@H](Cc1ccc(O)cc1)C(=O)N[C@@H](Cc2ccccc2)C(=O)O","","14667225"
"CHEMBL447844","N[C@@H](Cc1ccc(O)cc1)C(=O)N[C@@H](Cc2ccccc2)C(=O)O","","14667225"
"CHEMBL17503","C[C@H](NC(=O)[C@@H](N)CC(=O)O)C(=O)O","","15974593"
"CHEMBL17503","C[C@H](NC(=O)[C@@H](N)CC(=O)O)C(=O)O","","15974593"
"CHEMBL17503","C[C@H](NC(=O)[C@@H](N)CC(=O)O)C(=O)O","","15974593"
"CHEMBL17503","C[C@H](NC(=O)[C@@H](N)CC(=O)O)C(=O)O","","15974593"
"CHEMBL17503","C[C@H](NC(=O)[C@@H](N)CC(=O)O)C(=O)O","","15974593"
"CHEMBL17503","C[C@H](NC(=O)[C@@H](N)CC(=O)O)C(=O)O","","15974593"
"CHEMBL17503","C[C@H](NC(=O)[C@@H](N)CC(=O)O)C(=O)O","","15974593"
"CHEMBL17503","C[C@H](NC(=O)[C@@H](N)CC(=O)O)C(=O)O","","15974593"
"CHEMBL189273","C[C@H](NC(=O)[C@@H](N)CC(=O)OCc1ccccc1)C(=O)O","","15974593"
"CHEMBL189273","C[C@H](NC(=O)[C@@H](N)CC(=O)OCc1ccccc1)C(=O)O","","15974593"
"CHEMBL2371152","C[C@H](N)C(=O)N[C@@H](Cc1ccc(Cc2ccccc2)cc1)C(=O)O","","14667225"
"CHEMBL2371152","C[C@H](N)C(=O)N[C@@H](Cc1ccc(Cc2ccccc2)cc1)C(=O)O","","14667225"
"CHEMBL2303613","CO\N=C(/C(=O)N[C@H]1[C@H]2SCC(=C(N2C1=O)C(=O)O)CSc3nc(C)c(CC(=O)O)s3)\c4csc(N)n4","inhibitor [Ki=22mM]","15567297"
"CHEMBL2303613","CO\N=C(/C(=O)N[C@H]1[C@H]2SCC(=C(N2C1=O)C(=O)O)CSc3nc(C)c(CC(=O)O)s3)\c4csc(N)n4","inhibitor [Ki=22mM]","15567297"
"CHEMBL2303613","CO\N=C(/C(=O)N[C@H]1[C@H]2SCC(=C(N2C1=O)C(=O)O)CSc3nc(C)c(CC(=O)O)s3)\c4csc(N)n4","inhibitor [Ki=22mM]","15567297"
"CHEMBL2303613","CO\N=C(/C(=O)N[C@H]1[C@H]2SCC(=C(N2C1=O)C(=O)O)CSc3nc(C)c(CC(=O)O)s3)\c4csc(N)n4","inhibitor [Ki=22mM]","15567297"
"CHEMBL2303613","CO\N=C(/C(=O)N[C@H]1[C@H]2SCC(=C(N2C1=O)C(=O)O)CSc3nc(C)c(CC(=O)O)s3)\c4csc(N)n4","inhibitor [Ki=22mM]","15567297"
"CHEMBL2303613","CO\N=C(/C(=O)N[C@H]1[C@H]2SCC(=C(N2C1=O)C(=O)O)CSc3nc(C)c(CC(=O)O)s3)\c4csc(N)n4","inhibitor [Ki=22mM]","15567297"
"CHEMBL2303613","CO\N=C(/C(=O)N[C@H]1[C@H]2SCC(=C(N2C1=O)C(=O)O)CSc3nc(C)c(CC(=O)O)s3)\c4csc(N)n4","inhibitor [Ki=22mM]","15567297"
"CHEMBL2303613","CO\N=C(/C(=O)N[C@H]1[C@H]2SCC(=C(N2C1=O)C(=O)O)CSc3nc(C)c(CC(=O)O)s3)\c4csc(N)n4","inhibitor [Ki=22mM]","15567297"
"CHEMBL2303613","CO\N=C(/C(=O)N[C@H]1[C@H]2SCC(=C(N2C1=O)C(=O)O)CSc3nc(C)c(CC(=O)O)s3)\c4csc(N)n4","inhibitor [Ki=22mM]","15567297"
"CHEMBL2303613","CO\N=C(/C(=O)N[C@H]1[C@H]2SCC(=C(N2C1=O)C(=O)O)CSc3nc(C)c(CC(=O)O)s3)\c4csc(N)n4","inhibitor [Ki=22mM]","15567297"
"CHEMBL1214623","N[C@@H](CCCNC(=N)N)C(=O)N[C@@H](Cc1c[nH]c2ccccc12)C(=O)N[C@@H](CCCNC(=N)N)C(=O)NCc3ccccc3","","21401113"
"CHEMBL1161352","CC(N)C(=O)Nc1ccc(C)cc1","","14667225"
"CHEMBL601","NCC(=O)CCC(=O)O","","14667225"
"CHEMBL8486","CC(C)[C@H](N)C(=O)N[C@@H](Cc1ccccc1)C(=O)O","","15974593"
"CHEMBL8486","CC(C)[C@H](N)C(=O)N[C@@H](Cc1ccccc1)C(=O)O","","15974593"
"CHEMBL8486","CC(C)[C@H](N)C(=O)N[C@@H](Cc1ccccc1)C(=O)O","","15974593"
"CHEMBL188505","CC(C)C[C@H](NC(=O)[C@@H]1CCCN1C(=O)[C@H](C)N)C(=O)O","","15974593"
"CHEMBL188505","CC(C)C[C@H](NC(=O)[C@@H]1CCCN1C(=O)[C@H](C)N)C(=O)O","","15974593"
"CHEMBL188505","CC(C)C[C@H](NC(=O)[C@@H]1CCCN1C(=O)[C@H](C)N)C(=O)O","","15974593"
"CHEMBL188505","CC(C)C[C@H](NC(=O)[C@@H]1CCCN1C(=O)[C@H](C)N)C(=O)O","","15974593"
"CHEMBL188505","CC(C)C[C@H](NC(=O)[C@@H]1CCCN1C(=O)[C@H](C)N)C(=O)O","","15974593"
"CHEMBL188505","CC(C)C[C@H](NC(=O)[C@@H]1CCCN1C(=O)[C@H](C)N)C(=O)O","","15974593"
"CHEMBL188505","CC(C)C[C@H](NC(=O)[C@@H]1CCCN1C(=O)[C@H](C)N)C(=O)O","","15974593"
"CHEMBL2105940","CO\N=C(/C(=O)N[C@H]1[C@H]2SCC(=C(N2C1=O)C(=O)[O-])C[n+]3ccc(N)n3CCO)\c4csc(N)n4","inhibitor [76 % of control]","10636865"
"CHEMBL2105940","CO\N=C(/C(=O)N[C@H]1[C@H]2SCC(=C(N2C1=O)C(=O)[O-])C[n+]3ccc(N)n3CCO)\c4csc(N)n4","inhibitor [76 % of control]","10636865"
"CHEMBL91777","CC(C)[C@H](N)C(=O)N[C@@H](Cc1c[nH]c2ccccc12)C(=O)O","","16759105"
"CHEMBL1221709","NCC(=O)NCC(=O)N1CCC[C@H]1C(=O)O","inhibitor [13 % of control]","7896779"
"CHEMBL1161356","CC1NC(=O)C(CCCCN)NC1=O","","14667225"
"CHEMBL1161356","CC1NC(=O)C(CCCCN)NC1=O","","14667225"
"CHEMBL528","CO\N=C(/C(=O)N[C@H]1[C@H]2SCC=C(N2C1=O)C(=O)O)\c3csc(N)n3","is not a substrate [-]","15618677"
"CHEMBL528","CO\N=C(/C(=O)N[C@H]1[C@H]2SCC=C(N2C1=O)C(=O)O)\c3csc(N)n3","is not a substrate [-]","15618677"
"CHEMBL528","CO\N=C(/C(=O)N[C@H]1[C@H]2SCC=C(N2C1=O)C(=O)O)\c3csc(N)n3","is not a substrate [-]","15618677"
"CHEMBL528","CO\N=C(/C(=O)N[C@H]1[C@H]2SCC=C(N2C1=O)C(=O)O)\c3csc(N)n3","is not a substrate [-]","15618677"
"CHEMBL528","CO\N=C(/C(=O)N[C@H]1[C@H]2SCC=C(N2C1=O)C(=O)O)\c3csc(N)n3","is not a substrate [-]","15618677"
"CHEMBL528","CO\N=C(/C(=O)N[C@H]1[C@H]2SCC=C(N2C1=O)C(=O)O)\c3csc(N)n3","is not a substrate [-]","15618677"
"CHEMBL187898","C[C@H](N)C(=O)N[C@@H](Cc1ccccc1)C(=O)N2CCC[C@H]2C(=O)O","","15974593"
"CHEMBL477417","N[C@@H](Cc1c[nH]c2ccccc12)C(=O)N[C@@H](CCCNC(=N)N)C(=O)O","","21401113"
"CHEMBL477417","N[C@@H](Cc1c[nH]c2ccccc12)C(=O)N[C@@H](CCCNC(=N)N)C(=O)O","","21401113"
"CHEMBL477417","N[C@@H](Cc1c[nH]c2ccccc12)C(=O)N[C@@H](CCCNC(=N)N)C(=O)O","","21401113"
"CHEMBL477417","N[C@@H](Cc1c[nH]c2ccccc12)C(=O)N[C@@H](CCCNC(=N)N)C(=O)O","","21401113"
"CHEMBL477417","N[C@@H](Cc1c[nH]c2ccccc12)C(=O)N[C@@H](CCCNC(=N)N)C(=O)O","","21401113"
"CHEMBL477417","N[C@@H](Cc1c[nH]c2ccccc12)C(=O)N[C@@H](CCCNC(=N)N)C(=O)O","","21401113"
"CHEMBL477417","N[C@@H](Cc1c[nH]c2ccccc12)C(=O)N[C@@H](CCCNC(=N)N)C(=O)O","","21401113"
"CHEMBL477417","N[C@@H](Cc1c[nH]c2ccccc12)C(=O)N[C@@H](CCCNC(=N)N)C(=O)O","","21401113"
"CHEMBL477417","N[C@@H](Cc1c[nH]c2ccccc12)C(=O)N[C@@H](CCCNC(=N)N)C(=O)O","","21401113"
"CHEMBL477417","N[C@@H](Cc1c[nH]c2ccccc12)C(=O)N[C@@H](CCCNC(=N)N)C(=O)O","","21401113"
"CHEMBL477417","N[C@@H](Cc1c[nH]c2ccccc12)C(=O)N[C@@H](CCCNC(=N)N)C(=O)O","","21401113"
"CHEMBL477417","N[C@@H](Cc1c[nH]c2ccccc12)C(=O)N[C@@H](CCCNC(=N)N)C(=O)O","","21401113"
"CHEMBL477417","N[C@@H](Cc1c[nH]c2ccccc12)C(=O)N[C@@H](CCCNC(=N)N)C(=O)O","","21401113"
"CHEMBL1194823","NCC(=O)OCCOCn1cnc2c(O)nc(N)nc12","inhibitor [IC50=1400uM]","9706043"
"CHEMBL1161346","CC1NC(=O)C(CCCN)NC1=O","","14667225"
"CHEMBL244777","CC(C)C[C@@H](CC(=O)O)NC(=O)C[C@H](C)N","Active","17887660"
"CHEMBL190549","NC(=N)NCCC[C@H](NC(=O)[C@@H]1CCCN1)C(=O)O","","15974593"
"CHEMBL190549","NC(=N)NCCC[C@H](NC(=O)[C@@H]1CCCN1)C(=O)O","","15974593"
"CHEMBL190549","NC(=N)NCCC[C@H](NC(=O)[C@@H]1CCCN1)C(=O)O","","15974593"
"CHEMBL156844","CC(NC(=O)C(N)Cc1ccc(OCc2ccccc2)cc1)C(=O)O","","14667225"
"CHEMBL156844","CC(NC(=O)C(N)Cc1ccc(OCc2ccccc2)cc1)C(=O)O","","14667225"
"CHEMBL156844","CC(NC(=O)C(N)Cc1ccc(OCc2ccccc2)cc1)C(=O)O","","14667225"
"CHEMBL156844","CC(NC(=O)C(N)Cc1ccc(OCc2ccccc2)cc1)C(=O)O","","14667225"
"CHEMBL156844","CC(NC(=O)C(N)Cc1ccc(OCc2ccccc2)cc1)C(=O)O","","14667225"
"CHEMBL156844","CC(NC(=O)C(N)Cc1ccc(OCc2ccccc2)cc1)C(=O)O","","14667225"
"CHEMBL156844","CC(NC(=O)C(N)Cc1ccc(OCc2ccccc2)cc1)C(=O)O","","14667225"
"CHEMBL156844","CC(NC(=O)C(N)Cc1ccc(OCc2ccccc2)cc1)C(=O)O","","14667225"
"CHEMBL156844","CC(NC(=O)C(N)Cc1ccc(OCc2ccccc2)cc1)C(=O)O","","14667225"
"CHEMBL346341","CNCC(=O)N(C)CC(=O)O","","14667225"
"CHEMBL346341","CNCC(=O)N(C)CC(=O)O","","14667225"
"CHEMBL346341","CNCC(=O)N(C)CC(=O)O","","14667225"
"CHEMBL330031","N[C@@H](Cc1ccccc1)C(=O)N2CCC[C@@H]2C(=O)O","substrate [+]","10189264"
"CHEMBL330031","N[C@@H](Cc1ccccc1)C(=O)N2CCC[C@@H]2C(=O)O","substrate [+]","10189264"
"CHEMBL330031","N[C@@H](Cc1ccccc1)C(=O)N2CCC[C@@H]2C(=O)O","substrate [+]","10189264"
"CHEMBL330031","N[C@@H](Cc1ccccc1)C(=O)N2CCC[C@@H]2C(=O)O","substrate [+]","10189264"
"CHEMBL1013","N[C@@H](C(=O)N[C@H]1[C@H]2CCC(=C(N2C1=O)C(=O)O)Cl)c3ccccc3","inhibitor [60.3 % of control]","8627565"
"CHEMBL1013","N[C@@H](C(=O)N[C@H]1[C@H]2CCC(=C(N2C1=O)C(=O)O)Cl)c3ccccc3","inhibitor [60.3 % of control]","8627565"
"CHEMBL1013","N[C@@H](C(=O)N[C@H]1[C@H]2CCC(=C(N2C1=O)C(=O)O)Cl)c3ccccc3","inhibitor [60.3 % of control]","8627565"
"CHEMBL190049","C[C@@H](N)C(=O)N[C@H](CCCCN)C(=O)O","","15974593"
"CHEMBL190049","C[C@@H](N)C(=O)N[C@H](CCCCN)C(=O)O","","15974593"
"CHEMBL190049","C[C@@H](N)C(=O)N[C@H](CCCCN)C(=O)O","","15974593"
"CHEMBL190049","C[C@@H](N)C(=O)N[C@H](CCCCN)C(=O)O","","15974593"
"CHEMBL190049","C[C@@H](N)C(=O)N[C@H](CCCCN)C(=O)O","","15974593"
"CHEMBL2371838","C[C@H](NC(=O)[C@H](N)Cc1ccccc1)C(=O)O","","15974593"
"CHEMBL2371838","C[C@H](NC(=O)[C@H](N)Cc1ccccc1)C(=O)O","","15974593"
"CHEMBL2371838","C[C@H](NC(=O)[C@H](N)Cc1ccccc1)C(=O)O","","15974593"
"CHEMBL2371838","C[C@H](NC(=O)[C@H](N)Cc1ccccc1)C(=O)O","","15974593"
"CHEMBL388214","NCCCC[C@H](N)CC(=O)N[C@H](CC(=O)O)Cc1ccccc1","Active","17887660"
"CHEMBL363341","N[C@@H](CCC(=O)O)C(=O)N[C@@H](Cc1ccccc1)C(=O)N[C@@H](Cc2ccc(O)cc2)C(=O)O","","15974593"
"CHEMBL2074841","O=C1CNC(=O)[C@H](Cc2ccccc2)N1","substrate [Km=90.9uM]","12356285"
"CHEMBL2074841","O=C1CNC(=O)[C@H](Cc2ccccc2)N1","substrate [Km=90.9uM]","12356285"
"CHEMBL2074841","O=C1CNC(=O)[C@H](Cc2ccccc2)N1","substrate [Km=90.9uM]","12356285"
"CHEMBL2074841","O=C1CNC(=O)[C@H](Cc2ccccc2)N1","substrate [Km=90.9uM]","12356285"
"CHEMBL2074841","O=C1CNC(=O)[C@H](Cc2ccccc2)N1","substrate [Km=90.9uM]","12356285"
"CHEMBL2074841","O=C1CNC(=O)[C@H](Cc2ccccc2)N1","substrate [Km=90.9uM]","12356285"
"CHEMBL2074841","O=C1CNC(=O)[C@H](Cc2ccccc2)N1","substrate [Km=90.9uM]","12356285"
"CHEMBL2074841","O=C1CNC(=O)[C@H](Cc2ccccc2)N1","substrate [Km=90.9uM]","12356285"
"CHEMBL2074841","O=C1CNC(=O)[C@H](Cc2ccccc2)N1","substrate [Km=90.9uM]","12356285"
"CHEMBL2074841","O=C1CNC(=O)[C@H](Cc2ccccc2)N1","substrate [Km=90.9uM]","12356285"
"CHEMBL2074841","O=C1CNC(=O)[C@H](Cc2ccccc2)N1","substrate [Km=90.9uM]","12356285"
"CHEMBL2074841","O=C1CNC(=O)[C@H](Cc2ccccc2)N1","substrate [Km=90.9uM]","12356285"
"CHEMBL609379","N[C@H](Cc1ccccc1)C(=O)OC[C@H]2OC([C@H](O)[C@@H]2O)n3c(Br)nc4cc(Cl)c(Cl)cc34","","15715497"
"CHEMBL609379","N[C@H](Cc1ccccc1)C(=O)OC[C@H]2OC([C@H](O)[C@@H]2O)n3c(Br)nc4cc(Cl)c(Cl)cc34","","15715497"
"CHEMBL609379","N[C@H](Cc1ccccc1)C(=O)OC[C@H]2OC([C@H](O)[C@@H]2O)n3c(Br)nc4cc(Cl)c(Cl)cc34","","15715497"
"CHEMBL609379","N[C@H](Cc1ccccc1)C(=O)OC[C@H]2OC([C@H](O)[C@@H]2O)n3c(Br)nc4cc(Cl)c(Cl)cc34","","15715497"
"CHEMBL190085","C[C@H](N)C(=O)NC(=O)C1CCCCC1","","15974593"
"CHEMBL190085","C[C@H](N)C(=O)NC(=O)C1CCCCC1","","15974593"
"CHEMBL190085","C[C@H](N)C(=O)NC(=O)C1CCCCC1","","15974593"
"CHEMBL2371142","C[C@H](NC(=O)[C@H](C)NC(=O)OC(C)(C)C)C(=O)O","","14667225"
"CHEMBL819","Cc1onc(c2ccccc2)c1C(=O)N[C@H]3[C@H]4SC(C)(C)[C@@H](N4C3=O)C(=O)O","inhibitor [Ki=12mM]","15567297"
"CHEMBL378267","NCC(=O)N[C@@H](Cc1ccccc1)C(=O)N","Not Determined","16759105"
"CHEMBL378267","NCC(=O)N[C@@H](Cc1ccccc1)C(=O)N","Not Determined","16759105"
"CHEMBL378267","NCC(=O)N[C@@H](Cc1ccccc1)C(=O)N","Not Determined","16759105"
"CHEMBL3358421","CS(=O)(=O)NC(=O)[C@H](Cc1ccccc1)NC(=O)OCc2ccccc2","","25516784"
"CHEMBL1221620","C[C@H](N)C(=O)N[C@@H](Cc1cnc[nH]1)C(=O)O","","14667225"
"CHEMBL297722","CC(C)C[C@H](N)C(=O)NCC(=O)NCC(=O)O","","15974593"
"CHEMBL590321","CC(C)[C@H](N)C(=O)OCc1cccc(NC(=N)N)c1","","19957998"
"CHEMBL244755","C[C@H](N)CC(=O)N[C@@H](CCCCN)CC(=O)O","Active","17887660"
"CHEMBL244755","C[C@H](N)CC(=O)N[C@@H](CCCCN)CC(=O)O","Active","17887660"
"CHEMBL244755","C[C@H](N)CC(=O)N[C@@H](CCCCN)CC(=O)O","Active","17887660"
"CHEMBL244755","C[C@H](N)CC(=O)N[C@@H](CCCCN)CC(=O)O","Active","17887660"
"CHEMBL244755","C[C@H](N)CC(=O)N[C@@H](CCCCN)CC(=O)O","Active","17887660"
"CHEMBL244755","C[C@H](N)CC(=O)N[C@@H](CCCCN)CC(=O)O","Active","17887660"
"CHEMBL244755","C[C@H](N)CC(=O)N[C@@H](CCCCN)CC(=O)O","Active","17887660"
"CHEMBL244755","C[C@H](N)CC(=O)N[C@@H](CCCCN)CC(=O)O","Active","17887660"
"CHEMBL244755","C[C@H](N)CC(=O)N[C@@H](CCCCN)CC(=O)O","Active","17887660"
"CHEMBL244755","C[C@H](N)CC(=O)N[C@@H](CCCCN)CC(=O)O","Active","17887660"
"CHEMBL244755","C[C@H](N)CC(=O)N[C@@H](CCCCN)CC(=O)O","Active","17887660"
"CHEMBL244755","C[C@H](N)CC(=O)N[C@@H](CCCCN)CC(=O)O","Active","17887660"
"CHEMBL244755","C[C@H](N)CC(=O)N[C@@H](CCCCN)CC(=O)O","Active","17887660"
"CHEMBL56351","CC(NC(=O)CN)C(=O)O","","14667225"
"CHEMBL56351","CC(NC(=O)CN)C(=O)O","","14667225"
"CHEMBL52922","OC(=O)[C@H](Cc1ccccc1)NC(=O)[C@@H]2CCCN2","","14667225"
"CHEMBL52922","OC(=O)[C@H](Cc1ccccc1)NC(=O)[C@@H]2CCCN2","","14667225"
"CHEMBL52922","OC(=O)[C@H](Cc1ccccc1)NC(=O)[C@@H]2CCCN2","","14667225"
"CHEMBL52922","OC(=O)[C@H](Cc1ccccc1)NC(=O)[C@@H]2CCCN2","","14667225"
"CHEMBL2074936","OC(=O)CO\N=C(/C(=C)N[C@H]1[C@H]2SCC=C(N2C1=O)C(=O)O)\c3cscn3","substrate [+]","15618677"
"CHEMBL2074936","OC(=O)CO\N=C(/C(=C)N[C@H]1[C@H]2SCC=C(N2C1=O)C(=O)O)\c3cscn3","substrate [+]","15618677"
"CHEMBL1161363","CC(N)C(=O)NC1CCCCC1","","14667225"
"CHEMBL1161363","CC(N)C(=O)NC1CCCCC1","","14667225"
"CHEMBL1161363","CC(N)C(=O)NC1CCCCC1","","14667225"
"CHEMBL1161363","CC(N)C(=O)NC1CCCCC1","","14667225"
"CHEMBL1161363","CC(N)C(=O)NC1CCCCC1","","14667225"
"CHEMBL1161363","CC(N)C(=O)NC1CCCCC1","","14667225"
"CHEMBL1161363","CC(N)C(=O)NC1CCCCC1","","14667225"
"CHEMBL1161363","CC(N)C(=O)NC1CCCCC1","","14667225"
"CHEMBL1161363","CC(N)C(=O)NC1CCCCC1","","14667225"
"CHEMBL1161363","CC(N)C(=O)NC1CCCCC1","","14667225"
"CHEMBL459","C[C@](N)(Cc1ccc(O)c(O)c1)C(=O)O","inhibitor [IC50=151600uM]","10052994"
"CHEMBL426809","NCCCC[C@H](NC(=O)[C@H](Cc1ccccc1)NC(=O)[C@@H]2CCCN2)C(=O)O","","15974593"
"CHEMBL426809","NCCCC[C@H](NC(=O)[C@H](Cc1ccccc1)NC(=O)[C@@H]2CCCN2)C(=O)O","","15974593"
"CHEMBL426809","NCCCC[C@H](NC(=O)[C@H](Cc1ccccc1)NC(=O)[C@@H]2CCCN2)C(=O)O","","15974593"
"CHEMBL426809","NCCCC[C@H](NC(=O)[C@H](Cc1ccccc1)NC(=O)[C@@H]2CCCN2)C(=O)O","","15974593"
"CHEMBL426809","NCCCC[C@H](NC(=O)[C@H](Cc1ccccc1)NC(=O)[C@@H]2CCCN2)C(=O)O","","15974593"
"CHEMBL426809","NCCCC[C@H](NC(=O)[C@H](Cc1ccccc1)NC(=O)[C@@H]2CCCN2)C(=O)O","","15974593"
"CHEMBL426809","NCCCC[C@H](NC(=O)[C@H](Cc1ccccc1)NC(=O)[C@@H]2CCCN2)C(=O)O","","15974593"
"CHEMBL1161368","COC(=O)c1ccc(NC(=O)C(C)N)cc1","","14667225"
"CHEMBL1161368","COC(=O)c1ccc(NC(=O)C(C)N)cc1","","14667225"
"CHEMBL1161368","COC(=O)c1ccc(NC(=O)C(C)N)cc1","","14667225"
"CHEMBL1161368","COC(=O)c1ccc(NC(=O)C(C)N)cc1","","14667225"
"CHEMBL1161368","COC(=O)c1ccc(NC(=O)C(C)N)cc1","","14667225"
"CHEMBL1161368","COC(=O)c1ccc(NC(=O)C(C)N)cc1","","14667225"
"CHEMBL1161368","COC(=O)c1ccc(NC(=O)C(C)N)cc1","","14667225"
"CHEMBL1161368","COC(=O)c1ccc(NC(=O)C(C)N)cc1","","14667225"
"CHEMBL927","Nc1nc(cs1)\C(=N\O)\C(=O)N[C@H]2[C@H]3SCC(=C(N3C2=O)C(=O)O)C=C","inhibitor [31 % inhibition]","9092716"
"CHEMBL2372648","C[C@@H](NC(=O)[C@@H](N)CC(=O)O)C(=O)OCc1ccccc1","","14667225"
"CHEMBL55523","CC(C)[C@H](N)C(=O)N[C@@H](C)C(=O)O","","14667225"
"CHEMBL55523","CC(C)[C@H](N)C(=O)N[C@@H](C)C(=O)O","","14667225"
"CHEMBL55523","CC(C)[C@H](N)C(=O)N[C@@H](C)C(=O)O","","14667225"
"CHEMBL55523","CC(C)[C@H](N)C(=O)N[C@@H](C)C(=O)O","","14667225"
"CHEMBL55523","CC(C)[C@H](N)C(=O)N[C@@H](C)C(=O)O","","14667225"
"CHEMBL55523","CC(C)[C@H](N)C(=O)N[C@@H](C)C(=O)O","","14667225"
"CHEMBL55523","CC(C)[C@H](N)C(=O)N[C@@H](C)C(=O)O","","14667225"
"CHEMBL55523","CC(C)[C@H](N)C(=O)N[C@@H](C)C(=O)O","","14667225"
"CHEMBL55523","CC(C)[C@H](N)C(=O)N[C@@H](C)C(=O)O","","14667225"
"CHEMBL55523","CC(C)[C@H](N)C(=O)N[C@@H](C)C(=O)O","","14667225"
"CHEMBL55523","CC(C)[C@H](N)C(=O)N[C@@H](C)C(=O)O","","14667225"
"CHEMBL55523","CC(C)[C@H](N)C(=O)N[C@@H](C)C(=O)O","","14667225"
"CHEMBL55523","CC(C)[C@H](N)C(=O)N[C@@H](C)C(=O)O","","14667225"
"CHEMBL607956","NCCCC[C@H](N)C(=O)OC[C@H]1OC([C@H](O)[C@@H]1O)n2c(Br)nc3cc(Cl)c(Cl)cc23","","15715497"
"CHEMBL189210","CC(C)C[C@H](N)C(=O)N1CCC[C@H]1C(=O)O","","14667225"
"CHEMBL189210","CC(C)C[C@H](N)C(=O)N1CCC[C@H]1C(=O)O","","14667225"
"CHEMBL189210","CC(C)C[C@H](N)C(=O)N1CCC[C@H]1C(=O)O","","14667225"
"CHEMBL189210","CC(C)C[C@H](N)C(=O)N1CCC[C@H]1C(=O)O","","14667225"
"CHEMBL189210","CC(C)C[C@H](N)C(=O)N1CCC[C@H]1C(=O)O","","14667225"
"CHEMBL187443","CC(C)[C@H](NC(=O)[C@H](N)Cc1ccc(O)cc1)C(=O)NCC(=O)O","","15974593"
"CHEMBL187443","CC(C)[C@H](NC(=O)[C@H](N)Cc1ccc(O)cc1)C(=O)NCC(=O)O","","15974593"
"CHEMBL2371159","CN(CC(=O)O)C(=O)[C@@H](N)Cc1ccccc1","","14667225"
"CHEMBL2371159","CN(CC(=O)O)C(=O)[C@@H](N)Cc1ccccc1","","14667225"
"CHEMBL2371159","CN(CC(=O)O)C(=O)[C@@H](N)Cc1ccccc1","","14667225"
"CHEMBL2371159","CN(CC(=O)O)C(=O)[C@@H](N)Cc1ccccc1","","14667225"
"CHEMBL2371159","CN(CC(=O)O)C(=O)[C@@H](N)Cc1ccccc1","","14667225"
"CHEMBL2371159","CN(CC(=O)O)C(=O)[C@@H](N)Cc1ccccc1","","14667225"
"CHEMBL52461","CC(N)C(=O)NC(C)C(=O)O","","14667225"
"CHEMBL52461","CC(N)C(=O)NC(C)C(=O)O","","14667225"
"CHEMBL52461","CC(N)C(=O)NC(C)C(=O)O","","14667225"
"CHEMBL52461","CC(N)C(=O)NC(C)C(=O)O","","14667225"
"CHEMBL1236749","CC1(C)S[C@@H]2[C@H](N)C(=O)N2[C@H]1C(=O)O","inhibitor [Ki=>30mM]","15567297"
"CHEMBL1236749","CC1(C)S[C@@H]2[C@H](N)C(=O)N2[C@H]1C(=O)O","inhibitor [Ki=>30mM]","15567297"
"CHEMBL1161355","CC(N)C(=O)Nc1ccc(Cl)cc1","","14667225"
"CHEMBL592659","N[C@@H](Cc1ccccc1)C(=O)OC(=O)c2ccccc2","","19957998"
"CHEMBL592659","N[C@@H](Cc1ccccc1)C(=O)OC(=O)c2ccccc2","","19957998"
"CHEMBL592659","N[C@@H](Cc1ccccc1)C(=O)OC(=O)c2ccccc2","","19957998"
"CHEMBL592659","N[C@@H](Cc1ccccc1)C(=O)OC(=O)c2ccccc2","","19957998"
"CHEMBL592659","N[C@@H](Cc1ccccc1)C(=O)OC(=O)c2ccccc2","","19957998"
"CHEMBL592659","N[C@@H](Cc1ccccc1)C(=O)OC(=O)c2ccccc2","","19957998"
"CHEMBL592659","N[C@@H](Cc1ccccc1)C(=O)OC(=O)c2ccccc2","","19957998"
"CHEMBL592659","N[C@@H](Cc1ccccc1)C(=O)OC(=O)c2ccccc2","","19957998"
"CHEMBL152123","CC(N)C(=O)Nc1cccc(c1)C(=O)O","","14667225"
"CHEMBL152123","CC(N)C(=O)Nc1cccc(c1)C(=O)O","","14667225"
"CHEMBL152123","CC(N)C(=O)Nc1cccc(c1)C(=O)O","","14667225"
"CHEMBL152123","CC(N)C(=O)Nc1cccc(c1)C(=O)O","","14667225"
"CHEMBL152123","CC(N)C(=O)Nc1cccc(c1)C(=O)O","","14667225"
"CHEMBL152123","CC(N)C(=O)Nc1cccc(c1)C(=O)O","","14667225"
"CHEMBL152123","CC(N)C(=O)Nc1cccc(c1)C(=O)O","","14667225"
"CHEMBL362955","CC(C)[C@H](N)C(=O)N1CCC[C@H]1C(=O)N2CCC[C@@H]2C(=O)O","","15974593"
"CHEMBL362955","CC(C)[C@H](N)C(=O)N1CCC[C@H]1C(=O)N2CCC[C@@H]2C(=O)O","","15974593"
"CHEMBL362955","CC(C)[C@H](N)C(=O)N1CCC[C@H]1C(=O)N2CCC[C@@H]2C(=O)O","","15974593"
"CHEMBL362955","CC(C)[C@H](N)C(=O)N1CCC[C@H]1C(=O)N2CCC[C@@H]2C(=O)O","","15974593"
"CHEMBL300841","OC(=O)CN1C[C@H](SC[C@H](N[C@@H](CCc2ccccc2)C(=O)O)C1=O)c3cccs3","substrate [+]","15618677"
"CHEMBL300841","OC(=O)CN1C[C@H](SC[C@H](N[C@@H](CCc2ccccc2)C(=O)O)C1=O)c3cccs3","substrate [+]","15618677"
"CHEMBL300841","OC(=O)CN1C[C@H](SC[C@H](N[C@@H](CCc2ccccc2)C(=O)O)C1=O)c3cccs3","substrate [+]","15618677"
"CHEMBL300841","OC(=O)CN1C[C@H](SC[C@H](N[C@@H](CCc2ccccc2)C(=O)O)C1=O)c3cccs3","substrate [+]","15618677"
"CHEMBL300841","OC(=O)CN1C[C@H](SC[C@H](N[C@@H](CCc2ccccc2)C(=O)O)C1=O)c3cccs3","substrate [+]","15618677"
"CHEMBL300841","OC(=O)CN1C[C@H](SC[C@H](N[C@@H](CCc2ccccc2)C(=O)O)C1=O)c3cccs3","substrate [+]","15618677"
"CHEMBL300841","OC(=O)CN1C[C@H](SC[C@H](N[C@@H](CCc2ccccc2)C(=O)O)C1=O)c3cccs3","substrate [+]","15618677"
"CHEMBL300841","OC(=O)CN1C[C@H](SC[C@H](N[C@@H](CCc2ccccc2)C(=O)O)C1=O)c3cccs3","substrate [+]","15618677"
"CHEMBL300841","OC(=O)CN1C[C@H](SC[C@H](N[C@@H](CCc2ccccc2)C(=O)O)C1=O)c3cccs3","substrate [+]","15618677"
"CHEMBL300841","OC(=O)CN1C[C@H](SC[C@H](N[C@@H](CCc2ccccc2)C(=O)O)C1=O)c3cccs3","substrate [+]","15618677"
"CHEMBL300841","OC(=O)CN1C[C@H](SC[C@H](N[C@@H](CCc2ccccc2)C(=O)O)C1=O)c3cccs3","substrate [+]","15618677"
"CHEMBL300841","OC(=O)CN1C[C@H](SC[C@H](N[C@@H](CCc2ccccc2)C(=O)O)C1=O)c3cccs3","substrate [+]","15618677"
"CHEMBL300841","OC(=O)CN1C[C@H](SC[C@H](N[C@@H](CCc2ccccc2)C(=O)O)C1=O)c3cccs3","substrate [+]","15618677"
"CHEMBL434535","N[C@@H](Cc1c[nH]c2ccccc12)C(=O)N[C@@H](Cc3c[nH]c4ccccc34)C(=O)N[C@@H](Cc5c[nH]c6ccccc56)C(=O)O","","15974593"
"CHEMBL3358424","O=C(N[C@@H](Cc1ccccc1)c2oc(nn2)c3ccccc3)OCc4ccccc4","","25516784"
"CHEMBL1435","Cc1nnc(SCC2=C(N3[C@H](SC2)[C@H](NC(=O)Cn4cnnn4)C3=O)C(=O)O)s1","","15974593"
"CHEMBL1435","Cc1nnc(SCC2=C(N3[C@H](SC2)[C@H](NC(=O)Cn4cnnn4)C3=O)C(=O)O)s1","","15974593"
"CHEMBL1435","Cc1nnc(SCC2=C(N3[C@H](SC2)[C@H](NC(=O)Cn4cnnn4)C3=O)C(=O)O)s1","","15974593"
"CHEMBL1435","Cc1nnc(SCC2=C(N3[C@H](SC2)[C@H](NC(=O)Cn4cnnn4)C3=O)C(=O)O)s1","","15974593"
"CHEMBL1435","Cc1nnc(SCC2=C(N3[C@H](SC2)[C@H](NC(=O)Cn4cnnn4)C3=O)C(=O)O)s1","","15974593"
"CHEMBL1435","Cc1nnc(SCC2=C(N3[C@H](SC2)[C@H](NC(=O)Cn4cnnn4)C3=O)C(=O)O)s1","","15974593"
"CHEMBL609093","CC(C)[C@@H](N)C(=O)OC[C@H]1OC([C@H](O)[C@@H]1O)n2c(Br)nc3cc(Cl)c(Cl)cc23","","15715497"
"CHEMBL590071","NC(=N)Nc1cccc(CO)c1","","19957998"
"CHEMBL190343","OC(=O)CNC(=O)CNC(=O)[C@@H]1CCCN1","","15974593"
"CHEMBL190343","OC(=O)CNC(=O)CNC(=O)[C@@H]1CCCN1","","15974593"
"CHEMBL190343","OC(=O)CNC(=O)CNC(=O)[C@@H]1CCCN1","","15974593"
"CHEMBL190343","OC(=O)CNC(=O)CNC(=O)[C@@H]1CCCN1","","15974593"
"CHEMBL190343","OC(=O)CNC(=O)CNC(=O)[C@@H]1CCCN1","","15974593"
"CHEMBL190343","OC(=O)CNC(=O)CNC(=O)[C@@H]1CCCN1","","15974593"
"CHEMBL190343","OC(=O)CNC(=O)CNC(=O)[C@@H]1CCCN1","","15974593"
"CHEMBL190343","OC(=O)CNC(=O)CNC(=O)[C@@H]1CCCN1","","15974593"
"CHEMBL190343","OC(=O)CNC(=O)CNC(=O)[C@@H]1CCCN1","","15974593"
"CHEMBL190343","OC(=O)CNC(=O)CNC(=O)[C@@H]1CCCN1","","15974593"
"CHEMBL2371156","C[C@H](NC(=O)[C@@H](N)Cc1cc2ccccc2[nH]1)C(=O)O","","14667225"
"CHEMBL2371156","C[C@H](NC(=O)[C@@H](N)Cc1cc2ccccc2[nH]1)C(=O)O","","14667225"
"CHEMBL2371156","C[C@H](NC(=O)[C@@H](N)Cc1cc2ccccc2[nH]1)C(=O)O","","14667225"
"CHEMBL2371156","C[C@H](NC(=O)[C@@H](N)Cc1cc2ccccc2[nH]1)C(=O)O","","14667225"
"CHEMBL364768","N[C@@H](Cc1c[nH]c2ccccc12)C(=O)N[C@@H](CCCN=C(N)N)C(=O)NCc3ccccc3","","21401113"
"CHEMBL364768","N[C@@H](Cc1c[nH]c2ccccc12)C(=O)N[C@@H](CCCN=C(N)N)C(=O)NCc3ccccc3","","21401113"
"CHEMBL364768","N[C@@H](Cc1c[nH]c2ccccc12)C(=O)N[C@@H](CCCN=C(N)N)C(=O)NCc3ccccc3","","21401113"
"CHEMBL364768","N[C@@H](Cc1c[nH]c2ccccc12)C(=O)N[C@@H](CCCN=C(N)N)C(=O)NCc3ccccc3","","21401113"
"CHEMBL364768","N[C@@H](Cc1c[nH]c2ccccc12)C(=O)N[C@@H](CCCN=C(N)N)C(=O)NCc3ccccc3","","21401113"
"CHEMBL364768","N[C@@H](Cc1c[nH]c2ccccc12)C(=O)N[C@@H](CCCN=C(N)N)C(=O)NCc3ccccc3","","21401113"
"CHEMBL364768","N[C@@H](Cc1c[nH]c2ccccc12)C(=O)N[C@@H](CCCN=C(N)N)C(=O)NCc3ccccc3","","21401113"
"CHEMBL364768","N[C@@H](Cc1c[nH]c2ccccc12)C(=O)N[C@@H](CCCN=C(N)N)C(=O)NCc3ccccc3","","21401113"
"CHEMBL364768","N[C@@H](Cc1c[nH]c2ccccc12)C(=O)N[C@@H](CCCN=C(N)N)C(=O)NCc3ccccc3","","21401113"
"CHEMBL364768","N[C@@H](Cc1c[nH]c2ccccc12)C(=O)N[C@@H](CCCN=C(N)N)C(=O)NCc3ccccc3","","21401113"
"CHEMBL364768","N[C@@H](Cc1c[nH]c2ccccc12)C(=O)N[C@@H](CCCN=C(N)N)C(=O)NCc3ccccc3","","21401113"
"CHEMBL364768","N[C@@H](Cc1c[nH]c2ccccc12)C(=O)N[C@@H](CCCN=C(N)N)C(=O)NCc3ccccc3","","21401113"
"CHEMBL1807689","N[C@@H](Cc1ccc(O)cc1)C(=O)N2CCC[C@H]2C(=O)O","","14667225"
"CHEMBL1807689","N[C@@H](Cc1ccc(O)cc1)C(=O)N2CCC[C@H]2C(=O)O","","14667225"
"CHEMBL1807689","N[C@@H](Cc1ccc(O)cc1)C(=O)N2CCC[C@H]2C(=O)O","","14667225"
"CHEMBL1807689","N[C@@H](Cc1ccc(O)cc1)C(=O)N2CCC[C@H]2C(=O)O","","14667225"
"CHEMBL29292","CC(C)C[C@H](NC(=O)[C@@H](O)[C@H](N)Cc1ccccc1)C(=O)O","transporter substrate","20190787"
"CHEMBL29292","CC(C)C[C@H](NC(=O)[C@@H](O)[C@H](N)Cc1ccccc1)C(=O)O","transporter substrate","20190787"
"CHEMBL2074804","OC[C@@H]1NC(=O)[C@H](Cc2ccc(O)cc2)NC1=O","substrate [Km=21.9uM]","12356285"
"CHEMBL2074804","OC[C@@H]1NC(=O)[C@H](Cc2ccc(O)cc2)NC1=O","substrate [Km=21.9uM]","12356285"
"CHEMBL2074804","OC[C@@H]1NC(=O)[C@H](Cc2ccc(O)cc2)NC1=O","substrate [Km=21.9uM]","12356285"
"CHEMBL2074804","OC[C@@H]1NC(=O)[C@H](Cc2ccc(O)cc2)NC1=O","substrate [Km=21.9uM]","12356285"
