"CHEMBL39179","N[C@@H](Cc1c[nH]c2ccccc12)C(=O)N[C@@H](Cc3ccc(O)cc3)C(=O)O","Not Determined","16759105"
"CHEMBL330038","NCC(=O)N[C@@H](CCC(=O)N)C(=O)O","inducer [+]","9508831"
"CHEMBL378075","NCC(=O)N[C@@H](Cc1ccc(O)cc1)C(=O)N","Not Determined","16759105"
"CHEMBL1807355","[NH3+][C@@H](Cc1ccccc1)C(=O)N[C@@H](COC(=O)c2ccccc2)C(=O)N[C@@H](Cc3cccc4ccccc34)C(=O)O.[O-]C(=O)C(F)(F)F","Dose-dependent effect","21703856"
"CHEMBL773","NCC(=O)O","Not Determined","16759105"
"CHEMBL2074822","CC[N+](C)(C\C=C\C1=C(N2[C@H](SC1)[C@H](NC(=O)\C(=N/OCF)\c3nsc(N)n3)C2=O)C(=O)[O-])CC(=O)N","is not an inhibitor [-]","10636865"
"CHEMBL210784","CC(=O)N[C@@H](Cc1ccccc1)C(=O)N[C@@H](Cc2ccc(O)cc2)C(=O)N","Not Determined","16759105"
"CHEMBL1807351","C[C@H](NC(=O)[C@H](CO)NC(=O)[C@@H](N)Cc1ccccc1)C(=O)O","Dose-dependent effect","21703856"
"CHEMBL380183","NCCCC[C@H](N)C(=O)N[C@@H](CCCN=C(N)N)C(=O)O","Not Determined","16759105"
"CHEMBL1237","NCCCC[C@H](N[C@@H](CCc1ccccc1)C(=O)O)C(=O)N2CCC[C@H]2C(=O)O","is not a substrate [-]","15618677"
"CHEMBL377380","N[C@@H](Cc1ccc(O)cc1)C(=O)NCC(=O)N","Not Determined","16759105"
"CHEMBL44354","CC(C)(O\N=C(/C(=O)N[C@H]1[C@H]2SCC(=C(N2C1=O)C(=O)[O-])C[n+]3ccccc3)\c4csc(N)n4)C(=O)O","is not an inhibitor [-]","10636865"
"CHEMBL169360","NCCCC[C@H](N)C(=O)N[C@@H](Cc1c[nH]c2ccccc12)C(=O)O","Not Determined","16759105"
"CHEMBL316157","[O-]C(=O)C1=C(C[n+]2ccccc2)CS[C@@H]3[C@H](NC(=O)Cc4cccs4)C(=O)N13","is not an inhibitor [-]","10636865"
"CHEMBL556262","C[C@@H](O)[C@@H]1[C@H]2SC(=C(N2C1=O)C(=O)O)[C@H]3CCCO3","is not a substrate [-]","15618677"
"CHEMBL1807357","[NH3+][C@@H](Cc1ccccc1)C(=O)N[C@@H](COC(=O)c2ccccc2)C(=O)N[C@@H](C3CCCCC3)C(=O)O.[O-]C(=O)C(F)(F)F","Dose-dependent effect","21703856"
"CHEMBL528","CO\N=C(/C(=O)N[C@H]1[C@H]2SCC=C(N2C1=O)C(=O)O)\c3csc(N)n3","is not a substrate [-]","15618677"
"CHEMBL378267","NCC(=O)N[C@@H](Cc1ccccc1)C(=O)N","Not Determined","16759105"
