"CHEMBL577","C[C@H](N[C@@H](CCc1ccccc1)C(=O)O)C(=O)N2CCC[C@H]2C(=O)O","substrate [+]","15618677"
"CHEMBL1560","C[C@H](CS)C(=O)N1CCC[C@H]1C(=O)O","transporter substrate","20190787"
"CHEMBL56119","CC(C)C[C@H](NC(=O)CN)C(=O)O","inhibitor [+]","9835627"
"CHEMBL1349","CC(C)[C@H](N)C(=O)OCCOCn1cnc2C(=O)N=C(N)Nc12","substrate [Km=2200uM]","11180195"
"CHEMBL1082","CC1(C)S[C@@H]2[C@H](NC(=O)[C@H](N)c3ccc(O)cc3)C(=O)N2[C@H]1C(=O)O","inhibitor [85.7 % of control]","8627565"
"CHEMBL267179","CSCC[C@H](NC=O)C(=O)N[C@@H](CC(C)C)C(=O)N[C@@H](Cc1ccccc1)C(=O)O","substrate [+]","9835627"
"CHEMBL242948","NCCC(=O)N[C@@H](Cc1cnc[nH]1)C(=O)O","substrate [+]","15618677"
"CHEMBL1436","CO\N=C(/C(=O)N[C@H]1[C@H]2SCC(=C(N2C1=O)C(=O)O)COC(=O)N)\c3occc3","inhibitor [Ki=>5mM]","15567297"
"CHEMBL1146","Cn1nnnc1SCC2=C(N3[C@H](SC2)[C@H](NC(=O)[C@H](O)c4ccccc4)C3=O)C(=O)O","inhibitor [Ki=8.1mM]","15567297"
"CHEMBL29","CC1(C)S[C@@H]2[C@H](NC(=O)Cc3ccccc3)C(=O)N2[C@H]1C(=O)O","inhibitor [Ki=>30mM]","15567297"
"CHEMBL1604","CC1=C(N2[C@H](SC1)[C@H](NC(=O)[C@H](N)C3=CCC=CC3)C2=O)C(=O)O","inhibitor [IC50=15000uM]","9706043"
"CHEMBL1541","Nc1nc(cs1)\C(=N\OCC(=O)O)\C(=O)N[C@H]2[C@H]3SCC(=C(N3C2=O)C(=O)O)C=C","inhibitor [Ki=12mM]","15567297"
"CHEMBL1221777","CC[C@H](C)[C@H](NC(=O)CNC(=O)CN)C(=O)O","inhibitor [10 % of control]","7896779"
"CHEMBL578","CCOC(=O)[C@H](CCc1ccccc1)N[C@@H](C)C(=O)N2CCC[C@H]2C(=O)O","inhibitor [IC50=15000uM]","9706043"
"CHEMBL244544","C[C@H](N)CC(=O)N[C@@H](CCCCN)CC(=O)N[C@H](CC(=O)O)Cc1ccccc1","Active","17887660"
"CHEMBL1644","CC1=C(N2[C@H](SC1)[C@H](NC(=O)[C@H](N)c3ccc(O)cc3)C2=O)C(=O)O","inhibitor [IC50=5400uM]","7592745"
"CHEMBL1009","N[C@@H](Cc1ccc(O)c(O)c1)C(=O)O","inhibitor [IC50=141200uM]","10052994"
"CHEMBL1605","Nc1nc(cs1)\C(=C\CC(=O)O)\C(=O)N[C@H]2[C@H]3SCC=C(N3C2=O)C(=O)O","substrate [+]","15618677"
"CHEMBL397682","CCC[C@@H](C[C@H](C)NC(=O)[C@H](C)C[C@@H](NC(=O)[C@H](C[C@@H](C)N)Cc1ccccc1)C(C)C)C(=O)O","Active","17887660"
"CHEMBL93178","C[C@H](NC(=O)[C@@H](N)CCCCN)C(=O)O","inhibitor [Ki=419uM]","7495840"
"CHEMBL2074654","NCCCC[C@H](NC(=O)OCc1ccccc1)C(=O)N2CCC[C@H]2C(=O)O","inhibitor [Ki=33uM]","11284702"
"CHEMBL244545","CC(C)C[C@@H](CNC(=O)[C@@H](C)CNC(=O)[C@H](CN)C(C)C)C(=O)O","Active","17887660"
"CHEMBL1807686","N[C@@H](Cc1ccccc1)C(=O)N2CCC[C@H]2C(=O)O","substrate [+]","10189264"
"CHEMBL486028","C[C@H](NC(=O)[C@@H]1CCCN1C(=O)C)C(=O)N[C@@H](CS)C(=O)O","Active","17686765"
"CHEMBL2074835","C[C@H](N)C(=O)N1CCC[C@H]1C(=O)NCC(=O)O","inhibitor [9 % of control]","7896779"
"CHEMBL347510","CC(N)C(=S)N1CCCC1C(=O)O","inhibitor [Ki=300uM]","9461567"
"CHEMBL2074827","Oc1ccc(C[C@@H]2NC(=O)CNC2=O)cc1","substrate [Km=62.9uM]","12356285"
"CHEMBL1823468","CN(CC(=O)[O-])C(=O)[C@@H]([NH3+])CCC(=O)OCCOCn1cnc2C(=O)NC(=Nc12)N","inhibitor [Ki=280uM]","12526824"
"CHEMBL414828","C[C@H](N)C(=O)N1CCC[C@H]1C(=O)O","inhibitor [8 % of control]","7896779"
"CHEMBL1615585","CC(=O)OCC1=C(N2[C@H](SC1)[C@H](N)C2=O)C(=O)O","inhibitor [Ki=>10mM]","15567297"
"CHEMBL2074776","N[C@@H](Cc1ccc(O)c(O)c1)C(=O)N[C@@H](Cc2ccccc2)C(=O)O","inhibitor [20% (at a rough estimate) of control]","10189264"
"CHEMBL244543","NCCCC[C@@H](CC(=O)N[C@H](CC(=O)O)Cc1ccccc1)NC(=O)C[C@@H](N)CO","Active","17887660"
"CHEMBL2074596","N[C@@H](CCCCNC(=O)OCc1ccc(cc1)[N+](=O)[O-])C(=O)N2CCC[C@H]2C(=O)O","inhibitor [Ki=19uM]","11284702"
"CHEMBL1617285","NC(=O)c1cc[n+](CC2=C(N3[C@H](SC2)[C@H](NC(=O)C(c4ccccc4)S(=O)(=O)O)C3=O)C(=O)O)cc1","inhibitor [Ki=>30mM]","15567297"
"CHEMBL2074761","OC[C@@H]1NC(=O)[C@H](Cc2ccccc2)NC1=O","substrate [Km=118uM]","12356285"
"CHEMBL485836","CC(=O)N[C@@H](CCC(=O)N)C(=O)N[C@@H](CS)C(=O)N1CCC[C@H]1C(=O)O","Active","17686765"
"CHEMBL244776","CC(C)C[C@@H](CC(=O)O)NC(=O)[C@@H](C)CN","Active","17887660"
"CHEMBL74632","CO[C@]1(NC(=O)C(C(=O)O)c2ccc(O)cc2)[C@H]3OCC(=C(N3C1=O)C(=O)O)CSc4nnnn4C","inhibitor [Ki=12.3mM]","15567297"
"CHEMBL65794","CO\N=C(/C(=O)N[C@H]1[C@H]2SCC(=C(N2C1=O)C(=O)[O-])C[n+]3cccc4CCCc34)\c5csc(N)n5","inhibitor [Ki=>30mM]","15567297"
"CHEMBL2303613","CO\N=C(/C(=O)N[C@H]1[C@H]2SCC(=C(N2C1=O)C(=O)O)CSc3nc(C)c(CC(=O)O)s3)\c4csc(N)n4","inhibitor [Ki=22mM]","15567297"
"CHEMBL2105940","CO\N=C(/C(=O)N[C@H]1[C@H]2SCC(=C(N2C1=O)C(=O)[O-])C[n+]3ccc(N)n3CCO)\c4csc(N)n4","inhibitor [76 % of control]","10636865"
"CHEMBL1221709","NCC(=O)NCC(=O)N1CCC[C@H]1C(=O)O","inhibitor [13 % of control]","7896779"
"CHEMBL1194823","NCC(=O)OCCOCn1cnc2c(O)nc(N)nc12","inhibitor [IC50=1400uM]","9706043"
"CHEMBL244777","CC(C)C[C@@H](CC(=O)O)NC(=O)C[C@H](C)N","Active","17887660"
"CHEMBL2074601","CN(CC(=O)O)C(=O)[C@@H](N)CC(O)C(=O)OCN1C=C(C)C(=O)NC1=O","inhibitor [Ki=210uM]","12526824"
"CHEMBL330031","N[C@@H](Cc1ccccc1)C(=O)N2CCC[C@@H]2C(=O)O","substrate [+]","10189264"
"CHEMBL1013","N[C@@H](C(=O)N[C@H]1[C@H]2CCC(=C(N2C1=O)C(=O)O)Cl)c3ccccc3","inhibitor [60.3 % of control]","8627565"
"CHEMBL388214","NCCCC[C@H](N)CC(=O)N[C@H](CC(=O)O)Cc1ccccc1","Active","17887660"
"CHEMBL2074841","O=C1CNC(=O)[C@H](Cc2ccccc2)N1","substrate [Km=90.9uM]","12356285"
"CHEMBL819","Cc1onc(c2ccccc2)c1C(=O)N[C@H]3[C@H]4SC(C)(C)[C@@H](N4C3=O)C(=O)O","inhibitor [Ki=12mM]","15567297"
"CHEMBL1200929","[Zn+2].[O-]S(=O)(=O)[O-]","inhibitor [40% of control]","14567632"
"CHEMBL244755","C[C@H](N)CC(=O)N[C@@H](CCCCN)CC(=O)O","Active","17887660"
"CHEMBL2074936","OC(=O)CO\N=C(/C(=C)N[C@H]1[C@H]2SCC=C(N2C1=O)C(=O)O)\c3cscn3","substrate [+]","15618677"
"CHEMBL459","C[C@](N)(Cc1ccc(O)c(O)c1)C(=O)O","inhibitor [IC50=151600uM]","10052994"
"CHEMBL927","Nc1nc(cs1)\C(=N\O)\C(=O)N[C@H]2[C@H]3SCC(=C(N3C2=O)C(=O)O)C=C","inhibitor [31 % inhibition]","9092716"
"CHEMBL388427","CC(C)[C@H](N)CC(=S)N[C@@H](C)CC(=O)O","Active","17887660"
"CHEMBL1236749","CC1(C)S[C@@H]2[C@H](N)C(=O)N2[C@H]1C(=O)O","inhibitor [Ki=>30mM]","15567297"
"CHEMBL300841","OC(=O)CN1C[C@H](SC[C@H](N[C@@H](CCc2ccccc2)C(=O)O)C1=O)c3cccs3","substrate [+]","15618677"
"CHEMBL2110627","CCOC(=O)[C@H](CCc1ccccc1)N[C@H]2CS[C@@H](CN(CC(=O)O)C2=O)c3cccs3","substrate [+]","15618677"
"CHEMBL29292","CC(C)C[C@H](NC(=O)[C@@H](O)[C@H](N)Cc1ccccc1)C(=O)O","transporter substrate","20190787"
"CHEMBL2074804","OC[C@@H]1NC(=O)[C@H](Cc2ccc(O)cc2)NC1=O","substrate [Km=21.9uM]","12356285"
"CHEMBL378713","CC(=O)N[C@@H](Cc1ccccc1)C(=O)N[C@@H](Cc2ccc(O)cc2)C(=O)N(I)I","Not Active","16759105"
"CHEMBL286852","N[C@@H](Cc1c[nH]c2ccccc12)C(=O)N[C@@H](Cc3c[nH]c4ccccc34)C(=O)O","Not Active","16759105"
"CHEMBL377325","NCCCC[C@H](NC(=O)[C@@H]1CCCN1)C(=O)O","Not Active","16759105"
"CHEMBL1200340","CCOC(=O)C1=C[C@@H](OC(CC)CC)[C@H](NC(=O)C)[C@@H](N)C1.OP(=O)(O)O","Not Active","22490229"
"CHEMBL208960","NCCC[C@H](N)C(=O)N[C@@H](CCCN)C(=O)O","Not Active","16759105"
"CHEMBL378905","NCC(=O)NCC(=O)NCC(=O)NCC(=O)O","Not Active","16759105"
"CHEMBL380024","NCCCC[C@H](NC(=O)[C@@H](N)CCCN=C(N)N)C(=O)O","Not Active","16759105"
"CHEMBL244542","C[C@@H](CC(=O)O)NC(=O)C[C@H](C)NC(=O)C[C@@H](N)CO","Not Active","17887660"
"CHEMBL209175","N[C@@H](Cc1ccc(O)cc1)C(=O)N2Cc3ccccc3C[C@H]2C(=O)N","Not Active","16759105"
"CHEMBL244341","CC(C)C[C@H](CCNC(=O)[C@H](C)CCNC(=O)[C@@H](CCN)C(C)C)C(=O)O","Not Active","17887660"
"CHEMBL1229","CCOC(=O)C1=C[C@@H](OC(CC)CC)[C@H](NC(=O)C)[C@@H](N)C1","Not Active","22584254"
"CHEMBL208922","N[C@@H](Cc1ccc(O)cc1)C(=O)N[C@@H](Cc2ccc(O)cc2)C(=O)N","Not Active","16759105"
"CHEMBL674","CCC(CC)O[C@@H]1C=C(C[C@H](N)[C@H]1NC(=O)C)C(=O)O","Not Active","22584254"
"CHEMBL340564","NCC(=O)NCC(=O)NCC(=O)N","Not Active","16759105"
"CHEMBL43068","CC(C)[C@H](N)C(=O)O","Not Active","16759105"
