"Duplicates"
"CHEMBL1560","C[C@H](CS)C(=O)N1CCC[C@H]1C(=O)O","transporter substrate","20190787"
"Captopril","C[C@H](CS)C(=O)N1CCC[C@H]1C(O)=O","Solute carrier family 15 member 1","BE0001018","|inhibitor|","CHEMBL1560"
"Duplicates"
"CHEMBL1349","CC(C)[C@H](N)C(=O)OCCOCn1cnc2C(=O)N=C(N)Nc12","substrate [Km=2200uM]","11180195"
"Valaciclovir","CC(C)[C@H](N)C(=O)OCCOCN1C=NC2=C1NC(N)=NC2=O","Solute carrier family 15 member 1","BE0001018","|substrate|inhibitor|","CHEMBL1349"
"Duplicates"
"CHEMBL1605","Nc1nc(cs1)\C(=C\CC(=O)O)\C(=O)N[C@H]2[C@H]3SCC=C(N3C2=O)C(=O)O","substrate [+]","15618677"
"Ceftibuten","[H][C@]12SCC=C(N1C(=O)[C@H]2NC(=O)C(=C/CC(O)=O)\C1=CSC(N)=N1)C(O)=O","Solute carrier family 15 member 1","BE0001018","|substrate|inhibitor|","CHEMBL1605"
"Duplicates"
"CHEMBL2110627","CCOC(=O)[C@H](CCc1ccccc1)N[C@H]2CS[C@@H](CN(CC(=O)O)C2=O)c3cccs3","substrate [+]","15618677"
"Temocapril","CCOC(=O)[C@H](CCC1=CC=CC=C1)N[C@H]1CS[C@@H](CN(CC(O)=O)C1=O)C1=CC=CS1","Solute carrier family 15 member 1","BE0001018","|","CHEMBL2110627"
"Duplicates"
"CHEMBL1082","CC1(C)S[C@@H]2[C@H](NC(=O)[C@H](N)c3ccc(O)cc3)C(=O)N2[C@H]1C(=O)O","inhibitor [85.7 % of control]","8627565"
"Amoxicillin","[H][C@]12SC(C)(C)[C@@H](N1C(=O)[C@H]2NC(=O)[C@H](N)C1=CC=C(O)C=C1)C(O)=O","Solute carrier family 15 member 1","BE0001018","|inhibitor|","CHEMBL1082"
"Duplicates"
"CHEMBL1436","CO\N=C(/C(=O)N[C@H]1[C@H]2SCC(=C(N2C1=O)C(=O)O)COC(=O)N)\c3occc3","inhibitor [Ki=>5mM]","15567297"
"Cefuroxime","[H][C@]12SCC(COC(N)=O)=C(N1C(=O)[C@H]2NC(=O)C(=N/OC)\C1=CC=CO1)C(O)=O","Solute carrier family 15 member 1","BE0001018","|inhibitor|","CHEMBL1436"
"Duplicates"
"CHEMBL29","CC1(C)S[C@@H]2[C@H](NC(=O)Cc3ccccc3)C(=O)N2[C@H]1C(=O)O","inhibitor [Ki=>30mM]","15567297"
"Benzylpenicillin","[H][C@]12SC(C)(C)[C@@H](N1C(=O)[C@H]2NC(=O)CC1=CC=CC=C1)C(O)=O","Solute carrier family 15 member 1","BE0001018","|substrate|inhibitor|","CHEMBL29"
"Duplicates"
"CHEMBL1604","CC1=C(N2[C@H](SC1)[C@H](NC(=O)[C@H](N)C3=CCC=CC3)C2=O)C(=O)O","inhibitor [IC50=15000uM]","9706043"
"Cefradine","[H][C@]12SCC(C)=C(N1C(=O)[C@H]2NC(=O)[C@H](N)C1=CCC=CC1)C(O)=O","Solute carrier family 15 member 1","BE0001018","|substrate|inhibitor|","CHEMBL1604"
"Duplicates"
"CHEMBL1541","Nc1nc(cs1)\C(=N\OCC(=O)O)\C(=O)N[C@H]2[C@H]3SCC(=C(N3C2=O)C(=O)O)C=C","inhibitor [Ki=12mM]","15567297"
"Cefixime","[H][C@]12SCC(C=C)=C(N1C(=O)[C@H]2NC(=O)C(=N/OCC(O)=O)\C1=CSC(N)=N1)C(O)=O","Solute carrier family 15 member 1","BE0001018","|substrate|inhibitor|","CHEMBL1541"
"Duplicates"
"CHEMBL578","CCOC(=O)[C@H](CCc1ccccc1)N[C@@H](C)C(=O)N2CCC[C@H]2C(=O)O","inhibitor [IC50=15000uM]","9706043"
"Enalapril","CCOC(=O)[C@H](CCC1=CC=CC=C1)N[C@@H](C)C(=O)N1CCC[C@H]1C(O)=O","Solute carrier family 15 member 1","BE0001018","|substrate|inhibitor|","CHEMBL578"
"Duplicates"
"CHEMBL1644","CC1=C(N2[C@H](SC1)[C@H](NC(=O)[C@H](N)c3ccc(O)cc3)C2=O)C(=O)O","inhibitor [IC50=5400uM]","7592745"
"Cefadroxil","[H][C@]12SCC(C)=C(N1C(=O)[C@H]2NC(=O)[C@H](N)C1=CC=C(O)C=C1)C(O)=O","Solute carrier family 15 member 1","BE0001018","|substrate|inhibitor|","CHEMBL1644"
"Duplicates"
"CHEMBL1009","N[C@@H](Cc1ccc(O)c(O)c1)C(=O)O","inhibitor [IC50=141200uM]","10052994"
"Levodopa","N[C@@H](CC1=CC(O)=C(O)C=C1)C(O)=O","Solute carrier family 15 member 1","BE0001018","|inhibitor|","CHEMBL1009"
"Duplicates"
"CHEMBL1013","N[C@@H](C(=O)N[C@H]1[C@H]2CCC(=C(N2C1=O)C(=O)O)Cl)c3ccccc3","inhibitor [60.3 % of control]","8627565"
"Loracarbef","N[C@@H](C(=O)N[C@H]1[C@H]2CCC(Cl)=C(N2C1=O)C(O)=O)C1=CC=CC=C1","Solute carrier family 15 member 1","BE0001018","|inhibitor|","CHEMBL1013"
"Duplicates"
"CHEMBL819","Cc1onc(c2ccccc2)c1C(=O)N[C@H]3[C@H]4SC(C)(C)[C@@H](N4C3=O)C(=O)O","inhibitor [Ki=12mM]","15567297"
"Oxacillin","[H][C@]12SC(C)(C)[C@@H](N1C(=O)[C@H]2NC(=O)C1=C(C)ON=C1C1=CC=CC=C1)C(O)=O","Solute carrier family 15 member 1","BE0001018","|inhibitor|","CHEMBL819"
"Duplicates"
"CHEMBL459","C[C@](N)(Cc1ccc(O)c(O)c1)C(=O)O","inhibitor [IC50=151600uM]","10052994"
"Methyldopa","C[C@](N)(CC1=CC=C(O)C(O)=C1)C(O)=O","Solute carrier family 15 member 1","BE0001018","|inhibitor|","CHEMBL459"
"Duplicates"
"CHEMBL927","Nc1nc(cs1)\C(=N\O)\C(=O)N[C@H]2[C@H]3SCC(=C(N3C2=O)C(=O)O)C=C","inhibitor [31 % inhibition]","9092716"
"Cefdinir","[H][C@]12SCC(C=C)=C(N1C(=O)[C@H]2NC(=O)C(=N/O)\C1=CSC(N)=N1)C(O)=O","Solute carrier family 15 member 1","BE0001018","|substrate|inhibitor|","CHEMBL927"
