"CHEMBL577","C[C@H](N[C@@H](CCc1ccccc1)C(=O)O)C(=O)N2CCC[C@H]2C(=O)O","substrate [+]","15618677"
"CHEMBL1560","C[C@H](CS)C(=O)N1CCC[C@H]1C(=O)O","transporter substrate","20190787"
"CHEMBL1349","CC(C)[C@H](N)C(=O)OCCOCn1cnc2C(=O)N=C(N)Nc12","substrate [Km=2200uM]","11180195"
"CHEMBL267179","CSCC[C@H](NC=O)C(=O)N[C@@H](CC(C)C)C(=O)N[C@@H](Cc1ccccc1)C(=O)O","substrate [+]","9835627"
"CHEMBL242948","NCCC(=O)N[C@@H](Cc1cnc[nH]1)C(=O)O","substrate [+]","15618677"
"CHEMBL1605","Nc1nc(cs1)\C(=C\CC(=O)O)\C(=O)N[C@H]2[C@H]3SCC=C(N3C2=O)C(=O)O","substrate [+]","15618677"
"CHEMBL1807686","N[C@@H](Cc1ccccc1)C(=O)N2CCC[C@H]2C(=O)O","substrate [+]","10189264"
"CHEMBL2074827","Oc1ccc(C[C@@H]2NC(=O)CNC2=O)cc1","substrate [Km=62.9uM]","12356285"
"CHEMBL2074761","OC[C@@H]1NC(=O)[C@H](Cc2ccccc2)NC1=O","substrate [Km=118uM]","12356285"
"CHEMBL330031","N[C@@H](Cc1ccccc1)C(=O)N2CCC[C@@H]2C(=O)O","substrate [+]","10189264"
"CHEMBL2074841","O=C1CNC(=O)[C@H](Cc2ccccc2)N1","substrate [Km=90.9uM]","12356285"
"CHEMBL2074936","OC(=O)CO\N=C(/C(=C)N[C@H]1[C@H]2SCC=C(N2C1=O)C(=O)O)\c3cscn3","substrate [+]","15618677"
"CHEMBL300841","OC(=O)CN1C[C@H](SC[C@H](N[C@@H](CCc2ccccc2)C(=O)O)C1=O)c3cccs3","substrate [+]","15618677"
"CHEMBL2110627","CCOC(=O)[C@H](CCc1ccccc1)N[C@H]2CS[C@@H](CN(CC(=O)O)C2=O)c3cccs3","substrate [+]","15618677"
"CHEMBL29292","CC(C)C[C@H](NC(=O)[C@@H](O)[C@H](N)Cc1ccccc1)C(=O)O","transporter substrate","20190787"
"CHEMBL2074804","OC[C@@H]1NC(=O)[C@H](Cc2ccc(O)cc2)NC1=O","substrate [Km=21.9uM]","12356285"
"CHEMBL56119","CC(C)C[C@H](NC(=O)CN)C(=O)O","inhibitor [+]","9835627"
"CHEMBL1082","CC1(C)S[C@@H]2[C@H](NC(=O)[C@H](N)c3ccc(O)cc3)C(=O)N2[C@H]1C(=O)O","inhibitor [85.7 % of control]","8627565"
"CHEMBL1436","CO\N=C(/C(=O)N[C@H]1[C@H]2SCC(=C(N2C1=O)C(=O)O)COC(=O)N)\c3occc3","inhibitor [Ki=>5mM]","15567297"
"CHEMBL1146","Cn1nnnc1SCC2=C(N3[C@H](SC2)[C@H](NC(=O)[C@H](O)c4ccccc4)C3=O)C(=O)O","inhibitor [Ki=8.1mM]","15567297"
"CHEMBL29","CC1(C)S[C@@H]2[C@H](NC(=O)Cc3ccccc3)C(=O)N2[C@H]1C(=O)O","inhibitor [Ki=>30mM]","15567297"
"CHEMBL1604","CC1=C(N2[C@H](SC1)[C@H](NC(=O)[C@H](N)C3=CCC=CC3)C2=O)C(=O)O","inhibitor [IC50=15000uM]","9706043"
"CHEMBL1541","Nc1nc(cs1)\C(=N\OCC(=O)O)\C(=O)N[C@H]2[C@H]3SCC(=C(N3C2=O)C(=O)O)C=C","inhibitor [Ki=12mM]","15567297"
"CHEMBL1221777","CC[C@H](C)[C@H](NC(=O)CNC(=O)CN)C(=O)O","inhibitor [10 % of control]","7896779"
"CHEMBL578","CCOC(=O)[C@H](CCc1ccccc1)N[C@@H](C)C(=O)N2CCC[C@H]2C(=O)O","inhibitor [IC50=15000uM]","9706043"
"CHEMBL1644","CC1=C(N2[C@H](SC1)[C@H](NC(=O)[C@H](N)c3ccc(O)cc3)C2=O)C(=O)O","inhibitor [IC50=5400uM]","7592745"
"CHEMBL1009","N[C@@H](Cc1ccc(O)c(O)c1)C(=O)O","inhibitor [IC50=141200uM]","10052994"
"CHEMBL93178","C[C@H](NC(=O)[C@@H](N)CCCCN)C(=O)O","inhibitor [Ki=419uM]","7495840"
"CHEMBL2074654","NCCCC[C@H](NC(=O)OCc1ccccc1)C(=O)N2CCC[C@H]2C(=O)O","inhibitor [Ki=33uM]","11284702"
"CHEMBL2074835","C[C@H](N)C(=O)N1CCC[C@H]1C(=O)NCC(=O)O","inhibitor [9 % of control]","7896779"
"CHEMBL347510","CC(N)C(=S)N1CCCC1C(=O)O","inhibitor [Ki=300uM]","9461567"
"CHEMBL1823468","CN(CC(=O)[O-])C(=O)[C@@H]([NH3+])CCC(=O)OCCOCn1cnc2C(=O)NC(=Nc12)N","inhibitor [Ki=280uM]","12526824"
"CHEMBL414828","C[C@H](N)C(=O)N1CCC[C@H]1C(=O)O","inhibitor [8 % of control]","7896779"
"CHEMBL1615585","CC(=O)OCC1=C(N2[C@H](SC1)[C@H](N)C2=O)C(=O)O","inhibitor [Ki=>10mM]","15567297"
"CHEMBL2074776","N[C@@H](Cc1ccc(O)c(O)c1)C(=O)N[C@@H](Cc2ccccc2)C(=O)O","inhibitor [20% (at a rough estimate) of control]","10189264"
"CHEMBL2074596","N[C@@H](CCCCNC(=O)OCc1ccc(cc1)[N+](=O)[O-])C(=O)N2CCC[C@H]2C(=O)O","inhibitor [Ki=19uM]","11284702"
"CHEMBL1617285","NC(=O)c1cc[n+](CC2=C(N3[C@H](SC2)[C@H](NC(=O)C(c4ccccc4)S(=O)(=O)O)C3=O)C(=O)O)cc1","inhibitor [Ki=>30mM]","15567297"
"CHEMBL74632","CO[C@]1(NC(=O)C(C(=O)O)c2ccc(O)cc2)[C@H]3OCC(=C(N3C1=O)C(=O)O)CSc4nnnn4C","inhibitor [Ki=12.3mM]","15567297"
"CHEMBL65794","CO\N=C(/C(=O)N[C@H]1[C@H]2SCC(=C(N2C1=O)C(=O)[O-])C[n+]3cccc4CCCc34)\c5csc(N)n5","inhibitor [Ki=>30mM]","15567297"
"CHEMBL2303613","CO\N=C(/C(=O)N[C@H]1[C@H]2SCC(=C(N2C1=O)C(=O)O)CSc3nc(C)c(CC(=O)O)s3)\c4csc(N)n4","inhibitor [Ki=22mM]","15567297"
"CHEMBL2105940","CO\N=C(/C(=O)N[C@H]1[C@H]2SCC(=C(N2C1=O)C(=O)[O-])C[n+]3ccc(N)n3CCO)\c4csc(N)n4","inhibitor [76 % of control]","10636865"
"CHEMBL1221709","NCC(=O)NCC(=O)N1CCC[C@H]1C(=O)O","inhibitor [13 % of control]","7896779"
"CHEMBL1194823","NCC(=O)OCCOCn1cnc2c(O)nc(N)nc12","inhibitor [IC50=1400uM]","9706043"
"CHEMBL2074601","CN(CC(=O)O)C(=O)[C@@H](N)CC(O)C(=O)OCN1C=C(C)C(=O)NC1=O","inhibitor [Ki=210uM]","12526824"
"CHEMBL1013","N[C@@H](C(=O)N[C@H]1[C@H]2CCC(=C(N2C1=O)C(=O)O)Cl)c3ccccc3","inhibitor [60.3 % of control]","8627565"
"CHEMBL819","Cc1onc(c2ccccc2)c1C(=O)N[C@H]3[C@H]4SC(C)(C)[C@@H](N4C3=O)C(=O)O","inhibitor [Ki=12mM]","15567297"
"CHEMBL1200929","[Zn+2].[O-]S(=O)(=O)[O-]","inhibitor [40% of control]","14567632"
"CHEMBL459","C[C@](N)(Cc1ccc(O)c(O)c1)C(=O)O","inhibitor [IC50=151600uM]","10052994"
"CHEMBL927","Nc1nc(cs1)\C(=N\O)\C(=O)N[C@H]2[C@H]3SCC(=C(N3C2=O)C(=O)O)C=C","inhibitor [31 % inhibition]","9092716"
"CHEMBL1236749","CC1(C)S[C@@H]2[C@H](N)C(=O)N2[C@H]1C(=O)O","inhibitor [Ki=>30mM]","15567297"
"Ramipril","[H][C@@]12CCC[C@]1([H])N([C@@H](C2)C(O)=O)C(=O)[C@H](C)N[C@@H](CCC1=CC=CC=C1)C(=O)OCC","Solute carrier family 15 member 1","BE0001018","|substrate|","CHEMBL1168"
"Oseltamivir","CCOC(=O)C1=C[C@@H](OC(CC)CC)[C@H](NC(C)=O)[C@@H](N)C1","Solute carrier family 15 member 1","BE0001018","|substrate|","CHEMBL1229"
"Midodrine","COC1=CC(C(O)CNC(=O)CN)=C(OC)C=C1","Solute carrier family 15 member 1","BE0001018","|","CHEMBL1201212"
"Cefmetazole","[H][C@]12SCC(CSC3=NN=NN3C)=C(N1C(=O)[C@]2(NC(=O)CSCC#N)OC)C(O)=O","Solute carrier family 15 member 1","BE0001018","|inhibitor|","CHEMBL1201195"
"Ampicillin","[H][C@]12SC(C)(C)[C@@H](N1C(=O)[C@H]2NC(=O)[C@H](N)C1=CC=CC=C1)C(O)=O","Solute carrier family 15 member 1","BE0001018","|inhibitor|","CHEMBL174"
"Ceftazidime","[O-]C(=O)C1=C(CS[C@]2([H])[C@H](NC(=O)C(=N/OC(C)(C)C(O)=O)\C3=CSC(N)=N3)C(=O)N12)C[N+]1=CC=CC=C1","Solute carrier family 15 member 1","BE0001018","|inhibitor|","CHEMBL44354"
"Cefalotin","[H][C@]12SCC(COC(C)=O)=C(N1C(=O)[C@H]2NC(=O)CC1=CC=CS1)C(O)=O","Solute carrier family 15 member 1","BE0001018","|inhibitor|","CHEMBL617"
"Dicloxacillin","[H][C@]12SC(C)(C)[C@@H](N1C(=O)[C@H]2NC(=O)C1=C(C)ON=C1C1=C(Cl)C=CC=C1Cl)C(O)=O","Solute carrier family 15 member 1","BE0001018","|inhibitor|","CHEMBL893"
"Fosinopril","CCC(=O)O[C@@H](O[P@](=O)(CCCCC1=CC=CC=C1)CC(=O)N1C[C@@H](C[C@H]1C(O)=O)C1CCCCC1)C(C)C","Solute carrier family 15 member 1","BE0001018","|substrate|","CHEMBL3039598"
"Cefotaxime","[H][C@]12SCC(COC(C)=O)=C(N1C(=O)[C@H]2NC(=O)C(=N/OC)\C1=CSC(N)=N1)C(O)=O","Solute carrier family 15 member 1","BE0001018","|inhibitor|","CHEMBL1730"
"Trandolapril","[H][C@@]12C[C@H](N(C(=O)[C@H](C)N[C@@H](CCC3=CC=CC=C3)C(=O)OCC)[C@@]1([H])CCCC2)C(O)=O","Solute carrier family 15 member 1","BE0001018","|substrate|","CHEMBL1519"
"Benazepril","CCOC(=O)[C@H](CCC1=CC=CC=C1)N[C@H]1CCC2=CC=CC=C2N(CC(O)=O)C1=O","Solute carrier family 15 member 1","BE0001018","|substrate|","CHEMBL838"
"Cephalexin","[H][C@]12SCC(C)=C(N1C(=O)[C@H]2NC(=O)[C@H](N)C1=CC=CC=C1)C(O)=O","Solute carrier family 15 member 1","BE0001018","|substrate|inhibitor|","CHEMBL1727"
"Chlorpropamide","CCCNC(=O)NS(=O)(=O)C1=CC=C(Cl)C=C1","Solute carrier family 15 member 1","BE0001018","|inhibitor|","CHEMBL498"
"Moexipril","CCOC(=O)[C@H](CCC1=CC=CC=C1)N[C@@H](C)C(=O)N1CC2=CC(OC)=C(OC)C=C2C[C@H]1C(O)=O","Solute carrier family 15 member 1","BE0001018","|substrate|","CHEMBL1165"
"Nateglinide","[H][C@](CC1=CC=CC=C1)(N=C(O)[C@@]1([H])CC[C@@]([H])(CC1)C(C)C)C(O)=O","Solute carrier family 15 member 1","BE0001018","|inhibitor|","CHEMBL783"
"Perindopril","[H][C@]12C[C@H](N(C(=O)[C@H](C)N[C@@H](CCC)C(=O)OCC)[C@@]1([H])CCCC2)C(O)=O","Solute carrier family 15 member 1","BE0001018","|substrate|","CHEMBL1581"
"Cefaclor","[H][C@]12SCC(Cl)=C(N1C(=O)[C@H]2NC(=O)[C@H](N)C1=CC=CC=C1)C(O)=O","Solute carrier family 15 member 1","BE0001018","|inhibitor|","CHEMBL680"
"Aminolevulinic acid","NCC(=O)CCC(O)=O","Solute carrier family 15 member 1","BE0001018","|inhibitor|","CHEMBL601"
"Quinapril","CCOC(=O)[C@H](CCC1=CC=CC=C1)N[C@@H](C)C(=O)N1CC2=CC=CC=C2C[C@H]1C(O)=O","Solute carrier family 15 member 1","BE0001018","|substrate|","CHEMBL1592"
"Cyclacillin","[H][C@]12SC(C)(C)[C@@H](N1C(=O)[C@H]2NC(=O)C1(N)CCCCC1)C(O)=O","Solute carrier family 15 member 1","BE0001018","|inhibitor|","CHEMBL1200356"
"Glyburide","COC1=C(C=C(Cl)C=C1)C(=O)NCCC1=CC=C(C=C1)S(=O)(=O)NC(=O)NC1CCCCC1","Solute carrier family 15 member 1","BE0001018","|inhibitor|","CHEMBL472"
"Fluvastatin","CC(C)N1C(\C=C\[C@H](O)C[C@H](O)CC(O)=O)=C(C2=CC=C(F)C=C2)C2=CC=CC=C12","Solute carrier family 15 member 1","BE0001018","|substrate|inhibitor|","CHEMBL350239"
"Tolbutamide","CCCCNC(=O)NS(=O)(=O)C1=CC=C(C)C=C1","Solute carrier family 15 member 1","BE0001018","|inhibitor|","CHEMBL782"
"Cloxacillin","[H][C@]12SC(C)(C)[C@@H](N1C(=O)[C@H]2NC(=O)C1=C(C)ON=C1C1=CC=CC=C1Cl)C(O)=O","Solute carrier family 15 member 1","BE0001018","|inhibitor|","CHEMBL891"
"Ceftriaxone","[H][C@]12SCC(CSC3=NC(=O)C(=O)NN3C)=C(N1C(=O)[C@H]2NC(=O)C(=N/OC)\C1=CSC(N)=N1)C(O)=O","Solute carrier family 15 member 1","BE0001018","|inhibitor|","CHEMBL161"
"Ceftizoxime","[H][C@]12SCC=C(N1C(=O)[C@H]2NC(=O)C(=N/OC)\C1=CSC(N)=N1)C(O)=O","Solute carrier family 15 member 1","BE0001018","|substrate|","CHEMBL528"
"Cilazapril","CCOC(=O)[C@H](CCC1=CC=CC=C1)N[C@H]1CCCN2CCC[C@H](N2C1=O)C(O)=O","Solute carrier family 15 member 1","BE0001018","|substrate|","CHEMBL515606"
"Spirapril","CCOC(=O)[C@H](CCC1=CC=CC=C1)N[C@@H](C)C(=O)N1CC2(C[C@H]1C(O)=O)SCCS2","Solute carrier family 15 member 1","BE0001018","|substrate|","CHEMBL431"
"Cefepime","CO\N=C(/C(=O)N[C@@H]1C(=O)N2[C@]1([H])SCC(C[N+]1(C)CCCC1)=C2C([O-])=O)C1=CSC(N)=N1","Solute carrier family 15 member 1","BE0001018","|inhibitor|","CHEMBL186"
"Valganciclovir","CC(C)[C@H](N)C(=O)OCC(CO)OCN1C=NC2=C1NC(N)=NC2=O","Solute carrier family 15 member 1","BE0001018","|","CHEMBL1201314"
"Taurine","NCCS(O)(=O)=O","Solute carrier family 15 member 1","BE0001018","|substrate|","CHEMBL239243"
"Ubenimex","[H][C@@](N)(CC1=CC=CC=C1)[C@]([H])(O)C(O)=N[C@@]([H])(CC(C)C)C(O)=O","Solute carrier family 15 member 1","BE0001018","|inhibitor|","CHEMBL29292"
"Azidocillin","[H][C@]12SC(C)(C)[C@@H](N1C(=O)[C@H]2NC(=O)[C@H](N=[N+]=[N-])C1=CC=CC=C1)C(O)=O","Solute carrier family 15 member 1","BE0001018","|inhibitor|","CHEMBL2105907"
