"CHEMBL589366","C[C@@H]1Cc2c(Cl)cc(C(=O)N[C@@H](Cc3ccccc3)C(=O)O)c(O)c2C(=O)O1","substrate [Km=22.9uM]","12063169"
"CHEMBL1162495","OC(=O)CCCC(=O)O","is not an inhibitor [-]","10660625"
"CHEMBL548","CCCCC[C@H](O)\C=C\[C@H]1[C@H](O)CC(=O)[C@@H]1C\C=C/CCCC(=O)O","inhibitor [57 % of control]","11907186"
"CHEMBL1072","CCCCNc1cc(cc(c1Oc2ccccc2)S(=O)(=O)N)C(=O)O","inhibitor [(at a rough estimate) 15 % of control]","10660625"
"CHEMBL1231530","OC(=O)CCNC(=O)c1ccccc1","inhibitor [Ki=502uM]","12023506"
"CHEMBL507674","CCN1CCN(C(=O)N[C@@H](C(=O)N[C@H]2[C@H]3SCC(=C(N3C2=O)C(=O)O)CSc4nnnn4C)c5ccc(O)cc5)C(=O)C1=O","inhibitor [Ki=2.8uM]","11909604"
"CHEMBL507674","CCN1CCN(C(=O)N[C@@H](C(=O)N[C@H]2[C@H]3SCC(=C(N3C2=O)C(=O)O)CSc4nnnn4C)c5ccc(O)cc5)C(=O)C1=O","inhibitor [Ki=2.8uM]","11909604"
"CHEMBL9324","CC[N+](CC)(CC)CC","is not an inhibitor [-]","10660625"
"CHEMBL9324","CC[N+](CC)(CC)CC","is not an inhibitor [-]","10660625"
"CHEMBL494753","C[C@]12CC[C@H]3[C@@H](CCc4cc(OS(=O)(=O)O)ccc34)[C@@H]1CCC2=O","substrate [Km=1.01uM]","10660625"
"CHEMBL510139","C[C@H]1OC=C2C(=C(C(=O)O)C(=O)C(=C2[C@@H]1C)C)O","inhibitor [Ki=366.4uM]","12063169"
"CHEMBL510139","C[C@H]1OC=C2C(=C(C(=O)O)C(=O)C(=C2[C@@H]1C)C)O","inhibitor [Ki=366.4uM]","12063169"
"CHEMBL35","NS(=O)(=O)c1cc(C(=O)O)c(NCc2occc2)cc1Cl","inhibitor [(at a rough estimate) 5 % of control]","10660625"
"CHEMBL495244","O[C@@H]1[C@@H](O)[C@H](Oc2ccc(cc2)[N+](=O)[O-])O[C@@H]([C@H]1O)C(=O)O","is not an inhibitor [-]","10660625"
"CHEMBL495244","O[C@@H]1[C@@H](O)[C@H](Oc2ccc(cc2)[N+](=O)[O-])O[C@@H]([C@H]1O)C(=O)O","is not an inhibitor [-]","10660625"
"CHEMBL1628111","C[C@]12CC[C@H]3[C@@H](CCc4cc(OS(=O)(=O)O)ccc34)[C@@H]1CC[C@@H]2O","inhibitor [(at a rough estimate) 25 % of control]","10660625"
"CHEMBL453904","[Na+].[Na+].Oc1ccc(cc1S(=O)(=O)[O-])C2(OC(=O)c3c(Br)c(Br)c(Br)c(Br)c23)c4ccc(O)c(c4)S(=O)(=O)[O-]","inhibitor [(at a rough estimate) <5 % of control]","10660625"
"CHEMBL521","CC(C)Cc1ccc(cc1)C(C)C(=O)O","inhibitor [(at a rough estimate) 10 % of control]","10660625"
"CHEMBL30","CN\C(=N/CCSCc1nc[nH]c1C)\NC#N","inhibitor [IC50=2000 >uM]","14978359"
"CHEMBL324846","CCCCCCCC(=O)O","inhibitor [Ki=235.5uM]","12063169"
"CHEMBL324846","CCCCCCCC(=O)O","inhibitor [Ki=235.5uM]","12063169"
"CHEMBL1730","CO\N=C(/C(=O)N[C@H]1[C@H]2SCC(=C(N2C1=O)C(=O)O)COC(=O)C)\c3csc(N)n3","inhibitor [Ki=6.15uM]","11909604"
