"CHEMBL1433","C[C@@H]1[C@H]2[C@H](O)[C@H]3[C@H](N(C)C)C(=C(C(=O)N)C(=O)[C@@]3(O)C(=C2C(=O)c4c(O)cccc14)O)O","is not an inhibitor [-]","11855680"
"CHEMBL1517","CN(C)[C@H]1[C@@H]2[C@@H](O)[C@H]3C(=C(O)[C@]2(O)C(=O)C(=C1O)C(=O)N)C(=O)c4c(O)cccc4[C@@]3(C)O","is not an inhibitor [-]","11855680"
"CHEMBL1647","CC(=O)Nc1ccc(O[C@@H]2O[C@@H]([C@@H](O)[C@H](O)[C@H]2O)C(=O)O)cc1","is not an inhibitor [-]","10660625"
"CHEMBL424","OC(=O)c1ccccc1O","is not an inhibitor [-]","10660625"
"CHEMBL2074591","C[C@]12CC[C@H]3[C@@H](CCc4cc(O[C@@H]5O[C@@H]([C@@H](O)[C@H](O)[C@H]5O)C(=O)O)ccc34)[C@@H]1CC[C@@H]2O","is not an inhibitor [-]","10660625"
"CHEMBL2074695","O[C@H]1[C@H](Oc2cccc3ccccc23)O[C@@H]([C@@H](O)[C@@H]1O)C(=O)O","is not an inhibitor [-]","10660625"
"CHEMBL1434","CN(C)[C@H]1[C@@H]2C[C@@H]3Cc4c(ccc(O)c4C(=O)C3=C(O)[C@]2(O)C(=O)C(=C1O)C(=O)N)N(C)C","is not an inhibitor [-]","11855680"
"CHEMBL1162495","OC(=O)CCCC(=O)O","is not an inhibitor [-]","10660625"
"CHEMBL9324","CC[N+](CC)(CC)CC","is not an inhibitor [-]","10660625"
"CHEMBL495244","O[C@@H]1[C@@H](O)[C@H](Oc2ccc(cc2)[N+](=O)[O-])O[C@@H]([C@H]1O)C(=O)O","is not an inhibitor [-]","10660625"
"CHEMBL135","C[C@]12CC[C@H]3[C@@H](CCc4cc(O)ccc34)[C@@H]1CC[C@@H]2O","is not an inhibitor [-]","10660625"
"CHEMBL493586","O[C@@H]1[C@@H](O)[C@H](OCC2=CC(=O)Oc3cc(O)ccc23)O[C@@H]([C@H]1O)C(=O)O","is not an inhibitor [-]","10660625"
