"Duplicates"
"CHEMBL463","Nc1ccc(cc1)C(=O)NCC(=O)O","substrate [+]","10660625"
"Aminohippuric acid","NC1=CC=C(C=C1)C(=O)NCC(O)=O","Solute carrier family 22 member 11","BE0000879","|substrate|inhibitor|","CHEMBL463"
"Duplicates"
"CHEMBL1440","CN(C)[C@H]1[C@@H]2C[C@H]3C(=C(O)[C@]2(O)C(=O)C(=C1O)C(=O)N)C(=O)c4c(O)cccc4[C@@]3(C)O","substrate [Km=122.7uM]","11855680"
"Tetracycline","[H][C@@]12C[C@@]3([H])C(=C(O)[C@]1(O)C(=O)C(C(N)=O)=C(O)[C@H]2N(C)C)C(=O)C1=C(O)C=CC=C1[C@@]3(C)O","Solute carrier family 22 member 11","BE0000879","|inhibitor|","CHEMBL1440"
"Duplicates"
"CHEMBL6246","Oc1cc2C(=O)Oc3c(O)c(O)cc4C(=O)Oc(c1O)c2c34","substrate [+]","15870380"
"Ellagic Acid","OC1=C(O)C2=C3C(=C1)C(=O)OC1=C3C(=CC(O)=C1O)C(=O)O2","Solute carrier family 22 member 11","BE0000879","|","CHEMBL6246"
"Duplicates"
"CHEMBL34259","CN(Cc1cnc2nc(N)nc(N)c2n1)c3ccc(cc3)C(=O)N[C@@H](CCC(=O)O)C(=O)O","substrate [Km=17.8uM]","12130730"
"Methotrexate","CN(CC1=CN=C2N=C(N)N=C(N)C2=N1)C1=CC=C(C=C1)C(=O)N[C@@H](CCC(O)=O)C(O)=O","Solute carrier family 22 member 11","BE0000879","|substrate|","CHEMBL34259"
"Duplicates"
"CHEMBL29","CC1(C)S[C@@H]2[C@H](NC(=O)Cc3ccccc3)C(=O)N2[C@H]1C(=O)O","inhibitor [79.7 % of control]","12130730"
"Benzylpenicillin","[H][C@]12SC(C)(C)[C@@H](N1C(=O)[C@H]2NC(=O)CC1=CC=CC=C1)C(O)=O","Solute carrier family 22 member 11","BE0000879","|inhibitor|","CHEMBL29"
"Duplicates"
"CHEMBL527","CN1C(=C(O)c2ccccc2S1(=O)=O)C(=O)Nc3ccccn3","inhibitor [Ki=107.8uM]","12063169"
"Piroxicam","CN1C(C(=O)NC2=NC=CC=C2)=C(O)C2=C(C=CC=C2)S1(=O)=O","Solute carrier family 22 member 11","BE0000879","|inhibitor|","CHEMBL527"
"Duplicates"
"CHEMBL171679","COC(=O)[C@H](Cc1ccccc1)NC(=O)[C@@H](N)CC(=O)O","inhibitor [(at a rough estimate) 80 % of control]","12063169"
"Aspartame","COC(=O)[C@H](CC1=CC=CC=C1)NC(=O)[C@@H](N)CC(O)=O","Solute carrier family 22 member 11","BE0000879","|inhibitor|","CHEMBL171679"
"Duplicates"
"CHEMBL101","CCCCC1C(=O)N(N(C1=O)c2ccccc2)c3ccccc3","inhibitor [55.7 % of control]","12130730"
"Phenylbutazone","CCCCC1C(=O)N(N(C1=O)C1=CC=CC=C1)C1=CC=CC=C1","Solute carrier family 22 member 11","BE0000879","|inhibitor|","CHEMBL101"
"Duplicates"
"CHEMBL897","CCCN(CCC)S(=O)(=O)c1ccc(cc1)C(=O)O","inhibitor [Ki=54.9uM]","12023506"
"Probenecid","CCCN(CCC)S(=O)(=O)C1=CC=C(C=C1)C(O)=O","Solute carrier family 22 member 11","BE0000879","|inhibitor|","CHEMBL897"
"Duplicates"
"CHEMBL1435","Cc1nnc(SCC2=C(N3[C@H](SC2)[C@H](NC(=O)Cn4cnnn4)C3=O)C(=O)O)s1","inhibitor [Ki=1.74uM]","11909604"
"Cefazolin","[H][C@]12SCC(CSC3=NN=C(C)S3)=C(N1C(=O)[C@H]2NC(=O)CN1C=NN=N1)C(O)=O","Solute carrier family 22 member 11","BE0000879","|inhibitor|","CHEMBL1435"
"Duplicates"
"CHEMBL139","OC(=O)Cc1ccccc1Nc2c(Cl)cccc2Cl","inhibitor [(at a rough estimate) 5 % of control]","10660625"
"Diclofenac","OC(=O)CC1=CC=CC=C1NC1=C(Cl)C=CC=C1Cl","Solute carrier family 22 member 11","BE0000879","|inhibitor|","CHEMBL139"
"Duplicates"
"CHEMBL617","CC(=O)OCC1=C(N2[C@H](SC1)[C@H](NC(=O)Cc3cccs3)C2=O)C(=O)O","inhibitor [Ki=0.2uM]","11909604"
"Cefalotin","[H][C@]12SCC(COC(C)=O)=C(N1C(=O)[C@H]2NC(=O)CC1=CC=CS1)C(O)=O","Solute carrier family 22 member 11","BE0000879","|inhibitor|","CHEMBL617"
"Duplicates"
"CHEMBL548","CCCCC[C@H](O)\C=C\[C@H]1[C@H](O)CC(=O)[C@@H]1C\C=C/CCCC(=O)O","inhibitor [57 % of control]","11907186"
"Dinoprostone","CCCCC[C@H](O)\C=C\[C@H]1[C@H](O)CC(=O)[C@@H]1C\C=C/CCCC(O)=O","Solute carrier family 22 member 11","BE0000879","|inhibitor|","CHEMBL548"
"Duplicates"
"CHEMBL1072","CCCCNc1cc(cc(c1Oc2ccccc2)S(=O)(=O)N)C(=O)O","inhibitor [(at a rough estimate) 15 % of control]","10660625"
"Bumetanide","CCCCNC1=C(OC2=CC=CC=C2)C(=CC(=C1)C(O)=O)S(N)(=O)=O","Solute carrier family 22 member 11","BE0000879","|inhibitor|","CHEMBL1072"
"Duplicates"
"CHEMBL507674","CCN1CCN(C(=O)N[C@@H](C(=O)N[C@H]2[C@H]3SCC(=C(N3C2=O)C(=O)O)CSc4nnnn4C)c5ccc(O)cc5)C(=O)C1=O","inhibitor [Ki=2.8uM]","11909604"
"Cefoperazone","[H][C@]12SCC(CSC3=NN=NN3C)=C(N1C(=O)[C@H]2NC(=O)C(NC(=O)N1CCN(CC)C(=O)C1=O)C1=CC=C(O)C=C1)C(O)=O","Solute carrier family 22 member 11","BE0000879","|inhibitor|","CHEMBL507674"
"Duplicates"
"CHEMBL129","CC1=CN([C@H]2C[C@H](N=[N+]=[N-])[C@@H](CO)O2)C(=O)NC1=O","inhibitor [84.2 % of control]","11861798"
"Zidovudine","CC1=CN([C@H]2C[C@H](N=[N+]=[N-])[C@@H](CO)O2)C(=O)NC1=O","Solute carrier family 22 member 11","BE0000879","|","CHEMBL129"
"Duplicates"
"CHEMBL6","COc1ccc2c(c1)c(CC(=O)O)c(C)n2C(=O)c3ccc(Cl)cc3","inhibitor [(at a rough estimate) 75 % of control]","12063169"
"Indomethacin","COC1=CC2=C(C=C1)N(C(=O)C1=CC=C(Cl)C=C1)C(C)=C2CC(O)=O","Solute carrier family 22 member 11","BE0000879","|inhibitor|","CHEMBL6"
"Duplicates"
"CHEMBL35","NS(=O)(=O)c1cc(C(=O)O)c(NCc2occc2)cc1Cl","inhibitor [(at a rough estimate) 5 % of control]","10660625"
"Furosemide","NS(=O)(=O)C1=C(Cl)C=C(NCC2=CC=CO2)C(=C1)C(O)=O","Solute carrier family 22 member 11","BE0000879","|inhibitor|","CHEMBL35"
"Duplicates"
"CHEMBL571","CC(C(=O)O)c1cccc(c1)C(=O)c2ccccc2","inhibitor [81 % of control]","12130730"
"Ketoprofen","CC(C(O)=O)C1=CC(=CC=C1)C(=O)C1=CC=CC=C1","Solute carrier family 22 member 11","BE0000879","|inhibitor|","CHEMBL571"
"Duplicates"
"CHEMBL1146","Cn1nnnc1SCC2=C(N3[C@H](SC2)[C@H](NC(=O)[C@H](O)c4ccccc4)C3=O)C(=O)O","inhibitor [Ki=1.14uM]","11909604"
"Cefamandole","[H][C@]12SCC(CSC3=NN=NN3C)=C(N1C(=O)[C@H]2NC(=O)[C@H](O)C1=CC=CC=C1)C(O)=O","Solute carrier family 22 member 11","BE0000879","|inhibitor|","CHEMBL1146"
"Duplicates"
"CHEMBL521","CC(C)Cc1ccc(cc1)C(C)C(=O)O","inhibitor [(at a rough estimate) 10 % of control]","10660625"
"Ibuprofen","CC(C)CC1=CC=C(C=C1)C(C)C(O)=O","Solute carrier family 22 member 11","BE0000879","|inhibitor|","CHEMBL521"
"Duplicates"
"CHEMBL324846","CCCCCCCC(=O)O","inhibitor [Ki=235.5uM]","12063169"
"Caprylic acid","CCCCCCCC(O)=O","Solute carrier family 22 member 11","BE0000879","|inhibitor|","CHEMBL324846"
"Duplicates"
"CHEMBL1730","CO\N=C(/C(=O)N[C@H]1[C@H]2SCC(=C(N2C1=O)C(=O)O)COC(=O)C)\c3csc(N)n3","inhibitor [Ki=6.15uM]","11909604"
"Cefotaxime","[H][C@]12SCC(COC(C)=O)=C(N1C(=O)[C@H]2NC(=O)C(=N/OC)\C1=CSC(N)=N1)C(O)=O","Solute carrier family 22 member 11","BE0000879","|inhibitor|","CHEMBL1730"
