"Aspartame","COC(=O)[C@H](CC1=CC=CC=C1)NC(=O)[C@@H](N)CC(O)=O","Solute carrier family 22 member 11","BE0000879","|inhibitor|","CHEMBL171679"
"Pravastatin","[H][C@]12[C@H](C[C@H](O)C=C1C=C[C@H](C)[C@@H]2CC[C@@H](O)C[C@@H](O)CC(O)=O)OC(=O)[C@@H](C)CC","Solute carrier family 22 member 11","BE0000879","|inhibitor|","CHEMBL1144"
"Doxycycline","[H][C@@]12[C@@H](C)C3=C(C(O)=CC=C3)C(=O)C1=C(O)[C@]1(O)C(=O)C(C(N)=O)=C(O)[C@@H](N(C)C)[C@]1([H])[C@H]2O","Solute carrier family 22 member 11","BE0000879","|inhibitor|","CHEMBL1433"
"Indomethacin","COC1=CC2=C(C=C1)N(C(=O)C1=CC=C(Cl)C=C1)C(C)=C2CC(O)=O","Solute carrier family 22 member 11","BE0000879","|inhibitor|","CHEMBL6"
"Aminohippuric acid","NC1=CC=C(C=C1)C(=O)NCC(O)=O","Solute carrier family 22 member 11","BE0000879","|substrate|inhibitor|","CHEMBL463"
"Cefalotin","[H][C@]12SCC(COC(C)=O)=C(N1C(=O)[C@H]2NC(=O)CC1=CC=CS1)C(O)=O","Solute carrier family 22 member 11","BE0000879","|inhibitor|","CHEMBL617"
"Cefotaxime","[H][C@]12SCC(COC(C)=O)=C(N1C(=O)[C@H]2NC(=O)C(=N/OC)\C1=CSC(N)=N1)C(O)=O","Solute carrier family 22 member 11","BE0000879","|inhibitor|","CHEMBL1730"
"Zidovudine","CC1=CN([C@H]2C[C@H](N=[N+]=[N-])[C@@H](CO)O2)C(=O)NC1=O","Solute carrier family 22 member 11","BE0000879","|","CHEMBL129"
"Cimetidine","C\N=C(\NCCSCC1=C(C)NC=N1)NC#N","Solute carrier family 22 member 11","BE0000879","|inhibitor|","CHEMBL30"
"Piroxicam","CN1C(C(=O)NC2=NC=CC=C2)=C(O)C2=C(C=CC=C2)S1(=O)=O","Solute carrier family 22 member 11","BE0000879","|inhibitor|","CHEMBL527"
"Methotrexate","CN(CC1=CN=C2N=C(N)N=C(N)C2=N1)C1=CC=C(C=C1)C(=O)N[C@@H](CCC(O)=O)C(O)=O","Solute carrier family 22 member 11","BE0000879","|substrate|","CHEMBL34259"
"Diclofenac","OC(=O)CC1=CC=CC=C1NC1=C(Cl)C=CC=C1Cl","Solute carrier family 22 member 11","BE0000879","|inhibitor|","CHEMBL139"
"Oxytetracycline","[H][C@@]12[C@@H](O)[C@@]3([H])C(C(=O)C4=C(O)C=CC=C4[C@@]3(C)O)=C(O)[C@]1(O)C(=O)C(C(N)=O)=C(O)[C@H]2N(C)C","Solute carrier family 22 member 11","BE0000879","|inhibitor|","CHEMBL1517"
"Furosemide","NS(=O)(=O)C1=C(Cl)C=C(NCC2=CC=CO2)C(=C1)C(O)=O","Solute carrier family 22 member 11","BE0000879","|inhibitor|","CHEMBL35"
"Tetracycline","[H][C@@]12C[C@@]3([H])C(=C(O)[C@]1(O)C(=O)C(C(N)=O)=C(O)[C@H]2N(C)C)C(=O)C1=C(O)C=CC=C1[C@@]3(C)O","Solute carrier family 22 member 11","BE0000879","|inhibitor|","CHEMBL1440"
"Estradiol","[H][C@@]12CC[C@H](O)[C@@]1(C)CC[C@]1([H])C3=C(CC[C@@]21[H])C=C(O)C=C3","Solute carrier family 22 member 11","BE0000879","|inhibitor|","CHEMBL135"
"Phenylbutazone","CCCCC1C(=O)N(N(C1=O)C1=CC=CC=C1)C1=CC=CC=C1","Solute carrier family 22 member 11","BE0000879","|inhibitor|","CHEMBL101"
"Bumetanide","CCCCNC1=C(OC2=CC=CC=C2)C(=CC(=C1)C(O)=O)S(N)(=O)=O","Solute carrier family 22 member 11","BE0000879","|inhibitor|","CHEMBL1072"
"Dinoprostone","CCCCC[C@H](O)\C=C\[C@H]1[C@H](O)CC(=O)[C@@H]1C\C=C/CCCC(O)=O","Solute carrier family 22 member 11","BE0000879","|inhibitor|","CHEMBL548"
"Salicylic acid","OC(=O)C1=CC=CC=C1O","Solute carrier family 22 member 11","BE0000879","|inhibitor|","CHEMBL424"
"Ketoprofen","CC(C(O)=O)C1=CC(=CC=C1)C(=O)C1=CC=CC=C1","Solute carrier family 22 member 11","BE0000879","|inhibitor|","CHEMBL571"
"Minocycline","[H][C@@]12CC3=C(C(O)=CC=C3N(C)C)C(=O)C1=C(O)[C@]1(O)C(=O)C(C(N)=O)=C(O)[C@@H](N(C)C)[C@]1([H])C2","Solute carrier family 22 member 11","BE0000879","|inhibitor|","CHEMBL1434"
"Probenecid","CCCN(CCC)S(=O)(=O)C1=CC=C(C=C1)C(O)=O","Solute carrier family 22 member 11","BE0000879","|inhibitor|","CHEMBL897"
"Ibuprofen","CC(C)CC1=CC=C(C=C1)C(C)C(O)=O","Solute carrier family 22 member 11","BE0000879","|inhibitor|","CHEMBL521"
"Novobiocin","CO[C@@H]1[C@@H](OC(N)=O)[C@@H](O)[C@H](OC2=C(C)C3=C(C=C2)C(O)=C(NC(=O)C2=CC=C(O)C(CC=C(C)C)=C2)C(=O)O3)OC1(C)C","Solute carrier family 22 member 11","BE0000879","|inhibitor|","CHEMBL36506"
"Benzylpenicillin","[H][C@]12SC(C)(C)[C@@H](N1C(=O)[C@H]2NC(=O)CC1=CC=CC=C1)C(O)=O","Solute carrier family 22 member 11","BE0000879","|inhibitor|","CHEMBL29"
"Dinoprost Tromethamine","OCC(N)(CO)CO.CCCCC[C@H](O)\C=C\[C@H]1[C@H](O)C[C@H](O)[C@@H]1C\C=C/CCCC(O)=O","Solute carrier family 22 member 11","BE0000879","|","CHEMBL1200896"
"Ceftriaxone","[H][C@]12SCC(CSC3=NC(=O)C(=O)NN3C)=C(N1C(=O)[C@H]2NC(=O)C(=N/OC)\C1=CSC(N)=N1)C(O)=O","Solute carrier family 22 member 11","BE0000879","|inhibitor|","CHEMBL161"
"Cefamandole","[H][C@]12SCC(CSC3=NN=NN3C)=C(N1C(=O)[C@H]2NC(=O)[C@H](O)C1=CC=CC=C1)C(O)=O","Solute carrier family 22 member 11","BE0000879","|inhibitor|","CHEMBL1146"
"Cefazolin","[H][C@]12SCC(CSC3=NN=C(C)S3)=C(N1C(=O)[C@H]2NC(=O)CN1C=NN=N1)C(O)=O","Solute carrier family 22 member 11","BE0000879","|inhibitor|","CHEMBL1435"
"Cefoperazone","[H][C@]12SCC(CSC3=NN=NN3C)=C(N1C(=O)[C@H]2NC(=O)C(NC(=O)N1CCN(CC)C(=O)C1=O)C1=CC=C(O)C=C1)C(O)=O","Solute carrier family 22 member 11","BE0000879","|inhibitor|","CHEMBL507674"
"Glutaric Acid","OC(=O)CCCC(O)=O","Solute carrier family 22 member 11","BE0000879","|inhibitor|","CHEMBL1162495"
"Degraded Cephaloridine","[H][C@@](NC(=O)CC1=CC=CS1)(C=O)[C@]1([H])NC(C(O)=O)=C(C)CS1","Solute carrier family 22 member 11","BE0000879","|",""
"Caprylic acid","CCCCCCCC(O)=O","Solute carrier family 22 member 11","BE0000879","|inhibitor|","CHEMBL324846"
"Ellagic Acid","OC1=C(O)C2=C3C(=C1)C(=O)OC1=C3C(=CC(O)=C1O)C(=O)O2","Solute carrier family 22 member 11","BE0000879","|","CHEMBL6246"
"Estradiol acetate","[H][C@]1(O)CC[C@@]2([H])[C@]3([H])CCC4=CC(OC(C)=O)=CC=C4[C@@]3([H])CC[C@]12C","Solute carrier family 22 member 11","BE0000879","|inhibitor|","CHEMBL1200430"
"Estradiol benzoate","[H][C@]1(O)CC[C@@]2([H])[C@]3([H])CCC4=CC(OC(=O)C5=CC=CC=C5)=CC=C4[C@@]3([H])CC[C@]12C","Solute carrier family 22 member 11","BE0000879","|inhibitor|","CHEMBL282575"
"Estradiol cypionate","[H][C@@]1(CC[C@@]2([H])[C@]3([H])CCC4=CC(O)=CC=C4[C@@]3([H])CC[C@]12C)OC(=O)CCC1CCCC1","Solute carrier family 22 member 11","BE0000879","|inhibitor|","CHEMBL1200973"
"Estradiol dienanthate","CCCCCCC(=O)O[C@H]1CC[C@H]2[C@@H]3CCC4=CC(OC(=O)CCCCCC)=CC=C4[C@H]3CC[C@]12C","Solute carrier family 22 member 11","BE0000879","|inhibitor|",""
"Estradiol valerate","[H][C@@]12CC[C@H](OC(=O)CCCC)[C@@]1(C)CC[C@]1([H])C3=C(CC[C@@]21[H])C=C(O)C=C3","Solute carrier family 22 member 11","BE0000879","|inhibitor|","CHEMBL1511"
