"CHEMBL1233636","OS(=O)(=O)Oc1c[nH]c2ccccc12","substrate [Ki181uM]","12679137"
"CHEMBL815","CCCCC[C@H](O)\C=C\[C@H]1[C@H](O)C[C@H](O)[C@@H]1C\C=C/CCCC(=O)O","substrate [Km=0.692uM]","11907186"
"CHEMBL463","Nc1ccc(cc1)C(=O)NCC(=O)O","substrate [+]","10660625"
"CHEMBL1440","CN(C)[C@H]1[C@@H]2C[C@H]3C(=C(O)[C@]2(O)C(=O)C(=C1O)C(=O)N)C(=O)c4c(O)cccc4[C@@]3(C)O","substrate [Km=122.7uM]","11855680"
"CHEMBL589366","C[C@@H]1Cc2c(Cl)cc(C(=O)N[C@@H](Cc3ccccc3)C(=O)O)c(O)c2C(=O)O1","substrate [Km=22.9uM]","12063169"
"CHEMBL6246","Oc1cc2C(=O)Oc3c(O)c(O)cc4C(=O)Oc(c1O)c2c34","substrate [+]","15870380"
"CHEMBL494753","C[C@]12CC[C@H]3[C@@H](CCc4cc(OS(=O)(=O)O)ccc34)[C@@H]1CCC2=O","substrate [Km=1.01uM]","10660625"
"CHEMBL34259","CN(Cc1cnc2nc(N)nc(N)c2n1)c3ccc(cc3)C(=O)N[C@@H](CCC(=O)O)C(=O)O","substrate [Km=17.8uM]","12130730"
"CHEMBL259898","C[C@]12CC[C@H]3[C@@H](CC=C4C[C@H](CC[C@]34C)OS(=O)(=O)O)[C@@H]1CCC2=O","inhibitor [(at a rough estimate) 15 % of control]","10660625"
"CHEMBL29","CC1(C)S[C@@H]2[C@H](NC(=O)Cc3ccccc3)C(=O)N2[C@H]1C(=O)O","inhibitor [79.7 % of control]","12130730"
"CHEMBL527","CN1C(=C(O)c2ccccc2S1(=O)=O)C(=O)Nc3ccccn3","inhibitor [Ki=107.8uM]","12063169"
"CHEMBL52333","CCCN1C(=O)N(CCC)c2[nH]c(nc2C1=O)C34CC5CC(CC3C5)C4","inhibitor [Ki=20.7uM]","12023506"
"CHEMBL171679","COC(=O)[C@H](Cc1ccccc1)NC(=O)[C@@H](N)CC(=O)O","inhibitor [(at a rough estimate) 80 % of control]","12063169"
"CHEMBL110739","C[C@]12C[C@H](O)[C@H]3[C@@H](CCC4=CC(=O)CC[C@]34C)[C@@H]1CC[C@@H]2C(=O)CO","inhibitor [(at a rough estimate) 30 % of control]","10660625"
"CHEMBL101","CCCCC1C(=O)N(N(C1=O)c2ccccc2)c3ccccc3","inhibitor [55.7 % of control]","12130730"
"CHEMBL316157","[O-]C(=O)C1=C(C[n+]2ccccc2)CS[C@@H]3[C@H](NC(=O)Cc4cccs4)C(=O)N13","inhibitor [Ki=3.63uM]","11909604"
"CHEMBL897","CCCN(CCC)S(=O)(=O)c1ccc(cc1)C(=O)O","inhibitor [Ki=54.9uM]","12023506"
"CHEMBL1435","Cc1nnc(SCC2=C(N3[C@H](SC2)[C@H](NC(=O)Cn4cnnn4)C3=O)C(=O)O)s1","inhibitor [Ki=1.74uM]","11909604"
"CHEMBL139","OC(=O)Cc1ccccc1Nc2c(Cl)cccc2Cl","inhibitor [(at a rough estimate) 5 % of control]","10660625"
"CHEMBL617","CC(=O)OCC1=C(N2[C@H](SC1)[C@H](NC(=O)Cc3cccs3)C2=O)C(=O)O","inhibitor [Ki=0.2uM]","11909604"
"CHEMBL548","CCCCC[C@H](O)\C=C\[C@H]1[C@H](O)CC(=O)[C@@H]1C\C=C/CCCC(=O)O","inhibitor [57 % of control]","11907186"
"CHEMBL1072","CCCCNc1cc(cc(c1Oc2ccccc2)S(=O)(=O)N)C(=O)O","inhibitor [(at a rough estimate) 15 % of control]","10660625"
"CHEMBL1231530","OC(=O)CCNC(=O)c1ccccc1","inhibitor [Ki=502uM]","12023506"
"CHEMBL507674","CCN1CCN(C(=O)N[C@@H](C(=O)N[C@H]2[C@H]3SCC(=C(N3C2=O)C(=O)O)CSc4nnnn4C)c5ccc(O)cc5)C(=O)C1=O","inhibitor [Ki=2.8uM]","11909604"
"CHEMBL129","CC1=CN([C@H]2C[C@H](N=[N+]=[N-])[C@@H](CO)O2)C(=O)NC1=O","inhibitor [84.2 % of control]","11861798"
"CHEMBL6","COc1ccc2c(c1)c(CC(=O)O)c(C)n2C(=O)c3ccc(Cl)cc3","inhibitor [(at a rough estimate) 75 % of control]","12063169"
"CHEMBL510139","C[C@H]1OC=C2C(=C(C(=O)O)C(=O)C(=C2[C@@H]1C)C)O","inhibitor [Ki=366.4uM]","12063169"
"CHEMBL35","NS(=O)(=O)c1cc(C(=O)O)c(NCc2occc2)cc1Cl","inhibitor [(at a rough estimate) 5 % of control]","10660625"
"CHEMBL571","CC(C(=O)O)c1cccc(c1)C(=O)c2ccccc2","inhibitor [81 % of control]","12130730"
"CHEMBL1146","Cn1nnnc1SCC2=C(N3[C@H](SC2)[C@H](NC(=O)[C@H](O)c4ccccc4)C3=O)C(=O)O","inhibitor [Ki=1.14uM]","11909604"
"CHEMBL1628111","C[C@]12CC[C@H]3[C@@H](CCc4cc(OS(=O)(=O)O)ccc34)[C@@H]1CC[C@@H]2O","inhibitor [(at a rough estimate) 25 % of control]","10660625"
"CHEMBL453904","[Na+].[Na+].Oc1ccc(cc1S(=O)(=O)[O-])C2(OC(=O)c3c(Br)c(Br)c(Br)c(Br)c23)c4ccc(O)c(c4)S(=O)(=O)[O-]","inhibitor [(at a rough estimate) <5 % of control]","10660625"
"CHEMBL521","CC(C)Cc1ccc(cc1)C(C)C(=O)O","inhibitor [(at a rough estimate) 10 % of control]","10660625"
"CHEMBL30","CN\C(=N/CCSCc1nc[nH]c1C)\NC#N","inhibitor [IC50=2000 >uM]","14978359"
"CHEMBL161","CO\N=C(/C(=O)N[C@H]1[C@H]2SCC(=C(N2C1=O)C(=O)O)CSC3=NC(=O)C(=NN3C)O)\c4csc(N)n4","inhibitor [Ki=2.38uM]","11909604"
"CHEMBL2074784","CC1=CC(=O)Oc2cc(OS(=O)(=O)O)ccc12","inhibitor [(at a rough estimate) 40 % of control]","10660625"
"CHEMBL324846","CCCCCCCC(=O)O","inhibitor [Ki=235.5uM]","12063169"
"CHEMBL1730","CO\N=C(/C(=O)N[C@H]1[C@H]2SCC(=C(N2C1=O)C(=O)O)COC(=O)C)\c3csc(N)n3","inhibitor [Ki=6.15uM]","11909604"
"Pravastatin","[H][C@]12[C@H](C[C@H](O)C=C1C=C[C@H](C)[C@@H]2CC[C@@H](O)C[C@@H](O)CC(O)=O)OC(=O)[C@@H](C)CC","Solute carrier family 22 member 11","BE0000879","|inhibitor|","CHEMBL1144"
"Doxycycline","[H][C@@]12[C@@H](C)C3=C(C(O)=CC=C3)C(=O)C1=C(O)[C@]1(O)C(=O)C(C(N)=O)=C(O)[C@@H](N(C)C)[C@]1([H])[C@H]2O","Solute carrier family 22 member 11","BE0000879","|inhibitor|","CHEMBL1433"
"Cimetidine","C\N=C(\NCCSCC1=C(C)NC=N1)NC#N","Solute carrier family 22 member 11","BE0000879","|inhibitor|","CHEMBL30"
"Oxytetracycline","[H][C@@]12[C@@H](O)[C@@]3([H])C(C(=O)C4=C(O)C=CC=C4[C@@]3(C)O)=C(O)[C@]1(O)C(=O)C(C(N)=O)=C(O)[C@H]2N(C)C","Solute carrier family 22 member 11","BE0000879","|inhibitor|","CHEMBL1517"
"Estradiol","[H][C@@]12CC[C@H](O)[C@@]1(C)CC[C@]1([H])C3=C(CC[C@@]21[H])C=C(O)C=C3","Solute carrier family 22 member 11","BE0000879","|inhibitor|","CHEMBL135"
"Salicylic acid","OC(=O)C1=CC=CC=C1O","Solute carrier family 22 member 11","BE0000879","|inhibitor|","CHEMBL424"
"Minocycline","[H][C@@]12CC3=C(C(O)=CC=C3N(C)C)C(=O)C1=C(O)[C@]1(O)C(=O)C(C(N)=O)=C(O)[C@@H](N(C)C)[C@]1([H])C2","Solute carrier family 22 member 11","BE0000879","|inhibitor|","CHEMBL1434"
"Novobiocin","CO[C@@H]1[C@@H](OC(N)=O)[C@@H](O)[C@H](OC2=C(C)C3=C(C=C2)C(O)=C(NC(=O)C2=CC=C(O)C(CC=C(C)C)=C2)C(=O)O3)OC1(C)C","Solute carrier family 22 member 11","BE0000879","|inhibitor|","CHEMBL36506"
"Dinoprost Tromethamine","OCC(N)(CO)CO.CCCCC[C@H](O)\C=C\[C@H]1[C@H](O)C[C@H](O)[C@@H]1C\C=C/CCCC(O)=O","Solute carrier family 22 member 11","BE0000879","|","CHEMBL1200896"
"Ceftriaxone","[H][C@]12SCC(CSC3=NC(=O)C(=O)NN3C)=C(N1C(=O)[C@H]2NC(=O)C(=N/OC)\C1=CSC(N)=N1)C(O)=O","Solute carrier family 22 member 11","BE0000879","|inhibitor|","CHEMBL161"
"Glutaric Acid","OC(=O)CCCC(O)=O","Solute carrier family 22 member 11","BE0000879","|inhibitor|","CHEMBL1162495"
"Degraded Cephaloridine","[H][C@@](NC(=O)CC1=CC=CS1)(C=O)[C@]1([H])NC(C(O)=O)=C(C)CS1","Solute carrier family 22 member 11","BE0000879","|",""
"Estradiol acetate","[H][C@]1(O)CC[C@@]2([H])[C@]3([H])CCC4=CC(OC(C)=O)=CC=C4[C@@]3([H])CC[C@]12C","Solute carrier family 22 member 11","BE0000879","|inhibitor|","CHEMBL1200430"
"Estradiol benzoate","[H][C@]1(O)CC[C@@]2([H])[C@]3([H])CCC4=CC(OC(=O)C5=CC=CC=C5)=CC=C4[C@@]3([H])CC[C@]12C","Solute carrier family 22 member 11","BE0000879","|inhibitor|","CHEMBL282575"
"Estradiol cypionate","[H][C@@]1(CC[C@@]2([H])[C@]3([H])CCC4=CC(O)=CC=C4[C@@]3([H])CC[C@]12C)OC(=O)CCC1CCCC1","Solute carrier family 22 member 11","BE0000879","|inhibitor|","CHEMBL1200973"
"Estradiol dienanthate","CCCCCCC(=O)O[C@H]1CC[C@H]2[C@@H]3CCC4=CC(OC(=O)CCCCCC)=CC=C4[C@H]3CC[C@]12C","Solute carrier family 22 member 11","BE0000879","|inhibitor|",""
"Estradiol valerate","[H][C@@]12CC[C@H](OC(=O)CCCC)[C@@]1(C)CC[C@]1([H])C3=C(CC[C@@]21[H])C=C(O)C=C3","Solute carrier family 22 member 11","BE0000879","|inhibitor|","CHEMBL1511"
