"CHEMBL2269376","COC(=O)C(OC(=O)C)[C@H]1C(C)(C)C(=O)C[C@@H]2O[C@]34CC(=O)O[C@@H](c5cocc5)[C@]3(C)CC[C@@H](C4=C)[C@]12C","","23571415"
"CHEMBL501680","CC1=C(C=C)\C(=C\c2[nH]c(Cc3[nH]c(\C=C\4/NC(=O)C(=C4C)C=C)c(C)c3CCC(=O)O)c(CCC(=O)O)c2C)\NC1=O","","23571415"
"CHEMBL1697724","C[C@]12CC[C@H]3[C@@H](CCc4cc(O)ccc34)[C@@H]1CC[C@@H]2O[C@@H]5O[C@@H]([C@@H](O)[C@H](O)[C@H]5O)C(=O)O","","22541068"
"CHEMBL1561","OCCN1C[C@H](O)[C@@H](O)[C@H](O)[C@H]1CO","","23571415"
"CHEMBL1432","OC(=O)c1cccc(O)c1O","","23571415"
"CHEMBL3138701","CC(=O)O[C@@H]1C[C@@H]2C(C)(C)[C@H](O)C=C[C@@]2(C)[C@@H]3CC[C@]4(C)[C@H](OC(=O)C=C4[C@@]13C)c5cocc5","","23571415"
"CHEMBL1430","CC(C)(S)[C@@H](N)C(=O)O","","23571415"
"CHEMBL1081584","COC(=O)C1=CO[C@@H](O[C@@H]2O[C@H](CO)[C@@H](O)[C@H](O)[C@H]2O)[C@@H]3[C@@H](C)[C@@H](O)C[C@H]13","","23571415"
"CHEMBL3138692","CC(=O)O[C@H]1C[C@@H](OC(=O)C)C(C)(C)[C@@H]2CC(=O)[C@]3(C)[C@H](CC[C@@]4(C)[C@@H](OC(=O)[C@H]5O[C@@]345)C(=O)O)[C@@]12C","","23571415"
"CHEMBL527","CN1C(=C(O)c2ccccc2S1(=O)=O)C(=O)Nc3ccccn3","","22541068"
"CHEMBL975","[Na+].[O-]S(=O)(=O)CCS","","23571415"
"CHEMBL964","CCN(CC)C(=S)SSC(=S)N(CC)CC","","23571415"
"CHEMBL1489988","NC(Cc1c[nH]cn1)C(=O)Nc2ccc3ccccc3c2","","23571415"
"CHEMBL411070","C[C@H](CCC(=O)NCC(=O)O)[C@H]1CC[C@H]2[C@@H]3[C@H](O)C[C@@H]4C[C@H](O)CC[C@]4(C)[C@H]3C[C@H](O)[C@]12C","substrate [+]","11159893"
"CHEMBL98123","Cl.COc1ccc(Cc2nccc3cc(OC)c(OC)cc23)cc1OC","","23571415"
"CHEMBL3138678","CC(=O)O[C@@H]1C[C@@]2(C)[C@@H](OC(=O)[C@H]3O[C@@]23[C@]4(C)[C@@H](C[C@H]5C(C)(C)[C@@H](C[C@H](OC(=O)C)[C@]5(C)[C@@H]14)OC(=O)C)OC(=O)C)c6cocc6","","23571415"
"CHEMBL247484","Oc1cc(O)c2C(=O)C=C(Oc2c1)c3cc(O)c(O)c(O)c3","","23571415"
"CHEMBL227075","C[C@H]1COC2=C1C(=O)C(=O)c3c2ccc4c(C)cccc34","","23571415"
"CHEMBL406","CC1Cc2ccccc2N1NC(=O)c3ccc(Cl)c(c3)S(=O)(=O)N","","23571415"
"CHEMBL1562729","CC1(C)CC2C1CCC3(C)OC3CCC2(C)O","","23571415"
"CHEMBL1562729","CC1(C)CC2C1CCC3(C)OC3CCC2(C)O","","23571415"
"CHEMBL277522","OC(=O)CCC(=O)c1ccc(cc1)c2ccccc2","","23571415"
"CHEMBL3138718","CC1(C)[C@H](O)C[C@H](O)[C@]2(C)[C@H]1C[C@@H](O)[C@]3(C)[C@@H]2CC[C@]4(C)[C@H](OC(=O)[C@H]5O[C@@]345)c6cocc6","","23571415"
"CHEMBL3039430","CC1(C)C2CC(N)C(=C)C1C2","","23571415"
"CHEMBL1560","C[C@H](CS)C(=O)N1CCC[C@H]1C(=O)O","","23571415"
"CHEMBL1560","C[C@H](CS)C(=O)N1CCC[C@H]1C(=O)O","","23571415"
"CHEMBL2165624","OS(=O)(=O)c1ccc(NC(=O)[C@H](CC2CCCC2)n3cnc(c3)C(F)(F)F)nc1","","22196621"
"CHEMBL53463","COc1cccc2C(=O)c3c(O)c4C[C@](O)(C[C@H](O[C@H]5C[C@H](N)[C@H](O)[C@H](C)O5)c4c(O)c3C(=O)c12)C(=O)CO","","22541068"
"CHEMBL680","N[C@@H](C(=O)N[C@H]1[C@H]2SCC(=C(N2C1=O)C(=O)O)Cl)c3ccccc3","","23571415"
"CHEMBL1428564","CCN1C=C(C(=O)O)C(=O)c2cc(F)c(cc12)N3CCN(C)CC3.CS(=O)(=O)O","","23571415"
"CHEMBL81977","NC(=O)c1cccc(N)c1","","23571415"
"CHEMBL3138673","C[C@@H]1O[C@@H](O[C@@H]2[C@@H](O)[C@@H](O)CO[C@H]2O[C@H]3CC[C@@]4(C)[C@H](CC[C@]5(C)C4CC=C6[C@@H]7CC(C)(C)CC[C@@]7(CC[C@]56C)C(=O)O)[C@]3(C)CO)[C@H](O)[C@H](O)[C@H]1O","","23571415"
"CHEMBL542157","Cl.OC(=O)C1=CN(c2ccc(F)cc2)c3cc(N4CCNCC4)c(F)cc3C1=O","","23571415"
"CHEMBL501109","CO[C@@H]1[C@H](O)[C@@H](O)[C@@H](O)[C@H](O)[C@H]1O","","23571415"
"CHEMBL445740","C\C\1=C/CCC(=C)[C@H]2CC(C)(C)[C@@H]2CC1","","23571415"
"CHEMBL2204421","OC(=O)CCCCCCCCCCCC[C@H]1CCC=C1","","23571415"
"CHEMBL2204421","OC(=O)CCCCCCCCCCCC[C@H]1CCC=C1","","23571415"
"CHEMBL1451186","COc1cccc(\C=C\C(=O)O)c1C(C)C","","23571415"
"CHEMBL2074720","CC1=C(C=C)\C(=C\c2[nH]c(Cc3[nH]c(\C=C\4/NC(=O)C(=C4C)C=C)c(C)c3CCC(=O)O)c(CCC(=O)O[C@@H]5OC([C@@H](O)C(O)C5O)C(=O)O)c2C)\NC1=O","substrate [Km=0.5uM]","11134001"
"CHEMBL2074720","CC1=C(C=C)\C(=C\c2[nH]c(Cc3[nH]c(\C=C\4/NC(=O)C(=C4C)C=C)c(C)c3CCC(=O)O)c(CCC(=O)O[C@@H]5OC([C@@H](O)C(O)C5O)C(=O)O)c2C)\NC1=O","substrate [Km=0.5uM]","11134001"
"CHEMBL1200626","CCC(C)CCCCC(=O)N[C@@H](CCN)C(=O)N[C@@H]([C@@H](C)O)C(=O)N[C@@H](CCN)C(=O)N[C@H]1CCNC(=O)[C@@H](NC(=O)[C@H](CCN)NC(=O)[C@H](CCN)NC(=O)[C@H](CC(C)C)NC(=O)[C@@H](Cc2ccccc2)NC(=O)[C@@H](CCN)NC1=O)[C@@H](C)O.OS(=O)(=O)O","","23571415"
"CHEMBL1185","CN(C)CCc1c[nH]c2ccc(C[C@H]3COC(=O)N3)cc12","","23571415"
"CHEMBL12","CN1C(=O)CN=C(c2ccccc2)c3cc(Cl)ccc13","","22541068"
"CHEMBL12","CN1C(=O)CN=C(c2ccccc2)c3cc(Cl)ccc13","","22541068"
"CHEMBL34259","CN(Cc1cnc2nc(N)nc(N)c2n1)c3ccc(cc3)C(=O)N[C@@H](CCC(=O)O)C(=O)O","","25618019"
"CHEMBL452477","CC(=O)c1c(O)cc(O)cc1O","","23571415"
"CHEMBL1214185","CC[C@H]1OC(=O)[C@H](C)[C@@H](O[C@H]2C[C@@](C)(OC)[C@@H](O)[C@H](C)O2)[C@H](C)[C@@H](O[C@@H]3O[C@H](C)C[C@@H]([C@H]3O)N(C)C)[C@](C)(O)C[C@@H](C)\C(=N/OCOCCOC)\[C@H](C)[C@@H](O)[C@]1(C)O","","23571415"
"CHEMBL1275","CCCN1C[C@H](CSC)C[C@H]2[C@H]1Cc3c[nH]c4cccc2c34.CS(=O)(=O)O","","23571415"
"CHEMBL1998721","CC(C)CCC[C@@H](C)[C@H]1CC[C@H]2[C@@H]3CC[C@@H]4C[C@H](O)CC[C@]4(C)[C@H]3CC[C@]12C","","23571415"
"CHEMBL1998721","CC(C)CCC[C@@H](C)[C@H]1CC[C@H]2[C@@H]3CC[C@@H]4C[C@H](O)CC[C@]4(C)[C@H]3CC[C@]12C","","23571415"
"CHEMBL509919","Cc1ccc(N(CC(=O)O)CC(=O)O)c(OCCOc2cc(ccc2N(CC(=O)O)CC(=O)O)C3=C4C=C(Cl)C(=O)C=C4Oc5cc(O)c(Cl)cc35)c1","","22541068"
"CHEMBL28626","OC1=C(Oc2cc(O)cc(O)c2C1=O)c3ccc(O)cc3O","","22541068"
"CHEMBL421","OC(=O)c1cc(ccc1O)N=Nc2ccc(cc2)S(=O)(=O)Nc3ccccn3","","22541068"
"CHEMBL1427","O=C1NC=Nc2nc[nH]c12","","23571415"
"CHEMBL1200600","C[C@H]1C[C@H]2[C@@H]3CC[C@](O)(C(=O)C)[C@@]3(C)C[C@H](O)[C@]2(F)[C@@]4(C)C=CC(=O)C=C14","","23571415"
"CHEMBL251940","OC1CCN(CCCN2c3ccccc3Sc4ccc(cc24)C#N)CC1","","23571415"
"CHEMBL223448","Oc1c(Br)cc(Br)c2cccnc12","","23571415"
"CHEMBL537669","Cl.COC(=O)[C@H]1[C@@H](O)CC[C@H]2CN3CCc4c([nH]c5ccccc45)[C@@H]3C[C@H]12","","23571415"
"CHEMBL515","OC(=O)CCCc1ccc(cc1)N(CCCl)CCCl","","25618019"
"CHEMBL508338","","","23571415"
"CHEMBL508338","","","23571415"
"CHEMBL155625","OCc1c[nH]c2ccccc12","","23571415"
"CHEMBL454446","CO\N=C(/C(=O)N[C@H]1[C@H]2SCC(=C(N2C1=O)C(=O)OCOC(=O)C(C)(C)C)\C=C/c3scnc3C)\c4csc(N)n4","","23571415"
"CHEMBL454446","CO\N=C(/C(=O)N[C@H]1[C@H]2SCC(=C(N2C1=O)C(=O)OCOC(=O)C(C)(C)C)\C=C/c3scnc3C)\c4csc(N)n4","","23571415"
"CHEMBL2097077","","","23571415"
"CHEMBL478971","COc1ccc(C2COc3cc(O)ccc3C2)c(OC)c1O","","23571415"
"CHEMBL457257","C\C=C(\C)/C(=O)O[C@@H]1Cc2c(OC1(C)C)ccc3C=CC(=O)Oc23","","23571415"
"CHEMBL457257","C\C=C(\C)/C(=O)O[C@@H]1Cc2c(OC1(C)C)ccc3C=CC(=O)Oc23","","23571415"
"CHEMBL457257","C\C=C(\C)/C(=O)O[C@@H]1Cc2c(OC1(C)C)ccc3C=CC(=O)Oc23","","23571415"
"CHEMBL416081","CNC(=O)Oc1cccc2CC(C)(C)Oc12","","23571415"
"CHEMBL1318499","CC1CCC2C(CC2(C)C)C(=C)CCC1=O","","23571415"
"CHEMBL399873","C[C@@H]1CC[C@]2(CO)CC[C@]3(C)C(=CC[C@@H]4[C@@]5(C)CC[C@H](O)C(C)(C)[C@@H]5CC[C@@]34C)[C@@H]2[C@H]1C","","23571415"
"CHEMBL1221865","CO[C@@H]1C[C@@H]2N3C[C@H](O)[C@]2(C=C1)c4cc5OCOc5cc4C3","","23571415"
"CHEMBL1221865","CO[C@@H]1C[C@@H]2N3C[C@H](O)[C@]2(C=C1)c4cc5OCOc5cc4C3","","23571415"
"CHEMBL15770","C[S+]([O-])c1ccc(\C=C/2\C(=C(CC(=O)O)c3cc(F)ccc23)C)cc1","","23571415"
"CHEMBL3138659","OCl(=O)(=O)=O.O=C1CCC[C@@H]2[C@H]3C[C@@H](CN12)[C@@H]4CCCCN4C3","","23571415"
"CHEMBL3138659","OCl(=O)(=O)=O.O=C1CCC[C@@H]2[C@H]3C[C@@H](CN12)[C@@H]4CCCCN4C3","","23571415"
"CHEMBL251433","NC(CN1C=CC(=O)C(=C1)O)C(=O)O","","23571415"
"CHEMBL2418990","CC(C)CCC[C@@H](C)[C@H]1CC[C@H]2[C@@H]3CC(=O)[C@H]4C[C@@H](O)CC[C@]4(C)[C@H]3CC[C@]12C","","23571415"
"CHEMBL1330792","CC(=O)Nc1cc(ccc1O)[As](=O)(O)O","","23571415"
"CHEMBL1330792","CC(=O)Nc1cc(ccc1O)[As](=O)(O)O","","23571415"
"CHEMBL2105615","O.O.Cl.Cl.CCN(CC)CCCC(C)Nc1c2ccc(Cl)cc2nc3ccc(OC)cc13","","23571415"
"CHEMBL21","Nc1ccc(cc1)S(=O)(=O)N","","23571415"
"CHEMBL274189","[Cl-].COc1cc2CC[n+]3cc4c(OC)c(OC)ccc4cc3c2cc1OC","","23571415"
"CHEMBL274189","[Cl-].COc1cc2CC[n+]3cc4c(OC)c(OC)ccc4cc3c2cc1OC","","23571415"
"CHEMBL1371413","CCOc1ccc(cc1)C(=O)c2ccc(OC)c(O)c2O","","23571415"
"CHEMBL36028","[Na+].[O-]C(=O)c1oc2ccc(Cc3cccnc3)cc2c1","","23571415"
"CHEMBL36028","[Na+].[O-]C(=O)c1oc2ccc(Cc3cccnc3)cc2c1","","23571415"
"CHEMBL36028","[Na+].[O-]C(=O)c1oc2ccc(Cc3cccnc3)cc2c1","","23571415"
"CHEMBL36028","[Na+].[O-]C(=O)c1oc2ccc(Cc3cccnc3)cc2c1","","23571415"
"CHEMBL185878","C[C@H](CCC(=O)NCCS(=O)(=O)O)[C@H]1CC[C@H]2[C@@H]3[C@H](O)C[C@@H]4C[C@H](O)CC[C@]4(C)[C@H]3CC[C@]12C","","22541068"
"CHEMBL937","CCN(CC)C(=O)N1CCN(C)CC1.OC(=O)CC(O)(CC(=O)O)C(=O)O","","23571415"
"CHEMBL472565","Cc1c(cc(cc1[N+](=O)[O-])[N+](=O)[O-])C(=O)N","","23571415"
"CHEMBL448399","Cc1cccc(C(=O)O)c1O","","23571415"
"CHEMBL1329029","OC1=C(O)C(=O)C(=C(O)C1=O)O","","23571415"
"CHEMBL1321008","CC1(C)C2(Cl)C(Cl)C(Cl)C(Cl)(C(Cl)Cl)C1(Cl)C2Cl","","23571415"
"CHEMBL54126","[Br-].CN(C)C(=O)Oc1cccc(c1)[N+](C)(C)C","","23571415"
"CHEMBL2103747","CCN1C[C@]2(COC)[C@H](O)C[C@@H](OC)[C@@]34[C@@H]5C[C@]6(O)[C@@H](OC)[C@H](O)[C@](OC(=O)C)([C@@H]([C@H](OC)[C@H]23)[C@@H]14)[C@H]5[C@H]6OC(=O)c7ccccc7","","23571415"
"CHEMBL1440","CN(C)[C@H]1[C@@H]2C[C@H]3C(=C(O)[C@]2(O)C(=O)C(=C1O)C(=O)N)C(=O)c4c(O)cccc4[C@@]3(C)O","","22541068"
"CHEMBL1095566","OC(=O)\C=C\C=C\c1ccccc1","","23571415"
"CHEMBL3138709","CC1(C)[C@@H]2CC(=O)[C@]3(C)[C@H](CC[C@@]4(C)[C@@H](OC(=O)[C@H]5O[C@@]345)c6cocc6)[C@@]2(C)[C@H]7O[C@H]7C1=O","","23571415"
"CHEMBL3039254","CC1=C2C(O)C(=O)OC3CC4C(C)(C)C(=O)C=C[C@]4(C)C(CC1)[C@]23C","","23571415"
"CHEMBL3085157","CO[C@H]1[C@H](O)CC(=O)O[C@@H](C)C\C=C\C=C\[C@H](O[C@H]2CC[C@@H]([C@H](C)O2)N(C)C)[C@H](C)C[C@H](CC=O)[C@@H]1O[C@@H]3O[C@H](C)[C@@H](O[C@@H]4C[C@](C)(O)[C@H](O)[C@@H](C)O4)[C@@H]([C@H]3O)N(C)C","","23571415"
"CHEMBL3085157","CO[C@H]1[C@H](O)CC(=O)O[C@@H](C)C\C=C\C=C\[C@H](O[C@H]2CC[C@@H]([C@H](C)O2)N(C)C)[C@H](C)C[C@H](CC=O)[C@@H]1O[C@@H]3O[C@H](C)[C@@H](O[C@@H]4C[C@](C)(O)[C@H](O)[C@@H](C)O4)[C@@H]([C@H]3O)N(C)C","","23571415"
"CHEMBL254832","CC(NCCC(c1ccccc1)c2ccccc2)c3ccccc3","","22541068"
"CHEMBL220492","CC1(C)O[C@@H]2CO[C@@]3(COS(=O)(=O)N)OC(C)(C)O[C@H]3[C@@H]2O1","","23571415"
"CHEMBL516711","CC(C)[C@@H](C)\C=C\[C@@H](C)[C@H]1CC[C@H]2C3=CCC4CC(=O)CC[C@]4(C)[C@H]3CC[C@]12C","","23571415"
"CHEMBL516711","CC(C)[C@@H](C)\C=C\[C@@H](C)[C@H]1CC[C@H]2C3=CCC4CC(=O)CC[C@]4(C)[C@H]3CC[C@]12C","","23571415"
"CHEMBL516711","CC(C)[C@@H](C)\C=C\[C@@H](C)[C@H]1CC[C@H]2C3=CCC4CC(=O)CC[C@]4(C)[C@H]3CC[C@]12C","","23571415"
"CHEMBL516711","CC(C)[C@@H](C)\C=C\[C@@H](C)[C@H]1CC[C@H]2C3=CCC4CC(=O)CC[C@]4(C)[C@H]3CC[C@]12C","","23571415"
"CHEMBL1697733","CC(=O)O[C@H](CC(=O)[O-])C[N+](C)(C)C","","23571415"
"CHEMBL1697733","CC(=O)O[C@H](CC(=O)[O-])C[N+](C)(C)C","","23571415"
"CHEMBL444814","N[C@@H](CCCNC(=O)N)C(=O)O","","23571415"
"CHEMBL1607517","O=C1c2ccccc2c3cccc4cccc1c34","","23571415"
"CHEMBL2165617","OC(=O)Cn1ccc(NC(=O)[C@H](CC2CCCC2)n3cnc(c3)C(F)(F)F)n1","Not Determined","22196621"
"CHEMBL1256723","Cl.C[C@@H]1[C@H]2[C@H](O)[C@H]3[C@H](N(C)C)C(=C(C(=O)N)C(=O)[C@@]3(O)C(=C2C(=O)c4c(O)cccc14)O)O","","23571415"
"CHEMBL1201155","CN1CCN(CC1)C2=Nc3ccccc3Oc4ccc(Cl)cc24.OC(=O)CCC(=O)O","","23571415"
"CHEMBL3138622","NCCCC[C@H](N)C(=O)N[C@@H](Cc1ccc(O)cc1)C(=O)N[C@@H](CCCCN)C(=O)O","","23571415"
"CHEMBL3138715","CC(C)[C@H](NC(=O)[C@H](Cc1ccc(O)cc1)NC(=O)[C@@H](NC(=O)C(F)(F)F)C(C)C)C(=O)O","","23571415"
"CHEMBL3039408","COc1cc(OC)c(c(OC)c1)c2c(OC)cc(OC)cc2OC","","23571415"
"CHEMBL252721","COc1cc(OC)c2C(=O)C(=COc2c1)c3ccc4OCOc4c3","","23571415"
"CHEMBL252721","COc1cc(OC)c2C(=O)C(=COc2c1)c3ccc4OCOc4c3","","23571415"
"CHEMBL252721","COc1cc(OC)c2C(=O)C(=COc2c1)c3ccc4OCOc4c3","","23571415"
"CHEMBL252721","COc1cc(OC)c2C(=O)C(=COc2c1)c3ccc4OCOc4c3","","23571415"
"CHEMBL36327","Oc1cc(O)c2C[C@@H](OC(=O)c3cc(O)c(O)c(O)c3)[C@H](Oc2c1)c4ccc(O)c(O)c4","","23571415"
"CHEMBL1354529","COc1cc(C\C=C\c2ccccc2)c(OC)cc1O","","23571415"
"CHEMBL1334033","OC(=O)\C=C/C(=O)O.C(C(C1CCCCC1)C2CCCCC2)C3CCCCN3","","23571415"
"CHEMBL2165619","Cc1ccc(NC(=O)[C@H](CC2CCCC2)n3cnc(c3)C(F)(F)F)nc1","Not Active","22196621"
"CHEMBL346119","O[C@@H]1Cc2c(O)cc(O)cc2O[C@@H]1C3=Cc4c(cc(O)c(O)c4C(=O)C(=C3)O)[C@H]5Oc6cc(O)cc(O)c6C[C@H]5O","","23571415"
"CHEMBL346119","O[C@@H]1Cc2c(O)cc(O)cc2O[C@@H]1C3=Cc4c(cc(O)c(O)c4C(=O)C(=C3)O)[C@H]5Oc6cc(O)cc(O)c6C[C@H]5O","","23571415"
"CHEMBL346119","O[C@@H]1Cc2c(O)cc(O)cc2O[C@@H]1C3=Cc4c(cc(O)c(O)c4C(=O)C(=C3)O)[C@H]5Oc6cc(O)cc(O)c6C[C@H]5O","","23571415"
"CHEMBL1200430","CC(=O)Oc1ccc2[C@H]3CC[C@]4(C)[C@@H](O)CC[C@H]4[C@@H]3CCc2c1","","23571415"
"CHEMBL1201065","[Na+].CCCC(C)C1(CC=C)C(=O)NC(=NC1=O)[S-]","","23571415"
"CHEMBL1240","[Br-].CC(C)[N+](C)(CCOC(=O)C1c2ccccc2Oc3ccccc13)C(C)C","","23571415"
"CHEMBL3138662","CCCCCCCCCCCC[C@H]([C@H](C)C(=O)O)C(=O)O","","23571415"
"CHEMBL3039471","CC[C@H]1OC(=O)[C@H](C)[C@@H](O[C@H]2C[C@@](C)(OC)[C@@H](O)[C@H](C)O2)[C@H](C)[C@@H](O[C@@H]3O[C@H](C)C[C@@H]([C@H]3O)N(C)C)[C@](C)(O)C[C@@H](C)[C@@H]4N[C@@H](COCCOC)O[C@H]([C@H]4C)[C@]1(C)O","","23571415"
"CHEMBL242273","C=CCc1ccc2OCOc2c1","","23571415"
"CHEMBL242273","C=CCc1ccc2OCOc2c1","","23571415"
"CHEMBL985","NC(=O)N","","23571415"
"CHEMBL462547","CCOC(=O)N","","23571415"
"CHEMBL1489","NC1=NC(=O)N(C=N1)[C@@H]2O[C@H](CO)[C@@H](O)[C@H]2O","","23571415"
"CHEMBL2106732","Cl.COc1ccc2[C@H](OC(=O)c2c1OC)[C@@H]3N(C)CCc4cc5OCOc5c(OC)c34","","23571415"
"CHEMBL2106732","Cl.COc1ccc2[C@H](OC(=O)c2c1OC)[C@@H]3N(C)CCc4cc5OCOc5c(OC)c34","","23571415"
"CHEMBL2106732","Cl.COc1ccc2[C@H](OC(=O)c2c1OC)[C@@H]3N(C)CCc4cc5OCOc5c(OC)c34","","23571415"
"CHEMBL2074778","Cc1c(C)c2OC(C)(COc3ccc(CC4SC(=O)NC4=O)cc3)CCc2c(C)c1OS(=O)(=O)O","inhibitor [20% inhibition of control]","14977862"
"CHEMBL3138663","CC(=O)O[C@H]1CC[C@@]2(C)[C@@H](CC[C@H]3[C@@H]4CC=C(C(=O)C)[C@@]4(C)C(=O)C[C@H]23)C1","","23571415"
"CHEMBL44072","ClC1=C(Cl)C2(Cl)C3C4CC(C5OC45)C3C1(Cl)C2(Cl)Cl","","23571415"
"CHEMBL44072","ClC1=C(Cl)C2(Cl)C3C4CC(C5OC45)C3C1(Cl)C2(Cl)Cl","","23571415"
"CHEMBL3039135","COC(=O)C[C@H]1C(C)(C)C2(O)OC34CC2C(=O)[C@]1(C)C3CC[C@@]5(C)[C@@H](OC(=O)C=C45)c6cocc6","","23571415"
"CHEMBL6466","O=C1Oc2ccccc2C=C1","","22541068"
"CHEMBL6466","O=C1Oc2ccccc2C=C1","","22541068"
"CHEMBL28","Oc1ccc(cc1)C2=CC(=O)c3c(O)cc(O)cc3O2","","23571415"
"CHEMBL894","CC(NC(C)(C)C)C(=O)c1cccc(Cl)c1","","23571415"
"CHEMBL452683","CC(=CCC\C(=C/CO)\C)C","","23571415"
"CHEMBL452683","CC(=CCC\C(=C/CO)\C)C","","23571415"
"CHEMBL415324","COc1ccc(\C=C\C(=O)Nc2ccccc2C(=O)O)cc1OC","","23571415"
"CHEMBL1605837","CCNc1nc(Cl)nc(NCC)n1","","23571415"
"CHEMBL700","Nc1ccc(cc1)S(=O)(=O)Nc2ccccn2","","23571415"
"CHEMBL650","C[C@H]1C[C@H]2[C@@H]3CC[C@](O)(C(=O)CO)[C@@]3(C)C[C@H](O)[C@@H]2[C@@]4(C)C=CC(=O)C=C14","","23571415"
"CHEMBL1416084","CC(C)(C)c1ccc(OC2CCCCC2OS(=O)OCC#C)cc1","","23571415"
"CHEMBL1527943","CC1=CCc2c(O)c3C(=O)C=C(C)Oc3cc2OC1","","23571415"
"CHEMBL1527943","CC1=CCc2c(O)c3C(=O)C=C(C)Oc3cc2OC1","","23571415"
"CHEMBL517","CC(C)N(CCC(C(=O)N)(c1ccccc1)c2ccccn2)C(C)C","","22541068"
"CHEMBL517","CC(C)N(CCC(C(=O)N)(c1ccccc1)c2ccccn2)C(C)C","","22541068"
"CHEMBL517","CC(C)N(CCC(C(=O)N)(c1ccccc1)c2ccccn2)C(C)C","","22541068"
"CHEMBL512940","[I-].COc1cc2CC[N+](C)(C)[C@H](Cc3ccc(O)cc3)c2cc1O","","23571415"
"CHEMBL1487905","COc1ccc(C(=O)O)c(O)c1OC","","23571415"
"CHEMBL101506","Oc1cc(O)cc(\C=C\c2ccccc2)c1","","23571415"
"CHEMBL405845","CN1C(=O)N(Cc2occc2)c3nc(C)[nH]c3C1=O","","22541068"
"CHEMBL405845","CN1C(=O)N(Cc2occc2)c3nc(C)[nH]c3C1=O","","22541068"
"CHEMBL1236282","CS(=O)(=O)c1ccc(cc1)[C@@H](O)[C@@H](CO)NC(=O)C(Cl)Cl","","23571415"
"CHEMBL3924161","FC(F)(F)c1ccc(NS(=O)(=O)c2ccccc2C(F)(F)F)cn1","",""
"CHEMBL565","CCOC(=O)C(C)(C)Oc1ccc(Cl)cc1","","23571415"
"CHEMBL3039353","COC(=O)C[C@H]1C(C)(C)C(=O)C=C[C@]1(C)C2CC[C@@]3(C)[C@@H](OC(=O)C=C3C2=C)c4cocc4","","23571415"
"CHEMBL1524273","OC(=O)c1ccccc1C(=O)Nc2ccc(cc2)S(=O)(=O)Nc3nccs3","","23571415"
"CHEMBL3683287","Fc1ccc(NS(=O)(=O)c2ccc(Oc3ccc(C#N)c(Cl)c3)c(c2)C#N)nc1","",""
"CHEMBL483","C[C@H](Cn1cnc2c(N)ncnc12)OCP(=O)(O)O","","22541068"
"CHEMBL483","C[C@H](Cn1cnc2c(N)ncnc12)OCP(=O)(O)O","","22541068"
"CHEMBL58","OCCNCCNc1ccc(NCCNCCO)c2C(=O)c3c(O)ccc(O)c3C(=O)c12","","22541068"
"CHEMBL1687","[Cl-].COc1cc2CC[N+](C)(C)[C@@H]3Cc4ccc(O)c(Oc5cc6[C@H](Cc7ccc(Oc(c1O)c23)cc7)N(C)CCc6cc5OC)c4","","23571415"
"CHEMBL25","CC(=O)Oc1ccccc1C(=O)O","","23571415"
"CHEMBL406819","[O-][N+](=O)\N=C\1/NCCN1Cc2ccc(Cl)nc2","","23571415"
"CHEMBL3351096","NCCCCCN.OC(C(O)C(=O)O)C(=O)O","","23571415"
"CHEMBL671","S=P(N1CC1)(N2CC2)N3CC3","","22541068"
"CHEMBL1569524","CNC(=O)CSP(=S)(OC)OC","","23571415"
"CHEMBL1234","CC(=O)N(O)CCCCCNC(=O)CCC(=O)N(O)CCCCCNC(=O)CCC(=O)N(O)CCCCCN.CS(=O)(=O)O","","23571415"
"CHEMBL3138667","[Na+].CC(=O)OCC1=C(N2[C@H](SC1)[C@H](NC(=O)CCC[C@@H](N)C(=O)O)C2=O)C(=O)[O-]","","23571415"
"CHEMBL115","CC(C)(C)NC(=O)[C@@H]1CN(Cc2cccnc2)CCN1C[C@@H](O)C[C@@H](Cc3ccccc3)C(=O)N[C@@H]4[C@H](O)Cc5ccccc45","","22541068"
"CHEMBL109","CCCC(CCC)C(=O)O","","22541068"
"CHEMBL564085","CO[C@H]1C[C@H](O[C@H]2[C@H](C)[C@@H](O[C@@H]3O[C@H](C)C[C@@H]([C@H]3OC(=O)C)N(C)C)[C@@H](C)C[C@@]4(CO4)C(=O)[C@H](C)[C@@H](OC(=O)C)[C@@H](C)[C@@H](C)OC(=O)[C@@H]2C)O[C@@H](C)[C@@H]1OC(=O)C","","23571415"
"CHEMBL163238","Cc1cccc(C)c1NC(=O)CC23CCCN2CCC3","","22541068"
"CHEMBL449782","COc1ccc2C[C@H]3N(C)CCc4cc(OC)c(Oc5c6OCOc6cc7CCN(C)[C@@H](Cc8ccc(Oc1c2)cc8)c57)cc34","","23571415"
"CHEMBL40","CCC1(C(=O)NC(=O)NC1=O)c2ccccc2","","22541068"
"CHEMBL803","NC1=NC(=O)N(C=C1)[C@@H]2O[C@H](CO)[C@@H](O)[C@@H]2O","","25618019"
"CHEMBL1512","CC1(C)O[C@@H]2C[C@H]3[C@@H]4C[C@H](F)C5=CC(=O)C=C[C@]5(C)[C@H]4[C@@H](O)C[C@]3(C)[C@@]2(O1)C(=O)CO","","23571415"
"CHEMBL2146123","Cl.CN(C)[C@H]1[C@@H]2[C@@H](O)[C@@H]3C(=C)c4cccc(O)c4C(=O)C3=C(O)[C@]2(O)C(=O)C(=C1O)C(=O)N","","23571415"
"CHEMBL1278177","CC(C)CCC[C@@H](C)[C@H]1CC[C@H]2[C@H]3[C@H](CC[C@]12C)[C@@]4(C)CC[C@H](O)CC4=CC3=O","","23571415"
"CHEMBL1278177","CC(C)CCC[C@@H](C)[C@H]1CC[C@H]2[C@H]3[C@H](CC[C@]12C)[C@@]4(C)CC[C@H](O)CC4=CC3=O","","23571415"
"CHEMBL1278177","CC(C)CCC[C@@H](C)[C@H]1CC[C@H]2[C@H]3[C@H](CC[C@]12C)[C@@]4(C)CC[C@H](O)CC4=CC3=O","","23571415"
"CHEMBL320295","COc1ccc(\C=C\C(=O)O)cc1OC","","23571415"
"CHEMBL1200764","[Cl-].CC(C[N+](C)(C)C)OC(=O)C","","23571415"
"CHEMBL1414126","CC(=O)c1ccc[nH]1","","23571415"
"CHEMBL3138716","C[C@H](CCCC(=C)C)CCOC(=O)C","","23571415"
"CHEMBL3039391","CC(C)CC(=O)O[C@@H]1[C@H](OC(=O)C)c2c(OC1(C)C)ccc3C=CC(=O)Oc23","","23571415"
"CHEMBL556001","Cl.COc1cccc(OC)c1OCCNCC2COc3ccccc3O2","","23571415"
"CHEMBL556001","Cl.COc1cccc(OC)c1OCCNCC2COc3ccccc3O2","","23571415"
"CHEMBL556001","Cl.COc1cccc(OC)c1OCCNCC2COc3ccccc3O2","","23571415"
"CHEMBL556001","Cl.COc1cccc(OC)c1OCCNCC2COc3ccccc3O2","","23571415"
"CHEMBL191703","C[C@H]1[C@H]2CC[C@H]3[C@@H]4CC=C5C[C@H](CC[C@]5(C)[C@H]4CC[C@]23CN1C)N(C)C","","23571415"
"CHEMBL175247","CCCCCCCCCCC[C@@H](C[C@@H]1OC(=O)[C@H]1CCCCCC)OC(=O)[C@H](CC(C)C)NC=O","","23571415"
"CHEMBL136356","C[C@H]1CCC[C@]2(C)C[C@H]3OC(=O)C(=C)[C@H]3C=C12","","23571415"
"CHEMBL1713082","CC(CN(C)C)CN1c2ccccc2Sc3ccccc13.OC(C(O)C(=O)O)C(=O)O","","23571415"
"CHEMBL1480686","CC(=O)O[C@H]1CC[C@]2(C)[C@H]3CC[C@@]4(C)[C@@H](CCC4=O)[C@@H]3CC=C2C1","","23571415"
"CHEMBL1480686","CC(=O)O[C@H]1CC[C@]2(C)[C@H]3CC[C@@]4(C)[C@@H](CCC4=O)[C@@H]3CC=C2C1","","23571415"
"CHEMBL1480686","CC(=O)O[C@H]1CC[C@]2(C)[C@H]3CC[C@@]4(C)[C@@H](CCC4=O)[C@@H]3CC=C2C1","","23571415"
"CHEMBL1672002","CC(C)C1=CC(=O)C(=CC1=O)C","","23571415"
"CHEMBL57053","Oc1ccc(Cl)cc1","","23571415"
"CHEMBL752","Nc1ncnc2c1ncn2[C@@H]3O[C@H](COP(=O)(O)O)[C@@H](O)[C@H]3O","","23571415"
"CHEMBL2104837","Cl.CN[C@H](C)[C@@H](O)c1ccccc1","","23571415"
"CHEMBL649","CC(C)(C)NCC(O)COc1cccc2C[C@@H](O)[C@@H](O)Cc12","","23571415"
"CHEMBL585","Nc1nc(N)c2nc(c(N)nc2n1)c3ccccc3","","23571415"
"CHEMBL1103","[O-][N+](=O)c1oc(\C=N\N2CCOC2=O)cc1","","23571415"
"CHEMBL552941","CN[C@@H](Cc1c[nH]c2ccccc12)C(=O)O","","23571415"
"CHEMBL1522104","CC1(C)CC2C1CCC(=C)C(O)CCC2=O","","23571415"
"CHEMBL1488393","Oc1cc(O)c2C(=O)C(=COc2c1)c3ccccc3","","23571415"
"CHEMBL1480","CCOC(=O)C1=C(C)NC(=C(C1c2cccc(Cl)c2Cl)C(=O)OC)C","","22541068"
"CHEMBL734","CC(=O)NO","","23571415"
"CHEMBL1451434","O\C(=C/C(=O)c1ccccc1O)\c2ccccc2","","23571415"
"CHEMBL3929544","FC(F)(F)c1cncc(NS(=O)(=O)c2ccccc2C(F)(F)F)c1","",""
"CHEMBL3929544","FC(F)(F)c1cncc(NS(=O)(=O)c2ccccc2C(F)(F)F)c1","",""
"CHEMBL3929544","FC(F)(F)c1cncc(NS(=O)(=O)c2ccccc2C(F)(F)F)c1","",""
"CHEMBL290299","Cn1c(COC(=O)N)ncc1[N+](=O)[O-]","","23571415"
"CHEMBL290299","Cn1c(COC(=O)N)ncc1[N+](=O)[O-]","","23571415"
"CHEMBL3138665","CCOC(=O)O[C@@H]([C@@H]1C[C@@H]2CCN1C[C@@H]2C=C)c3ccnc4ccc(OC)cc34","","23571415"
"CHEMBL3138700","CC1(C)[C@H](O)C[C@H](O)[C@@]2(C)[C@H]1CC(=O)[C@]3(C)[C@@H]2CC[C@@]4(C)[C@@H](OC(=O)[C@H]5O[C@@]345)c6cocc6","","23571415"
"CHEMBL3039140","CC1[C@H]2C[C@@H](C/C/1=N\O)C2(C)C","","23571415"
"CHEMBL215226","CN[C@@H]1[C@@H](O)[C@@H](O[C@H]2[C@H](N)C[C@H](N)[C@@H](O[C@H]3O[C@H]([C@@H](C)O)[C@@H](O)[C@H](O)[C@H]3N)[C@@H]2O)OC[C@]1(C)O","","23571415"
"CHEMBL501533","CO[C@@H]1[C@@H](O)[C@H](C)O[C@@H](O[C@H]2CC[C@@]3(C)[C@H](CC[C@@H]4[C@@H]3CC[C@]5(C)[C@H](CC[C@]45O)C6=CC(=O)OC6)C2)[C@H]1O","","23571415"
"CHEMBL501533","CO[C@@H]1[C@@H](O)[C@H](C)O[C@@H](O[C@H]2CC[C@@]3(C)[C@H](CC[C@@H]4[C@@H]3CC[C@]5(C)[C@H](CC[C@]45O)C6=CC(=O)OC6)C2)[C@H]1O","","23571415"
"CHEMBL454431","COC(=O)c1c(C)cc(O)cc1O","","23571415"
"CHEMBL417799","C[n+]1cc2c3OCOc3ccc2c4ccc5cc6OCOc6cc5c14","","22541068"
"CHEMBL417799","C[n+]1cc2c3OCOc3ccc2c4ccc5cc6OCOc6cc5c14","","22541068"
"CHEMBL1278089","CC(C)CCC[C@@H](C)[C@H]1CC[C@H]2[C@@H]3C[C@@H](O)[C@@]4(O)C[C@@H](O)CC[C@]4(C)[C@H]3CC[C@]12C","","23571415"
"CHEMBL1201392","C[C@@H]1C[C@H]2[C@@H]3C[C@H](F)C4=CC(=O)C=C[C@]4(C)[C@@]3(F)[C@@H](O)C[C@]2(C)[C@@]1(O)C(=O)CO","","23571415"
"CHEMBL278172","CCOC(=O)c1ccc(N)cc1","","23571415"
"CHEMBL3137746","CC(=O)Oc1ccc2[C@H]3c4cc(OC(=O)C)c(OC(=O)C)c(OC(=O)C)c4C[C@@]3(O)COc2c1OC(=O)C","","23571415"
"CHEMBL3137746","CC(=O)Oc1ccc2[C@H]3c4cc(OC(=O)C)c(OC(=O)C)c(OC(=O)C)c4C[C@@]3(O)COc2c1OC(=O)C","","23571415"
"CHEMBL3138677","COc1cc(OC)c2C(=O)[C@]3(Oc2c1Cl)[C@H](C)CC(=O)CC3=O","","23571415"
"CHEMBL3039238","CCC(=O)OC1[C@@H]2CC3=C4CC(=O)O[C@@H](c5cocc5)[C@]4(C)CCC3[C@](C)([C@@H](CC(=O)OC)C1(C)C)C2=O","","23571415"
"CHEMBL3039238","CCC(=O)OC1[C@@H]2CC3=C4CC(=O)O[C@@H](c5cocc5)[C@]4(C)CCC3[C@](C)([C@@H](CC(=O)OC)C1(C)C)C2=O","","23571415"
"CHEMBL3039462","N[C@@H](Cc1ccc(O)cc1)C(=O)N[C@H](CCCNC(=N)N)C(=O)O","","23571415"
"CHEMBL252722","CC1(C)Oc2cc3OC=C(C(=O)c3c(O)c2C=C1)c4ccc5OCOc5c4","","23571415"
"CHEMBL8234","CC(C)C[C@H](NC(=O)[C@H](Cc1ccccc1)NC(=O)CNC(=O)CNC(=O)[C@@H](N)Cc2ccc(O)cc2)C(=O)O","","23571415"
"CHEMBL540303","Cl.OC(=O)C1=CCNCC1","","23571415"
"CHEMBL540303","Cl.OC(=O)C1=CCNCC1","","23571415"
"CHEMBL221753","[Cl-].CC(C)(C)CC(C)(C)c1ccc(OCCOCC[N+](C)(C)Cc2ccccc2)cc1","","23571415"
"CHEMBL221753","[Cl-].CC(C)(C)CC(C)(C)c1ccc(OCCOCC[N+](C)(C)Cc2ccccc2)cc1","","23571415"
"CHEMBL500601","CC(=CCc1cc(ccc1O)C(=O)C)C","","23571415"
"CHEMBL485998","C[C@H]1C(=O)CC[C@@H]2[C@]1(C)CC[C@H]3[C@@]2(C)CC[C@@]4(C)[C@@H]5CC(C)(C)CC[C@]5(C)CC[C@]34C","","23571415"
"CHEMBL461101","CC1=NN(C(=O)/C/1=N\Nc2cccc(c2O)c3cccc(c3)C(=O)O)c4ccc(C)c(C)c4","Not Active","21422191"
"CHEMBL461101","CC1=NN(C(=O)/C/1=N\Nc2cccc(c2O)c3cccc(c3)C(=O)O)c4ccc(C)c(C)c4","Not Active","21422191"
"CHEMBL25028","CS(=O)(=O)C","","23571415"
"CHEMBL2105616","CC(=O)N[C@@H](CC(=O)N[C@@H](CCC(=O)O)C(=O)O)C(=O)O","","23571415"
"CHEMBL20","CC(=O)Nc1nnc(s1)S(=O)(=O)N","","23571415"
"CHEMBL292578","COC(=O)[C@]1(C)CC[C@]2(C)CC[C@]3(C)C4=CCc5c(C)c(OC(=O)C)c(OC(=O)C)cc5[C@]4(C)CC[C@@]3(C)[C@@H]2C1","","23571415"
"CHEMBL129","CC1=CN([C@H]2C[C@H](N=[N+]=[N-])[C@@H](CO)O2)C(=O)NC1=O","","22541068"
"CHEMBL3138702","CC(C)c1c(O)c(cc2c1CC[C@H]3C(C)(C)CCC[C@]23C)c4cc5c(CC[C@H]6C(C)(C)CCC[C@]56C)c(C(C)C)c4O","","23571415"
"CHEMBL3138702","CC(C)c1c(O)c(cc2c1CC[C@H]3C(C)(C)CCC[C@]23C)c4cc5c(CC[C@H]6C(C)(C)CCC[C@]56C)c(C(C)C)c4O","","23571415"
"CHEMBL3138702","CC(C)c1c(O)c(cc2c1CC[C@H]3C(C)(C)CCC[C@]23C)c4cc5c(CC[C@H]6C(C)(C)CCC[C@]56C)c(C(C)C)c4O","","23571415"
"CHEMBL3039269","Cc1cc(O)c(C)c(O)c1C(=O)O","","23571415"
"CHEMBL6246","Oc1cc2C(=O)Oc3c(O)c(O)cc4C(=O)Oc(c1O)c2c34","","23571415"
"CHEMBL84","CC[C@@]1(O)C(=O)OCC2=C1C=C3N(Cc4cc5c(CN(C)C)c(O)ccc5nc34)C2=O","","22541068"
"CHEMBL84","CC[C@@]1(O)C(=O)OCC2=C1C=C3N(Cc4cc5c(CN(C)C)c(O)ccc5nc34)C2=O","","22541068"
"CHEMBL84","CC[C@@]1(O)C(=O)OCC2=C1C=C3N(Cc4cc5c(CN(C)C)c(O)ccc5nc34)C2=O","","22541068"
"CHEMBL468","O=C1CCC(N2C(=O)c3ccccc3C2=O)C(=O)N1","","23571415"
"CHEMBL168276","Oc1cc(cc(c1O)[N+](=O)[O-])[N+](=O)[O-]","","23571415"
"CHEMBL489760","CC(=O)O[C@H]1CC[C@@]2(C)[C@@H](CC[C@]3(C)[C@@H]2CC=C4[C@@H]5CC(C)(C)CC[C@]5(C)CC[C@@]34C)C1(C)C","","23571415"
"CHEMBL451197","Cl.NCCc1cc(O)c(O)cc1O","","23571415"
"CHEMBL1479987","CC(=C)C1Cc2c(O)c(ccc2O1)C(=O)O","","23571415"
"CHEMBL1479987","CC(=C)C1Cc2c(O)c(ccc2O1)C(=O)O","","23571415"
"CHEMBL754","[Na+].[Na+].[Na+].[O-]C(=O)P(=O)([O-])[O-]","","23571415"
"CHEMBL1437","NC[C@H](O)c1ccc(O)c(O)c1","","23571415"
"CHEMBL1201110","Cl.CC(C)[C@H](N)C(=O)OCCOCn1cnc2C(=O)N=C(N)Nc12","","23571415"
"CHEMBL1201110","Cl.CC(C)[C@H](N)C(=O)OCCOCn1cnc2C(=O)N=C(N)Nc12","","23571415"
"CHEMBL275084","CC(C)CN1C(=O)N(C)C(=O)c2nc[nH]c12","","23571415"
"CHEMBL3138636","COC(=O)CCC(=O)O[C@H]1CC[C@@]2(C)[C@@H](CC[C@H]3[C@@H]4CC5O[C@@]6(CCC(C)CO6)[C@@H](C)C5[C@@]4(C)[C@H](O)C(=O)[C@H]23)C1","","23571415"
"CHEMBL980","COc1ccccc1OCC(O)CO","","23571415"
"CHEMBL942","CC(=O)Oc1ccc(cc1)C(c2ccc(OC(=O)C)cc2)c3ccccn3","","23571415"
"CHEMBL942","CC(=O)Oc1ccc(cc1)C(c2ccc(OC(=O)C)cc2)c3ccccn3","","23571415"
"CHEMBL1709","Cl.CN[C@H]1CC[C@@H](c2ccc(Cl)c(Cl)c2)c3ccccc13","","23571415"
"CHEMBL2369946","CC(O)C[C@@H]1NC(=O)[C@@H]2Cc3c(SC[C@@H](NC(=O)[C@@H](NC(=O)[C@H](C)NC1=O)[C@@H](C)O)C(=O)N4C[C@H](O)C[C@H]4C(=O)N[C@@H](C)C(=O)N2)[nH]c5ccccc35","substrate [Km=7.5u M]","15238259"
"CHEMBL2369946","CC(O)C[C@@H]1NC(=O)[C@@H]2Cc3c(SC[C@@H](NC(=O)[C@@H](NC(=O)[C@H](C)NC1=O)[C@@H](C)O)C(=O)N4C[C@H](O)C[C@H]4C(=O)N[C@@H](C)C(=O)N2)[nH]c5ccccc35","substrate [Km=7.5u M]","15238259"
"CHEMBL460499","CCCCCCNC(=O)N1C=C(F)C(=O)NC1=O","","23571415"
"CHEMBL1476605","CC(C)(C)CC(C)(C)c1ccc(O)c(Cc2ccc(Cl)cc2Cl)c1","","23571415"
"CHEMBL1476605","CC(C)(C)CC(C)(C)c1ccc(O)c(Cc2ccc(Cl)cc2Cl)c1","","23571415"
"CHEMBL1476605","CC(C)(C)CC(C)(C)c1ccc(O)c(Cc2ccc(Cl)cc2Cl)c1","","23571415"
"CHEMBL2260476","O[C@@H]1Cc2c(O)cc(O)cc2O[C@@H]1c3cc(O)c(O)c4C(=O)C(=CC=Cc34)O","","23571415"
"CHEMBL2260476","O[C@@H]1Cc2c(O)cc(O)cc2O[C@@H]1c3cc(O)c(O)c4C(=O)C(=CC=Cc34)O","","23571415"
"CHEMBL55285","S=C=NCc1ccccc1","","23571415"
"CHEMBL1221716","CC(C)CC(NC(=O)C(C)N)C(=O)O","","23571415"
"CHEMBL1294","COc1ccc2nccc([C@H](O)[C@H]3C[C@@H]4CCN3C[C@@H]4C=C)c2c1","","22541068"
"CHEMBL1294","COc1ccc2nccc([C@H](O)[C@H]3C[C@@H]4CCN3C[C@@H]4C=C)c2c1","","22541068"
"CHEMBL599870","NS(=O)(=O)c1cc2c(NC(CSCC=C)NS2(=O)=O)cc1Cl","","23571415"
"CHEMBL3138629","CC1(C)C[C@@H]2[C@H]1CC[C@]3(C)C[C@@]2(O)CC[C@H]3O","","23571415"
"CHEMBL3138629","CC1(C)C[C@@H]2[C@H]1CC[C@]3(C)C[C@@]2(O)CC[C@H]3O","","23571415"
"CHEMBL252059","CCCCC[C@@H](O)[C@@H]1[C@@H](O)C[C@@H](O)C[C@@H](O)C[C@@H](O)C[C@@H](O)C[C@@H](O)C[C@H](O)\C(=C\C=C\C=C\C=C\C=C\[C@H](O)[C@@H](C)OC1=O)\C","","23571415"
"CHEMBL13","COCCc1ccc(OCC(O)CNC(C)C)cc1","","22541068"
"CHEMBL210635","COc1cc(O)c2C(=O)C=C(Oc2c1)c3ccc(O)cc3","","23571415"
"CHEMBL517016","COC1=C[C@@H](C)[C@@H]2C[C@H]3OC(=O)C[C@H]4C(=C(OC)C(=O)[C@@H]([C@@]34C)[C@@]2(C)C1=O)C","","23571415"
"CHEMBL517016","COC1=C[C@@H](C)[C@@H]2C[C@H]3OC(=O)C[C@H]4C(=C(OC)C(=O)[C@@H]([C@@]34C)[C@@]2(C)C1=O)C","","23571415"
"CHEMBL517016","COC1=C[C@@H](C)[C@@H]2C[C@H]3OC(=O)C[C@H]4C(=C(OC)C(=O)[C@@H]([C@@]34C)[C@@]2(C)C1=O)C","","23571415"
"CHEMBL171679","COC(=O)[C@H](Cc1ccccc1)NC(=O)[C@@H](N)CC(=O)O","","23571415"
"CHEMBL152028","CC(C)C[C@@H](NC(=O)OCC1c2ccccc2c3ccccc13)C(=O)O","","23571415"
"CHEMBL456","CCC(=C)C(=O)c1ccc(OCC(=O)O)c(Cl)c1Cl","","23571415"
"CHEMBL1331521","COC1=C(Oc2ccc(OC)cc2C1=O)c3ccccc3","","23571415"
"CHEMBL1331521","COC1=C(Oc2ccc(OC)cc2C1=O)c3ccccc3","","23571415"
"CHEMBL1606248","COc1c(O)cc(O)cc1O","","23571415"
"CHEMBL1275977","NC[C@@H]1O[C@H](O[C@H]2[C@@H](O)[C@H](O[C@@H]3[C@@H](O)[C@H](N)C[C@H](N)[C@H]3O[C@H]4O[C@H](CN)[C@@H](O)[C@H](O)[C@H]4N)O[C@@H]2CO)[C@H](N)[C@@H](O)[C@@H]1O.OS(=O)(=O)O","","23571415"
"CHEMBL1201103","Cl.COc1ccc(OC)c(c1)C(O)C(C)N","","23571415"
"CHEMBL31","COc1c(N2CCNC(C)C2)c(F)cc3C(=O)C(=CN(C4CC4)c13)C(=O)O","","23571415"
"CHEMBL3138645","CC(C)c1c(O)ccc2c1CCC3[C@](C)(CCC[C@]23C)C(=O)O","","23571415"
"CHEMBL3138666","C[C@]12CC[C@H](Cl)C[C@@H]1CC[C@@H]3[C@@H]2CC[C@@]4(C)[C@H]3CCC4=O","","23571415"
"CHEMBL3138666","C[C@]12CC[C@H](Cl)C[C@@H]1CC[C@@H]3[C@@H]2CC[C@@]4(C)[C@H]3CCC4=O","","23571415"
"CHEMBL1881203","COc1cc(cc(OC)c1OC)C2=COc3cc(OC)c(OC)c(OC)c3C2=O","","23571415"
"CHEMBL3039098","NCCCC[C@H](N)C(=O)N[C@@H](Cc1ccccc1)C(=O)N[C@@H](Cc2ccc(O)cc2)C(=O)O","","23571415"
"CHEMBL14","[Cl-].C[N+](C)(C)CCOC(=O)N","","23571415"
"CHEMBL14","[Cl-].C[N+](C)(C)CCOC(=O)N","","23571415"
"CHEMBL75267","Oc1ccc2C(=O)C=C(Oc2c1O)c3ccccc3","","23571415"
"CHEMBL75267","Oc1ccc2C(=O)C=C(Oc2c1O)c3ccccc3","","23571415"
"CHEMBL2397733","COc1cc(ccc1O)[C@@H]2[C@H]3CO[C@]4(O)[C@H]3C(=C[C@H]2C4=O)[C@H]5Oc6cc(O)cc(O)c6C(=O)[C@@H]5O","Active","23401473"
"CHEMBL2397733","COc1cc(ccc1O)[C@@H]2[C@H]3CO[C@]4(O)[C@H]3C(=C[C@H]2C4=O)[C@H]5Oc6cc(O)cc(O)c6C(=O)[C@@H]5O","Active","23401473"
"CHEMBL1476898","","","23571415"
"CHEMBL1504","CC1(C)O[C@@H]2C[C@H]3[C@@H]4CCC5=CC(=O)C=C[C@]5(C)[C@@]4(F)[C@@H](O)C[C@]3(C)[C@@]2(O1)C(=O)CO","","23571415"
"CHEMBL1318529","Cl.CCOC(=O)NNc1nncc2ccccc12","","23571415"
"CHEMBL2105215","CC1=COc2ccccc2C1=O","","23571415"
"CHEMBL2105215","CC1=COc2ccccc2C1=O","","23571415"
"CHEMBL2105215","CC1=COc2ccccc2C1=O","","23571415"
"CHEMBL1237212","O=C1OC(=O)[C@H]2[C@H]3CC[C@@H](O3)[C@@H]12","","23571415"
"CHEMBL1200636","Cl.CN(C)CCC=C1c2ccccc2C=Cc3ccccc13","","23571415"
"CHEMBL1200769","CN(C)CCN(Cc1ccccc1)c2ccccn2.OC(=O)CC(O)(CC(=O)O)C(=O)O","","23571415"
"CHEMBL276618","CC1=CC(=O)Oc2c(O)c(O)ccc12","","23571415"
"CHEMBL1401367","[Br-].CC[N+]1(C)CCCC(C1)OC(=O)C(O)(c2ccccc2)c3ccccc3","","23571415"
"CHEMBL1401367","[Br-].CC[N+]1(C)CCCC(C1)OC(=O)C(O)(c2ccccc2)c3ccccc3","","23571415"
"CHEMBL3138707","C[C@@H]1CCC(Cl)C[C@H]1C(=O)OC(C)(C)C.C[C@@H]2CC(Cl)CC[C@H]2C(=O)OC(C)(C)C","","23571415"
"CHEMBL226345","Nc1[nH]cnc2ncnc12","","23571415"
"CHEMBL226345","Nc1[nH]cnc2ncnc12","","23571415"
"CHEMBL226345","Nc1[nH]cnc2ncnc12","","23571415"
"CHEMBL1372791","Cl.CC1CC(CC(C)(C)N1C)OC(=O)C(O)c2ccccc2","","23571415"
"CHEMBL1364144","C[C@H]1C[C@H]2[C@@H]3CC[C@](O)(C(=O)COC(=O)C)[C@@]3(C)C[C@H](O)[C@@H]2[C@@]4(C)C=CC(=O)C=C14","","23571415"
"CHEMBL1331216","CN1[C@@H]2CC[C@H]1C[C@H](C2)OC(=O)[C@H](CO)c3ccccc3","","23571415"
"CHEMBL2104111","[Cl-].COc1c2OCOc2cc3CC[N+](=Cc13)C","","23571415"
"CHEMBL367881","CC(=O)C1=C(O)C=C2Oc3c(C(=O)C)c(O)c(C)c(O)c3[C@@]2(C)C1=O","","23571415"
"CHEMBL1222498","CCC(=O)Nc1ccc(Cl)c(Cl)c1","","23571415"
"CHEMBL299155","OC(=O)C1=CC(=O)c2ccccc2N1","","23571415"
"CHEMBL299155","OC(=O)C1=CC(=O)c2ccccc2N1","","23571415"
"CHEMBL299155","OC(=O)C1=CC(=O)c2ccccc2N1","","23571415"
"CHEMBL1079905","CCCn1cnc2N(C)C(=O)N(CCCCC(=O)C)C(=O)c12","","23571415"
"CHEMBL1079905","CCCn1cnc2N(C)C(=O)N(CCCCC(=O)C)C(=O)c12","","23571415"
"CHEMBL273019","COc1c(O)cc2C(=O)O[C@@H]3[C@@H](O)[C@H](O)[C@@H](CO)O[C@H]3c2c1O","","23571415"
"CHEMBL3138639","CC(C)CCC[C@@H](C)[C@H]1CC[C@H]2C3=CC[C@H]4C[C@@H](O)CC[C@]4(C)[C@H]3CC[C@]12C","","23571415"
"CHEMBL3039164","CC(=O)Oc1cc2c(CC3OC34[C@@]2(C)CC[C@@]5(C)C6C[C@@](C)(CC[C@]6(C)CC[C@]45C)C(=O)O)c(C)c1OC(=O)C","","23571415"
"CHEMBL3039164","CC(=O)Oc1cc2c(CC3OC34[C@@]2(C)CC[C@@]5(C)C6C[C@@](C)(CC[C@]6(C)CC[C@]45C)C(=O)O)c(C)c1OC(=O)C","","23571415"
"CHEMBL499808","CCC(C)CC(C)CCCCCCCCC(=O)N[C@H]1C[C@@H](O)[C@@H](NCCN)NC(=O)[C@@H]2[C@@H](O)CCN2C(=O)[C@@H](NC(=O)[C@@H](NC(=O)[C@@H]3C[C@@H](O)CN3C(=O)[C@@H](NC1=O)[C@@H](C)O)[C@H](O)[C@@H](O)c4ccc(O)cc4)[C@H](O)CCN","is not a substrate [-]","15716364"
"CHEMBL463210","CCOP(=S)(OCC)Oc1nc(Cl)c(Cl)cc1Cl","","23571415"
"CHEMBL449329","Nc1ncnc2c1ncn2[C@H]3C[C@H](O)[C@@H](CO)O3","","23571415"
"CHEMBL429023","COc1cc2OC[C@H]3Oc4c5C[C@@H](Oc5ccc4C(=O)[C@H]3c2cc1OC)C(=C)C","","23571415"
"CHEMBL443605","CCCCCCc1ccc(O)cc1O","","23571415"
"CHEMBL1515","CN1C=CNC1=S","","23571415"
"CHEMBL185","FC1=CNC(=O)NC1=O","","23571415"
"CHEMBL2165234","CC(=O)OC[C@@]1(O)C[C@@]23CC[C@@H]4c5ccoc5CC[C@@]4(C)[C@@H]2CC[C@@H]1C3","","23571415"
"CHEMBL1407","COc1ccc(CC2N(C)CCc3cc(OC)c(OC)cc23)cc1OC","","23571415"
"CHEMBL1200621","CO\N=C\1/CN(CC1CN)c2nc3N(C=C(C(=O)O)C(=O)c3cc2F)C4CC4.CS(=O)(=O)O","","23571415"
"CHEMBL1200621","CO\N=C\1/CN(CC1CN)c2nc3N(C=C(C(=O)O)C(=O)c3cc2F)C4CC4.CS(=O)(=O)O","","23571415"
"CHEMBL1201138","[Ca+2].Nc1nc(O)c2N(C=O)C(CNc3ccc(cc3)C(=O)N[C@@H](CCC(=O)[O-])C(=O)[O-])CNc2n1","","23571415"
"CHEMBL3138704","CC(C)CCCCCOC(=O)COc1cc(Cl)c(Cl)cc1Cl","","23571415"
"CHEMBL3039242","OC(=O)C1CC(CN2CCCCC12)[C@@H]3CCCCN3","","23571415"
"CHEMBL251280","C\C\1=C/CC(C)(C)\C=C\C\C(=C\CC1)\C","","23571415"
"CHEMBL251280","C\C\1=C/CC(C)(C)\C=C\C\C(=C\CC1)\C","","23571415"
"CHEMBL251280","C\C\1=C/CC(C)(C)\C=C\C\C(=C\CC1)\C","","23571415"
"CHEMBL36591","CC(N)C(=O)OC(C)(C)Cc1ccc(Cl)cc1","","23571415"
"CHEMBL36591","CC(N)C(=O)OC(C)(C)Cc1ccc(Cl)cc1","","23571415"
"CHEMBL2373853","COC(=O)C[C@H]1C(C)(C)C(=O)C=C[C@]1(C)[C@H]2CC[C@@]3(C)[C@@H](OC(=O)[C@H]4O[C@@]34C2=C)c5cocc5","","23571415"
"CHEMBL1333653","COC1=CC(=O)C(=C/C/1=C\C=C\c2ccccc2)O","","23571415"
"CHEMBL1333653","COC1=CC(=O)C(=C/C/1=C\C=C\c2ccccc2)O","","23571415"
"CHEMBL1474177","COC(=O)C(C)c1ccc(cc1)C(=O)c2cccs2","","23571415"
"CHEMBL196","OC[C@H](O)[C@H]1OC(=O)C(=C1O)O","","23571415"
"CHEMBL1483","CCCSc1ccc2nc(NC(=O)OC)[nH]c2c1","","23571415"
"CHEMBL56021","CC(C)C[C@H](NC(=O)C)C(=O)O","","23571415"
