"CHEMBL837","CCc1c2CN3C(=O)C4=C(C=C3c2nc5ccc(O)cc15)[C@@](O)(CC)C(=O)OC4","is not a substrate [-]","15608127"
"CHEMBL3979922","CC(C)[C@@H]1\N=C(\O)/[C@H](CCC(=O)C)[C@H](O)[C@@H](C)[C@@H](O)\C=C/C=C\C[C@H](OC(=O)C2CCCN(N2)C(=O)[C@H](Cc3cc(O)cc(F)c3)\N=C/1\O)\C(=C\C=C\C(=O)N4CCCCO4)\C","317665",""
"CHEMBL2165622","OC(=O)c1ccnc(NC(=O)[C@H](CC2CCCC2)n3cnc(c3)C(F)(F)F)c1","Not Determined","22196621"
"CHEMBL386389","CCC1NC(=O)C(C(O)C(C)C\C=C\C)N(C)C(=O)C(C(C)C)N(C)C(=O)C(CC(C)C)N(C)C(=O)C(CC(C)C)N(C)C(=O)C(C)NC(=O)C(C)NC(=O)C(CC(C)C)N(C)C(=O)C(NC(=O)C(CC(C)C)N(C)C(=O)CN(C)C1=O)C(C)C","317663",""
"CHEMBL224867","C[C@H](CCC(=O)NCCS(=O)(=O)O)[C@H]1CC[C@H]2[C@@H]3[C@H](O)C[C@@H]4C[C@H](O)CC[C@]4(C)[C@H]3C[C@H](O)[C@]12C","is not a substrate [-]","11134001"
"CHEMBL1201304","CC1(C)\C(=C\C=C\C=C\C=C\C2=[N+](CCCCS(=O)(=O)[O-])c3ccc4ccccc4c3C2(C)C)\N(CCCCS(=O)(=O)O)c5ccc6ccccc6c15","is not an inhibitor [-]","11134001"
"CHEMBL3038248","CC1=C(C=C)\C(=C\c2[nH]c(Cc3[nH]c(\C=C\4/NC(=O)C(=C4C)C=C)c(C)c3CCC(=O)O[C@@H]5O[C@@H]([C@H](O)[C@H](O)[C@@H]5O)C(=O)O)c(CCC(=O)O[C@@H]6O[C@H]([C@H](O)[C@@H](O)[C@@H]6O)C(=O)O)c2C)\NC1=O","is not a substrate [-]","11134001"
"CHEMBL2165617","OC(=O)Cn1ccc(NC(=O)[C@H](CC2CCCC2)n3cnc(c3)C(F)(F)F)n1","Not Determined","22196621"
"CHEMBL2165618","OC(=O)c1cnc(NC(=O)[C@H](CC2CCCC2)n3cnc(c3)C(F)(F)F)cn1","Not Determined","22196621"
"CHEMBL3704745","CCC1NC(=O)C(C(O)C(C)C\C=C\C)N(C)C(=O)C(C(C)C)N(C)C(=O)C(CC(C)C)N(C)C(=O)C(CC(C)C)N(C)C(=O)C(C)NC(=O)C(C)NC(=O)C(CC(C)C)N(C)C(=O)C(NC(=O)C(C(C)C)N(CC)C(=O)C(C)N(C)C1=O)C(C)C","317664",""
"CHEMBL2165625","OP(=O)(O)c1ccc(NC(=O)[C@H](CC2CCCC2)n3cnc(c3)C(F)(F)F)nc1","Not Determined","22196621"
"CHEMBL2165621","OC(=O)c1cccc(NC(=O)[C@H](CC2CCCC2)n3cnc(c3)C(F)(F)F)n1","Not Determined","22196621"
"CHEMBL499808","CCC(C)CC(C)CCCCCCCCC(=O)N[C@H]1C[C@@H](O)[C@@H](NCCN)NC(=O)[C@@H]2[C@@H](O)CCN2C(=O)[C@@H](NC(=O)[C@@H](NC(=O)[C@@H]3C[C@@H](O)CN3C(=O)[C@@H](NC1=O)[C@@H](C)O)[C@H](O)[C@@H](O)c4ccc(O)cc4)[C@H](O)CCN","is not a substrate [-]","15716364"
