"Pravastatin","[H][C@]12[C@H](C[C@H](O)C=C1C=C[C@H](C)[C@@H]2CC[C@@H](O)C[C@@H](O)CC(O)=O)OC(=O)[C@@H](C)CC","Solute carrier organic anion transporter family member 1B3","BE0003659","|substrate|","CHEMBL1144"
"Valsartan","CCCCC(=O)N(CC1=CC=C(C=C1)C1=CC=CC=C1C1=NNN=N1)[C@@H](C(C)C)C(O)=O","Solute carrier organic anion transporter family member 1B3","BE0003659","|substrate|","CHEMBL1069"
"Olmesartan","CCCC1=NC(=C(N1CC1=CC=C(C=C1)C1=C(C=CC=C1)C1=NN=NN1)C(O)=O)C(C)(C)O","Solute carrier organic anion transporter family member 1B3","BE0003659","|substrate|","CHEMBL1516"
"Liothyronine","N[C@@H](CC1=CC(I)=C(OC2=CC(I)=C(O)C=C2)C(I)=C1)C(O)=O","Solute carrier organic anion transporter family member 1B3","BE0003659","|substrate|","CHEMBL1544"
"Digoxin","[H][C@]12CC[C@]3([H])[C@]([H])(C[C@@H](O)[C@]4(C)[C@H](CC[C@]34O)C3=CC(=O)OC3)[C@@]1(C)CC[C@@H](C2)O[C@H]1C[C@H](O)[C@H](O[C@H]2C[C@H](O)[C@H](O[C@H]3C[C@H](O)[C@H](O)[C@@H](C)O3)[C@@H](C)O2)[C@@H](C)O1","Solute carrier organic anion transporter family member 1B3","BE0003659","|substrate|","CHEMBL1751"
"Levothyroxine","N[C@@H](CC1=CC(I)=C(OC2=CC(I)=C(O)C(I)=C2)C(I)=C1)C(O)=O","Solute carrier organic anion transporter family member 1B3","BE0003659","|","CHEMBL1624"
"Caspofungin","CCC(C)CC(C)CCCCCCCCC(=O)N[C@H]1C[C@@H](O)[C@@H](NCCN)NC(=O)[C@@H]2[C@@H](O)CCN2C(=O)[C@@H](NC(=O)[C@@H](NC(=O)[C@@H]2C[C@@H](O)CN2C(=O)[C@@H](NC1=O)[C@@H](C)O)[C@H](O)[C@@H](O)C1=CC=C(O)C=C1)[C@H](O)CCN","Solute carrier organic anion transporter family member 1B3","BE0003659","|substrate|","CHEMBL499808"
"Methotrexate","CN(CC1=CN=C2N=C(N)N=C(N)C2=N1)C1=CC=C(C=C1)C(=O)N[C@@H](CCC(O)=O)C(O)=O","Solute carrier organic anion transporter family member 1B3","BE0003659","|substrate|","CHEMBL34259"
"Mycophenolate mofetil","COC1=C(C\C=C(/C)CCC(=O)OCCN2CCOCC2)C(O)=C2C(=O)OCC2=C1C","Solute carrier organic anion transporter family member 1B3","BE0003659","|substrate|","CHEMBL1456"
"Estradiol","[H][C@@]12CC[C@H](O)[C@@]1(C)CC[C@]1([H])C3=C(CC[C@@]21[H])C=C(O)C=C3","Solute carrier organic anion transporter family member 1B3","BE0003659","|","CHEMBL135"
"Fexofenadine","CC(C)(C(O)=O)C1=CC=C(C=C1)C(O)CCCN1CCC(CC1)C(O)(C1=CC=CC=C1)C1=CC=CC=C1","Solute carrier organic anion transporter family member 1B3","BE0003659","|","CHEMBL914"
"Rifampicin","CO[C@H]1\C=C\O[C@@]2(C)OC3=C(C2=O)C2=C(O)C(\C=N\N4CCN(C)CC4)=C(NC(=O)\C(C)=C/C=C/[C@H](C)[C@H](O)[C@@H](C)[C@@H](O)[C@@H](C)[C@H](OC(C)=O)[C@@H]1C)C(O)=C2C(O)=C3C","Solute carrier organic anion transporter family member 1B3","BE0003659","|substrate|inhibitor|","CHEMBL374478"
"Atorvastatin","CC(C)C1=C(C(=O)NC2=CC=CC=C2)C(=C(N1CC[C@@H](O)C[C@@H](O)CC(O)=O)C1=CC=C(F)C=C1)C1=CC=CC=C1","Solute carrier organic anion transporter family member 1B3","BE0003659","|substrate|","CHEMBL1487"
"Ouabain","[H][C@@]12CC[C@]3(O)C[C@H](C[C@@H](O)[C@]3(CO)[C@@]1([H])[C@H](O)C[C@]1(C)[C@H](CC[C@]21O)C1=CC(=O)OC1)O[C@@H]1O[C@@H](C)[C@H](O)[C@@H](O)[C@H]1O","Solute carrier organic anion transporter family member 1B3","BE0003659","|substrate|","CHEMBL222863"
"Fluvastatin","CC(C)N1C(\C=C\[C@H](O)C[C@H](O)CC(O)=O)=C(C2=CC=C(F)C=C2)C2=CC=CC=C12","Solute carrier organic anion transporter family member 1B3","BE0003659","|","CHEMBL350239"
"Rosuvastatin","CC(C)C1=NC(=NC(C2=CC=C(F)C=C2)=C1\C=C\[C@@H](O)C[C@@H](O)CC(=O)O)N(C)S(C)(=O)=O","Solute carrier organic anion transporter family member 1B3","BE0003659","|","CHEMBL1496"
"Pioglitazone","CCC1=CN=C(CCOC2=CC=C(CC3SC(=O)NC3=O)C=C2)C=C1","Solute carrier organic anion transporter family member 1B3","BE0003659","|inhibitor|","CHEMBL595"
"Paclitaxel","[H][C@]12[C@H](OC(=O)C3=CC=CC=C3)[C@]3(O)C[C@H](OC(=O)[C@H](O)[C@@H](NC(=O)C4=CC=CC=C4)C4=CC=CC=C4)C(C)=C([C@@H](OC(C)=O)C(=O)[C@]1(C)[C@@H](O)C[C@H]1OC[C@@]21OC(C)=O)C3(C)C","Solute carrier organic anion transporter family member 1B3","BE0003659","|substrate|","CHEMBL428647"
"Docetaxel","[H][C@@]12C[C@H](O)[C@@]3(C)C(=O)[C@H](O)C4=C(C)[C@H](C[C@@](O)([C@@H](OC(=O)C5=CC=CC=C5)[C@]3([H])[C@@]1(CO2)OC(C)=O)C4(C)C)OC(=O)[C@H](O)[C@@H](NC(=O)OC(C)(C)C)C1=CC=CC=C1","Solute carrier organic anion transporter family member 1B3","BE0003659","|substrate|","CHEMBL92"
"Liotrix","[Na+].[Na+].N[C@@H](CC1=CC(I)=C(OC2=CC(I)=C(O)C=C2)C(I)=C1)C([O-])=O.N[C@@H](CC1=CC(I)=C(OC2=CC(I)=C(O)C(I)=C2)C(I)=C1)C([O-])=O","Solute carrier organic anion transporter family member 1B3","BE0003659","|substrate|",""
"Cholic Acid","[H][C@@](C)(CCC(O)=O)[C@@]1([H])CC[C@@]2([H])[C@]3([H])[C@]([H])(O)C[C@]4([H])C[C@]([H])(O)CC[C@]4(C)[C@@]3([H])C[C@]([H])(O)[C@]12C","Solute carrier organic anion transporter family member 1B3","BE0003659","|substrate|","CHEMBL205596"
"Glycocholic acid","[H][C@@]1(CC[C@@]2([H])[C@]3([H])[C@H](O)C[C@]4([H])C[C@H](O)CC[C@]4(C)[C@@]3([H])C[C@H](O)[C@]12C)[C@H](C)CCC(=O)NCC([O-])=O","Solute carrier organic anion transporter family member 1B3","BE0003659","|",""
"Taurocholic Acid","[H][C@@]1(CC[C@@]2([H])[C@]3([H])[C@H](O)C[C@]4([H])C[C@H](O)CC[C@]4(C)[C@@]3([H])C[C@H](O)[C@]12C)[C@H](C)CCC(=O)NCCS(O)(=O)=O","Solute carrier organic anion transporter family member 1B3","BE0003659","|substrate|","CHEMBL224867"
"Cobimetinib","OC1(CN(C1)C(=O)C1=C(NC2=C(F)C=C(I)C=C2)C(F)=C(F)C=C1)[C@@H]1CCCCN1","Solute carrier organic anion transporter family member 1B3","BE0003659","|substrate|weak inhibitor|","CHEMBL2146883"
"Prasterone sulfate","[H][C@@]12CCC(=O)[C@@]1(C)CC[C@@]1([H])[C@@]2([H])CC=C2C[C@H](CC[C@]12C)OS(O)(=O)=O","Solute carrier organic anion transporter family member 1B3","BE0003659","|","CHEMBL259898"
"Romidepsin","[H]\C(C)=C1\N=C(O)[C@@]2([H])CSSCCC([H])=C([H])[C@]([H])(CC(O)=N[C@]([H])(C(C)C)C(O)=N2)OC(=O)[C@@]([H])(N=C1O)C(C)C","Solute carrier organic anion transporter family member 1B3","BE0003659","|substrate|","CHEMBL1998981"
"Simeprevir","[H]\C1=C([H])\[C@]2([H])C[C@]2(N=C(O)[C@]2([H])C[C@]([H])(C[C@@]2([H])C(=O)N(C)CCCC1)OC1=C2C=CC(OC)=C(C)C2=NC(=C1)C1=NC(=CS1)C(C)C)C(O)=NS(=O)(=O)C1CC1","Solute carrier organic anion transporter family member 1B3","BE0003659","|substrate|inhibitor|","CHEMBL501849"
"Ambrisentan","COC([C@H](OC1=NC(C)=CC(C)=N1)C(O)=O)(C1=CC=CC=C1)C1=CC=CC=C1","Solute carrier organic anion transporter family member 1B3","BE0003659","|substrate|","CHEMBL1111"
"Cabazitaxel","[H][C@@](O)([C@@H](NC(=O)OC(C)(C)C)C1=CC=CC=C1)C(=O)O[C@@]1([H])C[C@@]2(O)[C@@]([H])(OC(=O)C3=CC=CC=C3)[C@]3([H])[C@@]4(CO[C@]4([H])C[C@]([H])(OC)[C@@]3(C)C(=O)[C@]([H])(OC)C(=C1C)C2(C)C)OC(C)=O","Solute carrier organic anion transporter family member 1B3","BE0003659","|inhibitor|","CHEMBL1201748"
"Leukotriene C4","CCCCC\C=C/C\C=C/C=C/C=C/[C@@H](SC[C@H](NC(=O)CC[C@H](N)C(O)=O)C(=O)NCC(O)=O)[C@@H](O)CCCC(O)=O","Solute carrier organic anion transporter family member 1B3","BE0003659","|","CHEMBL451509"
"Pitavastatin","O[C@H](C[C@H](O)\C=C\C1=C(N=C2C=CC=CC2=C1C1=CC=C(F)C=C1)C1CC1)CC(O)=O","Solute carrier organic anion transporter family member 1B3","BE0003659","|substrate|","CHEMBL1201753"
"DPDPE","CC1(C)SSC(C)(C)[C@@H](NC(=O)[C@@H](N)CC2=CC=C(O)C=C2)C(=O)NCC(=O)N[C@@H](CC2=CC=CC=C2)C(=O)N[C@H]1C(O)=O","Solute carrier organic anion transporter family member 1B3","BE0003659","|","CHEMBL31421"
"Rilpivirine","CC1=CC(\C=C\C#N)=CC(C)=C1NC1=CC=NC(NC2=CC=C(C=C2)C#N)=N1","Solute carrier organic anion transporter family member 1B3","BE0003659","|inhibitor|","CHEMBL175691"
"Gadoxetic acid","[Gd+3].[H][C@@](CN(CCN(CC([O-])=O)CC([O-])=O)CC([O-])=O)(CC1=CC=C(OCC)C=C1)N(CC(O)=O)CC(O)=O","Solute carrier organic anion transporter family member 1B3","BE0003659","|substrate|","CHEMBL1201768"
"Dabrafenib","CC(C)(C)C1=NC(=C(S1)C1=NC(N)=NC=C1)C1=C(F)C(NS(=O)(=O)C2=C(F)C=CC=C2F)=CC=C1","Solute carrier organic anion transporter family member 1B3","BE0003659","|inhibitor|","CHEMBL2028663"
"Idelalisib","[H][C@@](CC)(NC1=NC=NC2=C1N=CN2)C1=NC2=CC=CC(F)=C2C(=O)N1C1=CC=CC=C1","Solute carrier organic anion transporter family member 1B3","BE0003659","|inhibitor|","CHEMBL2216870"
"Daclatasvir","COC(=O)N[C@@H](C(C)C)C(=O)N1CCC[C@H]1C1=NC=C(N1)C1=CC=C(C=C1)C1=CC=C(C=C1)C1=CN=C(N1)[C@@H]1CCCN1C(=O)[C@@H](NC(=O)OC)C(C)C","Solute carrier organic anion transporter family member 1B3","BE0003659","|inhibitor|","CHEMBL2023898"
"Technetium Tc-99m mebrofenin","[99Tc].[H]OC(=O)C([H])([H])N(C([H])([H])C(=O)O[H])C([H])([H])C(=O)N([H])C1=C(C(Br)=C(C([H])=C1C([H])([H])[H])C([H])([H])[H])C([H])([H])[H]","Solute carrier organic anion transporter family member 1B3","BE0003659","|substrate|","CHEMBL2110555"
"Sacubitril","[H][C@@](CC1=CC=C(C=C1)C1=CC=CC=C1)(C[C@@]([H])(C)C(=O)OCC)NC(=O)CCC(O)=O","Solute carrier organic anion transporter family member 1B3","BE0003659","|inhibitor|","CHEMBL3137301"
"Paritaprevir","[H][C@@]12C[C@]1(NC(=O)[C@]1([H])C[C@H](CN1C(=O)[C@H](CCCCC\C=C/2)NC(=O)C1=CN=C(C)C=N1)OC1=NC2=C(C=CC=C2)C2=C1C=CC=C2)C(=O)NS(=O)(=O)C1CC1","Solute carrier organic anion transporter family member 1B3","BE0003659","|substrate|","CHEMBL3391662"
"Selexipag","CC(C)N(CCCCOCC(=O)NS(C)(=O)=O)C1=NC(C2=CC=CC=C2)=C(N=C1)C1=CC=CC=C1","Solute carrier organic anion transporter family member 1B3","BE0003659","|substrate|","CHEMBL238804"
"Grazoprevir","[H][C@@]12C[C@@]1([H])OC(O)=N[C@]([H])(C(=O)N1C[C@@]([H])(C[C@@]1([H])C(O)=N[C@@]1(C[C@@]1([H])C=C)C(O)=NS(=O)(=O)C1CC1)OC1=C(CCCCC2)N=C2C=CC(OC)=CC2=N1)C(C)(C)C","Solute carrier organic anion transporter family member 1B3","BE0003659","|substrate|","CHEMBL2063090"
"Velpatasvir","[H][C@](N=C(O)OC)(C(C)C)C(=O)N1[C@@]([H])(C)CC[C@@]1([H])C1=NC2=C(N1)C1=CC3=C(C=C1C=C2)C1=C(CO3)C=C(C=C1)C1=CN=C(N1)[C@]1([H])C[C@]([H])(COC)CN1C(=O)[C@]([H])(N=C(O)OC)C1=CC=CC=C1","Solute carrier organic anion transporter family member 1B3","BE0003659","|inhibitor|transporter|","CHEMBL3545062"
"Baricitinib","CCS(=O)(=O)N1CC(CC#N)(C1)N1C=C(C=N1)C1=C2C=CNC2=NC=N1","Solute carrier organic anion transporter family member 1B3","BE0003659","|inhibitor|","CHEMBL2105759"
"Voxilaprevir","CC[C@@H]1[C@@H]2CN([C@@H]1C(=O)N[C@@]1(C[C@H]1C(F)F)C(=O)NS(=O)(=O)C1(C)CC1)C(=O)[C@@H](NC(=O)O[C@@H]1C[C@H]1CCCCC(F)(F)C1=C(O2)N=C2C=C(OC)C=CC2=N1)C(C)(C)C","Solute carrier organic anion transporter family member 1B3","BE0003659","|substrate|inhibitor|","CHEMBL3707372"
"Letermovir","COC1=CC=CC(=C1)N1CCN(CC1)C1=NC2=C(C=CC=C2F)[C@H](CC(O)=O)N1C1=CC(=CC=C1OC)C(F)(F)F","Solute carrier organic anion transporter family member 1B3","BE0003659","|substrate|","CHEMBL1241951"
"Rucaparib","CNCC1=CC=C(C=C1)C1=C2CCNC(=O)C3=C2C(N1)=CC(F)=C3","Solute carrier organic anion transporter family member 1B3","BE0003659","|inhibitor|","CHEMBL1173055"
"Levosalbutamol","CC(C)(C)NC[C@H](O)C1=CC(CO)=C(O)C=C1","Solute carrier organic anion transporter family member 1B3","BE0003659","|substrate|","CHEMBL1002"
"Levomenol","[H][C@@]1(CCC(C)=CC1)[C@@](C)(O)CCC=C(C)C","Solute carrier organic anion transporter family member 1B3","BE0003659","|substrate|","CHEMBL1096927"
"Parachlorophenol","OC1=CC=C(Cl)C=C1","Solute carrier organic anion transporter family member 1B3","BE0003659","|substrate|","CHEMBL57053"
"Enasidenib","CC(C)(O)CNC1=NC(=NC(NC2=CC(=NC=C2)C(F)(F)F)=N1)C1=NC(=CC=C1)C(F)(F)F","Solute carrier organic anion transporter family member 1B3","BE0003659","|inhibitor|","CHEMBL3989908"
"Pibrentasvir","[H][C@](C)(OC)[C@]([H])(N=C(O)OC)C(=O)N1CCC[C@@]1([H])C1=NC2=C(N1)C=C(F)C(=C2)[C@@]1([H])CC[C@@]([H])(N1C1=CC(F)=C(N2CCC(CC2)C2=CC=C(F)C=C2)C(F)=C1)C1=CC2=C(NC(=N2)[C@]2([H])CCCN2C(=O)[C@@]([H])(N=C(O)OC)[C@@]([H])(C)OC)C=C1F","Solute carrier organic anion transporter family member 1B3","BE0003659","|inhibitor|","CHEMBL3545123"
"Glecaprevir","CC(C)(C)[C@@H]1NC(=O)O[C@@H]2CCC[C@H]2OC\C=C\C(F)(F)C2=NC3=C(C=CC=C3)N=C2O[C@@H]2C[C@H](N(C2)C1=O)C(=O)N[C@@]1(C[C@H]1C(F)F)C(=O)NS(=O)(=O)C1(C)CC1","Solute carrier organic anion transporter family member 1B3","BE0003659","|substrate|inhibitor|","CHEMBL3545363"
"Semaglutide","CC[C@H](C)[C@H](NC(=O)[C@H](CC1=CC=CC=C1)NC(=O)[C@H](CCC(O)=O)NC(=O)[C@H](CCCCNC(=O)COCCOCCNC(=O)COCCOCCNC(=O)CC[C@@H](NC(=O)CCCCCCCCCCCCCCCCC(O)=O)C(O)=O)NC(=O)[C@H](C)NC(=O)[C@H](C)NC(=O)[C@H](CCC(N)=O)NC(=O)CNC(=O)[C@H](CCC(O)=O)NC(=O)[C@H](CC(C)C)NC(=O)[C@H](CC1=CC=C(O)C=C1)NC(=O)[C@H](CO)NC(=O)[C@H](CO)NC(=O)[C@@H](NC(=O)[C@H](CC(O)=O)NC(=O)[C@H](CO)NC(=O)[C@@H](NC(=O)[C@H](CC1=CC=CC=C1)NC(=O)[C@@H](NC(=O)CNC(=O)[C@H](CCC(O)=O)NC(=O)C(C)(C)NC(=O)[C@@H](N)CC1=CNC=N1)[C@@H](C)O)[C@@H](C)O)C(C)C)C(=O)N[C@@H](C)C(=O)N[C@@H](CC1=CNC2=C1C=CC=C2)C(=O)N[C@@H](CC(C)C)C(=O)N[C@@H](C(C)C)C(=O)N[C@@H](CCCNC(N)=N)C(=O)NCC(=O)N[C@@H](CCCNC(N)=N)C(=O)NCC(O)=O","Solute carrier organic anion transporter family member 1B3","BE0003659","|inhibitor|","CHEMBL3616752"
"Estradiol acetate","[H][C@]1(O)CC[C@@]2([H])[C@]3([H])CCC4=CC(OC(C)=O)=CC=C4[C@@]3([H])CC[C@]12C","Solute carrier organic anion transporter family member 1B3","BE0003659","|","CHEMBL1200430"
"Estradiol benzoate","[H][C@]1(O)CC[C@@]2([H])[C@]3([H])CCC4=CC(OC(=O)C5=CC=CC=C5)=CC=C4[C@@]3([H])CC[C@]12C","Solute carrier organic anion transporter family member 1B3","BE0003659","|","CHEMBL282575"
"Estradiol cypionate","[H][C@@]1(CC[C@@]2([H])[C@]3([H])CCC4=CC(O)=CC=C4[C@@]3([H])CC[C@]12C)OC(=O)CCC1CCCC1","Solute carrier organic anion transporter family member 1B3","BE0003659","|","CHEMBL1200973"
"Estradiol dienanthate","CCCCCCC(=O)O[C@H]1CC[C@H]2[C@@H]3CCC4=CC(OC(=O)CCCCCC)=CC=C4[C@H]3CC[C@]12C","Solute carrier organic anion transporter family member 1B3","BE0003659","|",""
"Estradiol valerate","[H][C@@]12CC[C@H](OC(=O)CCCC)[C@@]1(C)CC[C@]1([H])C3=C(CC[C@@]21[H])C=C(O)C=C3","Solute carrier organic anion transporter family member 1B3","BE0003659","|","CHEMBL1511"
