"CHEMBL1121","CSCC[C@H](NC(=O)[C@H](Cc1ccc(OS(=O)(=O)O)cc1)NC(=O)[C@@H](N)CC(=O)O)C(=O)NCC(=O)N[C@@H](Cc2c[nH]c3ccccc23)C(=O)N[C@@H](CCSC)C(=O)N[C@@H](CC(=O)O)C(=O)N[C@@H](Cc4ccccc4)C(=O)N","substrate []","15159445"
"CHEMBL453904","[Na+].[Na+].Oc1ccc(cc1S(=O)(=O)[O-])C2(OC(=O)c3c(Br)c(Br)c(Br)c(Br)c23)c4ccc(O)c(c4)S(=O)(=O)[O-]","transporter substrate","20190787"
"CHEMBL374478","CO[C@H]1\C=C\O[C@@]2(C)Oc3c(C)c(O)c4c(O)c(NC(=O)\C(=C/C=C/[C@H](C)[C@H](O)[C@@H](C)[C@@H](O)[C@@H](C)[C@H](OC(=O)C)[C@@H]1C)\C)c(\C=N\N5CCN(C)CC5)c(O)c4c3C2=O","substrate [Km=2.3uM]","12085361"
"CHEMBL1751","C[C@H]1O[C@H](C[C@H](O)[C@@H]1O)O[C@H]2[C@@H](O)C[C@H](O[C@H]3[C@@H](O)C[C@H](O[C@H]4CC[C@@]5(C)[C@H](CC[C@@H]6[C@@H]5C[C@@H](O)[C@]7(C)[C@H](CC[C@]67O)C8=CC(=O)OC8)C4)O[C@@H]3C)O[C@@H]2C","transporter substrate","20190787"
"CHEMBL20226","CC(C)[C@H](NC(=O)[C@@H](NC(=O)[C@H](CCC(=O)O)NC(=O)[C@H](Cc1ccccc1)NC(=O)[C@@H](C)NC(=O)[C@@H](N)Cc2ccc(O)cc2)C(C)C)C(=O)NCC(=O)N","substrate [+]","11159893"
"CHEMBL494753","C[C@]12CC[C@H]3[C@@H](CCc4cc(OS(=O)(=O)O)ccc34)[C@@H]1CCC2=O","substrate [+]","11159893"
"CHEMBL495936","CCCCC\C=C/C\C=C/C=C/C=C/[C@@H](SC[C@@H](NC(=O)CC[C@H](N)C(=O)O)C(=O)NCC(=O)O)[C@@H](O)CCCC(=O)O","substrate [+]","11159893"
"CHEMBL411070","C[C@H](CCC(=O)NCC(=O)O)[C@H]1CC[C@H]2[C@@H]3[C@H](O)C[C@@H]4C[C@H](O)CC[C@]4(C)[C@H]3C[C@H](O)[C@]12C","substrate [+]","11159893"
"CHEMBL1743144","CCCc1nc2c(C)cc(cc2n1Cc3ccc(cc3)c4ccccc4C(=O)O[C@@H]5O[C@@H]([C@@H](O)[C@H](O)[C@H]5O)C(=O)O)c6nc7ccccc7n6C","transporter substrate","20190787"
"CHEMBL2074720","CC1=C(C=C)\C(=C\c2[nH]c(Cc3[nH]c(\C=C\4/NC(=O)C(=C4C)C=C)c(C)c3CCC(=O)O)c(CCC(=O)O[C@@H]5OC([C@@H](O)C(O)C5O)C(=O)O)c2C)\NC1=O","substrate [Km=0.5uM]","11134001"
"CHEMBL914","CC(C)(C(=O)O)c1ccc(cc1)C(O)CCCN2CCC(CC2)C(O)(c3ccccc3)c4ccccc4","transporter substrate","20190787"
"CHEMBL1516","CCCc1nc(c(C(=O)O)n1Cc2ccc(cc2)c3ccccc3c4nnn[nH]4)C(C)(C)O","substrate [Km=71.8+/- 21.6uM]","16501004"
"CHEMBL294616","CC1(C)SSC(C)(C)[C@@H](NC(=O)[C@@H](N)Cc2ccc(O)cc2)C(=O)NCC(=O)N[C@H](Cc3ccccc3)C(=O)N[C@H]1C(=O)O","substrate [+]","11159893"
"CHEMBL259898","C[C@]12CC[C@H]3[C@@H](CC=C4C[C@H](CC[C@]34C)OS(=O)(=O)O)[C@@H]1CCC2=O","substrate [Km>30uM]","11134001"
"CHEMBL1544","N[C@@H](Cc1cc(I)c(Oc2ccc(O)c(I)c2)c(I)c1)C(=O)O","substrate [+]","11159893"
"CHEMBL1269102","CC(C)C[C@@H]1NC(=O)[C@H](NC(=O)[C@@H]2CCCN2C(=O)[C@H](CC(=O)O)NC(=O)[C@@H](Cc3c[nH]c4ccccc34)NC1=O)C(C)C","substrate [+]","11159893"
"CHEMBL444092","CO[C@@H](Cc1ccccc1)[C@@H](C)\C=C(/C)\C=C\[C@@H]2NC(=O)[C@H](CCCNC(=N)N)NC(=O)[C@@H](C)[C@@H](NC(=O)[C@H](CC(C)C)NC(=O)[C@@H](C)NC(=O)C(=C)N(C)C(=O)CC[C@@H](NC(=O)[C@H]2C)C(=O)O)C(=O)O","substrate [Km=12.4uM]","15737679"
"CHEMBL2369946","CC(O)C[C@@H]1NC(=O)[C@@H]2Cc3c(SC[C@@H](NC(=O)[C@@H](NC(=O)[C@H](C)NC1=O)[C@@H](C)O)C(=O)N4C[C@H](O)C[C@H]4C(=O)N[C@@H](C)C(=O)N2)[nH]c5ccccc35","substrate [Km=7.5u M]","15238259"
"CHEMBL441687","CC1(C)[C@H](CC[C@@]2(C)[C@H]1CC[C@]3(C)[C@@H]2C(=O)C=C4[C@@H]5C[C@](C)(CC[C@]5(C)CC[C@@]34C)C(=O)O)O[C@H]6O[C@@H]([C@@H](O)[C@H](O)[C@H]6O[C@@H]7O[C@@H]([C@@H](O)[C@H](O)[C@H]7O)C(=O)O)C(=O)O","inhibitor [0 % of control]","12963436"
"CHEMBL2074778","Cc1c(C)c2OC(C)(COc3ccc(CC4SC(=O)NC4=O)cc3)CCc2c(C)c1OS(=O)(=O)O","inhibitor [20% inhibition of control]","14977862"
"CHEMBL2074777","CC1=CC(=O)C(=C(CCC(C)(C)COc2ccc(CC3SC(=O)NC3=O)cc2)C1=O)C","inhibitor [60% inhibition of control]","14977862"
"CHEMBL729","CC(C)[C@H](N1CCCNC1=O)C(=O)N[C@H](C[C@H](O)[C@H](Cc2ccccc2)NC(=O)COc3c(C)cccc3C)Cc4ccccc4","transporter inhibitor","20190787"
"Pravastatin","[H][C@]12[C@H](C[C@H](O)C=C1C=C[C@H](C)[C@@H]2CC[C@@H](O)C[C@@H](O)CC(O)=O)OC(=O)[C@@H](C)CC","Solute carrier organic anion transporter family member 1B3","BE0003659","|substrate|","CHEMBL1144"
"Valsartan","CCCCC(=O)N(CC1=CC=C(C=C1)C1=CC=CC=C1C1=NNN=N1)[C@@H](C(C)C)C(O)=O","Solute carrier organic anion transporter family member 1B3","BE0003659","|substrate|","CHEMBL1069"
"Levothyroxine","N[C@@H](CC1=CC(I)=C(OC2=CC(I)=C(O)C(I)=C2)C(I)=C1)C(O)=O","Solute carrier organic anion transporter family member 1B3","BE0003659","|","CHEMBL1624"
"Caspofungin","CCC(C)CC(C)CCCCCCCCC(=O)N[C@H]1C[C@@H](O)[C@@H](NCCN)NC(=O)[C@@H]2[C@@H](O)CCN2C(=O)[C@@H](NC(=O)[C@@H](NC(=O)[C@@H]2C[C@@H](O)CN2C(=O)[C@@H](NC1=O)[C@@H](C)O)[C@H](O)[C@@H](O)C1=CC=C(O)C=C1)[C@H](O)CCN","Solute carrier organic anion transporter family member 1B3","BE0003659","|substrate|","CHEMBL499808"
"Methotrexate","CN(CC1=CN=C2N=C(N)N=C(N)C2=N1)C1=CC=C(C=C1)C(=O)N[C@@H](CCC(O)=O)C(O)=O","Solute carrier organic anion transporter family member 1B3","BE0003659","|substrate|","CHEMBL34259"
"Mycophenolate mofetil","COC1=C(C\C=C(/C)CCC(=O)OCCN2CCOCC2)C(O)=C2C(=O)OCC2=C1C","Solute carrier organic anion transporter family member 1B3","BE0003659","|substrate|","CHEMBL1456"
"Estradiol","[H][C@@]12CC[C@H](O)[C@@]1(C)CC[C@]1([H])C3=C(CC[C@@]21[H])C=C(O)C=C3","Solute carrier organic anion transporter family member 1B3","BE0003659","|","CHEMBL135"
"Atorvastatin","CC(C)C1=C(C(=O)NC2=CC=CC=C2)C(=C(N1CC[C@@H](O)C[C@@H](O)CC(O)=O)C1=CC=C(F)C=C1)C1=CC=CC=C1","Solute carrier organic anion transporter family member 1B3","BE0003659","|substrate|","CHEMBL1487"
"Ouabain","[H][C@@]12CC[C@]3(O)C[C@H](C[C@@H](O)[C@]3(CO)[C@@]1([H])[C@H](O)C[C@]1(C)[C@H](CC[C@]21O)C1=CC(=O)OC1)O[C@@H]1O[C@@H](C)[C@H](O)[C@@H](O)[C@H]1O","Solute carrier organic anion transporter family member 1B3","BE0003659","|substrate|","CHEMBL222863"
"Fluvastatin","CC(C)N1C(\C=C\[C@H](O)C[C@H](O)CC(O)=O)=C(C2=CC=C(F)C=C2)C2=CC=CC=C12","Solute carrier organic anion transporter family member 1B3","BE0003659","|","CHEMBL350239"
"Rosuvastatin","CC(C)C1=NC(=NC(C2=CC=C(F)C=C2)=C1\C=C\[C@@H](O)C[C@@H](O)CC(=O)O)N(C)S(C)(=O)=O","Solute carrier organic anion transporter family member 1B3","BE0003659","|","CHEMBL1496"
"Pioglitazone","CCC1=CN=C(CCOC2=CC=C(CC3SC(=O)NC3=O)C=C2)C=C1","Solute carrier organic anion transporter family member 1B3","BE0003659","|inhibitor|","CHEMBL595"
"Paclitaxel","[H][C@]12[C@H](OC(=O)C3=CC=CC=C3)[C@]3(O)C[C@H](OC(=O)[C@H](O)[C@@H](NC(=O)C4=CC=CC=C4)C4=CC=CC=C4)C(C)=C([C@@H](OC(C)=O)C(=O)[C@]1(C)[C@@H](O)C[C@H]1OC[C@@]21OC(C)=O)C3(C)C","Solute carrier organic anion transporter family member 1B3","BE0003659","|substrate|","CHEMBL428647"
"Docetaxel","[H][C@@]12C[C@H](O)[C@@]3(C)C(=O)[C@H](O)C4=C(C)[C@H](C[C@@](O)([C@@H](OC(=O)C5=CC=CC=C5)[C@]3([H])[C@@]1(CO2)OC(C)=O)C4(C)C)OC(=O)[C@H](O)[C@@H](NC(=O)OC(C)(C)C)C1=CC=CC=C1","Solute carrier organic anion transporter family member 1B3","BE0003659","|substrate|","CHEMBL92"
"Liotrix","[Na+].[Na+].N[C@@H](CC1=CC(I)=C(OC2=CC(I)=C(O)C=C2)C(I)=C1)C([O-])=O.N[C@@H](CC1=CC(I)=C(OC2=CC(I)=C(O)C(I)=C2)C(I)=C1)C([O-])=O","Solute carrier organic anion transporter family member 1B3","BE0003659","|substrate|",""
"Cholic Acid","[H][C@@](C)(CCC(O)=O)[C@@]1([H])CC[C@@]2([H])[C@]3([H])[C@]([H])(O)C[C@]4([H])C[C@]([H])(O)CC[C@]4(C)[C@@]3([H])C[C@]([H])(O)[C@]12C","Solute carrier organic anion transporter family member 1B3","BE0003659","|substrate|","CHEMBL205596"
"Taurocholic Acid","[H][C@@]1(CC[C@@]2([H])[C@]3([H])[C@H](O)C[C@]4([H])C[C@H](O)CC[C@]4(C)[C@@]3([H])C[C@H](O)[C@]12C)[C@H](C)CCC(=O)NCCS(O)(=O)=O","Solute carrier organic anion transporter family member 1B3","BE0003659","|substrate|","CHEMBL224867"
"Cobimetinib","OC1(CN(C1)C(=O)C1=C(NC2=C(F)C=C(I)C=C2)C(F)=C(F)C=C1)[C@@H]1CCCCN1","Solute carrier organic anion transporter family member 1B3","BE0003659","|substrate|weak inhibitor|","CHEMBL2146883"
"Romidepsin","[H]\C(C)=C1\N=C(O)[C@@]2([H])CSSCCC([H])=C([H])[C@]([H])(CC(O)=N[C@]([H])(C(C)C)C(O)=N2)OC(=O)[C@@]([H])(N=C1O)C(C)C","Solute carrier organic anion transporter family member 1B3","BE0003659","|substrate|","CHEMBL1998981"
"Simeprevir","[H]\C1=C([H])\[C@]2([H])C[C@]2(N=C(O)[C@]2([H])C[C@]([H])(C[C@@]2([H])C(=O)N(C)CCCC1)OC1=C2C=CC(OC)=C(C)C2=NC(=C1)C1=NC(=CS1)C(C)C)C(O)=NS(=O)(=O)C1CC1","Solute carrier organic anion transporter family member 1B3","BE0003659","|substrate|inhibitor|","CHEMBL501849"
"Ambrisentan","COC([C@H](OC1=NC(C)=CC(C)=N1)C(O)=O)(C1=CC=CC=C1)C1=CC=CC=C1","Solute carrier organic anion transporter family member 1B3","BE0003659","|substrate|","CHEMBL1111"
"Cabazitaxel","[H][C@@](O)([C@@H](NC(=O)OC(C)(C)C)C1=CC=CC=C1)C(=O)O[C@@]1([H])C[C@@]2(O)[C@@]([H])(OC(=O)C3=CC=CC=C3)[C@]3([H])[C@@]4(CO[C@]4([H])C[C@]([H])(OC)[C@@]3(C)C(=O)[C@]([H])(OC)C(=C1C)C2(C)C)OC(C)=O","Solute carrier organic anion transporter family member 1B3","BE0003659","|inhibitor|","CHEMBL1201748"
"Pitavastatin","O[C@H](C[C@H](O)\C=C\C1=C(N=C2C=CC=CC2=C1C1=CC=C(F)C=C1)C1CC1)CC(O)=O","Solute carrier organic anion transporter family member 1B3","BE0003659","|substrate|","CHEMBL1201753"
"Rilpivirine","CC1=CC(\C=C\C#N)=CC(C)=C1NC1=CC=NC(NC2=CC=C(C=C2)C#N)=N1","Solute carrier organic anion transporter family member 1B3","BE0003659","|inhibitor|","CHEMBL175691"
"Gadoxetic acid","[Gd+3].[H][C@@](CN(CCN(CC([O-])=O)CC([O-])=O)CC([O-])=O)(CC1=CC=C(OCC)C=C1)N(CC(O)=O)CC(O)=O","Solute carrier organic anion transporter family member 1B3","BE0003659","|substrate|","CHEMBL1201768"
"Dabrafenib","CC(C)(C)C1=NC(=C(S1)C1=NC(N)=NC=C1)C1=C(F)C(NS(=O)(=O)C2=C(F)C=CC=C2F)=CC=C1","Solute carrier organic anion transporter family member 1B3","BE0003659","|inhibitor|","CHEMBL2028663"
"Idelalisib","[H][C@@](CC)(NC1=NC=NC2=C1N=CN2)C1=NC2=CC=CC(F)=C2C(=O)N1C1=CC=CC=C1","Solute carrier organic anion transporter family member 1B3","BE0003659","|inhibitor|","CHEMBL2216870"
"Daclatasvir","COC(=O)N[C@@H](C(C)C)C(=O)N1CCC[C@H]1C1=NC=C(N1)C1=CC=C(C=C1)C1=CC=C(C=C1)C1=CN=C(N1)[C@@H]1CCCN1C(=O)[C@@H](NC(=O)OC)C(C)C","Solute carrier organic anion transporter family member 1B3","BE0003659","|inhibitor|","CHEMBL2023898"
"Technetium Tc-99m mebrofenin","[99Tc].[H]OC(=O)C([H])([H])N(C([H])([H])C(=O)O[H])C([H])([H])C(=O)N([H])C1=C(C(Br)=C(C([H])=C1C([H])([H])[H])C([H])([H])[H])C([H])([H])[H]","Solute carrier organic anion transporter family member 1B3","BE0003659","|substrate|","CHEMBL2110555"
"Sacubitril","[H][C@@](CC1=CC=C(C=C1)C1=CC=CC=C1)(C[C@@]([H])(C)C(=O)OCC)NC(=O)CCC(O)=O","Solute carrier organic anion transporter family member 1B3","BE0003659","|inhibitor|","CHEMBL3137301"
"Paritaprevir","[H][C@@]12C[C@]1(NC(=O)[C@]1([H])C[C@H](CN1C(=O)[C@H](CCCCC\C=C/2)NC(=O)C1=CN=C(C)C=N1)OC1=NC2=C(C=CC=C2)C2=C1C=CC=C2)C(=O)NS(=O)(=O)C1CC1","Solute carrier organic anion transporter family member 1B3","BE0003659","|substrate|","CHEMBL3391662"
"Selexipag","CC(C)N(CCCCOCC(=O)NS(C)(=O)=O)C1=NC(C2=CC=CC=C2)=C(N=C1)C1=CC=CC=C1","Solute carrier organic anion transporter family member 1B3","BE0003659","|substrate|","CHEMBL238804"
"Grazoprevir","[H][C@@]12C[C@@]1([H])OC(O)=N[C@]([H])(C(=O)N1C[C@@]([H])(C[C@@]1([H])C(O)=N[C@@]1(C[C@@]1([H])C=C)C(O)=NS(=O)(=O)C1CC1)OC1=C(CCCCC2)N=C2C=CC(OC)=CC2=N1)C(C)(C)C","Solute carrier organic anion transporter family member 1B3","BE0003659","|substrate|","CHEMBL2063090"
"Velpatasvir","[H][C@](N=C(O)OC)(C(C)C)C(=O)N1[C@@]([H])(C)CC[C@@]1([H])C1=NC2=C(N1)C1=CC3=C(C=C1C=C2)C1=C(CO3)C=C(C=C1)C1=CN=C(N1)[C@]1([H])C[C@]([H])(COC)CN1C(=O)[C@]([H])(N=C(O)OC)C1=CC=CC=C1","Solute carrier organic anion transporter family member 1B3","BE0003659","|inhibitor|transporter|","CHEMBL3545062"
"Baricitinib","CCS(=O)(=O)N1CC(CC#N)(C1)N1C=C(C=N1)C1=C2C=CNC2=NC=N1","Solute carrier organic anion transporter family member 1B3","BE0003659","|inhibitor|","CHEMBL2105759"
"Voxilaprevir","CC[C@@H]1[C@@H]2CN([C@@H]1C(=O)N[C@@]1(C[C@H]1C(F)F)C(=O)NS(=O)(=O)C1(C)CC1)C(=O)[C@@H](NC(=O)O[C@@H]1C[C@H]1CCCCC(F)(F)C1=C(O2)N=C2C=C(OC)C=CC2=N1)C(C)(C)C","Solute carrier organic anion transporter family member 1B3","BE0003659","|substrate|inhibitor|","CHEMBL3707372"
"Letermovir","COC1=CC=CC(=C1)N1CCN(CC1)C1=NC2=C(C=CC=C2F)[C@H](CC(O)=O)N1C1=CC(=CC=C1OC)C(F)(F)F","Solute carrier organic anion transporter family member 1B3","BE0003659","|substrate|","CHEMBL1241951"
"Rucaparib","CNCC1=CC=C(C=C1)C1=C2CCNC(=O)C3=C2C(N1)=CC(F)=C3","Solute carrier organic anion transporter family member 1B3","BE0003659","|inhibitor|","CHEMBL1173055"
"Levosalbutamol","CC(C)(C)NC[C@H](O)C1=CC(CO)=C(O)C=C1","Solute carrier organic anion transporter family member 1B3","BE0003659","|substrate|","CHEMBL1002"
"Levomenol","[H][C@@]1(CCC(C)=CC1)[C@@](C)(O)CCC=C(C)C","Solute carrier organic anion transporter family member 1B3","BE0003659","|substrate|","CHEMBL1096927"
"Parachlorophenol","OC1=CC=C(Cl)C=C1","Solute carrier organic anion transporter family member 1B3","BE0003659","|substrate|","CHEMBL57053"
"Enasidenib","CC(C)(O)CNC1=NC(=NC(NC2=CC(=NC=C2)C(F)(F)F)=N1)C1=NC(=CC=C1)C(F)(F)F","Solute carrier organic anion transporter family member 1B3","BE0003659","|inhibitor|","CHEMBL3989908"
"Pibrentasvir","[H][C@](C)(OC)[C@]([H])(N=C(O)OC)C(=O)N1CCC[C@@]1([H])C1=NC2=C(N1)C=C(F)C(=C2)[C@@]1([H])CC[C@@]([H])(N1C1=CC(F)=C(N2CCC(CC2)C2=CC=C(F)C=C2)C(F)=C1)C1=CC2=C(NC(=N2)[C@]2([H])CCCN2C(=O)[C@@]([H])(N=C(O)OC)[C@@]([H])(C)OC)C=C1F","Solute carrier organic anion transporter family member 1B3","BE0003659","|inhibitor|","CHEMBL3545123"
"Glecaprevir","CC(C)(C)[C@@H]1NC(=O)O[C@@H]2CCC[C@H]2OC\C=C\C(F)(F)C2=NC3=C(C=CC=C3)N=C2O[C@@H]2C[C@H](N(C2)C1=O)C(=O)N[C@@]1(C[C@H]1C(F)F)C(=O)NS(=O)(=O)C1(C)CC1","Solute carrier organic anion transporter family member 1B3","BE0003659","|substrate|inhibitor|","CHEMBL3545363"
"Semaglutide","CC[C@H](C)[C@H](NC(=O)[C@H](CC1=CC=CC=C1)NC(=O)[C@H](CCC(O)=O)NC(=O)[C@H](CCCCNC(=O)COCCOCCNC(=O)COCCOCCNC(=O)CC[C@@H](NC(=O)CCCCCCCCCCCCCCCCC(O)=O)C(O)=O)NC(=O)[C@H](C)NC(=O)[C@H](C)NC(=O)[C@H](CCC(N)=O)NC(=O)CNC(=O)[C@H](CCC(O)=O)NC(=O)[C@H](CC(C)C)NC(=O)[C@H](CC1=CC=C(O)C=C1)NC(=O)[C@H](CO)NC(=O)[C@H](CO)NC(=O)[C@@H](NC(=O)[C@H](CC(O)=O)NC(=O)[C@H](CO)NC(=O)[C@@H](NC(=O)[C@H](CC1=CC=CC=C1)NC(=O)[C@@H](NC(=O)CNC(=O)[C@H](CCC(O)=O)NC(=O)C(C)(C)NC(=O)[C@@H](N)CC1=CNC=N1)[C@@H](C)O)[C@@H](C)O)C(C)C)C(=O)N[C@@H](C)C(=O)N[C@@H](CC1=CNC2=C1C=CC=C2)C(=O)N[C@@H](CC(C)C)C(=O)N[C@@H](C(C)C)C(=O)N[C@@H](CCCNC(N)=N)C(=O)NCC(=O)N[C@@H](CCCNC(N)=N)C(=O)NCC(O)=O","Solute carrier organic anion transporter family member 1B3","BE0003659","|inhibitor|","CHEMBL3616752"
"Estradiol acetate","[H][C@]1(O)CC[C@@]2([H])[C@]3([H])CCC4=CC(OC(C)=O)=CC=C4[C@@]3([H])CC[C@]12C","Solute carrier organic anion transporter family member 1B3","BE0003659","|","CHEMBL1200430"
"Estradiol benzoate","[H][C@]1(O)CC[C@@]2([H])[C@]3([H])CCC4=CC(OC(=O)C5=CC=CC=C5)=CC=C4[C@@]3([H])CC[C@]12C","Solute carrier organic anion transporter family member 1B3","BE0003659","|","CHEMBL282575"
"Estradiol cypionate","[H][C@@]1(CC[C@@]2([H])[C@]3([H])CCC4=CC(O)=CC=C4[C@@]3([H])CC[C@]12C)OC(=O)CCC1CCCC1","Solute carrier organic anion transporter family member 1B3","BE0003659","|","CHEMBL1200973"
"Estradiol dienanthate","CCCCCCC(=O)O[C@H]1CC[C@H]2[C@@H]3CCC4=CC(OC(=O)CCCCCC)=CC=C4[C@H]3CC[C@]12C","Solute carrier organic anion transporter family member 1B3","BE0003659","|",""
"Estradiol valerate","[H][C@@]12CC[C@H](OC(=O)CCCC)[C@@]1(C)CC[C@]1([H])C3=C(CC[C@@]21[H])C=C(O)C=C3","Solute carrier organic anion transporter family member 1B3","BE0003659","|","CHEMBL1511"
