"Duplicates"
"CHEMBL548","CCCCC[C@H](O)\C=C\[C@H]1[C@H](O)CC(=O)[C@@H]1C\C=C/CCCC(=O)O","substrate [K1/2=0.1uM]","8787677"
"Dinoprostone","CCCCC[C@H](O)\C=C\[C@H]1[C@H](O)CC(=O)[C@@H]1C\C=C/CCCC(O)=O","Solute carrier organic anion transporter family member 2A1","BE0003655","|substrate|","CHEMBL548"
"Duplicates"
"CHEMBL495","CCCCC[C@H](O)\C=C\[C@H]1[C@H](O)CC(=O)[C@@H]1CCCCCCC(=O)O","substrate [K1/2=0.082uM]","8787677"
"Alprostadil","CCCCC[C@H](O)C=C[C@H]1[C@H](O)CC(=O)[C@@H]1CCCCCCC(O)=O","Solute carrier organic anion transporter family member 2A1","BE0003655","|substrate|","CHEMBL495"
"Duplicates"
"CHEMBL1162144","CC(=O)C(=O)O","inhibitor [Ki=26000uM]","11997326"
"Pyruvic acid","CC(=O)C(O)=O","Solute carrier organic anion transporter family member 2A1","BE0003655","|inhibitor|","CHEMBL1162144"
"Duplicates"
"CHEMBL1235252","CCCCC[C@H](O)\C=C\[C@@H]1[C@@H](C\C=C/CCCC(=O)O)[C@@H](O)CC1=O","inhibitor [Ki=0.038uM]","10484490"
"Prostaglandin D2","[H][C@](O)(CCCCC)\C=C\[C@@]1([H])C(=O)C[C@]([H])(O)[C@]1([H])C\C=C/CCCC(O)=O","Solute carrier organic anion transporter family member 2A1","BE0003655","|","CHEMBL1235252"
"Duplicates"
"CHEMBL1232918","O[C@H](COP(=O)(O)O)C=O","inhibitor [Ki=15000uM]","11997326"
"Glyceraldehyde-3-Phosphate","O[C@H](COP(O)(O)=O)C=O","Solute carrier organic anion transporter family member 2A1","BE0003655","|inhibitor|","CHEMBL1232918"
"Duplicates"
"CHEMBL1089962","O[C@H]1[C@H](O)[C@](O)(COP(=O)(O)O)O[C@@H]1COP(=O)(O)O","inhibitor [Ki=51000uM]","11997326"
"beta-D-fructofuranose 1,6-bisphosphate","O[C@H]1[C@H](O)[C@@](O)(COP(O)(O)=O)O[C@@H]1COP(O)(O)=O","Solute carrier organic anion transporter family member 2A1","BE0003655","|inhibitor|","CHEMBL97893"
"Duplicates"
"CHEMBL1235228","OC(=O)C(=C)OP(=O)(O)O","inhibitor [Ki=13000uM]","11997326"
"Phosphoenolpyruvate","OC(=O)C(=C)OP(O)(O)=O","Solute carrier organic anion transporter family member 2A1","BE0003655","|inhibitor|","CHEMBL1235228"
"Duplicates"
"CHEMBL358850","C[C@@H](O)C(=O)O","inhibitor [Ki=48000uM]","11997326"
"Lactic Acid","CC(O)C(O)=O","Solute carrier organic anion transporter family member 2A1","BE0003655","|inhibitor|","CHEMBL1200559"
