"Pyruvic acid","CC(=O)C(O)=O","Solute carrier organic anion transporter family member 2A1","BE0003655","|inhibitor|","CHEMBL1162144"
"Furosemide","NS(=O)(=O)C1=C(Cl)C=C(NCC2=CC=CO2)C(=C1)C(O)=O","Solute carrier organic anion transporter family member 2A1","BE0003655","|inhibitor|","CHEMBL35"
"Alprostadil","CCCCC[C@H](O)C=C[C@H]1[C@H](O)CC(=O)[C@@H]1CCCCCCC(O)=O","Solute carrier organic anion transporter family member 2A1","BE0003655","|substrate|","CHEMBL495"
"Dinoprostone","CCCCC[C@H](O)\C=C\[C@H]1[C@H](O)CC(=O)[C@@H]1C\C=C/CCCC(O)=O","Solute carrier organic anion transporter family member 2A1","BE0003655","|substrate|","CHEMBL548"
"Iloprost","[H][C@]12C[C@@H](O)[C@H](\C=C\[C@@H](O)C(C)CC#CC)[C@@]1([H])C\C(C2)=C\CCCC(O)=O","Solute carrier organic anion transporter family member 2A1","BE0003655","|substrate|","CHEMBL494"
"Dinoprost Tromethamine","OCC(N)(CO)CO.CCCCC[C@H](O)\C=C\[C@H]1[C@H](O)C[C@H](O)[C@@H]1C\C=C/CCCC(O)=O","Solute carrier organic anion transporter family member 2A1","BE0003655","|","CHEMBL1200896"
"Phenobarbital","CCC1(C(=O)NC(=O)NC1=O)C1=CC=CC=C1","Solute carrier organic anion transporter family member 2A1","BE0003655","|inducer|","CHEMBL40"
"Phosphoenolpyruvate","OC(=O)C(=C)OP(O)(O)=O","Solute carrier organic anion transporter family member 2A1","BE0003655","|inhibitor|","CHEMBL1235228"
"Prostaglandin D2","[H][C@](O)(CCCCC)\C=C\[C@@]1([H])C(=O)C[C@]([H])(O)[C@]1([H])C\C=C/CCCC(O)=O","Solute carrier organic anion transporter family member 2A1","BE0003655","|","CHEMBL1235252"
"Glyceraldehyde-3-Phosphate","O[C@H](COP(O)(O)=O)C=O","Solute carrier organic anion transporter family member 2A1","BE0003655","|inhibitor|","CHEMBL1232918"
"Glucose-6-Phosphate","O[C@H](COP(O)(O)=O)[C@H](O)[C@H](O)[C@@H](O)C=O","Solute carrier organic anion transporter family member 2A1","BE0003655","|inhibitor|",""
"Lactic Acid","CC(O)C(O)=O","Solute carrier organic anion transporter family member 2A1","BE0003655","|inhibitor|","CHEMBL1200559"
"beta-D-fructofuranose 1,6-bisphosphate","O[C@H]1[C@H](O)[C@@](O)(COP(O)(O)=O)O[C@@H]1COP(O)(O)=O","Solute carrier organic anion transporter family member 2A1","BE0003655","|inhibitor|","CHEMBL97893"
"Arachidonic Acid","CCCCC\C=C/C\C=C/C\C=C/C\C=C/CCCC(O)=O","Solute carrier organic anion transporter family member 2A1","BE0003655","|substrate|","CHEMBL15594"
