"CHEMBL815","CCCCC[C@H](O)\C=C\[C@H]1[C@H](O)C[C@H](O)[C@@H]1C\C=C/CCCC(=O)O","substrate [K1/2=0.092uM]","8787677"
"CHEMBL1552426","CCCCC[C@H](O)\C=C\[C@H]1OC(O)C[C@H](O)[C@@H]1C\C=C/CCCC(=O)O","substrate [K1/2=0.182uM]","8787677"
"CHEMBL548","CCCCC[C@H](O)\C=C\[C@H]1[C@H](O)CC(=O)[C@@H]1C\C=C/CCCC(=O)O","substrate [K1/2=0.1uM]","8787677"
"CHEMBL495","CCCCC[C@H](O)\C=C\[C@H]1[C@H](O)CC(=O)[C@@H]1CCCCCCC(=O)O","substrate [K1/2=0.082uM]","8787677"
"CHEMBL2074701","OC(COP(=O)(O)O)C(=O)OP(=O)(O)O","inhibitor [Ki=57000uM]","11997326"
"CHEMBL1162144","CC(=O)C(=O)O","inhibitor [Ki=26000uM]","11997326"
"CHEMBL1235252","CCCCC[C@H](O)\C=C\[C@@H]1[C@@H](C\C=C/CCCC(=O)O)[C@@H](O)CC1=O","inhibitor [Ki=0.038uM]","10484490"
"CHEMBL1232918","O[C@H](COP(=O)(O)O)C=O","inhibitor [Ki=15000uM]","11997326"
"CHEMBL1089962","O[C@H]1[C@H](O)[C@](O)(COP(=O)(O)O)O[C@@H]1COP(=O)(O)O","inhibitor [Ki=51000uM]","11997326"
"CHEMBL1235228","OC(=O)C(=C)OP(=O)(O)O","inhibitor [Ki=13000uM]","11997326"
"CHEMBL1050","O[C@H](CC[C@H]1[C@H](O)C[C@H](O)[C@@H]1C\C=C/CCCC(=O)O)CCc2ccccc2","inhibitor [Ki=0.149uM]","11878817"
"CHEMBL1051","CC(C)OC(=O)CCC\C=C/C[C@H]1[C@@H](O)C[C@@H](O)[C@@H]1CC[C@@H](O)CCc2ccccc2","inhibitor [Ki>10uM]","11878817"
"CHEMBL358850","C[C@@H](O)C(=O)O","inhibitor [Ki=48000uM]","11997326"
"Furosemide","NS(=O)(=O)C1=C(Cl)C=C(NCC2=CC=CO2)C(=C1)C(O)=O","Solute carrier organic anion transporter family member 2A1","BE0003655","|inhibitor|","CHEMBL35"
"Iloprost","[H][C@]12C[C@@H](O)[C@H](\C=C\[C@@H](O)C(C)CC#CC)[C@@]1([H])C\C(C2)=C\CCCC(O)=O","Solute carrier organic anion transporter family member 2A1","BE0003655","|substrate|","CHEMBL494"
"Dinoprost Tromethamine","OCC(N)(CO)CO.CCCCC[C@H](O)\C=C\[C@H]1[C@H](O)C[C@H](O)[C@@H]1C\C=C/CCCC(O)=O","Solute carrier organic anion transporter family member 2A1","BE0003655","|","CHEMBL1200896"
"Phenobarbital","CCC1(C(=O)NC(=O)NC1=O)C1=CC=CC=C1","Solute carrier organic anion transporter family member 2A1","BE0003655","|inducer|","CHEMBL40"
"Glucose-6-Phosphate","O[C@H](COP(O)(O)=O)[C@H](O)[C@H](O)[C@@H](O)C=O","Solute carrier organic anion transporter family member 2A1","BE0003655","|inhibitor|",""
"Arachidonic Acid","CCCCC\C=C/C\C=C/C\C=C/C\C=C/CCCC(O)=O","Solute carrier organic anion transporter family member 2A1","BE0003655","|substrate|","CHEMBL15594"
