"CHEMBL640","CCN(CC)CCNC(=O)c1ccc(N)cc1","inhibitor [65.8 % of control]","10525100"
"CHEMBL44354","CC(C)(O\N=C(/C(=O)N[C@H]1[C@H]2SCC(=C(N2C1=O)C(=O)[O-])C[n+]3ccccc3)\c4csc(N)n4)C(=O)O","is not an inhibitor [-]","10636865"
"CHEMBL30","CN\C(=N/CCSCc1nc[nH]c1C)\NC#N","is not a substrate [-]","10525100"
"CHEMBL821","NC(=N)N","is not a substrate [-]","10525100"
"CHEMBL29","CC1(C)S[C@@H]2[C@H](NC(=O)Cc3ccccc3)C(=O)N2[C@H]1C(=O)O","is not an inhibitor [-]","10636865"
"CHEMBL29","CC1(C)S[C@@H]2[C@H](NC(=O)Cc3ccccc3)C(=O)N2[C@H]1C(=O)O","is not an inhibitor [-]","10636865"
"CHEMBL129","CC1=CN([C@H]2C[C@H](N=[N+]=[N-])[C@@H](CO)O2)C(=O)NC1=O","is not an inhibitor [-]","10525100"
"CHEMBL129","CC1=CN([C@H]2C[C@H](N=[N+]=[N-])[C@@H](CO)O2)C(=O)NC1=O","is not an inhibitor [-]","10525100"
"CHEMBL273453","C[C@]12CCC(=O)C=C1CC[C@H]3[C@@H]4CC[C@H](C(=O)CO)[C@]4(C[C@H](O)[C@H]23)C=O","inhibitor [37.1 % of control]","10525100"
"CHEMBL311617","C[n+]1ccc(cc1)c2ccccc2","is not a substrate [-]","10525100"
"CHEMBL1200971","CC(=O)OCC1=C(N2[C@H](SC1)[C@H](NC(=O)[C@H](N)c3ccccc3)C2=O)C(=O)O","is not an inhibitor [-]","10525100"
"CHEMBL1201201","CN[C@@H](C)Cc1ccccc1","inhibitor [66 % of control]","9618255"
"CHEMBL1201201","CN[C@@H](C)Cc1ccccc1","inhibitor [66 % of control]","9618255"
"CHEMBL583","CC1CN(CCN1)c2cc3N(C=C(C(=O)O)C(=O)c3c(C)c2F)C4CC4","inhibitor [68.6 % of control]","10525100"
"CHEMBL2105940","CO\N=C(/C(=O)N[C@H]1[C@H]2SCC(=C(N2C1=O)C(=O)[O-])C[n+]3ccc(N)n3CCO)\c4csc(N)n4","inhibitor [IC50=64000uM]","10636865"
"CHEMBL24172","CN1CCC(=CC1)c2ccccc2","inhibitor [47 % of control]","10454528"
"CHEMBL24172","CN1CCC(=CC1)c2ccccc2","inhibitor [47 % of control]","10454528"
"CHEMBL2074740","[Cl-].CC[N+](C)(CC)CCCCCC(=O)O","inhibitor [20% of control]","12089149"
"CHEMBL1200356","CC1(C)S[C@@H]2[C@H](NC(=O)C3(N)CCCCC3)C(=O)N2[C@H]1C(=O)O","is not an inhibitor [-]","10636865"
"CHEMBL1200356","CC1(C)S[C@@H]2[C@H](NC(=O)C3(N)CCCCC3)C(=O)N2[C@H]1C(=O)O","is not an inhibitor [-]","10636865"
"CHEMBL1697733","CC(=O)O[C@H](CC(=O)[O-])C[N+](C)(C)C","substrate [Km=8.5uM]","10525100"
"CHEMBL35","NS(=O)(=O)c1cc(C(=O)O)c(NCc2occc2)cc1Cl","is not an inhibitor [-]","10525100"
"CHEMBL561","CCN1C=C(C(=O)O)C(=O)c2cc(F)c(N3CCNC(C)C3)c(F)c12","inhibitor [88.6 % of control]","10525100"
"CHEMBL561","CCN1C=C(C(=O)O)C(=O)c2cc(F)c(N3CCNC(C)C3)c(F)c12","inhibitor [88.6 % of control]","10525100"
"CHEMBL561","CCN1C=C(C(=O)O)C(=O)c2cc(F)c(N3CCNC(C)C3)c(F)c12","inhibitor [88.6 % of control]","10525100"
