"CHEMBL850","C[C@@H]1CN(C[C@H](C)N1)c2c(F)c(N)c3C(=O)C(=CN(C4CC4)c3c2F)C(=O)O","is not an inhibitor [-]","10525100"
"CHEMBL617","CC(=O)OCC1=C(N2[C@H](SC1)[C@H](NC(=O)Cc3cccs3)C2=O)C(=O)O","is not an inhibitor [-]","10525100"
"CHEMBL65567","CN1CC(=O)N=C1N","is not an inhibitor [-]","10525100"
"CHEMBL1541","Nc1nc(cs1)\C(=N\OCC(=O)O)\C(=O)N[C@H]2[C@H]3SCC(=C(N3C2=O)C(=O)O)C=C","is not an inhibitor [-]","10636865"
"CHEMBL44354","CC(C)(O\N=C(/C(=O)N[C@H]1[C@H]2SCC(=C(N2C1=O)C(=O)[O-])C[n+]3ccccc3)\c4csc(N)n4)C(=O)O","is not an inhibitor [-]","10636865"
"CHEMBL30","CN\C(=N/CCSCc1nc[nH]c1C)\NC#N","is not a substrate [-]","10525100"
"CHEMBL1554","CC(C)[C@H]1NC(=O)[C@@H](NC(=O)C2=C(N)C(=O)C(=C3Oc4c(C)ccc(C(=O)N[C@H]5[C@@H](C)OC(=O)[C@H](C(C)C)N(C)C(=O)CN(C)C(=O)[C@@H]6CCCN6C(=O)[C@H](NC5=O)C(C)C)c4N=C23)C)[C@@H](C)OC(=O)[C@H](C(C)C)N(C)C(=O)CN(C)C(=O)[C@@H]7CCCN7C1=O","is not a substrate [-]","10525100"
"CHEMBL1644","CC1=C(N2[C@H](SC1)[C@H](NC(=O)[C@H](N)c3ccc(O)cc3)C2=O)C(=O)O","is not an inhibitor [-]","10636865"
"CHEMBL573","OC(=O)c1cccnc1","is not an inhibitor [-]","10525100"
"CHEMBL11978","CNC(=O)c1cccnc1","is not an inhibitor [-]","10525100"
"CHEMBL1727","CC1=C(N2[C@H](SC1)[C@H](NC(=O)[C@H](N)c3ccccc3)C2=O)C(=O)O","is not an inhibitor [-]","10636865"
"CHEMBL821","NC(=N)N","is not a substrate [-]","10525100"
"CHEMBL29","CC1(C)S[C@@H]2[C@H](NC(=O)Cc3ccccc3)C(=O)N2[C@H]1C(=O)O","is not an inhibitor [-]","10636865"
"CHEMBL283800","CN(CC(=O)O)C(=N)N","is not an inhibitor [-]","10525100"
"CHEMBL129","CC1=CN([C@H]2C[C@H](N=[N+]=[N-])[C@@H](CO)O2)C(=O)NC1=O","is not an inhibitor [-]","10525100"
"CHEMBL322719","CC(C)(C)C(=O)O","is not an inhibitor [-]","10525100"
"CHEMBL463","Nc1ccc(cc1)C(=O)NCC(=O)O","is not an inhibitor [-]","10525100"
"CHEMBL311617","C[n+]1ccc(cc1)c2ccccc2","is not a substrate [-]","10525100"
"CHEMBL1200971","CC(=O)OCC1=C(N2[C@H](SC1)[C@H](NC(=O)[C@H](N)c3ccccc3)C2=O)C(=O)O","is not an inhibitor [-]","10525100"
"CHEMBL175737","CN(CC(=O)O)C(=O)CN","is not an inhibitor [-]","10525100"
"CHEMBL1604","CC1=C(N2[C@H](SC1)[C@H](NC(=O)[C@H](N)C3=CCC=CC3)C2=O)C(=O)O","is not an inhibitor [-]","10636865"
"CHEMBL242948","NCCC(=O)N[C@@H](Cc1cnc[nH]1)C(=O)O","is not an inhibitor [-]","10525100"
"CHEMBL1485","N[C@@H](CCCNC(=N)N)C(=O)O","is not an inhibitor [-]","10525100"
"CHEMBL9","CCN1C=C(C(=O)O)C(=O)c2cc(F)c(cc12)N3CCNCC3","is not an inhibitor [-]","10525100"
"CHEMBL1200356","CC1(C)S[C@@H]2[C@H](NC(=O)C3(N)CCCCC3)C(=O)N2[C@H]1C(=O)O","is not an inhibitor [-]","10636865"
"CHEMBL174","CC1(C)S[C@@H]2[C@H](NC(=O)[C@H](N)c3ccccc3)C(=O)N2[C@H]1C(=O)O","is not an inhibitor [-]","10636865"
"CHEMBL927","Nc1nc(cs1)\C(=N\O)\C(=O)N[C@H]2[C@H]3SCC(=C(N3C2=O)C(=O)O)C=C","is not an inhibitor [-]","10636865"
"CHEMBL35","NS(=O)(=O)c1cc(C(=O)O)c(NCc2occc2)cc1Cl","is not an inhibitor [-]","10525100"
"CHEMBL1686","OC(=O)CCC(=O)C(=O)O","is not an inhibitor [-]","10525100"
