"CHEMBL2074824","C[S+](C)CC[C@H](N)C(=O)[O-]","inhibitor [8.7 % of control]","10525100"
"CHEMBL1294","COc1ccc2nccc([C@H](O)[C@H]3C[C@@H]4CCN3C[C@@H]4C=C)c2c1","inhibitor [9.1 % of control]","10525100"
"CHEMBL9324","CC[N+](CC)(CC)CC","inhibitor [40 % of control]","10454528"
"CHEMBL3","CN1CCC[C@H]1c2cccnc2","inhibitor [44 % of control]","9618255"
"CHEMBL186","CO\N=C(/C(=O)N[C@H]1[C@H]2SCC(=C(N2C1=O)C(=O)[O-])C[N+]3(C)CCCC3)\c4csc(N)n4","inhibitor [IC50=1700uM]","10636865"
"CHEMBL6966","COc1ccc(CCN(C)CCCC(C#N)(C(C)C)c2ccc(OC)c(OC)c2)cc1OC","substrate [+]","10525100"
"CHEMBL172513","C[N+](C)(C)CC(O)CC(=O)[O-]","substrate [Km=54uM]","12644265"
"CHEMBL2074742","[Cl-].CC[N+](CC)(CC)CCCCCC(=O)O","inhibitor [30% of control]","12089149"
"CHEMBL2074743","[Cl-].C[N+](C)(C)CCCCCC(=O)O","inhibitor [35% of control]","12089149"
"CHEMBL640","CCN(CC)CCNC(=O)c1ccc(N)cc1","inhibitor [65.8 % of control]","10525100"
"CHEMBL2074822","CC[N+](C)(C\C=C\C1=C(N2[C@H](SC1)[C@H](NC(=O)\C(=N/OCF)\c3nsc(N)n3)C2=O)C(=O)[O-])CC(=O)N","inhibitor [74 % of control]","10636865"
"CHEMBL4","CC1COc2c(N3CCN(C)CC3)c(F)cc4C(=O)C(=CN1c24)C(=O)O","inhibitor [76.8 % of control]","10525100"
"CHEMBL920","C[N+](C)(C)CCO","inhibitor [82 % of control]","10454528"
"CHEMBL897","CCCN(CCC)S(=O)(=O)c1ccc(cc1)C(=O)O","inhibitor [77.4 % of control]","10525100"
"CHEMBL110739","C[C@]12C[C@H](O)[C@H]3[C@@H](CCC4=CC(=O)CC[C@]34C)[C@@H]1CC[C@@H]2C(=O)CO","inhibitor [9.3 % of control]","10525100"
"CHEMBL2074741","[Cl-].CC[N+](C)(CC)CCCCC(=O)O","inhibitor [20% of control]","12089149"
"CHEMBL2074916","CCC(=O)OC(CC(=O)[O-])C[N+](C)(C)C","substrate [+]","10454528"
"CHEMBL2074745","[Cl-].CC[N+](CC)(CC)CCCCC(=O)O","inhibitor [50% of control]","12089149"
"CHEMBL2074820","CC[N+](CC)(CC)CC(O)CC(=O)[O-]","inhibitor [70% of control]","12089149"
"CHEMBL1617285","NC(=O)c1cc[n+](CC2=C(N3[C@H](SC2)[C@H](NC(=O)C(c4ccccc4)S(=O)(=O)O)C3=O)C(=O)O)cc1","inhibitor [32.8 % of control]","10525100"
"CHEMBL316157","[O-]C(=O)C1=C(C[n+]2ccccc2)CS[C@@H]3[C@H](NC(=O)Cc4cccs4)C(=O)N13","inhibitor [IC50=230uM]","10636865"
"CHEMBL273453","C[C@]12CCC(=O)C=C1CC[C@H]3[C@@H]4CC[C@H](C(=O)CO)[C@]4(C[C@H](O)[C@H]23)C=O","inhibitor [37.1 % of control]","10525100"
"CHEMBL170","COc1ccc2nccc([C@@H](O)[C@@H]3C[C@@H]4CCN3C[C@@H]4C=C)c2c1","inhibitor [7.1 % of control]","10525100"
"CHEMBL109","CCCC(CCC)C(=O)O","substrate [+]","10525100"
"CHEMBL72","CNCCCN1c2ccccc2CCc3ccccc13","inhibitor [0 % of control]","10454528"
"CHEMBL1201201","CN[C@@H](C)Cc1ccccc1","inhibitor [66 % of control]","9618255"
"CHEMBL511","COc1ccc(CN(CCN(C)C)c2ccccn2)cc1","inhibitor [38.6 % of control]","10525100"
"CHEMBL2074794","[Cl-].C[N+](C)(C)CCCCCCC(=O)O","inhibitor [50% of control]","12089149"
"CHEMBL583","CC1CN(CCN1)c2cc3N(C=C(C(=O)O)C(=O)c3c(C)c2F)C4CC4","inhibitor [68.6 % of control]","10525100"
"CHEMBL2105940","CO\N=C(/C(=O)N[C@H]1[C@H]2SCC(=C(N2C1=O)C(=O)[O-])C[n+]3ccc(N)n3CCO)\c4csc(N)n4","inhibitor [IC50=64000uM]","10636865"
"CHEMBL24172","CN1CCC(=CC1)c2ccccc2","inhibitor [47 % of control]","10454528"
"CHEMBL2074740","[Cl-].CC[N+](C)(CC)CCCCCC(=O)O","inhibitor [20% of control]","12089149"
"CHEMBL2074746","[Cl-].C[N+](C)(C)CCCCC(=O)O","inhibitor [40% of control]","12089149"
"CHEMBL1234168","C[N+](C)(C)CCCC[C@H](N)C(=O)O","inhibitor [69 % of control]","10525100"
"CHEMBL1697733","CC(=O)O[C@H](CC(=O)[O-])C[N+](C)(C)C","substrate [Km=8.5uM]","10525100"
"CHEMBL134","Clc1cccc(Cl)c1NC2=NCCN2","inhibitor [67.6 % of control]","10525100"
"CHEMBL561","CCN1C=C(C(=O)O)C(=O)c2cc(F)c(N3CCNC(C)C3)c(F)c12","inhibitor [88.6 % of control]","10525100"
"CHEMBL2074744","[Cl-].CC[N+](CCCCC(=O)O)(C(C)C)C(C)C","inhibitor [40% of control]","12089149"
"CHEMBL50588","CC[C@H]1CN2CCc3cc(OC)c(OC)cc3[C@@H]2C[C@@H]1C[C@H]4NCCc5cc(OC)c(OC)cc45","inhibitor [16.6 % of control]","10525100"
"CHEMBL461101","CC1=NN(C(=O)/C/1=N\Nc2cccc(c2O)c3cccc(c3)C(=O)O)c4ccc(C)c(C)c4","Not Active","21422191"
"CHEMBL237500","CC#CCn1c(nc2N(C)C(=O)N(Cc3nc(C)c4ccccc4n3)C(=O)c12)N5CCC[C@@H](N)C5","Not Active","23073734"
