"Duplicates"
"CHEMBL6966","COc1ccc(CCN(C)CCCC(C#N)(C(C)C)c2ccc(OC)c(OC)c2)cc1OC","substrate [+]","10525100"
"Verapamil","COC1=C(OC)C=C(CCN(C)CCCC(C#N)(C(C)C)C2=CC(OC)=C(OC)C=C2)C=C1","Solute carrier family 22 member 5","BE0000106","|inhibitor|","CHEMBL6966"
"Duplicates"
"CHEMBL172513","C[N+](C)(C)CC(O)CC(=O)[O-]","substrate [Km=54uM]","12644265"
"L-Carnitine","C[N+](C)(C)C[C@H](O)CC([O-])=O","Solute carrier family 22 member 5","BE0000106","|substrate|","CHEMBL1149"
"Duplicates"
"CHEMBL109","CCCC(CCC)C(=O)O","substrate [+]","10525100"
"Valproic Acid","CCCC(CCC)C(O)=O","Solute carrier family 22 member 5","BE0000106","|inhibitor|","CHEMBL109"
"Duplicates"
"CHEMBL1697733","CC(=O)O[C@H](CC(=O)[O-])C[N+](C)(C)C","substrate [Km=8.5uM]","10525100"
"Acetylcarnitine","CC(=O)O[C@H](CC([O-])=O)C[N+](C)(C)C","Solute carrier family 22 member 5","BE0000106","|","CHEMBL1697733"
"Duplicates"
"CHEMBL1294","COc1ccc2nccc([C@H](O)[C@H]3C[C@@H]4CCN3C[C@@H]4C=C)c2c1","inhibitor [9.1 % of control]","10525100"
"Quinine","[H][C@]1(C[C@@H]2CC[N@]1C[C@@H]2C=C)[C@H](O)C1=CC=NC2=CC=C(OC)C=C12","Solute carrier family 22 member 5","BE0000106","|inhibitor|","CHEMBL170"
"Duplicates"
"CHEMBL1294","COc1ccc2nccc([C@H](O)[C@H]3C[C@@H]4CCN3C[C@@H]4C=C)c2c1","inhibitor [9.1 % of control]","10525100"
"Quinidine","[H][C@@]12CCN(C[C@@H]1C=C)[C@]([H])(C2)[C@@H](O)C1=C2C=C(OC)C=CC2=NC=C1","Solute carrier family 22 member 5","BE0000106","|inhibitor|","CHEMBL1294"
"Duplicates"
"CHEMBL9324","CC[N+](CC)(CC)CC","inhibitor [40 % of control]","10454528"
"Tetraethylammonium","CC[N+](CC)(CC)CC","Solute carrier family 22 member 5","BE0000106","|","CHEMBL9324"
"Duplicates"
"CHEMBL3","CN1CCC[C@H]1c2cccnc2","inhibitor [44 % of control]","9618255"
"Nicotine","CN1CCC[C@H]1C1=CN=CC=C1","Solute carrier family 22 member 5","BE0000106","|inhibitor|","CHEMBL3"
"Duplicates"
"CHEMBL186","CO\N=C(/C(=O)N[C@H]1[C@H]2SCC(=C(N2C1=O)C(=O)[O-])C[N+]3(C)CCCC3)\c4csc(N)n4","inhibitor [IC50=1700uM]","10636865"
"Cefepime","CO\N=C(/C(=O)N[C@@H]1C(=O)N2[C@]1([H])SCC(C[N+]1(C)CCCC1)=C2C([O-])=O)C1=CSC(N)=N1","Solute carrier family 22 member 5","BE0000106","|inhibitor|","CHEMBL186"
"Duplicates"
"CHEMBL640","CCN(CC)CCNC(=O)c1ccc(N)cc1","inhibitor [65.8 % of control]","10525100"
"Procainamide","CCN(CC)CCNC(=O)C1=CC=C(N)C=C1","Solute carrier family 22 member 5","BE0000106","|inhibitor|","CHEMBL640"
"Duplicates"
"CHEMBL4","CC1COc2c(N3CCN(C)CC3)c(F)cc4C(=O)C(=CN1c24)C(=O)O","inhibitor [76.8 % of control]","10525100"
"Ofloxacin","CC1COC2=C3N1C=C(C(O)=O)C(=O)C3=CC(F)=C2N1CCN(C)CC1","Solute carrier family 22 member 5","BE0000106","|inhibitor|","CHEMBL4"
"Duplicates"
"CHEMBL920","C[N+](C)(C)CCO","inhibitor [82 % of control]","10454528"
"Choline","C[N+](C)(C)CCO","Solute carrier family 22 member 5","BE0000106","|inhibitor|","CHEMBL920"
"Duplicates"
"CHEMBL897","CCCN(CCC)S(=O)(=O)c1ccc(cc1)C(=O)O","inhibitor [77.4 % of control]","10525100"
"Probenecid","CCCN(CCC)S(=O)(=O)C1=CC=C(C=C1)C(O)=O","Solute carrier family 22 member 5","BE0000106","|inhibitor|","CHEMBL897"
"Duplicates"
"CHEMBL273453","C[C@]12CCC(=O)C=C1CC[C@H]3[C@@H]4CC[C@H](C(=O)CO)[C@]4(C[C@H](O)[C@H]23)C=O","inhibitor [37.1 % of control]","10525100"
"Aldosterone","[H][C@@]1(CC[C@@]2([H])[C@]3([H])CCC4=CC(=O)CC[C@]4(C)[C@@]3([H])[C@@]([H])(O)C[C@]12C=O)C(=O)CO","Solute carrier family 22 member 5","BE0000106","|inhibitor|","CHEMBL273453"
"Duplicates"
"CHEMBL72","CNCCCN1c2ccccc2CCc3ccccc13","inhibitor [0 % of control]","10454528"
"Desipramine","CNCCCN1C2=CC=CC=C2CCC2=CC=CC=C12","Solute carrier family 22 member 5","BE0000106","|inhibitor|","CHEMBL72"
"Duplicates"
"CHEMBL1201201","CN[C@@H](C)Cc1ccccc1","inhibitor [66 % of control]","9618255"
"Methamphetamine","CN[C@@H](C)CC1=CC=CC=C1","Solute carrier family 22 member 5","BE0000106","|inhibitor|","CHEMBL1201201"
"Duplicates"
"CHEMBL511","COc1ccc(CN(CCN(C)C)c2ccccn2)cc1","inhibitor [38.6 % of control]","10525100"
"Mepyramine","COC1=CC=C(CN(CCN(C)C)C2=NC=CC=C2)C=C1","Solute carrier family 22 member 5","BE0000106","|","CHEMBL511"
"Duplicates"
"CHEMBL583","CC1CN(CCN1)c2cc3N(C=C(C(=O)O)C(=O)c3c(C)c2F)C4CC4","inhibitor [68.6 % of control]","10525100"
"Grepafloxacin","CC1CN(CCN1)C1=C(F)C(C)=C2C(=O)C(=CN(C3CC3)C2=C1)C(O)=O","Solute carrier family 22 member 5","BE0000106","|inhibitor|","CHEMBL583"
"Duplicates"
"CHEMBL134","Clc1cccc(Cl)c1NC2=NCCN2","inhibitor [67.6 % of control]","10525100"
"Clonidine","ClC1=CC=CC(Cl)=C1NC1=NCCN1","Solute carrier family 22 member 5","BE0000106","|inhibitor|","CHEMBL134"
"Duplicates"
"CHEMBL561","CCN1C=C(C(=O)O)C(=O)c2cc(F)c(N3CCNC(C)C3)c(F)c12","inhibitor [88.6 % of control]","10525100"
"Lomefloxacin","CCN1C=C(C(O)=O)C(=O)C2=CC(F)=C(N3CCNC(C)C3)C(F)=C12","Solute carrier family 22 member 5","BE0000106","|inhibitor|","CHEMBL561"
