"Choline","C[N+](C)(C)CCO","Solute carrier family 22 member 5","BE0000106","|inhibitor|","CHEMBL920"
"L-Arginine","N[C@@H](CCCNC(N)=N)C(O)=O","Solute carrier family 22 member 5","BE0000106","|inhibitor|","CHEMBL1485"
"Creatine","CN(CC(O)=O)C(N)=N","Solute carrier family 22 member 5","BE0000106","|inhibitor|","CHEMBL283800"
"Thiamine","CC1=C(CCO)SC=[N+]1CC1=CN=C(C)N=C1N","Solute carrier family 22 member 5","BE0000106","|inhibitor|","CHEMBL1547"
"Amphetamine","CC(N)CC1=CC=CC=C1","Solute carrier family 22 member 5","BE0000106","|inhibitor|","CHEMBL405"
"Nicotine","CN1CCC[C@H]1C1=CN=CC=C1","Solute carrier family 22 member 5","BE0000106","|inhibitor|","CHEMBL3"
"Lidocaine","CCN(CC)CC(=O)NC1=C(C)C=CC=C1C","Solute carrier family 22 member 5","BE0000106","|inhibitor|","CHEMBL79"
"Valproic Acid","CCCC(CCC)C(O)=O","Solute carrier family 22 member 5","BE0000106","|inhibitor|","CHEMBL109"
"Ipratropium","[H][C@]12CC[C@]([H])(C[C@@H](C1)OC(=O)C(CO)C1=CC=CC=C1)[N+]2(C)C(C)C","Solute carrier family 22 member 5","BE0000106","|substrate|","CHEMBL1621597"
"Aminohippuric acid","NC1=CC=C(C=C1)C(=O)NCC(O)=O","Solute carrier family 22 member 5","BE0000106","|inhibitor|","CHEMBL463"
"Grepafloxacin","CC1CN(CCN1)C1=C(F)C(C)=C2C(=O)C(=CN(C3CC3)C2=C1)C(O)=O","Solute carrier family 22 member 5","BE0000106","|inhibitor|","CHEMBL583"
"Norepinephrine","NC[C@H](O)C1=CC(O)=C(O)C=C1","Solute carrier family 22 member 5","BE0000106","|inhibitor|","CHEMBL1437"
"Ampicillin","[H][C@]12SC(C)(C)[C@@H](N1C(=O)[C@H]2NC(=O)[C@H](N)C1=CC=CC=C1)C(O)=O","Solute carrier family 22 member 5","BE0000106","|inhibitor|","CHEMBL174"
"Ceftazidime","[O-]C(=O)C1=C(CS[C@]2([H])[C@H](NC(=O)C(=N/OC(C)(C)C(O)=O)\C3=CSC(N)=N3)C(=O)N12)C[N+]1=CC=CC=C1","Solute carrier family 22 member 5","BE0000106","|inhibitor|","CHEMBL44354"
"Cefalotin","[H][C@]12SCC(COC(C)=O)=C(N1C(=O)[C@H]2NC(=O)CC1=CC=CS1)C(O)=O","Solute carrier family 22 member 5","BE0000106","|inhibitor|","CHEMBL617"
"Quinine","[H][C@]1(C[C@@H]2CC[N@]1C[C@@H]2C=C)[C@H](O)C1=CC=NC2=CC=C(OC)C=C12","Solute carrier family 22 member 5","BE0000106","|inhibitor|","CHEMBL170"
"Cimetidine","C\N=C(\NCCSCC1=C(C)NC=N1)NC#N","Solute carrier family 22 member 5","BE0000106","|inhibitor|","CHEMBL30"
"Cefdinir","[H][C@]12SCC(C=C)=C(N1C(=O)[C@H]2NC(=O)C(=N/O)\C1=CSC(N)=N1)C(O)=O","Solute carrier family 22 member 5","BE0000106","|inhibitor|","CHEMBL927"
"Guanidine","NC(N)=N","Solute carrier family 22 member 5","BE0000106","|inhibitor|","CHEMBL821"
"Cephalexin","[H][C@]12SCC(C)=C(N1C(=O)[C@H]2NC(=O)[C@H](N)C1=CC=CC=C1)C(O)=O","Solute carrier family 22 member 5","BE0000106","|inhibitor|","CHEMBL1727"
"Clonidine","ClC1=CC=CC(Cl)=C1NC1=NCCN1","Solute carrier family 22 member 5","BE0000106","|inhibitor|","CHEMBL134"
"L-Carnitine","C[N+](C)(C)C[C@H](O)CC([O-])=O","Solute carrier family 22 member 5","BE0000106","|substrate|","CHEMBL1149"
"Niacin","OC(=O)C1=CN=CC=C1","Solute carrier family 22 member 5","BE0000106","|inhibitor|","CHEMBL573"
"Verapamil","COC1=C(OC)C=C(CCN(C)CCCC(C#N)(C(C)C)C2=CC(OC)=C(OC)C=C2)C=C1","Solute carrier family 22 member 5","BE0000106","|inhibitor|","CHEMBL6966"
"Epinephrine","CNC[C@H](O)C1=CC(O)=C(O)C=C1","Solute carrier family 22 member 5","BE0000106","|inhibitor|","CHEMBL679"
"Cefixime","[H][C@]12SCC(C=C)=C(N1C(=O)[C@H]2NC(=O)C(=N/OCC(O)=O)\C1=CSC(N)=N1)C(O)=O","Solute carrier family 22 member 5","BE0000106","|inhibitor|","CHEMBL1541"
"Cephaloglycin","[H][C@]12SCC(COC(C)=O)=C(N1C(=O)[C@H]2NC(=O)[C@H](N)C1=CC=CC=C1)C(O)=O","Solute carrier family 22 member 5","BE0000106","|inhibitor|","CHEMBL1200971"
"Furosemide","NS(=O)(=O)C1=C(Cl)C=C(NCC2=CC=CO2)C(=C1)C(O)=O","Solute carrier family 22 member 5","BE0000106","|inhibitor|","CHEMBL35"
"Quinidine","[H][C@@]12CCN(C[C@@H]1C=C)[C@]([H])(C2)[C@@H](O)C1=C2C=C(OC)C=CC2=NC=C1","Solute carrier family 22 member 5","BE0000106","|inhibitor|","CHEMBL1294"
"Dactinomycin","[H][C@@]12CCCN1C(=O)[C@H](NC(=O)[C@@H](NC(=O)C1=C3N=C4C(OC3=C(C)C=C1)=C(C)C(=O)C(N)=C4C(=O)N[C@H]1[C@@H](C)OC(=O)[C@H](C(C)C)N(C)C(=O)CN(C)C(=O)[C@]3([H])CCCN3C(=O)[C@H](NC1=O)C(C)C)[C@@H](C)OC(=O)[C@H](C(C)C)N(C)C(=O)CN(C)C2=O)C(C)C","Solute carrier family 22 member 5","BE0000106","|inhibitor|","CHEMBL1554"
"Lomefloxacin","CCN1C=C(C(O)=O)C(=O)C2=CC(F)=C(N3CCNC(C)C3)C(F)=C12","Solute carrier family 22 member 5","BE0000106","|inhibitor|","CHEMBL561"
"Dopamine","NCCC1=CC(O)=C(O)C=C1","Solute carrier family 22 member 5","BE0000106","|inhibitor|","CHEMBL59"
"Cyclacillin","[H][C@]12SC(C)(C)[C@@H](N1C(=O)[C@H]2NC(=O)C1(N)CCCCC1)C(O)=O","Solute carrier family 22 member 5","BE0000106","|inhibitor|","CHEMBL1200356"
"Probenecid","CCCN(CCC)S(=O)(=O)C1=CC=C(C=C1)C(O)=O","Solute carrier family 22 member 5","BE0000106","|inhibitor|","CHEMBL897"
"Procainamide","CCN(CC)CCNC(=O)C1=CC=C(N)C=C1","Solute carrier family 22 member 5","BE0000106","|inhibitor|","CHEMBL640"
"Benzylpenicillin","[H][C@]12SC(C)(C)[C@@H](N1C(=O)[C@H]2NC(=O)CC1=CC=CC=C1)C(O)=O","Solute carrier family 22 member 5","BE0000106","|inhibitor|","CHEMBL29"
"Norfloxacin","CCN1C=C(C(O)=O)C(=O)C2=CC(F)=C(C=C12)N1CCNCC1","Solute carrier family 22 member 5","BE0000106","|inhibitor|","CHEMBL9"
"Diphenhydramine","CN(C)CCOC(C1=CC=CC=C1)C1=CC=CC=C1","Solute carrier family 22 member 5","BE0000106","|inhibitor|","CHEMBL657"
"Cefadroxil","[H][C@]12SCC(C)=C(N1C(=O)[C@H]2NC(=O)[C@H](N)C1=CC=C(O)C=C1)C(O)=O","Solute carrier family 22 member 5","BE0000106","|inhibitor|","CHEMBL1644"
"Desipramine","CNCCCN1C2=CC=CC=C2CCC2=CC=CC=C12","Solute carrier family 22 member 5","BE0000106","|inhibitor|","CHEMBL72"
"Ofloxacin","CC1COC2=C3N1C=C(C(O)=O)C(=O)C3=CC(F)=C2N1CCN(C)CC1","Solute carrier family 22 member 5","BE0000106","|inhibitor|","CHEMBL4"
"Sparfloxacin","C[C@H]1CN(C[C@@H](C)N1)C1=C(F)C(N)=C2C(=O)C(=CN(C3CC3)C2=C1F)C(O)=O","Solute carrier family 22 member 5","BE0000106","|inhibitor|","CHEMBL850"
"Cefradine","[H][C@]12SCC(C)=C(N1C(=O)[C@H]2NC(=O)[C@H](N)C1=CCC=CC1)C(O)=O","Solute carrier family 22 member 5","BE0000106","|inhibitor|","CHEMBL1604"
"Tiotropium","[H][C@]12O[C@@]1([H])[C@]1([H])C[C@@]([H])(C[C@@]2([H])[N+]1(C)C)OC(=O)C(O)(C1=CC=CS1)C1=CC=CS1","Solute carrier family 22 member 5","BE0000106","|substrate|","CHEMBL1900528"
"Cefepime","CO\N=C(/C(=O)N[C@@H]1C(=O)N2[C@]1([H])SCC(C[N+]1(C)CCCC1)=C2C([O-])=O)C1=CSC(N)=N1","Solute carrier family 22 member 5","BE0000106","|inhibitor|","CHEMBL186"
"Methamphetamine","CN[C@@H](C)CC1=CC=CC=C1","Solute carrier family 22 member 5","BE0000106","|inhibitor|","CHEMBL1201201"
"Acetylcholine","CC(=O)OCC[N+](C)(C)C","Solute carrier family 22 member 5","BE0000106","|inhibitor|","CHEMBL667"
"Degraded Cephaloridine","[H][C@@](NC(=O)CC1=CC=CS1)(C=O)[C@]1([H])NC(C(O)=O)=C(C)CS1","Solute carrier family 22 member 5","BE0000106","|",""
"Aldosterone","[H][C@@]1(CC[C@@]2([H])[C@]3([H])CCC4=CC(=O)CC[C@]4(C)[C@@]3([H])[C@@]([H])(O)C[C@]12C=O)C(=O)CO","Solute carrier family 22 member 5","BE0000106","|inhibitor|","CHEMBL273453"
"Histamine","NCCC1=CNC=N1","Solute carrier family 22 member 5","BE0000106","|inhibitor|","CHEMBL90"
"Mepyramine","COC1=CC=C(CN(CCN(C)C)C2=NC=CC=C2)C=C1","Solute carrier family 22 member 5","BE0000106","|","CHEMBL511"
"Azidocillin","[H][C@]12SC(C)(C)[C@@H](N1C(=O)[C@H]2NC(=O)[C@H](N=[N+]=[N-])C1=CC=CC=C1)C(O)=O","Solute carrier family 22 member 5","BE0000106","|inhibitor|","CHEMBL2105907"
"Tetraethylammonium","CC[N+](CC)(CC)CC","Solute carrier family 22 member 5","BE0000106","|","CHEMBL9324"
"Acetylcarnitine","CC(=O)O[C@H](CC([O-])=O)C[N+](C)(C)C","Solute carrier family 22 member 5","BE0000106","|","CHEMBL1697733"
"Choline salicylate","C[N+](C)(C)CCO.OC1=CC=CC=C1C([O-])=O","Solute carrier family 22 member 5","BE0000106","|inhibitor|","CHEMBL2104095"
