"CHEMBL6966","COc1ccc(CCN(C)CCCC(C#N)(C(C)C)c2ccc(OC)c(OC)c2)cc1OC","substrate [+]","10525100"
"CHEMBL172513","C[N+](C)(C)CC(O)CC(=O)[O-]","substrate [Km=54uM]","12644265"
"CHEMBL2074916","CCC(=O)OC(CC(=O)[O-])C[N+](C)(C)C","substrate [+]","10454528"
"CHEMBL109","CCCC(CCC)C(=O)O","substrate [+]","10525100"
"CHEMBL1697733","CC(=O)O[C@H](CC(=O)[O-])C[N+](C)(C)C","substrate [Km=8.5uM]","10525100"
"CHEMBL2074824","C[S+](C)CC[C@H](N)C(=O)[O-]","inhibitor [8.7 % of control]","10525100"
"CHEMBL1294","COc1ccc2nccc([C@H](O)[C@H]3C[C@@H]4CCN3C[C@@H]4C=C)c2c1","inhibitor [9.1 % of control]","10525100"
"CHEMBL9324","CC[N+](CC)(CC)CC","inhibitor [40 % of control]","10454528"
"CHEMBL3","CN1CCC[C@H]1c2cccnc2","inhibitor [44 % of control]","9618255"
"CHEMBL186","CO\N=C(/C(=O)N[C@H]1[C@H]2SCC(=C(N2C1=O)C(=O)[O-])C[N+]3(C)CCCC3)\c4csc(N)n4","inhibitor [IC50=1700uM]","10636865"
"CHEMBL2074742","[Cl-].CC[N+](CC)(CC)CCCCCC(=O)O","inhibitor [30% of control]","12089149"
"CHEMBL2074743","[Cl-].C[N+](C)(C)CCCCCC(=O)O","inhibitor [35% of control]","12089149"
"CHEMBL640","CCN(CC)CCNC(=O)c1ccc(N)cc1","inhibitor [65.8 % of control]","10525100"
"CHEMBL2074822","CC[N+](C)(C\C=C\C1=C(N2[C@H](SC1)[C@H](NC(=O)\C(=N/OCF)\c3nsc(N)n3)C2=O)C(=O)[O-])CC(=O)N","inhibitor [74 % of control]","10636865"
"CHEMBL4","CC1COc2c(N3CCN(C)CC3)c(F)cc4C(=O)C(=CN1c24)C(=O)O","inhibitor [76.8 % of control]","10525100"
"CHEMBL920","C[N+](C)(C)CCO","inhibitor [82 % of control]","10454528"
"CHEMBL897","CCCN(CCC)S(=O)(=O)c1ccc(cc1)C(=O)O","inhibitor [77.4 % of control]","10525100"
"CHEMBL110739","C[C@]12C[C@H](O)[C@H]3[C@@H](CCC4=CC(=O)CC[C@]34C)[C@@H]1CC[C@@H]2C(=O)CO","inhibitor [9.3 % of control]","10525100"
"CHEMBL2074741","[Cl-].CC[N+](C)(CC)CCCCC(=O)O","inhibitor [20% of control]","12089149"
"CHEMBL2074745","[Cl-].CC[N+](CC)(CC)CCCCC(=O)O","inhibitor [50% of control]","12089149"
"CHEMBL2074820","CC[N+](CC)(CC)CC(O)CC(=O)[O-]","inhibitor [70% of control]","12089149"
"CHEMBL1617285","NC(=O)c1cc[n+](CC2=C(N3[C@H](SC2)[C@H](NC(=O)C(c4ccccc4)S(=O)(=O)O)C3=O)C(=O)O)cc1","inhibitor [32.8 % of control]","10525100"
"CHEMBL316157","[O-]C(=O)C1=C(C[n+]2ccccc2)CS[C@@H]3[C@H](NC(=O)Cc4cccs4)C(=O)N13","inhibitor [IC50=230uM]","10636865"
"CHEMBL273453","C[C@]12CCC(=O)C=C1CC[C@H]3[C@@H]4CC[C@H](C(=O)CO)[C@]4(C[C@H](O)[C@H]23)C=O","inhibitor [37.1 % of control]","10525100"
"CHEMBL170","COc1ccc2nccc([C@@H](O)[C@@H]3C[C@@H]4CCN3C[C@@H]4C=C)c2c1","inhibitor [7.1 % of control]","10525100"
"CHEMBL72","CNCCCN1c2ccccc2CCc3ccccc13","inhibitor [0 % of control]","10454528"
"CHEMBL1201201","CN[C@@H](C)Cc1ccccc1","inhibitor [66 % of control]","9618255"
"CHEMBL511","COc1ccc(CN(CCN(C)C)c2ccccn2)cc1","inhibitor [38.6 % of control]","10525100"
"CHEMBL2074794","[Cl-].C[N+](C)(C)CCCCCCC(=O)O","inhibitor [50% of control]","12089149"
"CHEMBL583","CC1CN(CCN1)c2cc3N(C=C(C(=O)O)C(=O)c3c(C)c2F)C4CC4","inhibitor [68.6 % of control]","10525100"
"CHEMBL2105940","CO\N=C(/C(=O)N[C@H]1[C@H]2SCC(=C(N2C1=O)C(=O)[O-])C[n+]3ccc(N)n3CCO)\c4csc(N)n4","inhibitor [IC50=64000uM]","10636865"
"CHEMBL24172","CN1CCC(=CC1)c2ccccc2","inhibitor [47 % of control]","10454528"
"CHEMBL2074740","[Cl-].CC[N+](C)(CC)CCCCCC(=O)O","inhibitor [20% of control]","12089149"
"CHEMBL2074746","[Cl-].C[N+](C)(C)CCCCC(=O)O","inhibitor [40% of control]","12089149"
"CHEMBL1234168","C[N+](C)(C)CCCC[C@H](N)C(=O)O","inhibitor [69 % of control]","10525100"
"CHEMBL134","Clc1cccc(Cl)c1NC2=NCCN2","inhibitor [67.6 % of control]","10525100"
"CHEMBL561","CCN1C=C(C(=O)O)C(=O)c2cc(F)c(N3CCNC(C)C3)c(F)c12","inhibitor [88.6 % of control]","10525100"
"CHEMBL2074744","[Cl-].CC[N+](CCCCC(=O)O)(C(C)C)C(C)C","inhibitor [40% of control]","12089149"
"CHEMBL50588","CC[C@H]1CN2CCc3cc(OC)c(OC)cc3[C@@H]2C[C@@H]1C[C@H]4NCCc5cc(OC)c(OC)cc45","inhibitor [16.6 % of control]","10525100"
"L-Arginine","N[C@@H](CCCNC(N)=N)C(O)=O","Solute carrier family 22 member 5","BE0000106","|inhibitor|","CHEMBL1485"
"Creatine","CN(CC(O)=O)C(N)=N","Solute carrier family 22 member 5","BE0000106","|inhibitor|","CHEMBL283800"
"Thiamine","CC1=C(CCO)SC=[N+]1CC1=CN=C(C)N=C1N","Solute carrier family 22 member 5","BE0000106","|inhibitor|","CHEMBL1547"
"Amphetamine","CC(N)CC1=CC=CC=C1","Solute carrier family 22 member 5","BE0000106","|inhibitor|","CHEMBL405"
"Lidocaine","CCN(CC)CC(=O)NC1=C(C)C=CC=C1C","Solute carrier family 22 member 5","BE0000106","|inhibitor|","CHEMBL79"
"Ipratropium","[H][C@]12CC[C@]([H])(C[C@@H](C1)OC(=O)C(CO)C1=CC=CC=C1)[N+]2(C)C(C)C","Solute carrier family 22 member 5","BE0000106","|substrate|","CHEMBL1621597"
"Aminohippuric acid","NC1=CC=C(C=C1)C(=O)NCC(O)=O","Solute carrier family 22 member 5","BE0000106","|inhibitor|","CHEMBL463"
"Norepinephrine","NC[C@H](O)C1=CC(O)=C(O)C=C1","Solute carrier family 22 member 5","BE0000106","|inhibitor|","CHEMBL1437"
"Ampicillin","[H][C@]12SC(C)(C)[C@@H](N1C(=O)[C@H]2NC(=O)[C@H](N)C1=CC=CC=C1)C(O)=O","Solute carrier family 22 member 5","BE0000106","|inhibitor|","CHEMBL174"
"Ceftazidime","[O-]C(=O)C1=C(CS[C@]2([H])[C@H](NC(=O)C(=N/OC(C)(C)C(O)=O)\C3=CSC(N)=N3)C(=O)N12)C[N+]1=CC=CC=C1","Solute carrier family 22 member 5","BE0000106","|inhibitor|","CHEMBL44354"
"Cefalotin","[H][C@]12SCC(COC(C)=O)=C(N1C(=O)[C@H]2NC(=O)CC1=CC=CS1)C(O)=O","Solute carrier family 22 member 5","BE0000106","|inhibitor|","CHEMBL617"
"Cimetidine","C\N=C(\NCCSCC1=C(C)NC=N1)NC#N","Solute carrier family 22 member 5","BE0000106","|inhibitor|","CHEMBL30"
"Cefdinir","[H][C@]12SCC(C=C)=C(N1C(=O)[C@H]2NC(=O)C(=N/O)\C1=CSC(N)=N1)C(O)=O","Solute carrier family 22 member 5","BE0000106","|inhibitor|","CHEMBL927"
"Guanidine","NC(N)=N","Solute carrier family 22 member 5","BE0000106","|inhibitor|","CHEMBL821"
"Cephalexin","[H][C@]12SCC(C)=C(N1C(=O)[C@H]2NC(=O)[C@H](N)C1=CC=CC=C1)C(O)=O","Solute carrier family 22 member 5","BE0000106","|inhibitor|","CHEMBL1727"
"Niacin","OC(=O)C1=CN=CC=C1","Solute carrier family 22 member 5","BE0000106","|inhibitor|","CHEMBL573"
"Epinephrine","CNC[C@H](O)C1=CC(O)=C(O)C=C1","Solute carrier family 22 member 5","BE0000106","|inhibitor|","CHEMBL679"
"Cefixime","[H][C@]12SCC(C=C)=C(N1C(=O)[C@H]2NC(=O)C(=N/OCC(O)=O)\C1=CSC(N)=N1)C(O)=O","Solute carrier family 22 member 5","BE0000106","|inhibitor|","CHEMBL1541"
"Cephaloglycin","[H][C@]12SCC(COC(C)=O)=C(N1C(=O)[C@H]2NC(=O)[C@H](N)C1=CC=CC=C1)C(O)=O","Solute carrier family 22 member 5","BE0000106","|inhibitor|","CHEMBL1200971"
"Furosemide","NS(=O)(=O)C1=C(Cl)C=C(NCC2=CC=CO2)C(=C1)C(O)=O","Solute carrier family 22 member 5","BE0000106","|inhibitor|","CHEMBL35"
"Dactinomycin","[H][C@@]12CCCN1C(=O)[C@H](NC(=O)[C@@H](NC(=O)C1=C3N=C4C(OC3=C(C)C=C1)=C(C)C(=O)C(N)=C4C(=O)N[C@H]1[C@@H](C)OC(=O)[C@H](C(C)C)N(C)C(=O)CN(C)C(=O)[C@]3([H])CCCN3C(=O)[C@H](NC1=O)C(C)C)[C@@H](C)OC(=O)[C@H](C(C)C)N(C)C(=O)CN(C)C2=O)C(C)C","Solute carrier family 22 member 5","BE0000106","|inhibitor|","CHEMBL1554"
"Dopamine","NCCC1=CC(O)=C(O)C=C1","Solute carrier family 22 member 5","BE0000106","|inhibitor|","CHEMBL59"
"Cyclacillin","[H][C@]12SC(C)(C)[C@@H](N1C(=O)[C@H]2NC(=O)C1(N)CCCCC1)C(O)=O","Solute carrier family 22 member 5","BE0000106","|inhibitor|","CHEMBL1200356"
"Benzylpenicillin","[H][C@]12SC(C)(C)[C@@H](N1C(=O)[C@H]2NC(=O)CC1=CC=CC=C1)C(O)=O","Solute carrier family 22 member 5","BE0000106","|inhibitor|","CHEMBL29"
"Norfloxacin","CCN1C=C(C(O)=O)C(=O)C2=CC(F)=C(C=C12)N1CCNCC1","Solute carrier family 22 member 5","BE0000106","|inhibitor|","CHEMBL9"
"Diphenhydramine","CN(C)CCOC(C1=CC=CC=C1)C1=CC=CC=C1","Solute carrier family 22 member 5","BE0000106","|inhibitor|","CHEMBL657"
"Cefadroxil","[H][C@]12SCC(C)=C(N1C(=O)[C@H]2NC(=O)[C@H](N)C1=CC=C(O)C=C1)C(O)=O","Solute carrier family 22 member 5","BE0000106","|inhibitor|","CHEMBL1644"
"Sparfloxacin","C[C@H]1CN(C[C@@H](C)N1)C1=C(F)C(N)=C2C(=O)C(=CN(C3CC3)C2=C1F)C(O)=O","Solute carrier family 22 member 5","BE0000106","|inhibitor|","CHEMBL850"
"Cefradine","[H][C@]12SCC(C)=C(N1C(=O)[C@H]2NC(=O)[C@H](N)C1=CCC=CC1)C(O)=O","Solute carrier family 22 member 5","BE0000106","|inhibitor|","CHEMBL1604"
"Tiotropium","[H][C@]12O[C@@]1([H])[C@]1([H])C[C@@]([H])(C[C@@]2([H])[N+]1(C)C)OC(=O)C(O)(C1=CC=CS1)C1=CC=CS1","Solute carrier family 22 member 5","BE0000106","|substrate|","CHEMBL1900528"
"Acetylcholine","CC(=O)OCC[N+](C)(C)C","Solute carrier family 22 member 5","BE0000106","|inhibitor|","CHEMBL667"
"Degraded Cephaloridine","[H][C@@](NC(=O)CC1=CC=CS1)(C=O)[C@]1([H])NC(C(O)=O)=C(C)CS1","Solute carrier family 22 member 5","BE0000106","|",""
"Histamine","NCCC1=CNC=N1","Solute carrier family 22 member 5","BE0000106","|inhibitor|","CHEMBL90"
"Azidocillin","[H][C@]12SC(C)(C)[C@@H](N1C(=O)[C@H]2NC(=O)[C@H](N=[N+]=[N-])C1=CC=CC=C1)C(O)=O","Solute carrier family 22 member 5","BE0000106","|inhibitor|","CHEMBL2105907"
"Choline salicylate","C[N+](C)(C)CCO.OC1=CC=CC=C1C([O-])=O","Solute carrier family 22 member 5","BE0000106","|inhibitor|","CHEMBL2104095"
