"CHEMBL3818777","CC(C)CC1=NN(C)C(=O)c2c(SCCCO)n(Cc3cnc(NCCCCCNC(=O)[C@@H](N)CCC(=O)N)c4ccccc34)cc12","Active","27347360"
"CHEMBL383669","CC(C)CN1C(=O)N(C)C(=O)c2c1sc(Cc3ccccc3C(F)(F)F)c2C(=O)N4CCCC4","","16455256"
"CHEMBL85752","CC(C)CN1C(=O)N(C)C(=O)c2c(SCCCO)n(Cc3cccc4ccccc34)cc12","","16370372"
"CHEMBL439871","CC(C)CN1C(=O)N(C)C(=O)c2c1sc(Cc3ccccc3C(F)(F)F)c2C(=O)N4CC(C)(O)C4","","16455256"
"CHEMBL208487","CC(C)CN1C(=O)N(C)C(=O)c2c1sc(Cc3ccccc3C(F)(F)F)c2C(=O)N4CC[C@@H](O)C4","","16455256"
"CHEMBL208487","CC(C)CN1C(=O)N(C)C(=O)c2c1sc(Cc3ccccc3C(F)(F)F)c2C(=O)N4CC[C@@H](O)C4","","16455256"
"CHEMBL3818851","CC(C)CC1=NN(C)C(=O)c2c(SCCCO)n(Cc3ccc(C#CCCCNC(=O)[C@@H](N)CCC(=O)N)c4ccccc34)cc12","","27347360"
"CHEMBL3818851","CC(C)CC1=NN(C)C(=O)c2c(SCCCO)n(Cc3ccc(C#CCCCNC(=O)[C@@H](N)CCC(=O)N)c4ccccc34)cc12","","27347360"
"CHEMBL3818923","CC(C)CC1=NN(C)C(=O)c2c(SCCCO)n(Cc3cc(Cl)nc4ccccc34)cc12","","27347360"
"CHEMBL3818923","CC(C)CC1=NN(C)C(=O)c2c(SCCCO)n(Cc3cc(Cl)nc4ccccc34)cc12","","27347360"
"CHEMBL3818095","CC(C)CC1=NN(C)C(=O)c2c(SCCCO)n(Cc3cc(NCCCCCN)nc4ccccc34)cc12","","27347360"
"CHEMBL206229","CC(C)CN1C(=O)N(C)C(=O)c2c(SC(C)C)c(Cc3ccccc3C(F)(F)F)sc12","","16455256"
"CHEMBL3326263","CC(C)CN1C(=O)N(C)C(=O)c2nc(C(=O)N(C)CCCO)c(Cc3cccc4ccccc34)nc12","Not Determined","25068893"
"CHEMBL377309","CC(C)CN1C(=O)N(C)C(=O)c2c(SC3CCCCC3)c(Cc4ccccc4C(F)(F)F)sc12","","16455256"
"CHEMBL3326272","CC(C)CN1C(=O)N(C)C(=O)c2nc(CCCCCO)c(Cc3c(C)n[nH]c3C)nc12","Not Determined","25068893"
"CHEMBL3326272","CC(C)CN1C(=O)N(C)C(=O)c2nc(CCCCCO)c(Cc3c(C)n[nH]c3C)nc12","Not Determined","25068893"
"CHEMBL3326272","CC(C)CN1C(=O)N(C)C(=O)c2nc(CCCCCO)c(Cc3c(C)n[nH]c3C)nc12","Not Determined","25068893"
"CHEMBL3818991","CC(C)CC1=NN(C)C(=O)c2c(SCCCO)n(Cc3ccnc(NCCCCCNC(=O)[C@@H](N)CCC(=O)N)c3)cc12","","27347360"
"CHEMBL219483","CNc1nc2ccccc2n1Cc3sc4N(CC(C)C)C(=O)N(C)C(=O)c4c3C(=O)N5CCC5","","17228867"
"CHEMBL3818150","CC(C)CC1=NN(C)C(=O)c2c(SCCCO)n(Cc3ccc(C#CCCCOc4ccc(C[C@H](N)C(=O)O)cc4)c5ccccc35)cc12","Active","27347360"
"CHEMBL3819278","CC(C)CC1=NN(C)C(=O)c2c(SCCCO)n(Cc3ccnc(NCCCCCN)c3)cc12","","27347360"
"CHEMBL3819278","CC(C)CC1=NN(C)C(=O)c2c(SCCCO)n(Cc3ccnc(NCCCCCN)c3)cc12","","27347360"
"CHEMBL3819278","CC(C)CC1=NN(C)C(=O)c2c(SCCCO)n(Cc3ccnc(NCCCCCN)c3)cc12","","27347360"
"CHEMBL3326271","COCCCCCc1nc2C(=O)N(C)C(=O)N(CC(C)C)c2nc1Cc3cccc4ccccc34","Not Determined","25068893"
"CHEMBL3326271","COCCCCCc1nc2C(=O)N(C)C(=O)N(CC(C)C)c2nc1Cc3cccc4ccccc34","Not Determined","25068893"
"CHEMBL3326271","COCCCCCc1nc2C(=O)N(C)C(=O)N(CC(C)C)c2nc1Cc3cccc4ccccc34","Not Determined","25068893"
"CHEMBL3326271","COCCCCCc1nc2C(=O)N(C)C(=O)N(CC(C)C)c2nc1Cc3cccc4ccccc34","Not Determined","25068893"
"CHEMBL3326271","COCCCCCc1nc2C(=O)N(C)C(=O)N(CC(C)C)c2nc1Cc3cccc4ccccc34","Not Determined","25068893"
"CHEMBL3326271","COCCCCCc1nc2C(=O)N(C)C(=O)N(CC(C)C)c2nc1Cc3cccc4ccccc34","Not Determined","25068893"
"CHEMBL381601","CC(C)CN1C(=O)N(C)C(=O)c2c(S[C@@H]3C[C@@H](O)[C@@H](O)C3)c(Cc4ccccc4C(F)(F)F)sc12","","16455256"
"CHEMBL3326266","CC(C)CN1C(=O)N(C)C(=O)c2nc(CCCCCCO)c(Cc3cccc4ccccc34)nc12","Not Determined","25068893"
"CHEMBL3326268","CC(C)CN1C(=O)N(C)C(=O)c2nc(c(Cc3cccc4ccccc34)nc12)c5c(CCCO)nnn5C","Not Determined","25068893"
"CHEMBL3326268","CC(C)CN1C(=O)N(C)C(=O)c2nc(c(Cc3cccc4ccccc34)nc12)c5c(CCCO)nnn5C","Not Determined","25068893"
"CHEMBL3326268","CC(C)CN1C(=O)N(C)C(=O)c2nc(c(Cc3cccc4ccccc34)nc12)c5c(CCCO)nnn5C","Not Determined","25068893"
"CHEMBL205465","CC(C)CN1C(=O)N(C)C(=O)c2c1sc(Cc3ccccc3C(F)(F)F)c2C(=O)N4CCCCC4","","16455256"
"CHEMBL3818005","CC(C)CC1=NN(C)C(=O)c2c(SCCCO)n(Cc3ccnc(Cl)c3)cc12","","27347360"
"CHEMBL3818005","CC(C)CC1=NN(C)C(=O)c2c(SCCCO)n(Cc3ccnc(Cl)c3)cc12","","27347360"
"CHEMBL379399","CC(C)CN1C(=O)N(C)C(=O)c2c1sc(Cc3ccccc3C(F)(F)F)c2S(=O)(=O)[C@@H]4CC[C@H](O)C4","","16455256"
"CHEMBL383696","CC(C)CN1C(=O)N(C)C(=O)c2c(SC3CCCC3)c(Cc4ccccc4C(F)(F)F)sc12","","16455256"
"CHEMBL3326262","CC(C)CN1C(=O)N(C)C(=O)c2nc(C(=O)NCCCO)c(Cc3cccc4ccccc34)nc12","Not Determined","25068893"
"CHEMBL3326262","CC(C)CN1C(=O)N(C)C(=O)c2nc(C(=O)NCCCO)c(Cc3cccc4ccccc34)nc12","Not Determined","25068893"
"CHEMBL3326262","CC(C)CN1C(=O)N(C)C(=O)c2nc(C(=O)NCCCO)c(Cc3cccc4ccccc34)nc12","Not Determined","25068893"
"CHEMBL3326262","CC(C)CN1C(=O)N(C)C(=O)c2nc(C(=O)NCCCO)c(Cc3cccc4ccccc34)nc12","Not Determined","25068893"
"CHEMBL3819158","CC(C)CC1=NN(C)C(=O)c2c(SCCCO)n(Cc3ccc(Cl)nc3)cc12","","27347360"
"CHEMBL3326270","CC(C)CN1C(=O)N(C)C(=O)c2nc(\C=C/CCCO)c(Cc3cccc4ccccc34)nc12","","25068893"
"CHEMBL205092","CC(C)CN1C(=O)N(C)C(=O)c2c1sc(Cc3c[nH]c4ncccc34)c2C(=O)N5CC[C@@H](O)C5","","16455256"
"CHEMBL205092","CC(C)CN1C(=O)N(C)C(=O)c2c1sc(Cc3c[nH]c4ncccc34)c2C(=O)N5CC[C@@H](O)C5","","16455256"
"CHEMBL205092","CC(C)CN1C(=O)N(C)C(=O)c2c1sc(Cc3c[nH]c4ncccc34)c2C(=O)N5CC[C@@H](O)C5","","16455256"
