"CHEMBL3326258","CC(C)CN1C(=O)N(C)C(=O)C2=C1N=C(Cc3cccc4ccccc34)C(=O)N2","Not Determined","25068893"
"CHEMBL3326267","CC(C)CN1C(=O)N(C)C(=O)c2nc(c(Cc3cccc4ccccc34)nc12)c5[nH]nnc5CCCO","Not Determined","25068893"
"CHEMBL3326253","CC(C)CN1C(=O)N(C)C(=O)c2nc(SCCO)c(Cc3cccc4ccccc34)nc12","Not Determined","25068893"
"CHEMBL3326255","CC(C)CN1C(=O)N(C)C(=O)C2=C1N=C(Cc3cccc4ccccc34)C(=O)N2CCCCCO","Not Determined","25068893"
"CHEMBL3326260","CC(C)CN1C(=O)N(C)C(=O)c2nc([S+]([O-])CCCO)c(Cc3cccc4ccccc34)nc12","Not Determined","25068893"
"CHEMBL3326263","CC(C)CN1C(=O)N(C)C(=O)c2nc(C(=O)N(C)CCCO)c(Cc3cccc4ccccc34)nc12","Not Determined","25068893"
"CHEMBL3326261","CC(C)CN1C(=O)N(C)C(=O)c2nc(c(Cc3cccc4ccccc34)nc12)S(=O)(=O)CCCO","Not Determined","25068893"
"CHEMBL3326272","CC(C)CN1C(=O)N(C)C(=O)c2nc(CCCCCO)c(Cc3c(C)n[nH]c3C)nc12","Not Determined","25068893"
"CHEMBL3326254","CC(C)CN1C(=O)N(C)C(=O)C2=C1N=C(Cc3cccc4ccccc34)C(=O)N2CCCCCCO","Not Determined","25068893"
"CHEMBL3326269","CC(C)CN1C(=O)N(C)C(=O)c2nc(c(Cc3cccc4ccccc34)nc12)c5nnn(C)c5CCCO","Not Determined","25068893"
"CHEMBL3326271","COCCCCCc1nc2C(=O)N(C)C(=O)N(CC(C)C)c2nc1Cc3cccc4ccccc34","Not Determined","25068893"
"CHEMBL3326266","CC(C)CN1C(=O)N(C)C(=O)c2nc(CCCCCCO)c(Cc3cccc4ccccc34)nc12","Not Determined","25068893"
"CHEMBL3326268","CC(C)CN1C(=O)N(C)C(=O)c2nc(c(Cc3cccc4ccccc34)nc12)c5c(CCCO)nnn5C","Not Determined","25068893"
"CHEMBL3326262","CC(C)CN1C(=O)N(C)C(=O)c2nc(C(=O)NCCCO)c(Cc3cccc4ccccc34)nc12","Not Determined","25068893"
