"Pyruvic acid","CC(=O)C(O)=O","Monocarboxylate transporter 1","BE0000669","|substrate|inhibitor|","CHEMBL1162144"
"Glutamic Acid","N[C@@H](CCC(O)=O)C(O)=O","Monocarboxylate transporter 1","BE0000669","|substrate|","CHEMBL575060"
"Pravastatin","[H][C@]12[C@H](C[C@H](O)C=C1C=C[C@H](C)[C@@H]2CC[C@@H](O)C[C@@H](O)CC(O)=O)OC(=O)[C@@H](C)CC","Monocarboxylate transporter 1","BE0000669","|","CHEMBL1144"
"Valproic Acid","CCCC(CCC)C(O)=O","Monocarboxylate transporter 1","BE0000669","|substrate|","CHEMBL109"
"Aminohippuric acid","NC1=CC=C(C=C1)C(=O)NCC(O)=O","Monocarboxylate transporter 1","BE0000669","|substrate|","CHEMBL463"
"Ampicillin","[H][C@]12SC(C)(C)[C@@H](N1C(=O)[C@H]2NC(=O)[C@H](N)C1=CC=CC=C1)C(O)=O","Monocarboxylate transporter 1","BE0000669","|","CHEMBL174"
"Foscarnet","OC(=O)P(O)(O)=O","Monocarboxylate transporter 1","BE0000669","|substrate|","CHEMBL666"
"Methotrexate","CN(CC1=CN=C2N=C(N)N=C(N)C2=N1)C1=CC=C(C=C1)C(=O)N[C@@H](CCC(O)=O)C(O)=O","Monocarboxylate transporter 1","BE0000669","|substrate|","CHEMBL34259"
"Niacin","OC(=O)C1=CN=CC=C1","Monocarboxylate transporter 1","BE0000669","|substrate|","CHEMBL573"
"Nateglinide","[H][C@](CC1=CC=CC=C1)(N=C(O)[C@@]1([H])CC[C@@]([H])(CC1)C(C)C)C(O)=O","Monocarboxylate transporter 1","BE0000669","|substrate|","CHEMBL783"
"Salicylic acid","OC(=O)C1=CC=CC=C1O","Monocarboxylate transporter 1","BE0000669","|substrate|","CHEMBL424"
"Probenecid","CCCN(CCC)S(=O)(=O)C1=CC=C(C=C1)C(O)=O","Monocarboxylate transporter 1","BE0000669","|inhibitor|","CHEMBL897"
"Gamma Hydroxybutyric Acid","OCCCC([O-])=O","Monocarboxylate transporter 1","BE0000669","|inhibitor|",""
"Acetoacetic Acid","CC(=O)CC(O)=O","Monocarboxylate transporter 1","BE0000669","|substrate|inhibitor|","CHEMBL1230762"
"D-Lactic acid","C[C@@H](O)C(O)=O","Monocarboxylate transporter 1","BE0000669","|substrate|inhibitor|","CHEMBL358850"
"Acetic acid","CC(O)=O","Monocarboxylate transporter 1","BE0000669","|substrate|","CHEMBL539"
"alpha-D-quinovopyranose","[H][C@]1(C)O[C@]([H])(O)[C@]([H])(O)[C@@]([H])(O)[C@]1([H])O","Monocarboxylate transporter 1","BE0000669","|inhibitor|",""
"Benzoic Acid","OC(=O)C1=CC=CC=C1","Monocarboxylate transporter 1","BE0000669","|","CHEMBL541"
"Alpha-ketoisovalerate","CC(C)C(=O)C(O)=O","Monocarboxylate transporter 1","BE0000669","|inhibitor|","CHEMBL146554"
"Quercetin","OC1=CC2=C(C(O)=C1)C(=O)C(O)=C(O2)C1=CC=C(O)C(O)=C1","Monocarboxylate transporter 1","BE0000669","|inhibitor|","CHEMBL50"
"Taurocholic Acid","[H][C@@]1(CC[C@@]2([H])[C@]3([H])[C@H](O)C[C@]4([H])C[C@H](O)CC[C@]4(C)[C@@]3([H])C[C@H](O)[C@]12C)[C@H](C)CCC(=O)NCCS(O)(=O)=O","Monocarboxylate transporter 1","BE0000669","|substrate|","CHEMBL224867"
"Lactic Acid","CC(O)C(O)=O","Monocarboxylate transporter 1","BE0000669","|substrate|inhibitor|","CHEMBL1200559"
"Niflumic Acid","OC(=O)C1=C(NC2=CC=CC(=C2)C(F)(F)F)N=CC=C1","Monocarboxylate transporter 1","BE0000669","|inhibitor|","CHEMBL63323"
"Arbaclofen Placarbil","CC(C)[C@H](OC(=O)NC[C@H](CC(O)=O)C1=CC=C(Cl)C=C1)OC(=O)C(C)C","Monocarboxylate transporter 1","BE0000669","|substrate|","CHEMBL2107312"
