"Indomethacin","COC1=CC2=C(C=C1)N(C(=O)C1=CC=C(Cl)C=C1)C(C)=C2CC(O)=O","Multidrug resistance-associated protein 6","BE0003640","|inhibitor|","CHEMBL6"
"Teniposide","[H][C@]12COC(=O)[C@]1([H])[C@]([H])(C1=CC(OC)=C(O)C(OC)=C1)C1=CC3=C(OCO3)C=C1[C@@]2([H])O[C@]1([H])O[C@]2([H])CO[C@]([H])(O[C@@]2([H])[C@]([H])(O)[C@@]1([H])O)C1=CC=CS1","Multidrug resistance-associated protein 6","BE0003640","|substrate|","CHEMBL452231"
"Cisplatin","N[Pt](N)(Cl)Cl","Multidrug resistance-associated protein 6","BE0003640","|substrate|","CHEMBL2068237"
"Vinblastine","[H][C@@]12N(C)C3=CC(OC)=C(C=C3[C@@]11CCN3CC=C[C@](CC)([C@@]13[H])[C@@]([H])(OC(C)=O)[C@]2(O)C(=O)OC)[C@]1(C[C@@]2([H])CN(C[C@](O)(CC)C2)CCC2=C1NC1=CC=CC=C21)C(=O)OC","Multidrug resistance-associated protein 6","BE0003640","|inhibitor|","CHEMBL159"
"Daunorubicin","COC1=CC=CC2=C1C(=O)C1=C(O)C3=C(C[C@](O)(C[C@@H]3O[C@H]3C[C@H](N)[C@H](O)[C@H](C)O3)C(C)=O)C(O)=C1C2=O","Multidrug resistance-associated protein 6","BE0003640","|substrate|","CHEMBL178"
"Etoposide","[H][C@]12COC(=O)[C@]1([H])[C@H](C1=CC(OC)=C(O)C(OC)=C1)C1=CC3=C(OCO3)C=C1[C@H]2O[C@@H]1O[C@]2([H])CO[C@@H](C)O[C@@]2([H])[C@H](O)[C@H]1O","Multidrug resistance-associated protein 6","BE0003640","|substrate|inhibitor|","CHEMBL44657"
"Dactinomycin","[H][C@@]12CCCN1C(=O)[C@H](NC(=O)[C@@H](NC(=O)C1=C3N=C4C(OC3=C(C)C=C1)=C(C)C(=O)C(N)=C4C(=O)N[C@H]1[C@@H](C)OC(=O)[C@H](C(C)C)N(C)C(=O)CN(C)C(=O)[C@]3([H])CCCN3C(=O)[C@H](NC1=O)C(C)C)[C@@H](C)OC(=O)[C@H](C(C)C)N(C)C(=O)CN(C)C2=O)C(C)C","Multidrug resistance-associated protein 6","BE0003640","|substrate|","CHEMBL1554"
"Doxorubicin","COC1=CC=CC2=C1C(=O)C1=C(O)C3=C(C[C@](O)(C[C@@H]3O[C@H]3C[C@H](N)[C@H](O)[C@H](C)O3)C(=O)CO)C(O)=C1C2=O","Multidrug resistance-associated protein 6","BE0003640","|substrate|inhibitor|","CHEMBL53463"
"Probenecid","CCCN(CCC)S(=O)(=O)C1=CC=C(C=C1)C(O)=O","Multidrug resistance-associated protein 6","BE0003640","|inhibitor|","CHEMBL897"
"Sulfinpyrazone","O=C1C(CCS(=O)C2=CC=CC=C2)C(=O)N(N1C1=CC=CC=C1)C1=CC=CC=C1","Multidrug resistance-associated protein 6","BE0003640","|inhibitor|","CHEMBL832"
