"CHEMBL484","Nc1ncnc2c1ncn2CCOCP(=O)(O)O","substrate [Km=30uM]","10462545"
"CHEMBL484","Nc1ncnc2c1ncn2CCOCP(=O)(O)O","substrate [Km=30uM]","10462545"
"CHEMBL463","Nc1ccc(cc1)C(=O)NCC(=O)O","transporter substrate","20190787"
"CHEMBL6246","Oc1cc2C(=O)Oc3c(O)c(O)cc4C(=O)Oc(c1O)c2c34","inhibitor [IC50=270nM]","15870380"
"CHEMBL252036","Nc1ncnc2c1ncn2[C@@H]3O[C@H](OCP(=O)(O)O)C=C3F","","19001108"
"CHEMBL252036","Nc1ncnc2c1ncn2[C@@H]3O[C@H](OCP(=O)(O)O)C=C3F","","19001108"
"CHEMBL252036","Nc1ncnc2c1ncn2[C@@H]3O[C@H](OCP(=O)(O)O)C=C3F","","19001108"
"CHEMBL252036","Nc1ncnc2c1ncn2[C@@H]3O[C@H](OCP(=O)(O)O)C=C3F","","19001108"
"CHEMBL792","Oc1nc(O)c2nc(O)[nH]c2n1","substrate [Km=947uM]","12472777"
"CHEMBL548","CCCCC[C@H](O)\C=C\[C@H]1[C@H](O)CC(=O)[C@@H]1C\C=C/CCCC(=O)O","substrate [Km=0.97uM]","11907186"
"CHEMBL548","CCCCC[C@H](O)\C=C\[C@H]1[C@H](O)CC(=O)[C@@H]1C\C=C/CCCC(=O)O","substrate [Km=0.97uM]","11907186"
"CHEMBL16073","CCOc1ccc(NC(=O)C)cc1","inhibitor [IC50=200uM]","10991954"
"CHEMBL1730","CO\N=C(/C(=O)N[C@H]1[C@H]2SCC(=C(N2C1=O)C(=O)O)COC(=O)C)\c3csc(N)n3","inhibitor [Ki=3.13uM]","11909604"
"CHEMBL161","CO\N=C(/C(=O)N[C@H]1[C@H]2SCC(=C(N2C1=O)C(=O)O)CSC3=NC(=O)C(=NN3C)O)\c4csc(N)n4","inhibitor [Ki=0.23uM]","11909604"
"CHEMBL223737","NC1=Nc2c(ncn2CCOCP(=O)(O)O)C(=O)N1","substrate [+]","10462545"
"CHEMBL500596","OC(=O)CNC(=O)c1ccc(O)cc1","inhibitor [IC50=25uM]","11815391"
"CHEMBL500596","OC(=O)CNC(=O)c1ccc(O)cc1","inhibitor [IC50=25uM]","11815391"
"CHEMBL500596","OC(=O)CNC(=O)c1ccc(O)cc1","inhibitor [IC50=25uM]","11815391"
"CHEMBL2074845","","substrate [Km44uM]","12606766"
"CHEMBL2074845","","substrate [Km44uM]","12606766"
"CHEMBL2074845","","substrate [Km44uM]","12606766"
"CHEMBL2074845","","substrate [Km44uM]","12606766"
"CHEMBL34259","CN(Cc1cnc2nc(N)nc(N)c2n1)c3ccc(cc3)C(=O)N[C@@H](CCC(=O)O)C(=O)O","is not an inhibitor [-]","9950961"
"CHEMBL34259","CN(Cc1cnc2nc(N)nc(N)c2n1)c3ccc(cc3)C(=O)N[C@@H](CCC(=O)O)C(=O)O","is not an inhibitor [-]","9950961"
"CHEMBL3929544","FC(F)(F)c1cncc(NS(=O)(=O)c2ccccc2C(F)(F)F)c1","",""
"CHEMBL521","CC(C)Cc1ccc(cc1)C(C)C(=O)O","inhibitor [47 % of control]","12130730"
"CHEMBL1233636","OS(=O)(=O)Oc1c[nH]c2ccccc12","substrate [Ki23uM]","12679137"
"CHEMBL3688197","OCc1ccc(Oc2ccc(cc2C#N)S(=O)(=O)Nc3ccc(F)cn3)cc1Cl","",""
"CHEMBL3688197","OCc1ccc(Oc2ccc(cc2C#N)S(=O)(=O)Nc3ccc(F)cn3)cc1Cl","",""
"CHEMBL3688197","OCc1ccc(Oc2ccc(cc2C#N)S(=O)(=O)Nc3ccc(F)cn3)cc1Cl","",""
"CHEMBL3688197","OCc1ccc(Oc2ccc(cc2C#N)S(=O)(=O)Nc3ccc(F)cn3)cc1Cl","",""
"CHEMBL3688197","OCc1ccc(Oc2ccc(cc2C#N)S(=O)(=O)Nc3ccc(F)cn3)cc1Cl","",""
"CHEMBL1433","C[C@@H]1[C@H]2[C@H](O)[C@H]3[C@H](N(C)C)C(=C(C(=O)N)C(=O)[C@@]3(O)C(=C2C(=O)c4c(O)cccc14)O)O","inhibitor [(at a rough estimate) 25 % of control]","11855680"
"CHEMBL1433","C[C@@H]1[C@H]2[C@H](O)[C@H]3[C@H](N(C)C)C(=C(C(=O)N)C(=O)[C@@]3(O)C(=C2C(=O)c4c(O)cccc14)O)O","inhibitor [(at a rough estimate) 25 % of control]","11855680"
"CHEMBL589366","C[C@@H]1Cc2c(Cl)cc(C(=O)N[C@@H](Cc3ccccc3)C(=O)O)c(O)c2C(=O)O1","substrate [Km=0.42uM]","11669456"
"CHEMBL589366","C[C@@H]1Cc2c(Cl)cc(C(=O)N[C@@H](Cc3ccccc3)C(=O)O)c(O)c2C(=O)O1","substrate [Km=0.42uM]","11669456"
"CHEMBL589366","C[C@@H]1Cc2c(Cl)cc(C(=O)N[C@@H](Cc3ccccc3)C(=O)O)c(O)c2C(=O)O1","substrate [Km=0.42uM]","11669456"
"CHEMBL2074986","N[C@H](CS\C(=C\Cl)\Cl)C(=O)O","inhibitor [IC50208uM]","12538807"
"CHEMBL324846","CCCCCCCC(=O)O","inhibitor [Ki=5.41uM]","11669456"
"CHEMBL324846","CCCCCCCC(=O)O","inhibitor [Ki=5.41uM]","11669456"
"CHEMBL129","CC1=CN([C@H]2C[C@H](N=[N+]=[N-])[C@@H](CO)O2)C(=O)NC1=O","substrate [Km=45.9uM]","11861798"
"CHEMBL129","CC1=CN([C@H]2C[C@H](N=[N+]=[N-])[C@@H](CO)O2)C(=O)NC1=O","substrate [Km=45.9uM]","11861798"
"CHEMBL129","CC1=CN([C@H]2C[C@H](N=[N+]=[N-])[C@@H](CO)O2)C(=O)NC1=O","substrate [Km=45.9uM]","11861798"
"CHEMBL129","CC1=CN([C@H]2C[C@H](N=[N+]=[N-])[C@@H](CO)O2)C(=O)NC1=O","substrate [Km=45.9uM]","11861798"
"CHEMBL129","CC1=CN([C@H]2C[C@H](N=[N+]=[N-])[C@@H](CO)O2)C(=O)NC1=O","substrate [Km=45.9uM]","11861798"
"CHEMBL129","CC1=CN([C@H]2C[C@H](N=[N+]=[N-])[C@@H](CO)O2)C(=O)NC1=O","substrate [Km=45.9uM]","11861798"
"CHEMBL1435","Cc1nnc(SCC2=C(N3[C@H](SC2)[C@H](NC(=O)Cn4cnnn4)C3=O)C(=O)O)s1","inhibitor [Ki=0.18uM]","11909604"
"CHEMBL1435","Cc1nnc(SCC2=C(N3[C@H](SC2)[C@H](NC(=O)Cn4cnnn4)C3=O)C(=O)O)s1","inhibitor [Ki=0.18uM]","11909604"
"CHEMBL1435","Cc1nnc(SCC2=C(N3[C@H](SC2)[C@H](NC(=O)Cn4cnnn4)C3=O)C(=O)O)s1","inhibitor [Ki=0.18uM]","11909604"
"CHEMBL1435","Cc1nnc(SCC2=C(N3[C@H](SC2)[C@H](NC(=O)Cn4cnnn4)C3=O)C(=O)O)s1","inhibitor [Ki=0.18uM]","11909604"
"CHEMBL1435","Cc1nnc(SCC2=C(N3[C@H](SC2)[C@H](NC(=O)Cn4cnnn4)C3=O)C(=O)O)s1","inhibitor [Ki=0.18uM]","11909604"
"CHEMBL510139","C[C@H]1OC=C2C(=C(C(=O)O)C(=O)C(=C2[C@@H]1C)C)O","inhibitor [Ki=3080uM]","11669456"
"CHEMBL1540","Nc1nc(O)c2ncn(CCC(CO)CO)c2n1","Not Active","22190696"
"CHEMBL2074703","OS(=O)(=O)CC(S)CSSCC(S)S(=O)(=O)O","inhibitor [Ki=66uM]","11602689"
"CHEMBL145704","Cc1c(Br)c(O)c(Br)cc1C2(OS(=O)(=O)c3ccccc23)c4cc(Br)c(O)c(Br)c4C","inhibitor [(at a rough estimate) <5 % of control]","10462545"
"CHEMBL145704","Cc1c(Br)c(O)c(Br)cc1C2(OS(=O)(=O)c3ccccc23)c4cc(Br)c(O)c(Br)c4C","inhibitor [(at a rough estimate) <5 % of control]","10462545"
"CHEMBL145704","Cc1c(Br)c(O)c(Br)cc1C2(OS(=O)(=O)c3ccccc23)c4cc(Br)c(O)c(Br)c4C","inhibitor [(at a rough estimate) <5 % of control]","10462545"
"CHEMBL36506","CO[C@@H]1[C@@H](OC(=O)N)[C@@H](O)[C@H](Oc2ccc3C(=C(NC(=O)c4ccc(O)c(CC=C(C)C)c4)C(=O)Oc3c2C)O)OC1(C)C","transporter inhibitor","20190787"
"CHEMBL499808","CCC(C)CC(C)CCCCCCCCC(=O)N[C@H]1C[C@@H](O)[C@@H](NCCN)NC(=O)[C@@H]2[C@@H](O)CCN2C(=O)[C@@H](NC(=O)[C@@H](NC(=O)[C@@H]3C[C@@H](O)CN3C(=O)[C@@H](NC1=O)[C@@H](C)O)[C@H](O)[C@@H](O)c4ccc(O)cc4)[C@H](O)CCN","inhibitor [40% of control]","15716364"
"CHEMBL499808","CCC(C)CC(C)CCCCCCCCC(=O)N[C@H]1C[C@@H](O)[C@@H](NCCN)NC(=O)[C@@H]2[C@@H](O)CCN2C(=O)[C@@H](NC(=O)[C@@H](NC(=O)[C@@H]3C[C@@H](O)CN3C(=O)[C@@H](NC1=O)[C@@H](C)O)[C@H](O)[C@@H](O)c4ccc(O)cc4)[C@H](O)CCN","inhibitor [40% of control]","15716364"
"CHEMBL3924161","FC(F)(F)c1ccc(NS(=O)(=O)c2ccccc2C(F)(F)F)cn1","",""
"CHEMBL3924161","FC(F)(F)c1ccc(NS(=O)(=O)c2ccccc2C(F)(F)F)cn1","",""
"CHEMBL1517","CN(C)[C@H]1[C@@H]2[C@@H](O)[C@H]3C(=C(O)[C@]2(O)C(=O)C(=C1O)C(=O)N)C(=O)c4c(O)cccc4[C@@]3(C)O","inhibitor [(at a rough estimate) 20 % of control]","11855680"
"CHEMBL507674","CCN1CCN(C(=O)N[C@@H](C(=O)N[C@H]2[C@H]3SCC(=C(N3C2=O)C(=O)O)CSc4nnnn4C)c5ccc(O)cc5)C(=O)C1=O","inhibitor [Ki=0.21uM]","11909604"
"CHEMBL507674","CCN1CCN(C(=O)N[C@@H](C(=O)N[C@H]2[C@H]3SCC(=C(N3C2=O)C(=O)O)CSc4nnnn4C)c5ccc(O)cc5)C(=O)C1=O","inhibitor [Ki=0.21uM]","11909604"
"CHEMBL1231562","CCCc1oc(CCC(=O)O)c(C(=O)O)c1C","substrate [Km=141uM]","14675047"
"CHEMBL1231562","CCCc1oc(CCC(=O)O)c(C(=O)O)c1C","substrate [Km=141uM]","14675047"
"CHEMBL586","OC(=O)CNC(=O)c1ccccc1O","inhibitor [IC50=27uM]","11815391"
"CHEMBL586","OC(=O)CNC(=O)c1ccccc1O","inhibitor [IC50=27uM]","11815391"
"CHEMBL586","OC(=O)CNC(=O)c1ccccc1O","inhibitor [IC50=27uM]","11815391"
"CHEMBL2074590","CC(=O)Oc1c[nH]c2ccccc12","inhibitor [IC50=83uM]","11815391"
"CHEMBL2074590","CC(=O)Oc1c[nH]c2ccccc12","inhibitor [IC50=83uM]","11815391"
"CHEMBL237500","CC#CCn1c(nc2N(C)C(=O)N(Cc3nc(C)c4ccccc4n3)C(=O)c12)N5CCC[C@@H](N)C5","Not Active","23073734"
"CHEMBL237500","CC#CCn1c(nc2N(C)C(=O)N(Cc3nc(C)c4ccccc4n3)C(=O)c12)N5CCC[C@@H](N)C5","Not Active","23073734"
"CHEMBL1604","CC1=C(N2[C@H](SC1)[C@H](NC(=O)[C@H](N)C3=CCC=CC3)C2=O)C(=O)O","inhibitor [IC50=1600uM]","10929807"
"CHEMBL1604","CC1=C(N2[C@H](SC1)[C@H](NC(=O)[C@H](N)C3=CCC=CC3)C2=O)C(=O)O","inhibitor [IC50=1600uM]","10929807"
"CHEMBL2074983","N[C@@H](CSc1nc2ccccc2s1)C(=O)O","inhibitor [IC50=9.9uM]","12538807"
"CHEMBL898","OC(=O)c1cc(ccc1O)c2ccc(F)cc2F","inhibitor [IC50=0.85uM]","10991954"
"CHEMBL25","CC(=O)Oc1ccccc1C(=O)O","is not an inhibitor [-]","9950961"
"CHEMBL25","CC(=O)Oc1ccccc1C(=O)O","is not an inhibitor [-]","9950961"
"CHEMBL25","CC(=O)Oc1ccccc1C(=O)O","is not an inhibitor [-]","9950961"
"CHEMBL25","CC(=O)Oc1ccccc1C(=O)O","is not an inhibitor [-]","9950961"
"CHEMBL8","OC(=O)C1=CN(C2CC2)c3cc(N4CCNCC4)c(F)cc3C1=O","transporter substrate","20190787"
"CHEMBL8","OC(=O)C1=CN(C2CC2)c3cc(N4CCNCC4)c(F)cc3C1=O","transporter substrate","20190787"
"CHEMBL3683287","Fc1ccc(NS(=O)(=O)c2ccc(Oc3ccc(C#N)c(Cl)c3)c(c2)C#N)nc1","",""
"CHEMBL3683287","Fc1ccc(NS(=O)(=O)c2ccc(Oc3ccc(C#N)c(Cl)c3)c(c2)C#N)nc1","",""
"CHEMBL3683287","Fc1ccc(NS(=O)(=O)c2ccc(Oc3ccc(C#N)c(Cl)c3)c(c2)C#N)nc1","",""
"CHEMBL3683287","Fc1ccc(NS(=O)(=O)c2ccc(Oc3ccc(C#N)c(Cl)c3)c(c2)C#N)nc1","",""
"CHEMBL1144","CC[C@H](C)C(=O)O[C@H]1C[C@H](O)C=C2C=C[C@H](C)[C@H](CC[C@@H](O)C[C@@H](O)CC(=O)O)[C@@H]12","inhibitor [IC50=408 +/- 144uM]","14978359"
"CHEMBL1144","CC[C@H](C)C(=O)O[C@H]1C[C@H](O)C=C2C=C[C@H](C)[C@H](CC[C@@H](O)C[C@@H](O)CC(=O)O)[C@@H]12","inhibitor [IC50=408 +/- 144uM]","14978359"
"CHEMBL1434","CN(C)[C@H]1[C@@H]2C[C@@H]3Cc4c(ccc(O)c4C(=O)C3=C(O)[C@]2(O)C(=O)C(=C1O)C(=O)N)N(C)C","inhibitor [(at a rough estimate) 10 % of control]","11855680"
"CHEMBL1434","CN(C)[C@H]1[C@@H]2C[C@@H]3Cc4c(ccc(O)c4C(=O)C3=C(O)[C@]2(O)C(=O)C(=C1O)C(=O)N)N(C)C","inhibitor [(at a rough estimate) 10 % of control]","11855680"
"CHEMBL1434","CN(C)[C@H]1[C@@H]2C[C@@H]3Cc4c(ccc(O)c4C(=O)C3=C(O)[C@]2(O)C(=O)C(=C1O)C(=O)N)N(C)C","inhibitor [(at a rough estimate) 10 % of control]","11855680"
"CHEMBL177756","OC(=O)c1ccccc1C2=C3C=CC(=O)C=C3Oc4cc(O)ccc24","inhibitor [(at a rough estimate) 20 % of control]","9950961"
"CHEMBL177756","OC(=O)c1ccccc1C2=C3C=CC(=O)C=C3Oc4cc(O)ccc24","inhibitor [(at a rough estimate) 20 % of control]","9950961"
"CHEMBL177756","OC(=O)c1ccccc1C2=C3C=CC(=O)C=C3Oc4cc(O)ccc24","inhibitor [(at a rough estimate) 20 % of control]","9950961"
"CHEMBL177756","OC(=O)c1ccccc1C2=C3C=CC(=O)C=C3Oc4cc(O)ccc24","inhibitor [(at a rough estimate) 20 % of control]","9950961"
"CHEMBL177756","OC(=O)c1ccccc1C2=C3C=CC(=O)C=C3Oc4cc(O)ccc24","inhibitor [(at a rough estimate) 20 % of control]","9950961"
"CHEMBL1770248","CCOc1ccc(Cc2cc(ccc2Cl)[C@]34OC[C@](CO)(O3)[C@@H](O)[C@H](O)[C@H]4O)cc1","Not Active","21449606"
"CHEMBL617","CC(=O)OCC1=C(N2[C@H](SC1)[C@H](NC(=O)Cc3cccs3)C2=O)C(=O)O","inhibitor [Ki=0.22uM]","11909604"
"CHEMBL617","CC(=O)OCC1=C(N2[C@H](SC1)[C@H](NC(=O)Cc3cccs3)C2=O)C(=O)O","inhibitor [Ki=0.22uM]","11909604"
"CHEMBL617","CC(=O)OCC1=C(N2[C@H](SC1)[C@H](NC(=O)Cc3cccs3)C2=O)C(=O)O","inhibitor [Ki=0.22uM]","11909604"
"CHEMBL494753","C[C@]12CC[C@H]3[C@@H](CCc4cc(OS(=O)(=O)O)ccc34)[C@@H]1CCC2=O","is not a substrate [-]","12011098"
"CHEMBL494753","C[C@]12CC[C@H]3[C@@H](CCc4cc(OS(=O)(=O)O)ccc34)[C@@H]1CCC2=O","is not a substrate [-]","12011098"
"CHEMBL494753","C[C@]12CC[C@H]3[C@@H](CCc4cc(OS(=O)(=O)O)ccc34)[C@@H]1CCC2=O","is not a substrate [-]","12011098"
