"CHEMBL171679","COC(=O)[C@H](Cc1ccccc1)NC(=O)[C@@H](N)CC(=O)O","is not an inhibitor [-]","11669456"
"CHEMBL29","CC1(C)S[C@@H]2[C@H](NC(=O)Cc3ccccc3)C(=O)N2[C@H]1C(=O)O","is not an inhibitor [-]","9950961"
"CHEMBL435","NS(=O)(=O)c1cc2c(NCNS2(=O)=O)cc1Cl","is not an inhibitor [-]","10049739"
"CHEMBL34259","CN(Cc1cnc2nc(N)nc(N)c2n1)c3ccc(cc3)C(=O)N[C@@H](CCC(=O)O)C(=O)O","is not an inhibitor [-]","9950961"
"CHEMBL15848","CCCCC\C=C/C\C=C/C\C=C/C\C=C/CCCC(=O)NCCO","is not an inhibitor [-]","9950961"
"CHEMBL9324","CC[N+](CC)(CC)CC","is not an inhibitor [-]","10462545"
"CHEMBL25","CC(=O)Oc1ccccc1C(=O)O","is not an inhibitor [-]","9950961"
"CHEMBL494753","C[C@]12CC[C@H]3[C@@H](CCc4cc(OS(=O)(=O)O)ccc34)[C@@H]1CCC2=O","is not a substrate [-]","12011098"
