"CHEMBL897","CCCN(CCC)S(=O)(=O)c1ccc(cc1)C(=O)O","inhibitor [IC50=6.3uM]","10929807"
"CHEMBL191","CCCCc1nc(Cl)c(CO)n1Cc2ccc(cc2)c3ccccc3c4nnn[nH]4","inhibitor [(at a rough estimate) 25 % of control]","10049739"
"CHEMBL1231530","OC(=O)CCNC(=O)c1ccccc1","inhibitor [Ki=23.6uM]","11426832"
"CHEMBL30","CN\C(=N/CCSCc1nc[nH]c1C)\NC#N","inhibitor [(at a rough estimate) 40 % of control]","11669456"
"CHEMBL484","Nc1ncnc2c1ncn2CCOCP(=O)(O)O","substrate [Km=30uM]","10462545"
"CHEMBL463","Nc1ccc(cc1)C(=O)NCC(=O)O","transporter substrate","20190787"
"CHEMBL1956820","COc1ccc2c(O[C@@H]3C[C@@H]4N(C3)C(=O)[C@H](CCCCCCC[C@@H]5C[C@]5(NC4=O)P(=O)(O)Cc6c(F)cccc6F)NC(=O)OC7CCCC7)cc(nc2c1Cl)c8csc(NC(C)C)n8","Active","22244938"
"CHEMBL6246","Oc1cc2C(=O)Oc3c(O)c(O)cc4C(=O)Oc(c1O)c2c34","inhibitor [IC50=270nM]","15870380"
"CHEMBL2074852","Nc1nc(N)c2ccn(CCOCP(=O)(O)O)c2n1","substrate [+]","10462545"
"CHEMBL1162495","OC(=O)CCCC(=O)O","substrate [Km=10.7uM]","10929807"
"CHEMBL571","CC(C(=O)O)c1cccc(c1)C(=O)c2ccccc2","inhibitor [IC50=1.4uM]","10929807"
"CHEMBL388590","CCc1oc2ccccc2c1C(=O)c3cc(Br)c(O)c(Br)c3","inhibitor [IC50=4.6uM]","12472777"
"CHEMBL392630","NC1=NC(=O)N(C[C@H]2COP(=O)(O)CO2)C=C1","inhibitor [IC50=1100uM]","10929807"
"CHEMBL2074987","N[C@H](CSc1nc2ccccc2s1)C(=O)O","substrate [IC509.9uM]","12538807"
"CHEMBL792","Oc1nc(O)c2nc(O)[nH]c2n1","substrate [Km=947uM]","12472777"
"CHEMBL1644","CC1=C(N2[C@H](SC1)[C@H](NC(=O)[C@H](N)c3ccc(O)cc3)C2=O)C(=O)O","inhibitor [Ki=6.14uM]","11909604"
"CHEMBL35","NS(=O)(=O)c1cc(C(=O)O)c(NCc2occc2)cc1Cl","inhibitor [<0 % of control]","9887087"
"CHEMBL548","CCCCC[C@H](O)\C=C\[C@H]1[C@H](O)CC(=O)[C@@H]1C\C=C/CCCC(=O)O","substrate [Km=0.97uM]","11907186"
"CHEMBL152","NC1=NC(=O)N(C[C@@H](CO)OCP(=O)(O)O)C=C1","substrate [Km=58uM]","10703662"
"CHEMBL154","COc1ccc2cc(ccc2c1)[C@H](C)C(=O)O","inhibitor [IC50=5.8uM]","10991954"
"CHEMBL316157","[O-]C(=O)C1=C(C[n+]2ccccc2)CS[C@@H]3[C@H](NC(=O)Cc4cccs4)C(=O)N13","inhibitor [IC50=1250uM]","10929807"
"CHEMBL16073","CCOc1ccc(NC(=O)C)cc1","inhibitor [IC50=200uM]","10991954"
"CHEMBL1730","CO\N=C(/C(=O)N[C@H]1[C@H]2SCC(=C(N2C1=O)C(=O)O)COC(=O)C)\c3csc(N)n3","inhibitor [Ki=3.13uM]","11909604"
"CHEMBL853","NC1=NC(=O)N(C=C1)[C@H]2CC[C@@H](CO)O2","transporter substrate","20190787"
"CHEMBL367623","OC(=O)COc1ccc(Cl)cc1Cl","inhibitor [(at a rough estimate) <5 % of control]","10462545"
"CHEMBL161","CO\N=C(/C(=O)N[C@H]1[C@H]2SCC(=C(N2C1=O)C(=O)O)CSC3=NC(=O)C(=NN3C)O)\c4csc(N)n4","inhibitor [Ki=0.23uM]","11909604"
"CHEMBL223737","NC1=Nc2c(ncn2CCOCP(=O)(O)O)C(=O)N1","substrate [+]","10462545"
"CHEMBL1250","CN1C(=O)Nc2[nH]cnc2C1=O","inhibitor [50% of control]","15207706"
"CHEMBL6","COc1ccc2c(c1)c(CC(=O)O)c(C)n2C(=O)c3ccc(Cl)cc3","inhibitor [60.6 % of control]","12130730"
"CHEMBL500596","OC(=O)CNC(=O)c1ccc(O)cc1","inhibitor [IC50=25uM]","11815391"
"CHEMBL2074845","","substrate [Km44uM]","12606766"
"CHEMBL1072","CCCCNc1cc(cc(c1Oc2ccccc2)S(=O)(=O)N)C(=O)O","inhibitor [(at a rough estimate) 45 % of control]","10049739"
"CHEMBL815","CCCCC[C@H](O)\C=C\[C@H]1[C@H](O)C[C@H](O)[C@@H]1C\C=C/CCCC(=O)O","substrate [Km=0.575uM]","11907186"
"CHEMBL527","CN1C(=C(O)c2ccccc2S1(=O)=O)C(=O)Nc3ccccn3","inhibitor [40.9 % of control]","12130730"
"CHEMBL521","CC(C)Cc1ccc(cc1)C(C)C(=O)O","inhibitor [47 % of control]","12130730"
"CHEMBL766","CC1(C)C[C@@H]1C(=O)N\C(=C/CCCCSC[C@H](N)C(=O)O)\C(=O)O","inhibitor [Ki=1470uM]","11426832"
"CHEMBL2074985","N[C@H](CSC(F)(F)C(F)Cl)C(=O)O","inhibitor [IC50177uM]","12538807"
"CHEMBL1233636","OS(=O)(=O)Oc1c[nH]c2ccccc12","substrate [Ki23uM]","12679137"
"CHEMBL139","OC(=O)Cc1ccccc1Nc2c(Cl)cccc2Cl","inhibitor [IC50=4uM]","10991954"
"CHEMBL1146","Cn1nnnc1SCC2=C(N3[C@H](SC2)[C@H](NC(=O)[C@H](O)c4ccccc4)C3=O)C(=O)O","inhibitor [Ki=0.03uM]","11909604"
"CHEMBL1624767","OS(=O)(=O)CC(S)CS","inhibitor [Ki=22.4uM]","11602689"
"CHEMBL52333","CCCN1C(=O)N(CCC)c2[nH]c(nc2C1=O)C34CC5CC(CC3C5)C4","inhibitor [Ki=7.82uM]","11426832"
"CHEMBL1433","C[C@@H]1[C@H]2[C@H](O)[C@H]3[C@H](N(C)C)C(=C(C(=O)N)C(=O)[C@@]3(O)C(=C2C(=O)c4c(O)cccc14)O)O","inhibitor [(at a rough estimate) 25 % of control]","11855680"
"CHEMBL141","NC1=NC(=O)N(C=C1)[C@@H]2CS[C@H](CO)O2","transporter substrate","20190787"
"CHEMBL589366","C[C@@H]1Cc2c(Cl)cc(C(=O)N[C@@H](Cc3ccccc3)C(=O)O)c(O)c2C(=O)O1","substrate [Km=0.42uM]","11669456"
"CHEMBL2074986","N[C@H](CS\C(=C\Cl)\Cl)C(=O)O","inhibitor [IC50208uM]","12538807"
"CHEMBL324846","CCCCCCCC(=O)O","inhibitor [Ki=5.41uM]","11669456"
"CHEMBL1686","OC(=O)CCC(=O)C(=O)O","inhibitor [(at a rough estimate) 5 % of control]","10462545"
"CHEMBL129","CC1=CN([C@H]2C[C@H](N=[N+]=[N-])[C@@H](CO)O2)C(=O)NC1=O","substrate [Km=45.9uM]","11861798"
"CHEMBL1435","Cc1nnc(SCC2=C(N3[C@H](SC2)[C@H](NC(=O)Cn4cnnn4)C3=O)C(=O)O)s1","inhibitor [Ki=0.18uM]","11909604"
"CHEMBL318164","OC(=O)c1ccc(C(=O)O)c(c1)C2=C3C=CC(=O)C=C3Oc4cc(O)ccc24","substrate [Km=3.95uM]","10929807"
"CHEMBL510139","C[C@H]1OC=C2C(=C(C(=O)O)C(=O)C(=C2[C@@H]1C)C)O","inhibitor [Ki=3080uM]","11669456"
"CHEMBL2074703","OS(=O)(=O)CC(S)CSSCC(S)S(=O)(=O)O","inhibitor [Ki=66uM]","11602689"
"CHEMBL563","CC(C(=O)O)c1ccc(c(F)c1)c2ccccc2","inhibitor [IC50=1.5uM]","10991954"
"CHEMBL145704","Cc1c(Br)c(O)c(Br)cc1C2(OS(=O)(=O)c3ccccc23)c4cc(Br)c(O)c(Br)c4C","inhibitor [(at a rough estimate) <5 % of control]","10462545"
"CHEMBL36506","CO[C@@H]1[C@@H](OC(=O)N)[C@@H](O)[C@H](Oc2ccc3C(=C(NC(=O)c4ccc(O)c(CC=C(C)C)c4)C(=O)Oc3c2C)O)OC1(C)C","transporter inhibitor","20190787"
"CHEMBL499808","CCC(C)CC(C)CCCCCCCCC(=O)N[C@H]1C[C@@H](O)[C@@H](NCCN)NC(=O)[C@@H]2[C@@H](O)CCN2C(=O)[C@@H](NC(=O)[C@@H](NC(=O)[C@@H]3C[C@@H](O)CN3C(=O)[C@@H](NC1=O)[C@@H](C)O)[C@H](O)[C@@H](O)c4ccc(O)cc4)[C@H](O)CCN","inhibitor [40% of control]","15716364"
"CHEMBL2074592","OS(=O)(=O)c1cc(NC=S)ccc1\C=C\c2ccc(cc2S(=O)(=O)O)N=C=S","inhibitor [64.2 % of control]",""
"CHEMBL424","OC(=O)c1ccccc1O","inhibitor [IC50=280uM]","10929807"
"CHEMBL1517","CN(C)[C@H]1[C@@H]2[C@@H](O)[C@H]3C(=C(O)[C@]2(O)C(=O)C(=C1O)C(=O)N)C(=O)c4c(O)cccc4[C@@]3(C)O","inhibitor [(at a rough estimate) 20 % of control]","11855680"
"CHEMBL507674","CCN1CCN(C(=O)N[C@@H](C(=O)N[C@H]2[C@H]3SCC(=C(N3C2=O)C(=O)O)CSc4nnnn4C)c5ccc(O)cc5)C(=O)C1=O","inhibitor [Ki=0.21uM]","11909604"
"CHEMBL1231562","CCCc1oc(CCC(=O)O)c(C(=O)O)c1C","substrate [Km=141uM]","14675047"
"CHEMBL622","CCc1cccc2c3CCOC(CC)(CC(=O)O)c3[nH]c12","inhibitor [IC50=50uM]","10991954"
"CHEMBL586","OC(=O)CNC(=O)c1ccccc1O","inhibitor [IC50=27uM]","11815391"
"CHEMBL2074590","CC(=O)Oc1c[nH]c2ccccc12","inhibitor [IC50=83uM]","11815391"
"CHEMBL1604","CC1=C(N2[C@H](SC1)[C@H](NC(=O)[C@H](N)C3=CCC=CC3)C2=O)C(=O)O","inhibitor [IC50=1600uM]","10929807"
"CHEMBL2074983","N[C@@H](CSc1nc2ccccc2s1)C(=O)O","inhibitor [IC50=9.9uM]","12538807"
"CHEMBL898","OC(=O)c1cc(ccc1O)c2ccc(F)cc2F","inhibitor [IC50=0.85uM]","10991954"
"CHEMBL8","OC(=O)C1=CN(C2CC2)c3cc(N4CCNCC4)c(F)cc3C1=O","transporter substrate","20190787"
"CHEMBL1144","CC[C@H](C)C(=O)O[C@H]1C[C@H](O)C=C2C=C[C@H](C)[C@H](CC[C@@H](O)C[C@@H](O)CC(=O)O)[C@@H]12","inhibitor [IC50=408 +/- 144uM]","14978359"
"CHEMBL1440","CN(C)[C@H]1[C@@H]2C[C@H]3C(=C(O)[C@]2(O)C(=O)C(=C1O)C(=O)N)C(=O)c4c(O)cccc4[C@@]3(C)O","inhibitor [(at a rough estimate) 45 % of control]","11855680"
"CHEMBL1434","CN(C)[C@H]1[C@@H]2C[C@@H]3Cc4c(ccc(O)c4C(=O)C3=C(O)[C@]2(O)C(=O)C(=C1O)C(=O)N)N(C)C","inhibitor [(at a rough estimate) 10 % of control]","11855680"
"CHEMBL177756","OC(=O)c1ccccc1C2=C3C=CC(=O)C=C3Oc4cc(O)ccc24","inhibitor [(at a rough estimate) 20 % of control]","9950961"
"CHEMBL617","CC(=O)OCC1=C(N2[C@H](SC1)[C@H](NC(=O)Cc3cccs3)C2=O)C(=O)O","inhibitor [Ki=0.22uM]","11909604"
"CHEMBL182","Nc1nc(O)c2ncn(COC(CO)CO)c2n1","Not Active","22190696"
"CHEMBL1540","Nc1nc(O)c2ncn(CCC(CO)CO)c2n1","Not Active","22190696"
"CHEMBL237500","CC#CCn1c(nc2N(C)C(=O)N(Cc3nc(C)c4ccccc4n3)C(=O)c12)N5CCC[C@@H](N)C5","Not Active","23073734"
"CHEMBL1770248","CCOc1ccc(Cc2cc(ccc2Cl)[C@]34OC[C@](CO)(O3)[C@@H](O)[C@H](O)[C@H]4O)cc1","Not Active","21449606"
