"Duplicates"
"CHEMBL463","Nc1ccc(cc1)C(=O)NCC(=O)O","transporter substrate","20190787"
"Aminohippuric acid","NC1=CC=C(C=C1)C(=O)NCC(O)=O","Solute carrier family 22 member 6","BE0001066","|substrate|inhibitor|","CHEMBL463"
"Duplicates"
"CHEMBL1162495","OC(=O)CCCC(=O)O","substrate [Km=10.7uM]","10929807"
"Glutaric Acid","OC(=O)CCCC(O)=O","Solute carrier family 22 member 6","BE0001066","|substrate|inhibitor|","CHEMBL1162495"
"Duplicates"
"CHEMBL548","CCCCC[C@H](O)\C=C\[C@H]1[C@H](O)CC(=O)[C@@H]1C\C=C/CCCC(=O)O","substrate [Km=0.97uM]","11907186"
"Dinoprostone","CCCCC[C@H](O)\C=C\[C@H]1[C@H](O)CC(=O)[C@@H]1C\C=C/CCCC(O)=O","Solute carrier family 22 member 6","BE0001066","|substrate|inhibitor|","CHEMBL548"
"Duplicates"
"CHEMBL152","NC1=NC(=O)N(C[C@@H](CO)OCP(=O)(O)O)C=C1","substrate [Km=58uM]","10703662"
"Cidofovir","NC1=NC(=O)N(C[C@@H](CO)OCP(O)(O)=O)C=C1","Solute carrier family 22 member 6","BE0001066","|substrate|inhibitor|","CHEMBL152"
"Duplicates"
"CHEMBL853","NC1=NC(=O)N(C=C1)[C@H]2CC[C@@H](CO)O2","transporter substrate","20190787"
"Zalcitabine","NC1=NC(=O)N(C=C1)[C@H]1CC[C@@H](CO)O1","Solute carrier family 22 member 6","BE0001066","|substrate|","CHEMBL853"
"Duplicates"
"CHEMBL141","NC1=NC(=O)N(C=C1)[C@@H]2CS[C@H](CO)O2","transporter substrate","20190787"
"Lamivudine","NC1=NC(=O)N(C=C1)[C@@H]1CS[C@H](CO)O1","Solute carrier family 22 member 6","BE0001066","|substrate|","CHEMBL141"
"Duplicates"
"CHEMBL129","CC1=CN([C@H]2C[C@H](N=[N+]=[N-])[C@@H](CO)O2)C(=O)NC1=O","substrate [Km=45.9uM]","11861798"
"Zidovudine","CC1=CN([C@H]2C[C@H](N=[N+]=[N-])[C@@H](CO)O2)C(=O)NC1=O","Solute carrier family 22 member 6","BE0001066","|substrate|","CHEMBL129"
"Duplicates"
"CHEMBL897","CCCN(CCC)S(=O)(=O)c1ccc(cc1)C(=O)O","inhibitor [IC50=6.3uM]","10929807"
"Probenecid","CCCN(CCC)S(=O)(=O)C1=CC=C(C=C1)C(O)=O","Solute carrier family 22 member 6","BE0001066","|inhibitor|","CHEMBL897"
"Duplicates"
"CHEMBL191","CCCCc1nc(Cl)c(CO)n1Cc2ccc(cc2)c3ccccc3c4nnn[nH]4","inhibitor [(at a rough estimate) 25 % of control]","10049739"
"Losartan","CCCCC1=NC(Cl)=C(CO)N1CC1=CC=C(C=C1)C1=CC=CC=C1C1=NNN=N1","Solute carrier family 22 member 6","BE0001066","|inhibitor|","CHEMBL191"
"Duplicates"
"CHEMBL6246","Oc1cc2C(=O)Oc3c(O)c(O)cc4C(=O)Oc(c1O)c2c34","inhibitor [IC50=270nM]","15870380"
"Ellagic Acid","OC1=C(O)C2=C3C(=C1)C(=O)OC1=C3C(=CC(O)=C1O)C(=O)O2","Solute carrier family 22 member 6","BE0001066","|substrate|inhibitor|","CHEMBL6246"
"Duplicates"
"CHEMBL571","CC(C(=O)O)c1cccc(c1)C(=O)c2ccccc2","inhibitor [IC50=1.4uM]","10929807"
"Ketoprofen","CC(C(O)=O)C1=CC(=CC=C1)C(=O)C1=CC=CC=C1","Solute carrier family 22 member 6","BE0001066","|inhibitor|","CHEMBL571"
"Duplicates"
"CHEMBL1644","CC1=C(N2[C@H](SC1)[C@H](NC(=O)[C@H](N)c3ccc(O)cc3)C2=O)C(=O)O","inhibitor [Ki=6.14uM]","11909604"
"Cefadroxil","[H][C@]12SCC(C)=C(N1C(=O)[C@H]2NC(=O)[C@H](N)C1=CC=C(O)C=C1)C(O)=O","Solute carrier family 22 member 6","BE0001066","|inhibitor|","CHEMBL1644"
"Duplicates"
"CHEMBL35","NS(=O)(=O)c1cc(C(=O)O)c(NCc2occc2)cc1Cl","inhibitor [<0 % of control]","9887087"
"Furosemide","NS(=O)(=O)C1=C(Cl)C=C(NCC2=CC=CO2)C(=C1)C(O)=O","Solute carrier family 22 member 6","BE0001066","|inhibitor|inducer|","CHEMBL35"
"Duplicates"
"CHEMBL154","COc1ccc2cc(ccc2c1)[C@H](C)C(=O)O","inhibitor [IC50=5.8uM]","10991954"
"Naproxen","COC1=CC2=C(C=C1)C=C(C=C2)[C@H](C)C(O)=O","Solute carrier family 22 member 6","BE0001066","|inhibitor|","CHEMBL154"
"Duplicates"
"CHEMBL16073","CCOc1ccc(NC(=O)C)cc1","inhibitor [IC50=200uM]","10991954"
"Phenacetin","CCOC1=CC=C(NC(C)=O)C=C1","Solute carrier family 22 member 6","BE0001066","|inhibitor|","CHEMBL16073"
"Duplicates"
"CHEMBL1730","CO\N=C(/C(=O)N[C@H]1[C@H]2SCC(=C(N2C1=O)C(=O)O)COC(=O)C)\c3csc(N)n3","inhibitor [Ki=3.13uM]","11909604"
"Cefotaxime","[H][C@]12SCC(COC(C)=O)=C(N1C(=O)[C@H]2NC(=O)C(=N/OC)\C1=CSC(N)=N1)C(O)=O","Solute carrier family 22 member 6","BE0001066","|inhibitor|","CHEMBL1730"
"Duplicates"
"CHEMBL6","COc1ccc2c(c1)c(CC(=O)O)c(C)n2C(=O)c3ccc(Cl)cc3","inhibitor [60.6 % of control]","12130730"
"Indomethacin","COC1=CC2=C(C=C1)N(C(=O)C1=CC=C(Cl)C=C1)C(C)=C2CC(O)=O","Solute carrier family 22 member 6","BE0001066","|substrate|inhibitor|","CHEMBL6"
"Duplicates"
"CHEMBL1072","CCCCNc1cc(cc(c1Oc2ccccc2)S(=O)(=O)N)C(=O)O","inhibitor [(at a rough estimate) 45 % of control]","10049739"
"Bumetanide","CCCCNC1=C(OC2=CC=CC=C2)C(=CC(=C1)C(O)=O)S(N)(=O)=O","Solute carrier family 22 member 6","BE0001066","|substrate|inhibitor|","CHEMBL1072"
"Duplicates"
"CHEMBL527","CN1C(=C(O)c2ccccc2S1(=O)=O)C(=O)Nc3ccccn3","inhibitor [40.9 % of control]","12130730"
"Piroxicam","CN1C(C(=O)NC2=NC=CC=C2)=C(O)C2=C(C=CC=C2)S1(=O)=O","Solute carrier family 22 member 6","BE0001066","|inhibitor|","CHEMBL527"
"Duplicates"
"CHEMBL521","CC(C)Cc1ccc(cc1)C(C)C(=O)O","inhibitor [47 % of control]","12130730"
"Ibuprofen","CC(C)CC1=CC=C(C=C1)C(C)C(O)=O","Solute carrier family 22 member 6","BE0001066","|inhibitor|","CHEMBL521"
"Duplicates"
"CHEMBL766","CC1(C)C[C@@H]1C(=O)N\C(=C/CCCCSC[C@H](N)C(=O)O)\C(=O)O","inhibitor [Ki=1470uM]","11426832"
"Cilastatin","N[C@@H](CSCCCC\C=C(/NC(=O)[C@H]1CC1(C)C)C(=O)O)C(=O)O","Solute carrier family 22 member 6","BE0001066","|inhibitor|","CHEMBL766"
"Duplicates"
"CHEMBL139","OC(=O)Cc1ccccc1Nc2c(Cl)cccc2Cl","inhibitor [IC50=4uM]","10991954"
"Diclofenac","OC(=O)CC1=CC=CC=C1NC1=C(Cl)C=CC=C1Cl","Solute carrier family 22 member 6","BE0001066","|inhibitor|","CHEMBL139"
"Duplicates"
"CHEMBL1146","Cn1nnnc1SCC2=C(N3[C@H](SC2)[C@H](NC(=O)[C@H](O)c4ccccc4)C3=O)C(=O)O","inhibitor [Ki=0.03uM]","11909604"
"Cefamandole","[H][C@]12SCC(CSC3=NN=NN3C)=C(N1C(=O)[C@H]2NC(=O)[C@H](O)C1=CC=CC=C1)C(O)=O","Solute carrier family 22 member 6","BE0001066","|inhibitor|","CHEMBL1146"
"Duplicates"
"CHEMBL1433","C[C@@H]1[C@H]2[C@H](O)[C@H]3[C@H](N(C)C)C(=C(C(=O)N)C(=O)[C@@]3(O)C(=C2C(=O)c4c(O)cccc14)O)O","inhibitor [(at a rough estimate) 25 % of control]","11855680"
"Doxycycline","[H][C@@]12[C@@H](C)C3=C(C(O)=CC=C3)C(=O)C1=C(O)[C@]1(O)C(=O)C(C(N)=O)=C(O)[C@@H](N(C)C)[C@]1([H])[C@H]2O","Solute carrier family 22 member 6","BE0001066","|inhibitor|","CHEMBL1433"
"Duplicates"
"CHEMBL324846","CCCCCCCC(=O)O","inhibitor [Ki=5.41uM]","11669456"
"Caprylic acid","CCCCCCCC(O)=O","Solute carrier family 22 member 6","BE0001066","|inhibitor|","CHEMBL324846"
"Duplicates"
"CHEMBL1435","Cc1nnc(SCC2=C(N3[C@H](SC2)[C@H](NC(=O)Cn4cnnn4)C3=O)C(=O)O)s1","inhibitor [Ki=0.18uM]","11909604"
"Cefazolin","[H][C@]12SCC(CSC3=NN=C(C)S3)=C(N1C(=O)[C@H]2NC(=O)CN1C=NN=N1)C(O)=O","Solute carrier family 22 member 6","BE0001066","|substrate|inhibitor|","CHEMBL1435"
"Duplicates"
"CHEMBL563","CC(C(=O)O)c1ccc(c(F)c1)c2ccccc2","inhibitor [IC50=1.5uM]","10991954"
"Flurbiprofen","CC(C(O)=O)C1=CC(F)=C(C=C1)C1=CC=CC=C1","Solute carrier family 22 member 6","BE0001066","|inhibitor|","CHEMBL563"
"Duplicates"
"CHEMBL36506","CO[C@@H]1[C@@H](OC(=O)N)[C@@H](O)[C@H](Oc2ccc3C(=C(NC(=O)c4ccc(O)c(CC=C(C)C)c4)C(=O)Oc3c2C)O)OC1(C)C","transporter inhibitor","20190787"
"Novobiocin","CO[C@@H]1[C@@H](OC(N)=O)[C@@H](O)[C@H](OC2=C(C)C3=C(C=C2)C(O)=C(NC(=O)C2=CC=C(O)C(CC=C(C)C)=C2)C(=O)O3)OC1(C)C","Solute carrier family 22 member 6","BE0001066","|inhibitor|","CHEMBL36506"
"Duplicates"
"CHEMBL499808","CCC(C)CC(C)CCCCCCCCC(=O)N[C@H]1C[C@@H](O)[C@@H](NCCN)NC(=O)[C@@H]2[C@@H](O)CCN2C(=O)[C@@H](NC(=O)[C@@H](NC(=O)[C@@H]3C[C@@H](O)CN3C(=O)[C@@H](NC1=O)[C@@H](C)O)[C@H](O)[C@@H](O)c4ccc(O)cc4)[C@H](O)CCN","inhibitor [40% of control]","15716364"
"Caspofungin","CCC(C)CC(C)CCCCCCCCC(=O)N[C@H]1C[C@@H](O)[C@@H](NCCN)NC(=O)[C@@H]2[C@@H](O)CCN2C(=O)[C@@H](NC(=O)[C@@H](NC(=O)[C@@H]2C[C@@H](O)CN2C(=O)[C@@H](NC1=O)[C@@H](C)O)[C@H](O)[C@@H](O)C1=CC=C(O)C=C1)[C@H](O)CCN","Solute carrier family 22 member 6","BE0001066","|inhibitor|","CHEMBL499808"
"Duplicates"
"CHEMBL424","OC(=O)c1ccccc1O","inhibitor [IC50=280uM]","10929807"
"Salicylic acid","OC(=O)C1=CC=CC=C1O","Solute carrier family 22 member 6","BE0001066","|inhibitor|","CHEMBL424"
"Duplicates"
"CHEMBL1517","CN(C)[C@H]1[C@@H]2[C@@H](O)[C@H]3C(=C(O)[C@]2(O)C(=O)C(=C1O)C(=O)N)C(=O)c4c(O)cccc4[C@@]3(C)O","inhibitor [(at a rough estimate) 20 % of control]","11855680"
"Oxytetracycline","[H][C@@]12[C@@H](O)[C@@]3([H])C(C(=O)C4=C(O)C=CC=C4[C@@]3(C)O)=C(O)[C@]1(O)C(=O)C(C(N)=O)=C(O)[C@H]2N(C)C","Solute carrier family 22 member 6","BE0001066","|inhibitor|","CHEMBL1517"
"Duplicates"
"CHEMBL507674","CCN1CCN(C(=O)N[C@@H](C(=O)N[C@H]2[C@H]3SCC(=C(N3C2=O)C(=O)O)CSc4nnnn4C)c5ccc(O)cc5)C(=O)C1=O","inhibitor [Ki=0.21uM]","11909604"
"Cefoperazone","[H][C@]12SCC(CSC3=NN=NN3C)=C(N1C(=O)[C@H]2NC(=O)C(NC(=O)N1CCN(CC)C(=O)C1=O)C1=CC=C(O)C=C1)C(O)=O","Solute carrier family 22 member 6","BE0001066","|inhibitor|","CHEMBL507674"
"Duplicates"
"CHEMBL622","CCc1cccc2c3CCOC(CC)(CC(=O)O)c3[nH]c12","inhibitor [IC50=50uM]","10991954"
"Etodolac","CCC1=C2NC3=C(CCOC3(CC)CC(O)=O)C2=CC=C1","Solute carrier family 22 member 6","BE0001066","|inhibitor|","CHEMBL622"
"Duplicates"
"CHEMBL1604","CC1=C(N2[C@H](SC1)[C@H](NC(=O)[C@H](N)C3=CCC=CC3)C2=O)C(=O)O","inhibitor [IC50=1600uM]","10929807"
"Cefradine","[H][C@]12SCC(C)=C(N1C(=O)[C@H]2NC(=O)[C@H](N)C1=CCC=CC1)C(O)=O","Solute carrier family 22 member 6","BE0001066","|inhibitor|","CHEMBL1604"
"Duplicates"
"CHEMBL898","OC(=O)c1cc(ccc1O)c2ccc(F)cc2F","inhibitor [IC50=0.85uM]","10991954"
"Diflunisal","OC(=O)C1=C(O)C=CC(=C1)C1=C(F)C=C(F)C=C1","Solute carrier family 22 member 6","BE0001066","|inhibitor|","CHEMBL898"
"Duplicates"
"CHEMBL1144","CC[C@H](C)C(=O)O[C@H]1C[C@H](O)C=C2C=C[C@H](C)[C@H](CC[C@@H](O)C[C@@H](O)CC(=O)O)[C@@H]12","inhibitor [IC50=408 +/- 144uM]","14978359"
"Pravastatin","[H][C@]12[C@H](C[C@H](O)C=C1C=C[C@H](C)[C@@H]2CC[C@@H](O)C[C@@H](O)CC(O)=O)OC(=O)[C@@H](C)CC","Solute carrier family 22 member 6","BE0001066","|inhibitor|","CHEMBL1144"
"Duplicates"
"CHEMBL1440","CN(C)[C@H]1[C@@H]2C[C@H]3C(=C(O)[C@]2(O)C(=O)C(=C1O)C(=O)N)C(=O)c4c(O)cccc4[C@@]3(C)O","inhibitor [(at a rough estimate) 45 % of control]","11855680"
"Tetracycline","[H][C@@]12C[C@@]3([H])C(=C(O)[C@]1(O)C(=O)C(C(N)=O)=C(O)[C@H]2N(C)C)C(=O)C1=C(O)C=CC=C1[C@@]3(C)O","Solute carrier family 22 member 6","BE0001066","|inhibitor|","CHEMBL1440"
"Duplicates"
"CHEMBL1434","CN(C)[C@H]1[C@@H]2C[C@@H]3Cc4c(ccc(O)c4C(=O)C3=C(O)[C@]2(O)C(=O)C(=C1O)C(=O)N)N(C)C","inhibitor [(at a rough estimate) 10 % of control]","11855680"
"Minocycline","[H][C@@]12CC3=C(C(O)=CC=C3N(C)C)C(=O)C1=C(O)[C@]1(O)C(=O)C(C(N)=O)=C(O)[C@@H](N(C)C)[C@]1([H])C2","Solute carrier family 22 member 6","BE0001066","|inhibitor|","CHEMBL1434"
"Duplicates"
"CHEMBL617","CC(=O)OCC1=C(N2[C@H](SC1)[C@H](NC(=O)Cc3cccs3)C2=O)C(=O)O","inhibitor [Ki=0.22uM]","11909604"
"Cefalotin","[H][C@]12SCC(COC(C)=O)=C(N1C(=O)[C@H]2NC(=O)CC1=CC=CS1)C(O)=O","Solute carrier family 22 member 6","BE0001066","|inhibitor|","CHEMBL617"
