"Cyclosporine","CC[C@@H]1NC(=O)[C@H]([C@H](O)[C@H](C)C\C=C\C)N(C)C(=O)[C@H](C(C)C)N(C)C(=O)[C@H](CC(C)C)N(C)C(=O)[C@H](CC(C)C)N(C)C(=O)[C@@H](C)NC(=O)[C@H](C)NC(=O)[C@H](CC(C)C)N(C)C(=O)[C@@H](NC(=O)[C@H](CC(C)C)N(C)C(=O)CN(C)C1=O)C(C)C","Solute carrier family 22 member 6","BE0001066","|inhibitor|","CHEMBL160"
"Riboflavin","CC1=C(C)C=C2N(C[C@H](O)[C@H](O)[C@H](O)CO)C3=NC(=O)NC(=O)C3=NC2=C1","Solute carrier family 22 member 6","BE0001066","|inhibitor|","CHEMBL1534"
"L-Citrulline","N[C@@H](CCCNC(N)=O)C(O)=O","Solute carrier family 22 member 6","BE0001066","|substrate|","CHEMBL444814"
"Folic Acid","NC1=NC(=O)C2=NC(CNC3=CC=C(C=C3)C(=O)N[C@@H](CCC(O)=O)C(O)=O)=CN=C2N1","Solute carrier family 22 member 6","BE0001066","|inhibitor|","CHEMBL1622"
"Aspartame","COC(=O)[C@H](CC1=CC=CC=C1)NC(=O)[C@@H](N)CC(O)=O","Solute carrier family 22 member 6","BE0001066","|inhibitor|","CHEMBL171679"
"Pravastatin","[H][C@]12[C@H](C[C@H](O)C=C1C=C[C@H](C)[C@@H]2CC[C@@H](O)C[C@@H](O)CC(O)=O)OC(=O)[C@@H](C)CC","Solute carrier family 22 member 6","BE0001066","|inhibitor|","CHEMBL1144"
"Cefotiam","[H][C@]12SCC(CSC3=NN=NN3CCN(C)C)=C(N1C(=O)[C@H]2NC(=O)CC1=CSC(N)=N1)C(O)=O","Solute carrier family 22 member 6","BE0001066","|substrate|inhibitor|","CHEMBL1296"
"Doxycycline","[H][C@@]12[C@@H](C)C3=C(C(O)=CC=C3)C(=O)C1=C(O)[C@]1(O)C(=O)C(C(N)=O)=C(O)[C@@H](N(C)C)[C@]1([H])[C@H]2O","Solute carrier family 22 member 6","BE0001066","|inhibitor|","CHEMBL1433"
"Tenofovir disoproxil","[H][C@@](C)(CN1C=NC2=C(N)N=CN=C12)OCP(=O)(OCOC(=O)OC(C)C)OCOC(=O)OC(C)C","Solute carrier family 22 member 6","BE0001066","|substrate|","CHEMBL1538"
"Ethoxzolamide","CCOC1=CC2=C(C=C1)N=C(S2)S(N)(=O)=O","Solute carrier family 22 member 6","BE0001066","|inhibitor|","CHEMBL18"
"Valproic Acid","CCCC(CCC)C(O)=O","Solute carrier family 22 member 6","BE0001066","|inhibitor|","CHEMBL109"
"Acetaminophen","CC(=O)NC1=CC=C(O)C=C1","Solute carrier family 22 member 6","BE0001066","|inhibitor|","CHEMBL112"
"Piperacillin","[H][C@]12SC(C)(C)[C@@H](N1C(=O)[C@H]2NC(=O)[C@H](NC(=O)N1CCN(CC)C(=O)C1=O)C1=CC=CC=C1)C(O)=O","Solute carrier family 22 member 6","BE0001066","|inhibitor|","CHEMBL702"
"Indomethacin","COC1=CC2=C(C=C1)N(C(=O)C1=CC=C(Cl)C=C1)C(C)=C2CC(O)=O","Solute carrier family 22 member 6","BE0001066","|substrate|inhibitor|","CHEMBL6"
"Aminohippuric acid","NC1=CC=C(C=C1)C(=O)NCC(O)=O","Solute carrier family 22 member 6","BE0001066","|substrate|inhibitor|","CHEMBL463"
"Grepafloxacin","CC1CN(CCN1)C1=C(F)C(C)=C2C(=O)C(=CN(C3CC3)C2=C1)C(O)=O","Solute carrier family 22 member 6","BE0001066","|substrate|","CHEMBL583"
"Cidofovir","NC1=NC(=O)N(C[C@@H](CO)OCP(O)(O)=O)C=C1","Solute carrier family 22 member 6","BE0001066","|substrate|inhibitor|","CHEMBL152"
"Trifluridine","OC[C@H]1O[C@H](C[C@@H]1O)N1C=C(C(=O)NC1=O)C(F)(F)F","Solute carrier family 22 member 6","BE0001066","|substrate|inhibitor|","CHEMBL1129"
"Ceftazidime","[O-]C(=O)C1=C(CS[C@]2([H])[C@H](NC(=O)C(=N/OC(C)(C)C(O)=O)\C3=CSC(N)=N3)C(=O)N12)C[N+]1=CC=CC=C1","Solute carrier family 22 member 6","BE0001066","|inhibitor|","CHEMBL44354"
"Chloramphenicol","OC[C@@H](NC(=O)C(Cl)Cl)[C@H](O)C1=CC=C(C=C1)[N+]([O-])=O","Solute carrier family 22 member 6","BE0001066","|inhibitor|","CHEMBL130"
"Cefalotin","[H][C@]12SCC(COC(C)=O)=C(N1C(=O)[C@H]2NC(=O)CC1=CC=CS1)C(O)=O","Solute carrier family 22 member 6","BE0001066","|inhibitor|","CHEMBL617"
"Cefotaxime","[H][C@]12SCC(COC(C)=O)=C(N1C(=O)[C@H]2NC(=O)C(=N/OC)\C1=CSC(N)=N1)C(O)=O","Solute carrier family 22 member 6","BE0001066","|inhibitor|","CHEMBL1730"
"Zidovudine","CC1=CN([C@H]2C[C@H](N=[N+]=[N-])[C@@H](CO)O2)C(=O)NC1=O","Solute carrier family 22 member 6","BE0001066","|substrate|","CHEMBL129"
"Tolmetin","CN1C(CC(O)=O)=CC=C1C(=O)C1=CC=C(C)C=C1","Solute carrier family 22 member 6","BE0001066","|inhibitor|","CHEMBL1020"
"Cimetidine","C\N=C(\NCCSCC1=C(C)NC=N1)NC#N","Solute carrier family 22 member 6","BE0001066","|substrate|inhibitor|","CHEMBL30"
"Caspofungin","CCC(C)CC(C)CCCCCCCCC(=O)N[C@H]1C[C@@H](O)[C@@H](NCCN)NC(=O)[C@@H]2[C@@H](O)CCN2C(=O)[C@@H](NC(=O)[C@@H](NC(=O)[C@@H]2C[C@@H](O)CN2C(=O)[C@@H](NC1=O)[C@@H](C)O)[C@H](O)[C@@H](O)C1=CC=C(O)C=C1)[C@H](O)CCN","Solute carrier family 22 member 6","BE0001066","|inhibitor|","CHEMBL499808"
"Foscarnet","OC(=O)P(O)(O)=O","Solute carrier family 22 member 6","BE0001066","|inhibitor|","CHEMBL666"
"Cefdinir","[H][C@]12SCC(C=C)=C(N1C(=O)[C@H]2NC(=O)C(=N/O)\C1=CSC(N)=N1)C(O)=O","Solute carrier family 22 member 6","BE0001066","|substrate|","CHEMBL927"
"Piroxicam","CN1C(C(=O)NC2=NC=CC=C2)=C(O)C2=C(C=CC=C2)S1(=O)=O","Solute carrier family 22 member 6","BE0001066","|inhibitor|","CHEMBL527"
"Methotrexate","CN(CC1=CN=C2N=C(N)N=C(N)C2=N1)C1=CC=C(C=C1)C(=O)N[C@@H](CCC(O)=O)C(O)=O","Solute carrier family 22 member 6","BE0001066","|substrate|inhibitor|","CHEMBL34259"
"Cephalexin","[H][C@]12SCC(C)=C(N1C(=O)[C@H]2NC(=O)[C@H](N)C1=CC=CC=C1)C(O)=O","Solute carrier family 22 member 6","BE0001066","|substrate|inhibitor|","CHEMBL1727"
"Valaciclovir","CC(C)[C@H](N)C(=O)OCCOCN1C=NC2=C1NC(N)=NC2=O","Solute carrier family 22 member 6","BE0001066","|","CHEMBL1349"
"Carbenicillin","[H][C@]12SC(C)(C)[C@@H](N1C(=O)[C@H]2NC(=O)C(C(O)=O)C1=CC=CC=C1)C(O)=O","Solute carrier family 22 member 6","BE0001066","|inhibitor|","CHEMBL1214"
"Enalapril","CCOC(=O)[C@H](CCC1=CC=CC=C1)N[C@@H](C)C(=O)N1CCC[C@H]1C(O)=O","Solute carrier family 22 member 6","BE0001066","|inhibitor|","CHEMBL578"
"Diclofenac","OC(=O)CC1=CC=CC=C1NC1=C(Cl)C=CC=C1Cl","Solute carrier family 22 member 6","BE0001066","|inhibitor|","CHEMBL139"
"Oxytetracycline","[H][C@@]12[C@@H](O)[C@@]3([H])C(C(=O)C4=C(O)C=CC=C4[C@@]3(C)O)=C(O)[C@]1(O)C(=O)C(C(N)=O)=C(O)[C@H]2N(C)C","Solute carrier family 22 member 6","BE0001066","|inhibitor|","CHEMBL1517"
"Sulindac","CC1=C(CC(O)=O)C2=CC(F)=CC=C2\C1=C/C1=CC=C(C=C1)S(C)=O","Solute carrier family 22 member 6","BE0001066","|inhibitor|","CHEMBL15770"
"Cyclothiazide","NS(=O)(=O)C1=C(Cl)C=C2NC(NS(=O)(=O)C2=C1)C1CC2CC1C=C2","Solute carrier family 22 member 6","BE0001066","|inhibitor|","CHEMBL61593"
"Nafcillin","[H][C@]12SC(C)(C)[C@@H](N1C(=O)[C@H]2NC(=O)C1=C(OCC)C=CC2=CC=CC=C12)C(O)=O","Solute carrier family 22 member 6","BE0001066","|inhibitor|","CHEMBL1443"
"Stavudine","CC1=CN([C@@H]2O[C@H](CO)C=C2)C(=O)NC1=O","Solute carrier family 22 member 6","BE0001066","|substrate|","CHEMBL991"
"Chlorpropamide","CCCNC(=O)NS(=O)(=O)C1=CC=C(Cl)C=C1","Solute carrier family 22 member 6","BE0001066","|inhibitor|","CHEMBL498"
"Losartan","CCCCC1=NC(Cl)=C(CO)N1CC1=CC=C(C=C1)C1=CC=CC=C1C1=NNN=N1","Solute carrier family 22 member 6","BE0001066","|inhibitor|","CHEMBL191"
"Fluorescein","OC1=CC2=C(C=C1)C1(OC(=O)C3=CC=CC=C13)C1=C(O2)C=C(O)C=C1","Solute carrier family 22 member 6","BE0001066","|substrate|inhibitor|","CHEMBL1057"
"Furosemide","NS(=O)(=O)C1=C(Cl)C=C(NCC2=CC=CO2)C(=C1)C(O)=O","Solute carrier family 22 member 6","BE0001066","|inhibitor|inducer|","CHEMBL35"
"Methazolamide","CN1N=C(SC1=NC(C)=O)S(N)(=O)=O","Solute carrier family 22 member 6","BE0001066","|inhibitor|","CHEMBL1335656"
"Lamivudine","NC1=NC(=O)N(C=C1)[C@@H]1CS[C@H](CO)O1","Solute carrier family 22 member 6","BE0001066","|substrate|","CHEMBL141"
"Flurbiprofen","CC(C(O)=O)C1=CC(F)=C(C=C1)C1=CC=CC=C1","Solute carrier family 22 member 6","BE0001066","|inhibitor|","CHEMBL563"
"Adefovir Dipivoxil","CC(C)(C)C(=O)OCOP(=O)(COCCN1C=NC2=C(N)N=CN=C12)OCOC(=O)C(C)(C)C","Solute carrier family 22 member 6","BE0001066","|substrate|inhibitor|","CHEMBL922"
"Nateglinide","[H][C@](CC1=CC=CC=C1)(N=C(O)[C@@]1([H])CC[C@@]([H])(CC1)C(C)C)C(O)=O","Solute carrier family 22 member 6","BE0001066","|inhibitor|","CHEMBL783"
"Etodolac","CCC1=C2NC3=C(CCOC3(CC)CC(O)=O)C2=CC=C1","Solute carrier family 22 member 6","BE0001066","|inhibitor|","CHEMBL622"
"Tetracycline","[H][C@@]12C[C@@]3([H])C(=C(O)[C@]1(O)C(=O)C(C(N)=O)=C(O)[C@H]2N(C)C)C(=O)C1=C(O)C=CC=C1[C@@]3(C)O","Solute carrier family 22 member 6","BE0001066","|inhibitor|","CHEMBL1440"
"Alprostadil","CCCCC[C@H](O)C=C[C@H]1[C@H](O)CC(=O)[C@@H]1CCCCCCC(O)=O","Solute carrier family 22 member 6","BE0001066","|substrate|inhibitor|","CHEMBL495"
"Nalidixic Acid","CCN1C=C(C(O)=O)C(=O)C2=C1N=C(C)C=C2","Solute carrier family 22 member 6","BE0001066","|inhibitor|","CHEMBL5"
"Acyclovir","NC1=NC(=O)C2=C(N1)N(COCCO)C=N2","Solute carrier family 22 member 6","BE0001066","|substrate|inhibitor|","CHEMBL184"
"Naproxen","COC1=CC2=C(C=C1)C=C(C=C2)[C@H](C)C(O)=O","Solute carrier family 22 member 6","BE0001066","|inhibitor|","CHEMBL154"
"Gentamicin","CNC(C)C1CCC(N)C(OC2C(N)CC(N)C(OC3OCC(C)(O)C(NC)C3O)C2O)O1","Solute carrier family 22 member 6","BE0001066","|inhibitor|","CHEMBL329592"
"Phenylbutazone","CCCCC1C(=O)N(N(C1=O)C1=CC=CC=C1)C1=CC=CC=C1","Solute carrier family 22 member 6","BE0001066","|inhibitor|","CHEMBL101"
"Acetazolamide","CC(=O)NC1=NN=C(S1)S(N)(=O)=O","Solute carrier family 22 member 6","BE0001066","|inhibitor|","CHEMBL20"
"Carprofen","CC(C(O)=O)C1=CC2=C(C=C1)C1=C(N2)C=CC(Cl)=C1","Solute carrier family 22 member 6","BE0001066","|inhibitor|","CHEMBL1316"
"Cinoxacin","CCN1N=C(C(O)=O)C(=O)C2=CC3=C(OCO3)C=C12","Solute carrier family 22 member 6","BE0001066","|inhibitor|","CHEMBL1208"
"Diflunisal","OC(=O)C1=C(O)C=CC(=C1)C1=C(F)C=C(F)C=C1","Solute carrier family 22 member 6","BE0001066","|inhibitor|","CHEMBL898"
"Ranitidine","CN\C(NCCSCC1=CC=C(CN(C)C)O1)=C/[N+]([O-])=O","Solute carrier family 22 member 6","BE0001066","|substrate|inhibitor|","CHEMBL512"
"Chlorothiazide","NS(=O)(=O)C1=C(Cl)C=C2NC=NS(=O)(=O)C2=C1","Solute carrier family 22 member 6","BE0001066","|inhibitor|","CHEMBL842"
"Bumetanide","CCCCNC1=C(OC2=CC=CC=C2)C(=CC(=C1)C(O)=O)S(N)(=O)=O","Solute carrier family 22 member 6","BE0001066","|substrate|inhibitor|","CHEMBL1072"
"Didanosine","OC[C@@H]1CC[C@@H](O1)N1C=NC2=C1NC=NC2=O","Solute carrier family 22 member 6","BE0001066","|substrate|","CHEMBL1460"
"Etacrynic acid","CCC(=C)C(=O)C1=C(Cl)C(Cl)=C(OCC(O)=O)C=C1","Solute carrier family 22 member 6","BE0001066","|inhibitor|","CHEMBL456"
"Dinoprostone","CCCCC[C@H](O)\C=C\[C@H]1[C@H](O)CC(=O)[C@@H]1C\C=C/CCCC(O)=O","Solute carrier family 22 member 6","BE0001066","|substrate|inhibitor|","CHEMBL548"
"Salicylic acid","OC(=O)C1=CC=CC=C1O","Solute carrier family 22 member 6","BE0001066","|inhibitor|","CHEMBL424"
"Meclofenamic acid","CC1=C(Cl)C(NC2=CC=CC=C2C(O)=O)=C(Cl)C=C1","Solute carrier family 22 member 6","BE0001066","|inhibitor|","CHEMBL509"
"Zalcitabine","NC1=NC(=O)N(C=C1)[C@H]1CC[C@@H](CO)O1","Solute carrier family 22 member 6","BE0001066","|substrate|","CHEMBL853"
"Acetylsalicylic acid","CC(=O)OC1=CC=CC=C1C(O)=O","Solute carrier family 22 member 6","BE0001066","|inhibitor|","CHEMBL25"
"Hydrochlorothiazide","NS(=O)(=O)C1=C(Cl)C=C2NCNS(=O)(=O)C2=C1","Solute carrier family 22 member 6","BE0001066","|inhibitor|","CHEMBL435"
"Ganciclovir","NC1=NC2=C(N=CN2COC(CO)CO)C(=O)N1","Solute carrier family 22 member 6","BE0001066","|inhibitor|","CHEMBL182"
"Ketoprofen","CC(C(O)=O)C1=CC(=CC=C1)C(=O)C1=CC=CC=C1","Solute carrier family 22 member 6","BE0001066","|inhibitor|","CHEMBL571"
"Glyburide","COC1=C(C=C(Cl)C=C1)C(=O)NCCC1=CC=C(C=C1)S(=O)(=O)NC(=O)NC1CCCCC1","Solute carrier family 22 member 6","BE0001066","|inhibitor|","CHEMBL472"
"Minocycline","[H][C@@]12CC3=C(C(O)=CC=C3N(C)C)C(=O)C1=C(O)[C@]1(O)C(=O)C(C(N)=O)=C(O)[C@@H](N(C)C)[C@]1([H])C2","Solute carrier family 22 member 6","BE0001066","|inhibitor|","CHEMBL1434"
"Probenecid","CCCN(CCC)S(=O)(=O)C1=CC=C(C=C1)C(O)=O","Solute carrier family 22 member 6","BE0001066","|inhibitor|","CHEMBL897"
"Ibuprofen","CC(C)CC1=CC=C(C=C1)C(C)C(O)=O","Solute carrier family 22 member 6","BE0001066","|inhibitor|","CHEMBL521"
"Novobiocin","CO[C@@H]1[C@@H](OC(N)=O)[C@@H](O)[C@H](OC2=C(C)C3=C(C=C2)C(O)=C(NC(=O)C2=CC=C(O)C(CC=C(C)C)=C2)C(=O)O3)OC1(C)C","Solute carrier family 22 member 6","BE0001066","|inhibitor|","CHEMBL36506"
"Benzylpenicillin","[H][C@]12SC(C)(C)[C@@H](N1C(=O)[C@H]2NC(=O)CC1=CC=CC=C1)C(O)=O","Solute carrier family 22 member 6","BE0001066","|inhibitor|","CHEMBL29"
"Norfloxacin","CCN1C=C(C(O)=O)C(=O)C2=CC(F)=C(C=C12)N1CCNCC1","Solute carrier family 22 member 6","BE0001066","|inhibitor|","CHEMBL9"
"Amoxicillin","[H][C@]12SC(C)(C)[C@@H](N1C(=O)[C@H]2NC(=O)[C@H](N)C1=CC=C(O)C=C1)C(O)=O","Solute carrier family 22 member 6","BE0001066","|inhibitor|","CHEMBL1082"
"Streptomycin","CN[C@H]1[C@H](O)[C@@H](O)[C@H](CO)O[C@H]1O[C@H]1[C@H](O[C@H]2[C@H](O)[C@@H](O)[C@H](NC(N)=N)[C@@H](O)[C@@H]2NC(N)=N)O[C@@H](C)[C@]1(O)C=O","Solute carrier family 22 member 6","BE0001066","|inhibitor|","CHEMBL372795"
"Tolbutamide","CCCCNC(=O)NS(=O)(=O)C1=CC=C(C)C=C1","Solute carrier family 22 member 6","BE0001066","|inhibitor|","CHEMBL782"
"Levofloxacin","C[C@H]1COC2=C3N1C=C(C(O)=O)C(=O)C3=CC(F)=C2N1CCN(C)CC1","Solute carrier family 22 member 6","BE0001066","|substrate|","CHEMBL33"
"Cefadroxil","[H][C@]12SCC(C)=C(N1C(=O)[C@H]2NC(=O)[C@H](N)C1=CC=C(O)C=C1)C(O)=O","Solute carrier family 22 member 6","BE0001066","|inhibitor|","CHEMBL1644"
"Cloxacillin","[H][C@]12SC(C)(C)[C@@H](N1C(=O)[C@H]2NC(=O)C1=C(C)ON=C1C1=CC=CC=C1Cl)C(O)=O","Solute carrier family 22 member 6","BE0001066","|inhibitor|","CHEMBL891"
"Dinoprost Tromethamine","OCC(N)(CO)CO.CCCCC[C@H](O)\C=C\[C@H]1[C@H](O)C[C@H](O)[C@@H]1C\C=C/CCCC(O)=O","Solute carrier family 22 member 6","BE0001066","|","CHEMBL1200896"
"Ofloxacin","CC1COC2=C3N1C=C(C(O)=O)C(=O)C3=CC(F)=C2N1CCN(C)CC1","Solute carrier family 22 member 6","BE0001066","|inhibitor|","CHEMBL4"
"Captopril","C[C@H](CS)C(=O)N1CCC[C@H]1C(O)=O","Solute carrier family 22 member 6","BE0001066","|substrate|inhibitor|","CHEMBL1560"
"Ceftriaxone","[H][C@]12SCC(CSC3=NC(=O)C(=O)NN3C)=C(N1C(=O)[C@H]2NC(=O)C(=N/OC)\C1=CSC(N)=N1)C(O)=O","Solute carrier family 22 member 6","BE0001066","|inhibitor|","CHEMBL161"
"Bromodiphenhydramine","CN(C)CCOC(C1=CC=CC=C1)C1=CC=C(Br)C=C1","Solute carrier family 22 member 6","BE0001066","|","CHEMBL1201245"
"Cefamandole","[H][C@]12SCC(CSC3=NN=NN3C)=C(N1C(=O)[C@H]2NC(=O)[C@H](O)C1=CC=CC=C1)C(O)=O","Solute carrier family 22 member 6","BE0001066","|inhibitor|","CHEMBL1146"
"Cefazolin","[H][C@]12SCC(CSC3=NN=C(C)S3)=C(N1C(=O)[C@H]2NC(=O)CN1C=NN=N1)C(O)=O","Solute carrier family 22 member 6","BE0001066","|substrate|inhibitor|","CHEMBL1435"
"Cefoperazone","[H][C@]12SCC(CSC3=NN=NN3C)=C(N1C(=O)[C@H]2NC(=O)C(NC(=O)N1CCN(CC)C(=O)C1=O)C1=CC=C(O)C=C1)C(O)=O","Solute carrier family 22 member 6","BE0001066","|inhibitor|","CHEMBL507674"
"Ceftizoxime","[H][C@]12SCC=C(N1C(=O)[C@H]2NC(=O)C(=N/OC)\C1=CSC(N)=N1)C(O)=O","Solute carrier family 22 member 6","BE0001066","|substrate|","CHEMBL528"
"Cefradine","[H][C@]12SCC(C)=C(N1C(=O)[C@H]2NC(=O)[C@H](N)C1=CCC=CC1)C(O)=O","Solute carrier family 22 member 6","BE0001066","|inhibitor|","CHEMBL1604"
"Cefacetrile","[H][C@]12SCC(COC(C)=O)=C(N1C(=O)[C@H]2NC(=O)CC#N)C(O)=O","Solute carrier family 22 member 6","BE0001066","|substrate|inhibitor|","CHEMBL2110602"
"Ceftibuten","[H][C@]12SCC=C(N1C(=O)[C@H]2NC(=O)C(=C/CC(O)=O)\C1=CSC(N)=N1)C(O)=O","Solute carrier family 22 member 6","BE0001066","|substrate|","CHEMBL1605"
"Aminophenazone","CN(C)C1=C(C)N(C)N(C1=O)C1=CC=CC=C1","Solute carrier family 22 member 6","BE0001066","|inhibitor|","CHEMBL288470"
"Antipyrine","CN1N(C(=O)C=C1C)C1=CC=CC=C1","Solute carrier family 22 member 6","BE0001066","|inhibitor|","CHEMBL277474"
"Cilastatin","N[C@@H](CSCCCC\C=C(/NC(=O)[C@H]1CC1(C)C)C(=O)O)C(=O)O","Solute carrier family 22 member 6","BE0001066","|inhibitor|","CHEMBL766"
"Topiroxostat","N#CC1=NC=CC(=C1)C1=NNC(=N1)C1=CC=NC=C1","Solute carrier family 22 member 6","BE0001066","|inhibitor|","CHEMBL1078685"
"Flufenamic Acid","OC(=O)C1=CC=CC=C1NC1=CC(=CC=C1)C(F)(F)F","Solute carrier family 22 member 6","BE0001066","|inhibitor|","CHEMBL23588"
"Cyclic Guanosine Monophosphate","NC1=NC2=C(N=CN2[C@@H]2O[C@@H]3COP(O)(=O)O[C@H]3[C@H]2O)C(=O)N1","Solute carrier family 22 member 6","BE0001066","|","CHEMBL395336"
"Cyclic Adenosine Monophosphate","NC1=NC=NC2=C1N=CN2[C@@H]1O[C@@H]2COP(O)(=O)O[C@H]2[C@H]1O","Solute carrier family 22 member 6","BE0001066","|substrate|","CHEMBL316966"
"Glutaric Acid","OC(=O)CCCC(O)=O","Solute carrier family 22 member 6","BE0001066","|substrate|inhibitor|","CHEMBL1162495"
"Oxyphenbutazone","CCCCC1C(=O)N(N(C1=O)C1=CC=C(O)C=C1)C1=CC=CC=C1","Solute carrier family 22 member 6","BE0001066","|inhibitor|","CHEMBL1228"
"Phenacetin","CCOC1=CC=C(NC(C)=O)C=C1","Solute carrier family 22 member 6","BE0001066","|inhibitor|","CHEMBL16073"
"Degraded Cephaloridine","[H][C@@](NC(=O)CC1=CC=CS1)(C=O)[C@]1([H])NC(C(O)=O)=C(C)CS1","Solute carrier family 22 member 6","BE0001066","|",""
"Taurocholic Acid","[H][C@@]1(CC[C@@]2([H])[C@]3([H])[C@H](O)C[C@]4([H])C[C@H](O)CC[C@]4(C)[C@@]3([H])C[C@H](O)[C@]12C)[C@H](C)CCC(=O)NCCS(O)(=O)=O","Solute carrier family 22 member 6","BE0001066","|substrate|inhibitor|","CHEMBL224867"
"Caprylic acid","CCCCCCCC(O)=O","Solute carrier family 22 member 6","BE0001066","|inhibitor|","CHEMBL324846"
"Acetylcysteine","CC(=O)N[C@@H](CS)C(O)=O","Solute carrier family 22 member 6","BE0001066","|","CHEMBL600"
"GS 0573","NC1=NC(N)=C2N=CN(CCOCP(O)(O)=O)C2=N1","Solute carrier family 22 member 6","BE0001066","|","CHEMBL61733"
"Uric Acid","O=C1NC2=C(N1)C(=O)NC(=O)N2","Solute carrier family 22 member 6","BE0001066","|","CHEMBL792"
"Ellagic Acid","OC1=C(O)C2=C3C(=C1)C(=O)OC1=C3C(=CC(O)=C1O)C(=O)O2","Solute carrier family 22 member 6","BE0001066","|substrate|inhibitor|","CHEMBL6246"
"Dabrafenib","CC(C)(C)C1=NC(=C(S1)C1=NC(N)=NC=C1)C1=C(F)C(NS(=O)(=O)C2=C(F)C=CC=C2F)=CC=C1","Solute carrier family 22 member 6","BE0001066","|inhibitor|","CHEMBL2028663"
"Dolutegravir","[H][C@]12CN3C=C(C(=O)NCC4=CC=C(F)C=C4F)C(=O)C(O)=C3C(=O)N1[C@H](C)CCO2","Solute carrier family 22 member 6","BE0001066","|inhibitor|","CHEMBL1229211"
"Cephaloridine","[H][C@]12SCC(C[N+]3=CC=CC=C3)=C(N1C(=O)[C@@]2([H])N=C(O)CC1=CC=CS1)C([O-])=O","Solute carrier family 22 member 6","BE0001066","|substrate|","CHEMBL316157"
"Silibinin A","[H][C@@]1(OC2=C(O[C@@H]1CO)C=CC(=C2)[C@@]1([H])OC2=C(C(O)=CC(O)=C2)C(=O)[C@@H]1O)C1=CC(OC)=C(O)C=C1","Solute carrier family 22 member 6","BE0001066","|substrate|inhibitor|","CHEMBL431701"
"Baricitinib","CCS(=O)(=O)N1CC(CC#N)(C1)N1C=C(C=N1)C1=C2C=CNC2=NC=N1","Solute carrier family 22 member 6","BE0001066","|inhibitor|","CHEMBL2105759"
"Edaravone","CC1=NN(C(=O)C1)C1=CC=CC=C1","Solute carrier family 22 member 6","BE0001066","|substrate|","CHEMBL290916"
"Rucaparib","CNCC1=CC=C(C=C1)C1=C2CCNC(=O)C3=C2C(N1)=CC(F)=C3","Solute carrier family 22 member 6","BE0001066","|inhibitor|","CHEMBL1173055"
"Enasidenib","CC(C)(O)CNC1=NC(=NC(NC2=CC(=NC=C2)C(F)(F)F)=N1)C1=NC(=CC=C1)C(F)(F)F","Solute carrier family 22 member 6","BE0001066","|inhibitor|","CHEMBL3989908"
