"CHEMBL484","Nc1ncnc2c1ncn2CCOCP(=O)(O)O","substrate [Km=30uM]","10462545"
"CHEMBL463","Nc1ccc(cc1)C(=O)NCC(=O)O","transporter substrate","20190787"
"CHEMBL2074852","Nc1nc(N)c2ccn(CCOCP(=O)(O)O)c2n1","substrate [+]","10462545"
"CHEMBL1162495","OC(=O)CCCC(=O)O","substrate [Km=10.7uM]","10929807"
"CHEMBL2074987","N[C@H](CSc1nc2ccccc2s1)C(=O)O","substrate [IC509.9uM]","12538807"
"CHEMBL792","Oc1nc(O)c2nc(O)[nH]c2n1","substrate [Km=947uM]","12472777"
"CHEMBL548","CCCCC[C@H](O)\C=C\[C@H]1[C@H](O)CC(=O)[C@@H]1C\C=C/CCCC(=O)O","substrate [Km=0.97uM]","11907186"
"CHEMBL152","NC1=NC(=O)N(C[C@@H](CO)OCP(=O)(O)O)C=C1","substrate [Km=58uM]","10703662"
"CHEMBL853","NC1=NC(=O)N(C=C1)[C@H]2CC[C@@H](CO)O2","transporter substrate","20190787"
"CHEMBL223737","NC1=Nc2c(ncn2CCOCP(=O)(O)O)C(=O)N1","substrate [+]","10462545"
"CHEMBL2074845","","substrate [Km44uM]","12606766"
"CHEMBL815","CCCCC[C@H](O)\C=C\[C@H]1[C@H](O)C[C@H](O)[C@@H]1C\C=C/CCCC(=O)O","substrate [Km=0.575uM]","11907186"
"CHEMBL1233636","OS(=O)(=O)Oc1c[nH]c2ccccc12","substrate [Ki23uM]","12679137"
"CHEMBL141","NC1=NC(=O)N(C=C1)[C@@H]2CS[C@H](CO)O2","transporter substrate","20190787"
"CHEMBL589366","C[C@@H]1Cc2c(Cl)cc(C(=O)N[C@@H](Cc3ccccc3)C(=O)O)c(O)c2C(=O)O1","substrate [Km=0.42uM]","11669456"
"CHEMBL129","CC1=CN([C@H]2C[C@H](N=[N+]=[N-])[C@@H](CO)O2)C(=O)NC1=O","substrate [Km=45.9uM]","11861798"
"CHEMBL318164","OC(=O)c1ccc(C(=O)O)c(c1)C2=C3C=CC(=O)C=C3Oc4cc(O)ccc24","substrate [Km=3.95uM]","10929807"
"CHEMBL1231562","CCCc1oc(CCC(=O)O)c(C(=O)O)c1C","substrate [Km=141uM]","14675047"
"CHEMBL8","OC(=O)C1=CN(C2CC2)c3cc(N4CCNCC4)c(F)cc3C1=O","transporter substrate","20190787"
"CHEMBL897","CCCN(CCC)S(=O)(=O)c1ccc(cc1)C(=O)O","inhibitor [IC50=6.3uM]","10929807"
"CHEMBL191","CCCCc1nc(Cl)c(CO)n1Cc2ccc(cc2)c3ccccc3c4nnn[nH]4","inhibitor [(at a rough estimate) 25 % of control]","10049739"
"CHEMBL1231530","OC(=O)CCNC(=O)c1ccccc1","inhibitor [Ki=23.6uM]","11426832"
"CHEMBL30","CN\C(=N/CCSCc1nc[nH]c1C)\NC#N","inhibitor [(at a rough estimate) 40 % of control]","11669456"
"CHEMBL6246","Oc1cc2C(=O)Oc3c(O)c(O)cc4C(=O)Oc(c1O)c2c34","inhibitor [IC50=270nM]","15870380"
"CHEMBL571","CC(C(=O)O)c1cccc(c1)C(=O)c2ccccc2","inhibitor [IC50=1.4uM]","10929807"
"CHEMBL388590","CCc1oc2ccccc2c1C(=O)c3cc(Br)c(O)c(Br)c3","inhibitor [IC50=4.6uM]","12472777"
"CHEMBL392630","NC1=NC(=O)N(C[C@H]2COP(=O)(O)CO2)C=C1","inhibitor [IC50=1100uM]","10929807"
"CHEMBL1644","CC1=C(N2[C@H](SC1)[C@H](NC(=O)[C@H](N)c3ccc(O)cc3)C2=O)C(=O)O","inhibitor [Ki=6.14uM]","11909604"
"CHEMBL35","NS(=O)(=O)c1cc(C(=O)O)c(NCc2occc2)cc1Cl","inhibitor [<0 % of control]","9887087"
"CHEMBL154","COc1ccc2cc(ccc2c1)[C@H](C)C(=O)O","inhibitor [IC50=5.8uM]","10991954"
"CHEMBL316157","[O-]C(=O)C1=C(C[n+]2ccccc2)CS[C@@H]3[C@H](NC(=O)Cc4cccs4)C(=O)N13","inhibitor [IC50=1250uM]","10929807"
"CHEMBL16073","CCOc1ccc(NC(=O)C)cc1","inhibitor [IC50=200uM]","10991954"
"CHEMBL1730","CO\N=C(/C(=O)N[C@H]1[C@H]2SCC(=C(N2C1=O)C(=O)O)COC(=O)C)\c3csc(N)n3","inhibitor [Ki=3.13uM]","11909604"
"CHEMBL367623","OC(=O)COc1ccc(Cl)cc1Cl","inhibitor [(at a rough estimate) <5 % of control]","10462545"
"CHEMBL161","CO\N=C(/C(=O)N[C@H]1[C@H]2SCC(=C(N2C1=O)C(=O)O)CSC3=NC(=O)C(=NN3C)O)\c4csc(N)n4","inhibitor [Ki=0.23uM]","11909604"
"CHEMBL1250","CN1C(=O)Nc2[nH]cnc2C1=O","inhibitor [50% of control]","15207706"
"CHEMBL6","COc1ccc2c(c1)c(CC(=O)O)c(C)n2C(=O)c3ccc(Cl)cc3","inhibitor [60.6 % of control]","12130730"
"CHEMBL500596","OC(=O)CNC(=O)c1ccc(O)cc1","inhibitor [IC50=25uM]","11815391"
"CHEMBL1072","CCCCNc1cc(cc(c1Oc2ccccc2)S(=O)(=O)N)C(=O)O","inhibitor [(at a rough estimate) 45 % of control]","10049739"
"CHEMBL527","CN1C(=C(O)c2ccccc2S1(=O)=O)C(=O)Nc3ccccn3","inhibitor [40.9 % of control]","12130730"
"CHEMBL521","CC(C)Cc1ccc(cc1)C(C)C(=O)O","inhibitor [47 % of control]","12130730"
"CHEMBL766","CC1(C)C[C@@H]1C(=O)N\C(=C/CCCCSC[C@H](N)C(=O)O)\C(=O)O","inhibitor [Ki=1470uM]","11426832"
"CHEMBL2074985","N[C@H](CSC(F)(F)C(F)Cl)C(=O)O","inhibitor [IC50177uM]","12538807"
"CHEMBL139","OC(=O)Cc1ccccc1Nc2c(Cl)cccc2Cl","inhibitor [IC50=4uM]","10991954"
"CHEMBL1146","Cn1nnnc1SCC2=C(N3[C@H](SC2)[C@H](NC(=O)[C@H](O)c4ccccc4)C3=O)C(=O)O","inhibitor [Ki=0.03uM]","11909604"
"CHEMBL1624767","OS(=O)(=O)CC(S)CS","inhibitor [Ki=22.4uM]","11602689"
"CHEMBL52333","CCCN1C(=O)N(CCC)c2[nH]c(nc2C1=O)C34CC5CC(CC3C5)C4","inhibitor [Ki=7.82uM]","11426832"
"CHEMBL1433","C[C@@H]1[C@H]2[C@H](O)[C@H]3[C@H](N(C)C)C(=C(C(=O)N)C(=O)[C@@]3(O)C(=C2C(=O)c4c(O)cccc14)O)O","inhibitor [(at a rough estimate) 25 % of control]","11855680"
"CHEMBL2074986","N[C@H](CS\C(=C\Cl)\Cl)C(=O)O","inhibitor [IC50208uM]","12538807"
"CHEMBL324846","CCCCCCCC(=O)O","inhibitor [Ki=5.41uM]","11669456"
"CHEMBL1686","OC(=O)CCC(=O)C(=O)O","inhibitor [(at a rough estimate) 5 % of control]","10462545"
"CHEMBL1435","Cc1nnc(SCC2=C(N3[C@H](SC2)[C@H](NC(=O)Cn4cnnn4)C3=O)C(=O)O)s1","inhibitor [Ki=0.18uM]","11909604"
"CHEMBL510139","C[C@H]1OC=C2C(=C(C(=O)O)C(=O)C(=C2[C@@H]1C)C)O","inhibitor [Ki=3080uM]","11669456"
"CHEMBL2074703","OS(=O)(=O)CC(S)CSSCC(S)S(=O)(=O)O","inhibitor [Ki=66uM]","11602689"
"CHEMBL563","CC(C(=O)O)c1ccc(c(F)c1)c2ccccc2","inhibitor [IC50=1.5uM]","10991954"
"CHEMBL145704","Cc1c(Br)c(O)c(Br)cc1C2(OS(=O)(=O)c3ccccc23)c4cc(Br)c(O)c(Br)c4C","inhibitor [(at a rough estimate) <5 % of control]","10462545"
"CHEMBL36506","CO[C@@H]1[C@@H](OC(=O)N)[C@@H](O)[C@H](Oc2ccc3C(=C(NC(=O)c4ccc(O)c(CC=C(C)C)c4)C(=O)Oc3c2C)O)OC1(C)C","transporter inhibitor","20190787"
"CHEMBL499808","CCC(C)CC(C)CCCCCCCCC(=O)N[C@H]1C[C@@H](O)[C@@H](NCCN)NC(=O)[C@@H]2[C@@H](O)CCN2C(=O)[C@@H](NC(=O)[C@@H](NC(=O)[C@@H]3C[C@@H](O)CN3C(=O)[C@@H](NC1=O)[C@@H](C)O)[C@H](O)[C@@H](O)c4ccc(O)cc4)[C@H](O)CCN","inhibitor [40% of control]","15716364"
"CHEMBL2074592","OS(=O)(=O)c1cc(NC=S)ccc1\C=C\c2ccc(cc2S(=O)(=O)O)N=C=S","inhibitor [64.2 % of control]",""
"CHEMBL424","OC(=O)c1ccccc1O","inhibitor [IC50=280uM]","10929807"
"CHEMBL1517","CN(C)[C@H]1[C@@H]2[C@@H](O)[C@H]3C(=C(O)[C@]2(O)C(=O)C(=C1O)C(=O)N)C(=O)c4c(O)cccc4[C@@]3(C)O","inhibitor [(at a rough estimate) 20 % of control]","11855680"
"CHEMBL507674","CCN1CCN(C(=O)N[C@@H](C(=O)N[C@H]2[C@H]3SCC(=C(N3C2=O)C(=O)O)CSc4nnnn4C)c5ccc(O)cc5)C(=O)C1=O","inhibitor [Ki=0.21uM]","11909604"
"CHEMBL622","CCc1cccc2c3CCOC(CC)(CC(=O)O)c3[nH]c12","inhibitor [IC50=50uM]","10991954"
"CHEMBL586","OC(=O)CNC(=O)c1ccccc1O","inhibitor [IC50=27uM]","11815391"
"CHEMBL2074590","CC(=O)Oc1c[nH]c2ccccc12","inhibitor [IC50=83uM]","11815391"
"CHEMBL1604","CC1=C(N2[C@H](SC1)[C@H](NC(=O)[C@H](N)C3=CCC=CC3)C2=O)C(=O)O","inhibitor [IC50=1600uM]","10929807"
"CHEMBL2074983","N[C@@H](CSc1nc2ccccc2s1)C(=O)O","inhibitor [IC50=9.9uM]","12538807"
"CHEMBL898","OC(=O)c1cc(ccc1O)c2ccc(F)cc2F","inhibitor [IC50=0.85uM]","10991954"
"CHEMBL1144","CC[C@H](C)C(=O)O[C@H]1C[C@H](O)C=C2C=C[C@H](C)[C@H](CC[C@@H](O)C[C@@H](O)CC(=O)O)[C@@H]12","inhibitor [IC50=408 +/- 144uM]","14978359"
"CHEMBL1440","CN(C)[C@H]1[C@@H]2C[C@H]3C(=C(O)[C@]2(O)C(=O)C(=C1O)C(=O)N)C(=O)c4c(O)cccc4[C@@]3(C)O","inhibitor [(at a rough estimate) 45 % of control]","11855680"
"CHEMBL1434","CN(C)[C@H]1[C@@H]2C[C@@H]3Cc4c(ccc(O)c4C(=O)C3=C(O)[C@]2(O)C(=O)C(=C1O)C(=O)N)N(C)C","inhibitor [(at a rough estimate) 10 % of control]","11855680"
"CHEMBL177756","OC(=O)c1ccccc1C2=C3C=CC(=O)C=C3Oc4cc(O)ccc24","inhibitor [(at a rough estimate) 20 % of control]","9950961"
"CHEMBL617","CC(=O)OCC1=C(N2[C@H](SC1)[C@H](NC(=O)Cc3cccs3)C2=O)C(=O)O","inhibitor [Ki=0.22uM]","11909604"
"Cyclosporine","CC[C@@H]1NC(=O)[C@H]([C@H](O)[C@H](C)C\C=C\C)N(C)C(=O)[C@H](C(C)C)N(C)C(=O)[C@H](CC(C)C)N(C)C(=O)[C@H](CC(C)C)N(C)C(=O)[C@@H](C)NC(=O)[C@H](C)NC(=O)[C@H](CC(C)C)N(C)C(=O)[C@@H](NC(=O)[C@H](CC(C)C)N(C)C(=O)CN(C)C1=O)C(C)C","Solute carrier family 22 member 6","BE0001066","|inhibitor|","CHEMBL160"
"Riboflavin","CC1=C(C)C=C2N(C[C@H](O)[C@H](O)[C@H](O)CO)C3=NC(=O)NC(=O)C3=NC2=C1","Solute carrier family 22 member 6","BE0001066","|inhibitor|","CHEMBL1534"
"L-Citrulline","N[C@@H](CCCNC(N)=O)C(O)=O","Solute carrier family 22 member 6","BE0001066","|substrate|","CHEMBL444814"
"Folic Acid","NC1=NC(=O)C2=NC(CNC3=CC=C(C=C3)C(=O)N[C@@H](CCC(O)=O)C(O)=O)=CN=C2N1","Solute carrier family 22 member 6","BE0001066","|inhibitor|","CHEMBL1622"
"Aspartame","COC(=O)[C@H](CC1=CC=CC=C1)NC(=O)[C@@H](N)CC(O)=O","Solute carrier family 22 member 6","BE0001066","|inhibitor|","CHEMBL171679"
"Cefotiam","[H][C@]12SCC(CSC3=NN=NN3CCN(C)C)=C(N1C(=O)[C@H]2NC(=O)CC1=CSC(N)=N1)C(O)=O","Solute carrier family 22 member 6","BE0001066","|substrate|inhibitor|","CHEMBL1296"
"Tenofovir disoproxil","[H][C@@](C)(CN1C=NC2=C(N)N=CN=C12)OCP(=O)(OCOC(=O)OC(C)C)OCOC(=O)OC(C)C","Solute carrier family 22 member 6","BE0001066","|substrate|","CHEMBL1538"
"Ethoxzolamide","CCOC1=CC2=C(C=C1)N=C(S2)S(N)(=O)=O","Solute carrier family 22 member 6","BE0001066","|inhibitor|","CHEMBL18"
"Valproic Acid","CCCC(CCC)C(O)=O","Solute carrier family 22 member 6","BE0001066","|inhibitor|","CHEMBL109"
"Acetaminophen","CC(=O)NC1=CC=C(O)C=C1","Solute carrier family 22 member 6","BE0001066","|inhibitor|","CHEMBL112"
"Piperacillin","[H][C@]12SC(C)(C)[C@@H](N1C(=O)[C@H]2NC(=O)[C@H](NC(=O)N1CCN(CC)C(=O)C1=O)C1=CC=CC=C1)C(O)=O","Solute carrier family 22 member 6","BE0001066","|inhibitor|","CHEMBL702"
"Grepafloxacin","CC1CN(CCN1)C1=C(F)C(C)=C2C(=O)C(=CN(C3CC3)C2=C1)C(O)=O","Solute carrier family 22 member 6","BE0001066","|substrate|","CHEMBL583"
"Trifluridine","OC[C@H]1O[C@H](C[C@@H]1O)N1C=C(C(=O)NC1=O)C(F)(F)F","Solute carrier family 22 member 6","BE0001066","|substrate|inhibitor|","CHEMBL1129"
"Ceftazidime","[O-]C(=O)C1=C(CS[C@]2([H])[C@H](NC(=O)C(=N/OC(C)(C)C(O)=O)\C3=CSC(N)=N3)C(=O)N12)C[N+]1=CC=CC=C1","Solute carrier family 22 member 6","BE0001066","|inhibitor|","CHEMBL44354"
"Chloramphenicol","OC[C@@H](NC(=O)C(Cl)Cl)[C@H](O)C1=CC=C(C=C1)[N+]([O-])=O","Solute carrier family 22 member 6","BE0001066","|inhibitor|","CHEMBL130"
"Tolmetin","CN1C(CC(O)=O)=CC=C1C(=O)C1=CC=C(C)C=C1","Solute carrier family 22 member 6","BE0001066","|inhibitor|","CHEMBL1020"
"Cimetidine","C\N=C(\NCCSCC1=C(C)NC=N1)NC#N","Solute carrier family 22 member 6","BE0001066","|substrate|inhibitor|","CHEMBL30"
"Foscarnet","OC(=O)P(O)(O)=O","Solute carrier family 22 member 6","BE0001066","|inhibitor|","CHEMBL666"
"Cefdinir","[H][C@]12SCC(C=C)=C(N1C(=O)[C@H]2NC(=O)C(=N/O)\C1=CSC(N)=N1)C(O)=O","Solute carrier family 22 member 6","BE0001066","|substrate|","CHEMBL927"
"Methotrexate","CN(CC1=CN=C2N=C(N)N=C(N)C2=N1)C1=CC=C(C=C1)C(=O)N[C@@H](CCC(O)=O)C(O)=O","Solute carrier family 22 member 6","BE0001066","|substrate|inhibitor|","CHEMBL34259"
"Cephalexin","[H][C@]12SCC(C)=C(N1C(=O)[C@H]2NC(=O)[C@H](N)C1=CC=CC=C1)C(O)=O","Solute carrier family 22 member 6","BE0001066","|substrate|inhibitor|","CHEMBL1727"
"Valaciclovir","CC(C)[C@H](N)C(=O)OCCOCN1C=NC2=C1NC(N)=NC2=O","Solute carrier family 22 member 6","BE0001066","|","CHEMBL1349"
"Carbenicillin","[H][C@]12SC(C)(C)[C@@H](N1C(=O)[C@H]2NC(=O)C(C(O)=O)C1=CC=CC=C1)C(O)=O","Solute carrier family 22 member 6","BE0001066","|inhibitor|","CHEMBL1214"
"Enalapril","CCOC(=O)[C@H](CCC1=CC=CC=C1)N[C@@H](C)C(=O)N1CCC[C@H]1C(O)=O","Solute carrier family 22 member 6","BE0001066","|inhibitor|","CHEMBL578"
"Sulindac","CC1=C(CC(O)=O)C2=CC(F)=CC=C2\C1=C/C1=CC=C(C=C1)S(C)=O","Solute carrier family 22 member 6","BE0001066","|inhibitor|","CHEMBL15770"
"Cyclothiazide","NS(=O)(=O)C1=C(Cl)C=C2NC(NS(=O)(=O)C2=C1)C1CC2CC1C=C2","Solute carrier family 22 member 6","BE0001066","|inhibitor|","CHEMBL61593"
"Nafcillin","[H][C@]12SC(C)(C)[C@@H](N1C(=O)[C@H]2NC(=O)C1=C(OCC)C=CC2=CC=CC=C12)C(O)=O","Solute carrier family 22 member 6","BE0001066","|inhibitor|","CHEMBL1443"
"Stavudine","CC1=CN([C@@H]2O[C@H](CO)C=C2)C(=O)NC1=O","Solute carrier family 22 member 6","BE0001066","|substrate|","CHEMBL991"
"Chlorpropamide","CCCNC(=O)NS(=O)(=O)C1=CC=C(Cl)C=C1","Solute carrier family 22 member 6","BE0001066","|inhibitor|","CHEMBL498"
"Fluorescein","OC1=CC2=C(C=C1)C1(OC(=O)C3=CC=CC=C13)C1=C(O2)C=C(O)C=C1","Solute carrier family 22 member 6","BE0001066","|substrate|inhibitor|","CHEMBL1057"
"Methazolamide","CN1N=C(SC1=NC(C)=O)S(N)(=O)=O","Solute carrier family 22 member 6","BE0001066","|inhibitor|","CHEMBL1335656"
"Adefovir Dipivoxil","CC(C)(C)C(=O)OCOP(=O)(COCCN1C=NC2=C(N)N=CN=C12)OCOC(=O)C(C)(C)C","Solute carrier family 22 member 6","BE0001066","|substrate|inhibitor|","CHEMBL922"
"Nateglinide","[H][C@](CC1=CC=CC=C1)(N=C(O)[C@@]1([H])CC[C@@]([H])(CC1)C(C)C)C(O)=O","Solute carrier family 22 member 6","BE0001066","|inhibitor|","CHEMBL783"
"Alprostadil","CCCCC[C@H](O)C=C[C@H]1[C@H](O)CC(=O)[C@@H]1CCCCCCC(O)=O","Solute carrier family 22 member 6","BE0001066","|substrate|inhibitor|","CHEMBL495"
"Nalidixic Acid","CCN1C=C(C(O)=O)C(=O)C2=C1N=C(C)C=C2","Solute carrier family 22 member 6","BE0001066","|inhibitor|","CHEMBL5"
"Acyclovir","NC1=NC(=O)C2=C(N1)N(COCCO)C=N2","Solute carrier family 22 member 6","BE0001066","|substrate|inhibitor|","CHEMBL184"
"Gentamicin","CNC(C)C1CCC(N)C(OC2C(N)CC(N)C(OC3OCC(C)(O)C(NC)C3O)C2O)O1","Solute carrier family 22 member 6","BE0001066","|inhibitor|","CHEMBL329592"
"Phenylbutazone","CCCCC1C(=O)N(N(C1=O)C1=CC=CC=C1)C1=CC=CC=C1","Solute carrier family 22 member 6","BE0001066","|inhibitor|","CHEMBL101"
"Acetazolamide","CC(=O)NC1=NN=C(S1)S(N)(=O)=O","Solute carrier family 22 member 6","BE0001066","|inhibitor|","CHEMBL20"
"Carprofen","CC(C(O)=O)C1=CC2=C(C=C1)C1=C(N2)C=CC(Cl)=C1","Solute carrier family 22 member 6","BE0001066","|inhibitor|","CHEMBL1316"
"Cinoxacin","CCN1N=C(C(O)=O)C(=O)C2=CC3=C(OCO3)C=C12","Solute carrier family 22 member 6","BE0001066","|inhibitor|","CHEMBL1208"
"Ranitidine","CN\C(NCCSCC1=CC=C(CN(C)C)O1)=C/[N+]([O-])=O","Solute carrier family 22 member 6","BE0001066","|substrate|inhibitor|","CHEMBL512"
"Chlorothiazide","NS(=O)(=O)C1=C(Cl)C=C2NC=NS(=O)(=O)C2=C1","Solute carrier family 22 member 6","BE0001066","|inhibitor|","CHEMBL842"
"Didanosine","OC[C@@H]1CC[C@@H](O1)N1C=NC2=C1NC=NC2=O","Solute carrier family 22 member 6","BE0001066","|substrate|","CHEMBL1460"
"Etacrynic acid","CCC(=C)C(=O)C1=C(Cl)C(Cl)=C(OCC(O)=O)C=C1","Solute carrier family 22 member 6","BE0001066","|inhibitor|","CHEMBL456"
"Meclofenamic acid","CC1=C(Cl)C(NC2=CC=CC=C2C(O)=O)=C(Cl)C=C1","Solute carrier family 22 member 6","BE0001066","|inhibitor|","CHEMBL509"
"Acetylsalicylic acid","CC(=O)OC1=CC=CC=C1C(O)=O","Solute carrier family 22 member 6","BE0001066","|inhibitor|","CHEMBL25"
"Hydrochlorothiazide","NS(=O)(=O)C1=C(Cl)C=C2NCNS(=O)(=O)C2=C1","Solute carrier family 22 member 6","BE0001066","|inhibitor|","CHEMBL435"
"Ganciclovir","NC1=NC2=C(N=CN2COC(CO)CO)C(=O)N1","Solute carrier family 22 member 6","BE0001066","|inhibitor|","CHEMBL182"
"Glyburide","COC1=C(C=C(Cl)C=C1)C(=O)NCCC1=CC=C(C=C1)S(=O)(=O)NC(=O)NC1CCCCC1","Solute carrier family 22 member 6","BE0001066","|inhibitor|","CHEMBL472"
"Benzylpenicillin","[H][C@]12SC(C)(C)[C@@H](N1C(=O)[C@H]2NC(=O)CC1=CC=CC=C1)C(O)=O","Solute carrier family 22 member 6","BE0001066","|inhibitor|","CHEMBL29"
"Norfloxacin","CCN1C=C(C(O)=O)C(=O)C2=CC(F)=C(C=C12)N1CCNCC1","Solute carrier family 22 member 6","BE0001066","|inhibitor|","CHEMBL9"
"Amoxicillin","[H][C@]12SC(C)(C)[C@@H](N1C(=O)[C@H]2NC(=O)[C@H](N)C1=CC=C(O)C=C1)C(O)=O","Solute carrier family 22 member 6","BE0001066","|inhibitor|","CHEMBL1082"
"Streptomycin","CN[C@H]1[C@H](O)[C@@H](O)[C@H](CO)O[C@H]1O[C@H]1[C@H](O[C@H]2[C@H](O)[C@@H](O)[C@H](NC(N)=N)[C@@H](O)[C@@H]2NC(N)=N)O[C@@H](C)[C@]1(O)C=O","Solute carrier family 22 member 6","BE0001066","|inhibitor|","CHEMBL372795"
"Tolbutamide","CCCCNC(=O)NS(=O)(=O)C1=CC=C(C)C=C1","Solute carrier family 22 member 6","BE0001066","|inhibitor|","CHEMBL782"
"Levofloxacin","C[C@H]1COC2=C3N1C=C(C(O)=O)C(=O)C3=CC(F)=C2N1CCN(C)CC1","Solute carrier family 22 member 6","BE0001066","|substrate|","CHEMBL33"
"Cloxacillin","[H][C@]12SC(C)(C)[C@@H](N1C(=O)[C@H]2NC(=O)C1=C(C)ON=C1C1=CC=CC=C1Cl)C(O)=O","Solute carrier family 22 member 6","BE0001066","|inhibitor|","CHEMBL891"
"Dinoprost Tromethamine","OCC(N)(CO)CO.CCCCC[C@H](O)\C=C\[C@H]1[C@H](O)C[C@H](O)[C@@H]1C\C=C/CCCC(O)=O","Solute carrier family 22 member 6","BE0001066","|","CHEMBL1200896"
"Ofloxacin","CC1COC2=C3N1C=C(C(O)=O)C(=O)C3=CC(F)=C2N1CCN(C)CC1","Solute carrier family 22 member 6","BE0001066","|inhibitor|","CHEMBL4"
"Captopril","C[C@H](CS)C(=O)N1CCC[C@H]1C(O)=O","Solute carrier family 22 member 6","BE0001066","|substrate|inhibitor|","CHEMBL1560"
"Ceftriaxone","[H][C@]12SCC(CSC3=NC(=O)C(=O)NN3C)=C(N1C(=O)[C@H]2NC(=O)C(=N/OC)\C1=CSC(N)=N1)C(O)=O","Solute carrier family 22 member 6","BE0001066","|inhibitor|","CHEMBL161"
"Bromodiphenhydramine","CN(C)CCOC(C1=CC=CC=C1)C1=CC=C(Br)C=C1","Solute carrier family 22 member 6","BE0001066","|","CHEMBL1201245"
"Ceftizoxime","[H][C@]12SCC=C(N1C(=O)[C@H]2NC(=O)C(=N/OC)\C1=CSC(N)=N1)C(O)=O","Solute carrier family 22 member 6","BE0001066","|substrate|","CHEMBL528"
"Cefacetrile","[H][C@]12SCC(COC(C)=O)=C(N1C(=O)[C@H]2NC(=O)CC#N)C(O)=O","Solute carrier family 22 member 6","BE0001066","|substrate|inhibitor|","CHEMBL2110602"
"Ceftibuten","[H][C@]12SCC=C(N1C(=O)[C@H]2NC(=O)C(=C/CC(O)=O)\C1=CSC(N)=N1)C(O)=O","Solute carrier family 22 member 6","BE0001066","|substrate|","CHEMBL1605"
"Aminophenazone","CN(C)C1=C(C)N(C)N(C1=O)C1=CC=CC=C1","Solute carrier family 22 member 6","BE0001066","|inhibitor|","CHEMBL288470"
"Antipyrine","CN1N(C(=O)C=C1C)C1=CC=CC=C1","Solute carrier family 22 member 6","BE0001066","|inhibitor|","CHEMBL277474"
"Topiroxostat","N#CC1=NC=CC(=C1)C1=NNC(=N1)C1=CC=NC=C1","Solute carrier family 22 member 6","BE0001066","|inhibitor|","CHEMBL1078685"
"Flufenamic Acid","OC(=O)C1=CC=CC=C1NC1=CC(=CC=C1)C(F)(F)F","Solute carrier family 22 member 6","BE0001066","|inhibitor|","CHEMBL23588"
"Cyclic Guanosine Monophosphate","NC1=NC2=C(N=CN2[C@@H]2O[C@@H]3COP(O)(=O)O[C@H]3[C@H]2O)C(=O)N1","Solute carrier family 22 member 6","BE0001066","|","CHEMBL395336"
"Cyclic Adenosine Monophosphate","NC1=NC=NC2=C1N=CN2[C@@H]1O[C@@H]2COP(O)(=O)O[C@H]2[C@H]1O","Solute carrier family 22 member 6","BE0001066","|substrate|","CHEMBL316966"
"Oxyphenbutazone","CCCCC1C(=O)N(N(C1=O)C1=CC=C(O)C=C1)C1=CC=CC=C1","Solute carrier family 22 member 6","BE0001066","|inhibitor|","CHEMBL1228"
"Degraded Cephaloridine","[H][C@@](NC(=O)CC1=CC=CS1)(C=O)[C@]1([H])NC(C(O)=O)=C(C)CS1","Solute carrier family 22 member 6","BE0001066","|",""
"Taurocholic Acid","[H][C@@]1(CC[C@@]2([H])[C@]3([H])[C@H](O)C[C@]4([H])C[C@H](O)CC[C@]4(C)[C@@]3([H])C[C@H](O)[C@]12C)[C@H](C)CCC(=O)NCCS(O)(=O)=O","Solute carrier family 22 member 6","BE0001066","|substrate|inhibitor|","CHEMBL224867"
"Acetylcysteine","CC(=O)N[C@@H](CS)C(O)=O","Solute carrier family 22 member 6","BE0001066","|","CHEMBL600"
"GS 0573","NC1=NC(N)=C2N=CN(CCOCP(O)(O)=O)C2=N1","Solute carrier family 22 member 6","BE0001066","|","CHEMBL61733"
"Uric Acid","O=C1NC2=C(N1)C(=O)NC(=O)N2","Solute carrier family 22 member 6","BE0001066","|","CHEMBL792"
"Dabrafenib","CC(C)(C)C1=NC(=C(S1)C1=NC(N)=NC=C1)C1=C(F)C(NS(=O)(=O)C2=C(F)C=CC=C2F)=CC=C1","Solute carrier family 22 member 6","BE0001066","|inhibitor|","CHEMBL2028663"
"Dolutegravir","[H][C@]12CN3C=C(C(=O)NCC4=CC=C(F)C=C4F)C(=O)C(O)=C3C(=O)N1[C@H](C)CCO2","Solute carrier family 22 member 6","BE0001066","|inhibitor|","CHEMBL1229211"
"Cephaloridine","[H][C@]12SCC(C[N+]3=CC=CC=C3)=C(N1C(=O)[C@@]2([H])N=C(O)CC1=CC=CS1)C([O-])=O","Solute carrier family 22 member 6","BE0001066","|substrate|","CHEMBL316157"
"Silibinin A","[H][C@@]1(OC2=C(O[C@@H]1CO)C=CC(=C2)[C@@]1([H])OC2=C(C(O)=CC(O)=C2)C(=O)[C@@H]1O)C1=CC(OC)=C(O)C=C1","Solute carrier family 22 member 6","BE0001066","|substrate|inhibitor|","CHEMBL431701"
"Baricitinib","CCS(=O)(=O)N1CC(CC#N)(C1)N1C=C(C=N1)C1=C2C=CNC2=NC=N1","Solute carrier family 22 member 6","BE0001066","|inhibitor|","CHEMBL2105759"
"Edaravone","CC1=NN(C(=O)C1)C1=CC=CC=C1","Solute carrier family 22 member 6","BE0001066","|substrate|","CHEMBL290916"
"Rucaparib","CNCC1=CC=C(C=C1)C1=C2CCNC(=O)C3=C2C(N1)=CC(F)=C3","Solute carrier family 22 member 6","BE0001066","|inhibitor|","CHEMBL1173055"
"Enasidenib","CC(C)(O)CNC1=NC(=NC(NC2=CC(=NC=C2)C(F)(F)F)=N1)C1=NC(=CC=C1)C(F)(F)F","Solute carrier family 22 member 6","BE0001066","|inhibitor|","CHEMBL3989908"
