"CHEMBL2140166","CC(C)(C)c1cc(N2CCN(CC2)C(=O)c3cocc3)n4nc(cc4n1)c5ccccc5","active",""
"CHEMBL3884305","CCOc1ccc(cc1)n2nnc(n2)c3ccccc3NC(=O)c4ccc(OC)cc4","Not Determined","27676469"
"CHEMBL3885158","CSc1ccc(cc1)n2nnc(n2)c3ccccc3NC(=O)c4ccc(cc4)[N+](=O)[O-]","Not Determined","27676469"
"CHEMBL3110297","Brc1ccc(COc2cccc3OC(=CC(=O)c23)C(=O)NCc4cn(Cc5ccccc5)nn4)cc1","Dose-dependent effect","24304387"
"CHEMBL2138719","Cc1ccc(cc1)c2cc3nc(cc(N4CCN(CC4)C(=O)c5cocc5)n3n2)c6occc6","active",""
"CHEMBL3884587","COc1ccc(cc1OC)n2nnc(n2)c3ccccc3NC(=O)c4ccc(cc4)C(F)(F)F","Not Determined","27676469"
"CHEMBL1900518","COc1cccc(c1)c2cc3nc(C)c(C)c(N4CCN(CC4)C(=O)c5cocc5)n3n2","active",""
"CHEMBL1360562","Oc1cccc(Nc2nc(nc3ccccc23)c4ccccc4)c1","Not Determined","24184213"
"CHEMBL2140410","C1CN(CCN1)c2cc(nc3cc(nn23)c4ccccc4)c5occc5","active",""
"CHEMBL2144131","COc1cccc(c1)c2cc3nc(cc(N4CCN(CC4)C(=O)c5cocc5)n3n2)c6occc6","active",""
"CHEMBL3967096","CCCOc1ccc2[nH]cc(CCNC(=O)C3=CC(=O)c4c(OCc5ccc(Br)cc5)cccc4O3)c2c1","Not Determined","27376492"
"CHEMBL1510913","[O-][N+](=O)c1ccccc1c2onc(n2)c3oc(Br)cc3","active",""
"CHEMBL2140595","COc1cc(OC)cc(c1)c2cc3nc(C)c(C)c(N4CCN(CC4)C(=O)c5cocc5)n3n2","active",""
"CHEMBL2141711","Clc1cccc(c1)c2cc3nc(cc(N4CCN(CC4)C(=O)c5cocc5)n3n2)c6occc6","active",""
"CHEMBL2143184","Cc1cc(N2CCN(CC2)C(=O)c3occc3)n4nc(nc4n1)c5ccccc5","active",""
"CHEMBL1417146","OCCNc1nc(Cl)nc(Nc2ccc(cc2)[N+](=O)[O-])n1","active",""
"CHEMBL3110291","CN(CCc1c[nH]c2ccccc12)C(=O)C3=CC(=O)c4c(OCc5ccc(Br)cc5)cccc4O3","Dose-dependent effect","24304387"
"CHEMBL1506885","O=C(NCCCN1CCOCC1)c2cnn3c(cc(nc23)c4ccccc4)c5ccccc5","Not Determined","26774038"
"CHEMBL2141371","Cc1nc2cc(nn2c(N3CCN(CC3)C(=O)c4cocc4)c1C)c5ccncc5","active",""
"CHEMBL2132333","O=C(N1CCN(CC1)c2cc(nc3cc(nn23)c4ccccc4)c5cocc5)c6cocc6","active",""
"CHEMBL2133727","CN(CCN(C)c1cc(nc2cc(nn12)c3ccccc3)c4occc4)C(=O)c5cocc5","active",""
"CHEMBL2134144","COc1cccc(c1)c2cc3nc(C)c(C(C)C)c(N4CCN(CC4)C(=O)c5cocc5)n3n2","active",""
"CHEMBL2136218","Clc1ccc(cc1)c2cc3nc(cc(N4CCN(CC4)C(=O)c5cocc5)n3n2)c6occc6","active",""
"CHEMBL3884145","CCCc1ccc(cc1)C(=O)Oc2ccc(cc2)n3nnc(n3)c4ccccc4N","Not Determined","27676469"
"CHEMBL3402065","C[C@H]1N2C(=O)c3ccccc3N=C2[C@@H]4C[C@@]5([C@H](N4C1=O)N(C(=O)C)c6ccccc56)C(C)(C)C=C","Dose-dependent effect","25835358"
"CHEMBL2136204","O=C(N1CCN(CC1)c2cc(nc3cc(nn23)c4ccccc4)c5occc5)c6ccccc6","active",""
"CHEMBL2138113","CC(=O)N1CCN(CC1)c2cc(nc3cc(nn23)c4cccc(Cl)c4)c5occc5","active",""
"CHEMBL2138501","COc1cccc(c1)c2cc3nc(cc(N4CCN(CC4)C(=O)C)n3n2)c5occc5","active",""
"CHEMBL1971465","Fc1cccc(c1)c2cc(N3CCN(CC3)C(=O)c4cocc4)n5nc(cc5n2)c6cccc(Cl)c6","active",""
"CHEMBL2331716","COCCOCCOCCOc1cc2CCN(CCc3ccc(cc3)c4ccc(C(=O)OC)c(NC(=O)c5ccc6ccccc6n5)c4)Cc2cc1OCCOCCOCCOC","Dose-dependent effect","24900683"
"CHEMBL2133411","CN(C)c1cc(nc2cc(nn12)c3ccccc3)c4occc4","active",""
"CHEMBL3805055","N#Cc1cn(Cc2ccccc2)c3c(ncnc13)N4CCN(CCc5ccccc5)CC4","Not Determined","26943020"
"CHEMBL3805068","N#Cc1c2CCCCn2c3c(ncnc13)N4CCNCC4","Not Determined","26943020"
"CHEMBL6","COc1ccc2c(c1)c(CC(=O)O)c(C)n2C(=O)c3ccc(Cl)cc3","Not Determined","20598550"
"CHEMBL2131986","Cc1nc2cc(nn2c(N3CCN(CC3)C(=O)c4occc4)c1C)c5ccc(F)cc5","active",""
"CHEMBL2132529","Cc1occ(C)c1C(=O)N2CCN(CC2)c3cc(nc4cc(nn34)c5ccccc5)c6occc6","active",""
"CHEMBL2133117","CC1CN(CCN1c2cc(nc3cc(nn23)c4ccccc4)c5occc5)C(=O)OC(C)(C)C","active",""
"CHEMBL2135811","COc1ccc(cc1)c2cc(N3CCN(CC3)C(=O)c4cocc4)n5nc(cc5n2)c6ccccc6","active",""
"CHEMBL2142519","COc1ccccc1c2cc(N3CCN(CC3)C(=O)c4cocc4)n5nc(cc5n2)c6ccccc6","active",""
"CHEMBL1565753","Cc1nc2cc(nn2c(N3CCN(CC3)C(=O)c4occc4)c1C)c5cccc(F)c5","active",""
"CHEMBL3805076","N#Cc1cn(CCc2ccccc2)c3c(ncnc13)N4CCN(Cc5ccccc5)CC4","Not Determined","26943020"
"CHEMBL1717301","COc1ccc(\C=N\NC(=O)c2ccccc2F)cc1CN3CCN(CC3)c4ccc(F)cc4","active",""
"CHEMBL1521418","COc1ccc(cc1)c2nn(cc2\C=C\C(=O)N3CCN(CC3)c4ccccn4)c5ccccc5","active",""
"CHEMBL2133181","COc1cccc(c1)c2cc3nc(cc(N4CCN(CC4)C(=O)c5cocc5)n3n2)c6ccccc6","active",""
"CHEMBL2139350","CC1CN(CCN1c2cc(nc3cc(nn23)c4ccccc4)c5occc5)C(=O)c6cocc6","active",""
"CHEMBL3885198","CC(C)c1ccc(cc1)n2nnc(n2)c3ccccc3NC(=O)c4ccc(cc4)C(F)(F)F","Not Determined","27676469"
"CHEMBL1605568","CCOC(=O)c1c2CCN(Cc3ccccc3)Cc2sc1NC(=O)CSc4ncccn4","active",""
"CHEMBL2141052","C(N1CCN(CC1)c2cc(nc3cc(nn23)c4ccccc4)c5occc5)c6ccccc6","active",""
"CHEMBL2136710","Cc1occc1C(=O)N2CCN(CC2)c3cc(nc4cc(nn34)c5ccccc5)c6occc6","active",""
"CHEMBL1867569","COc1ccc(cc1)c2cc3nc(cc(N4CCN(CC4)C(=O)c5cocc5)n3n2)c6ccccc6","active",""
"CHEMBL2143465","O=C(N1CCN(CC1)c2cc(nc3cc(nn23)c4ccccc4)c5occc5)c6ccsc6","active",""
"CHEMBL2130929","CCc1c(C)nc2cc(nn2c1N3CCN(CC3)C(=O)c4cocc4)c5cccc(OC)c5","active",""
"CHEMBL2131314","COc1cccc(c1)c2cc3nc(C)c(C)c(N4CCN(Cc5occc5)CC4)n3n2","active",""
"CHEMBL2133413","Cc1cc(N2CCN(CC2)C(=O)c3cocc3)n4nc(cc4n1)c5ccncc5","active",""
"CHEMBL1579743","Cc1cc(C)c(C#N)c(SCc2c(F)cccc2[N+](=O)[O-])n1","active",""
"CHEMBL2133979","Fc1ccc(cc1)c2cc3nc4CCCc4c(N5CCN(CC5)C(=O)c6occc6)n3n2","active",""
"CHEMBL2137680","CNCCCN(C)c1cc(nc2cc(nn12)c3ccccc3)c4occc4","active",""
"CHEMBL3805706","N#Cc1cn(CCc2ccccc2)c3c(ncnc13)N4CCN(CCc5ccccc5)CC4","Not Determined","26943020"
"CHEMBL1323631","COc1cccc(c1O)c2nc(N3CC(C)CC(C)C3)c4ccccc4n2","active",""
"CHEMBL2138693","O=C(N1CCN(CC1)c2cc(nc3cc(nn23)c4occc4)c5occc5)c6cocc6","active",""
"CHEMBL2133050","CN(C)\C=C\1/C(=NN(C1=O)c2ccc(cc2)[N+](=O)[O-])C","active",""
"CHEMBL3885424","CCCc1ccc(cc1)C(=O)Nc2ccccc2c3nnn(n3)c4ccc(OC(=O)c5ccc(CCC)cc5)cc4","Not Determined","27676469"
"CHEMBL1332522","CCCCN(C)C1=CC2=CC(=C(C#N)C#N)CCC2CC1","active",""
"CHEMBL2142712","COC(=O)c1cccc(c1)c2cc(N3CCN(CC3)C(=O)c4cocc4)n5nc(cc5n2)c6cccc(OC)c6","active",""
"CHEMBL1582357","CCN(CC)P(=O)(Nc1cccc(c1)C(F)(F)F)c2ccc(cc2NC(=O)c3occc3)N(C)C","active",""
"CHEMBL1528996","O=C(COc1ccc(cc1)c2ccc(cc2)C#N)NCCc3ccccc3","active",""
"CHEMBL1505570","CCOc1ccccc1NC(=O)C(OC(=O)c2ccc(cc2)N(C)C)c3ccccc3","active",""
"CHEMBL1483406","CCOc1ccc(NC(=O)c2cccc3CN(CCOC)C(=O)c23)cc1","active",""
"CHEMBL1325873","Cc1cc(N2CCN(CC2)C(=O)c3occc3)n4ncc(c5ccccc5)c4n1","active",""
"CHEMBL2133784","COc1cccc(c1)c2cc3nc(c(C)c(N4CCN(CC4)C(=O)c5cocc5)n3n2)c6ccccc6","active",""
"CHEMBL2135227","Fc1cccc(c1)c2cc3nc4CCCCc4c(N5CCN(CC5)C(=O)C6CCCO6)n3n2","active",""
"CHEMBL2135657","Cc1nc2cc(nn2c(N3CCN(CC3)C(=O)c4cocc4)c1C)c5ccccc5","active",""
"CHEMBL1608805","CCOC(=O)c1cccc(NC(=O)c2cnc3ccccc3n2)c1","active",""
"CHEMBL2132316","O=C(N1CCN(CC1)c2cc(nc3cc(nn23)c4ccccc4)c5occc5)c6coc7ccccc67","active",""
"CHEMBL2135890","COc1ccc(cc1)c2cc3nc(C)c(C)c(N4CCN(CC4)C(=O)c5cocc5)n3n2","active",""
"CHEMBL3937377","CCOc1ccc2[nH]cc(CCNC(=O)C3=CC(=O)c4c(OCc5ccc(Br)cc5)cccc4O3)c2c1","Not Determined","27376492"
"CHEMBL2142496","COc1ccc(cc1)c2cc3nc(cc(N4CCN(CC4)C(=O)c5cocc5)n3n2)c6occc6","active",""
"CHEMBL2137696","Cc1cccc(c1)c2cc3nc(cc(N4CCN(CC4)C(=O)c5cocc5)n3n2)c6occc6","active",""
"CHEMBL2138767","Fc1cccc(c1)c2cc(N3CCN(CC3)C(=O)c4cocc4)n5nc(cc5n2)c6ccccc6","active",""
"CHEMBL1689343","COc1cc(O)c2C(=O)C(=C(Oc2c1)c3ccc(OC)c(OC)c3)O","Not Determined","21275386"
"CHEMBL2141998","O=C(N1CCN(CC1)c2cc(nc3cc(nn23)c4ccncc4)c5ccccc5)c6cocc6","active",""
"CHEMBL2142245","CNCCN(C)c1cc(nc2cc(nn12)c3ccccc3)c4occc4","active",""
"CHEMBL2143182","Cc1nc2cc(nn2c(N3CCN(CC3)C(=O)c4cocc4)c1C)c5ccc6OCOc6c5","active",""
"CHEMBL2145384","Cc1nc2cc(nn2c(N3CCN(CC3)C(=O)c4cocc4)c1C)c5ccc(Br)cc5","active",""
"CHEMBL2131595","O=C(N1CCN(CC1)c2cc(nc3cc(nn23)c4ccccc4)c5cccs5)c6cocc6","active",""
"CHEMBL2135979","O=C(N1CCN(CC1)c2cc(nc3cc(nn23)c4ccccc4)c5occc5)c6occc6","active",""
"CHEMBL2137394","COc1cccc(c1)c2cc3nc(cc(N4CCN(CC4)C(=O)c5cocc5)n3n2)c6cccc(c6)C(F)(F)F","active",""
"CHEMBL2137928","Fc1ccc(cc1)c2cc(N3CCN(CC3)C(=O)c4cocc4)n5nc(cc5n2)c6ccccc6","active",""
"CHEMBL2139235","Cc1ccc(cc1)c2nc3nc(C)cc(N4CCN(CC4)C(=O)c5occc5)n3n2","active",""
"CHEMBL2139757","CC(C)(C)c1cc2nc(cc(N3CCN(CC3)C(=O)c4cocc4)n2n1)c5occc5","active",""
"CHEMBL2130718","CC(=O)N1CCN(CC1)c2cc(C)nc3cc(nn23)c4cccc(F)c4","active",""
"CHEMBL2132526","CC(C)(C)OC(=O)N1CCN(CC1)c2cc(nc3cc(nn23)c4ccccc4)c5occc5","active",""
"CHEMBL2134161","COc1cccc(c1)c2cc3nc(cc(N4CCN(CC4)C(=O)c5cocc5)n3n2)c6cccc(c6)C#N","active",""
"CHEMBL2138028","Cc1nc2cc(nn2c(N3CCN(CC3)C(=O)c4cocc4)c1C)c5cccc(Cl)c5","active",""
"CHEMBL282611","N#Cc1c2CCCCn2c3c(NCCc4ccccc4)ncnc13","Not Determined","26943020"
"CHEMBL495936","CCCCC\C=C/C\C=C/C=C/C=C/[C@@H](SC[C@@H](NC(=O)CC[C@H](N)C(=O)O)C(=O)NCC(=O)O)[C@@H](O)CCCC(=O)O","Not Determined","19170519"
"CHEMBL2141666","CC(=O)N1CCN(CC1)c2cc(nc3cc(nn23)c4ccccc4)c5occc5","active",""
"CHEMBL2132650","Fc1ccccc1c2cc(N3CCN(CC3)C(=O)c4cocc4)n5nc(cc5n2)c6ccccc6","active",""
"CHEMBL2134880","CN(CCCN(C)c1cc(nc2cc(nn12)c3ccccc3)c4occc4)C(=O)c5cocc5","active",""
"CHEMBL2139197","Cc1c(nc2cc(nn2c1N3CCN(CC3)C(=O)c4cocc4)c5ccccc5)c6occc6","active",""
"CHEMBL1865934","O=C(N1CCN(CC1)c2cc(nc3cc(nn23)c4ccccc4)c5occc5)c6cocc6","active",""
"CHEMBL1489027","CC(C)C(NS(=O)(=O)c1ccccc1)C(=O)OCc2cc(cc3COCOc23)[N+](=O)[O-]","active",""
"CHEMBL2140567","O=C(OCc1ccccc1)N2CCN(CC2)c3cc(nc4cc(nn34)c5ccccc5)c6occc6","active",""
"CHEMBL2133585","O=C(N1CCN(CC1)c2cc(nc3cc(nn23)c4cccs4)c5occc5)c6cocc6","active",""
"CHEMBL2137849","COc1cccc(c1)c2cc3nc(C)c(C)c(N4CCN(CC4)C(=O)c5occc5)n3n2","active",""
"CHEMBL2133477","Cc1oc(C)c(c1)C(=O)N2CCN(CC2)c3cc(nc4cc(nn34)c5ccccc5)c6occc6","active",""
"CHEMBL2134322","Cc1cc(N2CCN(CC2)C(=O)C3CCCO3)n4nc(cc4n1)c5cccc(F)c5","active",""
"CHEMBL2135699","Cc1oc(cc1)c2cc(N3CCN(CC3)C(=O)c4cocc4)n5nc(cc5n2)c6ccccc6","active",""
"CHEMBL1399054","COC(=O)c1ccc(cc1)C(N(Cc2ccccc2)C(=O)Cc3cccs3)C(=O)NC4CCCCC4","active",""
"CHEMBL1884699","COc1ccc(cc1)c2[nH]nc3nc(cc(c23)C(F)(F)F)N4CCN(CC4)C(=O)c5cocc5","active",""
"CHEMBL2136603","COc1ccccc1c2cc3nc(cc(N4CCN(CC4)C(=O)c5cocc5)n3n2)c6occc6","active",""
"CHEMBL2137688","CC(=O)N1CCN(CC1)c2cc(nc3cc(nn23)c4ccccc4)c5ccccc5","active",""
"CHEMBL2132766","Cc1cc(N2CCN(CC2)C(=O)c3cocc3)n4nc(cc4n1)c5ccccc5","active",""
"CHEMBL2135201","O=C(N1CCN(CC1)c2cc(nc3cc(nn23)c4cccc(c4)c5occc5)c6occc6)c7cocc7","active",""
"CHEMBL2138737","Cc1ccc(cc1)c2cc3nc(cc(N4CCN(Cc5cocc5)CC4)n3n2)c6occc6","active",""
"CHEMBL2139895","O=C1CN(CCN1c2ccccc2)c3cc(nc4cc(nn34)c5ccccc5)c6occc6","active",""
"CHEMBL15177","CN(C)C(=O)CCSC(SCCC(=O)O)c1cccc(\C=C\c2ccc3ccc(Cl)cc3n2)c1","Not Determined","19170519"
"CHEMBL2142058","O=C(N1CCCN(C1)c2cc(nc3cc(nn23)c4ccccc4)c5occc5)c6cocc6","active",""
"CHEMBL2142391","COc1cccc(c1)c2cc(N3CCN(CC3)C(=O)c4cocc4)n5nc(cc5n2)c6cccc(OC)c6","active",""
"CHEMBL2142216","COc1cccc(c1)c2cc(N3CCN(CC3)C(=O)c4cocc4)n5nc(cc5n2)c6ccccc6","active",""
"CHEMBL2139052","COc1cccc(c1)c2cc3nc(C)cc(N4CCN(CC4)C(=O)c5cocc5)n3n2","active",""
"CHEMBL51628","Oc1ccc2C=CC(=O)Oc2c1","BLD","22415933"
