"CHEMBL135","C[C@]12CC[C@H]3[C@@H](CCc4cc(O)ccc34)[C@@H]1CC[C@@H]2O","inhibitor [+]","11927002"
"CHEMBL1401508","COc1cc(ccc1O)C2Oc3cc(ccc3OC2CO)C4Oc5cc(O)cc(O)c5C(=O)C4O","inhibitor []","15102949"
"CHEMBL8145","Oc1ccc(cc1)C2=COc3cc(O)ccc3C2=O","inhibitor []","15102949"
"CHEMBL103","CC(=O)[C@H]1CC[C@H]2[C@@H]3CCC4=CC(=O)CC[C@]4(C)[C@H]3CC[C@]12C","substrate []","12668685"
"CHEMBL941","CN1CCN(Cc2ccc(cc2)C(=O)Nc3ccc(C)c(Nc4nccc(n4)c5cccnc5)c3)CC1","transporter substrate","20190787"
"CHEMBL176049","Cl.COC(=O)c1ccccc1C2=C3C=CC(=N)C=C3Oc4cc(N)ccc24","substrate []","12668685"
"CHEMBL44","Oc1ccc(cc1)C2=COc3cc(O)cc(O)c3C2=O","inhibitor []","15102949"
"CHEMBL1697724","C[C@]12CC[C@H]3[C@@H](CCc4cc(O)ccc34)[C@@H]1CC[C@@H]2O[C@@H]5O[C@@H]([C@@H](O)[C@H](O)[C@H]5O)C(=O)O","substrate []","12874005"
"CHEMBL410316","COc1ccc2c3C[C@@H]4N([C@@H](C=C(C)C)c3[nH]c2c1)C(=O)[C@@H]5CCCN5C4=O","inhibitor []","14500392"
"CHEMBL305666","CC[C@@]1(O)C(=O)OCC2=C1C=C3N(Cc4c(CN5CCN(C)CC5)c6cc7OCCOc7cc6nc34)C2=O","substrate [+]","11309344"
"CHEMBL129","CC1=CN([C@H]2C[C@H](N=[N+]=[N-])[C@@H](CO)O2)C(=O)NC1=O","substrate []","12488537"
"CHEMBL31574","OC1=C(Oc2cc(O)ccc2C1=O)c3ccc(O)c(O)c3","inhibitor []","15102949"
"CHEMBL1642","CN1CCN(Cc2ccc(cc2)C(=O)Nc3ccc(C)c(Nc4nccc(n4)c5cccnc5)c3)CC1.CS(=O)(=O)O","inhibitor []","15059881"
"CHEMBL1641820","COc1cc2CCN(CCc3ccc(NC(=O)c4cc(OC)c(OC)cc4NC(=O)c5cnc6ccccc6c5)cc3)Cc2cc1OCC[18F]","Active","21185730"
"CHEMBL2074964","CCc1c2CN3C(=O)C4=C(C=C3c2nc5cc(F)c(O)cc15)[C@@](O)(CC)C(=O)OC4","substrate []","15170677"
"CHEMBL343002","CCOc1ccc(cc1)c2nc3cc(ccc3[nH]2)c4nc5cc(ccc5[nH]4)N6CCN(C)CC6","substrate []","12668685"
"CHEMBL348475","COc1cc2CCN(CCc3ccc(NC(=O)c4cc(OC)c(OC)cc4NC(=O)c5cnc6ccccc6c5)cc3)Cc2cc1OC","Active","20621487"
"CHEMBL308954","Cc1cc(cc(C)c1Oc2nc(Nc3ccc(cc3)C#N)nc(N)c2Br)C#N","Active","21189339"
"CHEMBL3883987","COc1ccc(cc1)C(=O)Nc2ccccc2c3nnn(n3)c4ccccc4","Active","27676469"
"CHEMBL3809529","COc1ccc(\C=C\C(=O)c2ccc(Nc3nc(nc4ccccc34)c5ccc(OC)c(OC)c5)cc2)cc1OC","Active","27100033"
"CHEMBL117","Oc1cc(O)c2C(=O)C=C(Oc2c1)c3ccccc3","inhibitor []","15205350"
"CHEMBL428690","CN1CC[C@@H]([C@H](O)C1)c2c(O)cc(O)c3C(=O)C=C(Oc23)c4ccccc4Cl","substrate []","14645676"
"CHEMBL2074961","CC\C(=C(/c1ccc(O)cc1)\c2ccc(OCCN(C)C)cc2)\c3ccc(cc3)C(C)C","inhibitor []","12533678"
"CHEMBL2074984","CC\C(=C(\c1ccc(OCCN(C)C)cc1)/c2ccc(OCc3ccccc3)cc2)\c4ccccc4","inhibitor []","12533678"
"CHEMBL1405","C[C@]12CC[C@H]3[C@@H](CCc4cc(O)ccc34)[C@@H]1CCC2=O","transporter inhibitor","20190787"
"CHEMBL3884139","COc1ccc2c3[C@H](O)[C@]4(O)N([C@@H](C=C(C)C)c3[nH]c2c1)C(=O)[C@@H]5CCCN5C4=O","Active","27865702"
"CHEMBL44657","COc1cc(cc(OC)c1O)[C@H]2[C@@H]3[C@H](COC3=O)[C@H](O[C@@H]4O[C@@H]5CO[C@@H](C)O[C@H]5[C@H](O)[C@H]4O)c6cc7OCOc7cc26","substrate []","12488537"
"CHEMBL3108796","CN(CCc1cn(C)c2ccccc12)C(=O)C3=CC(=O)c4c(OCc5ccc(Br)cc5)cccc4O3","Active","24304387"
"CHEMBL3110301","COc1ccc2[nH]cc(CCN(C)CC3=CC(=O)c4c(OCc5ccc(Br)cc5)cccc4O3)c2c1","Active","24304387"
"CHEMBL9352","Oc1ccc(cc1)[C@@H]2CC(=O)c3c(O)cc(O)cc3O2","inhibitor []","15102949"
"CHEMBL6966","COc1ccc(CCN(C)CCCC(C#N)(C(C)C)c2ccc(OC)c(OC)c2)cc1OC","inhibitor [IC50=> 50uM]","15155841"
"CHEMBL837","CCc1c2CN3C(=O)C4=C(C=C3c2nc5ccc(O)cc15)[C@@](O)(CC)C(=O)OC4","substrate []","14566825"
"CHEMBL2074730","Cl.COc1cccc2C(=O)c3cccc(C(=O)Nc4ccc(CCN5CCc6cc(OC)c(OC)cc6C5)cc4)c3Nc12","inhibitor [+]","11309344"
"CHEMBL83","CC\C(=C(/c1ccccc1)\c2ccc(OCCN(C)C)cc2)\c3ccccc3","substrate []","12668685"
"CHEMBL3402070","C[C@H]1N2C(=O)c3cc(I)ccc3N=C2[C@@H]4C[C@@]5([C@H](N4C1=O)N(C(=O)C)c6ccccc56)C(C)(C)C=C","Active","25835358"
"CHEMBL160","CC[C@@H]1NC(=O)[C@H]([C@H](O)[C@H](C)C\C=C\C)N(C)C(=O)[C@H](C(C)C)N(C)C(=O)[C@H](CC(C)C)N(C)C(=O)[C@H](CC(C)C)N(C)C(=O)[C@@H](C)NC(=O)[C@H](C)NC(=O)[C@H](CC(C)C)N(C)C(=O)[C@@H](NC(=O)[C@H](CC(C)C)N(C)C(=O)CN(C)C1=O)C(C)C","Active","21488686"
"CHEMBL36506","CO[C@@H]1[C@@H](OC(=O)N)[C@@H](O)[C@H](Oc2ccc3C(=C(NC(=O)c4ccc(O)c(CC=C(C)C)c4)C(=O)Oc3c2C)O)OC1(C)C","inhibitor [3-fold increase of control]","16460798"
"CHEMBL84","CC[C@@]1(O)C(=O)OCC2=C1C=C3N(Cc4cc5c(CN(C)C)c(O)ccc5nc34)C2=O","substrate []","12533678"
"CHEMBL155285","COc1cc2CCN(CCc3ccc(NC(=O)c4ccccc4NC(=O)c5occc5)cc3)Cc2cc1OC","Active","26197160"
"CHEMBL399121","COc1ccc(cc1O)[C@@H]2CC(=O)c3c(O)cc(O)cc3O2","inhibitor []","15205350"
"CHEMBL243664","COc1ccc(cc1)C2=CC(=O)c3c(O)cc(O)cc3O2","inhibitor []","15205350"
"CHEMBL2420091","COC1=C(Oc2c(ccc3ccccc23)C1=O)c4ccc(OC)c(OC)c4","Active","23851114"
"CHEMBL1614650","CC[C@@]1(O)C(=O)OCC2=C1C=C3N(Cc4c3nc5cc(F)c(C)c6CC[C@H](N)c4c56)C2=O","substrate []","11309344"
"CHEMBL178","COc1cccc2C(=O)c3c(O)c4C[C@](O)(C[C@H](O[C@H]5C[C@H](N)[C@H](O)[C@H](C)O5)c4c(O)c3C(=O)c12)C(=O)C","substrate [Kact=2.5uM]","11437380"
"CHEMBL2074968","CCc1c2CN3C(=O)C4=C(C=C3c2nc5ccc(Cl)cc15)[C@@](O)(CC)C(=O)OC4","substrate []","15170677"
"CHEMBL289159","COc1ccc2c(C[C@@H]3NC(=O)[C@@H]4CCCN4C3=O)c(CC=C(C)C)[nH]c2c1","inhibitor []","12946267"
"CHEMBL3402072","C[C@H]1N2C(=O)c3cc(ccc3N=C2[C@@H]4C[C@@]5([C@H](N4C1=O)N(C(=O)C)c6ccccc56)C(C)(C)C=C)C#N","Active","25835358"
"CHEMBL45068","Oc1ccc(CCC(=O)c2c(O)cc(O)cc2O)cc1","inhibitor []","15102949"
"CHEMBL3808612","COc1ccc(\C=C\C(=O)c2ccc(Nc3nc(nc4ccccc34)c5ccccc5)cc2)cc1OC","Active","27100033"
"CHEMBL3809167","COc1ccc(\C=C\C(=O)c2ccc(Nc3ncnc4ccccc34)cc2)cc1OC","Active","27100033"
"CHEMBL223228","FC(F)(F)[C@]1(OC(=O)Nc2ccc(Cl)cc12)C#CC3CC3","Active","21189339"
"CHEMBL112570","CC(C)CCC[C@@H](C)[C@H]1CC[C@H]2[C@@H]3CC=C4C[C@@H](O)CC[C@]4(C)[C@H]3CC[C@]12C","substrate []","12668685"
"CHEMBL1554","CC(C)[C@H]1NC(=O)[C@@H](NC(=O)C2=C(N)C(=O)C(=C3Oc4c(C)ccc(C(=O)N[C@H]5[C@@H](C)OC(=O)[C@H](C(C)C)N(C)C(=O)CN(C)C(=O)[C@@H]6CCCN6C(=O)[C@H](NC5=O)C(C)C)c4N=C23)C)[C@@H](C)OC(=O)[C@H](C(C)C)N(C)C(=O)CN(C)C(=O)[C@@H]7CCCN7C1=O","substrate []","12488537"
"CHEMBL53463","COc1cccc2C(=O)c3c(O)c4C[C@](O)(C[C@H](O[C@H]5C[C@H](N)[C@H](O)[C@H](C)O5)c4c(O)c3C(=O)c12)C(=O)CO","substrate []","12488537"
"CHEMBL1525298","CCC(=O)Oc1ccc(cc1)\C(=C(/CC)\c2ccc(OC(=O)CC)cc2)\CC","inhibitor []","12533678"
"CHEMBL3402067","C[C@H]1N2C(=O)c3cc(Cl)ccc3N=C2[C@@H]4C[C@@]5([C@H](N4C1=O)N(C(=O)C)c6ccccc56)C(C)(C)C=C","Active","25835358"
"CHEMBL2074963","CC\C(=C(/c1ccc(O)cc1)\c2ccc(OCCN(C)C)cc2)\c3ccc(OCc4ccccc4)cc3","inhibitor []","12533678"
"CHEMBL481","CCc1c2CN3C(=O)C4=C(C=C3c2nc5ccc(OC(=O)N6CCC(CC6)N7CCCCC7)cc15)[C@@](O)(CC)C(=O)OC4","substrate [+]","11309344"
"CHEMBL435191","OCC(CO)NN1C(=O)c2c(C1=O)c3c4ccc(O)cc4n([C@@H]5O[C@H](CO)[C@@H](O)[C@H](O)[C@H]5O)c3c6[nH]c7cc(O)ccc7c26","substrate [+]","11306452"
"CHEMBL411","CC\C(=C(\CC)/c1ccc(O)cc1)\c2ccc(O)cc2","inhibitor [IC50=0.5uM]","12533678"
"CHEMBL3426399","COc1ccc(cc1)C(=O)Nc2ccccc2c3nnn(n3)c4ccc(cc4)C(F)(F)F","Active","25855895"
"CHEMBL3402076","C[C@H]1N2C(=O)c3ccccc3N=C2[C@@H]4C[C@@]5([C@H](N4C1=O)N(C(=O)C)c6ccc(cc56)c7ccccc7)C(C)(C)C=C","Active","25835358"
"CHEMBL389621","C[C@]12CCC(=O)C=C1CC[C@H]3[C@@H]4CC[C@](O)(C(=O)CO)[C@@]4(C)C[C@H](O)[C@H]23","inhibitor [70% of control]","12920197"
"CHEMBL2074784","CC1=CC(=O)Oc2cc(OS(=O)(=O)O)ccc12","substrate []","12682043"
"CHEMBL2074970","CN(Cc1cnc2nc(N)nc(N)c2n1)c3ccc(cc3)C(=O)N[C@@H](CCC(=O)N[C@@H](CCC(=O)N[C@@H](CCC(=O)O)C(=O)O)C(=O)O)C(=O)O","substrate []","14500392"
"CHEMBL3402080","C[C@H]1N2C(=O)c3ccccc3N=C2[C@@H]4C[C@@]5([C@H](N4C1=O)N(C(=O)C)c6ccc(cc56)c7ccc(cc7)c8ccccc8)C(C)(C)C=C","Active","25835358"
"CHEMBL3350680","CCCCCCCC\C=C/CCCCCCCC(=O)OC(COC(=O)CCCCCCC\C=C\CCCCCCCC)COP(=O)(O)OC[C@H](Nc1ccc(c2nonc12)[N+](=O)[O-])C(=O)O","substrate []","12946267"
"CHEMBL2074958","O[C@@H]1[C@@H](O)[C@H](Oc2ccc(cc2O)C3=CC(=O)c4c(O)cc(O)cc4O3)O[C@@H]([C@H]1O)C(=O)O","inhibitor []","15205350"
"CHEMBL114","CC(C)(C)NC(=O)[C@@H]1C[C@@H]2CCCC[C@@H]2CN1C[C@@H](O)[C@H](Cc3ccccc3)NC(=O)[C@H](CC(=O)N)NC(=O)c4ccc5ccccc5n4","inhibitor [IC50=19.5 +/- 6.7uM]","15007102"
"CHEMBL494753","C[C@]12CC[C@H]3[C@@H](CCc4cc(OS(=O)(=O)O)ccc34)[C@@H]1CCC2=O","substrate [Km=17uM]","12682043"
"CHEMBL1743143","CCc1c2CN3C(=O)C4=C(C=C3c2nc5ccc(OC[C@@H]6O[C@@H]([C@@H](O)[C@H](O)[C@H]6O)C(=O)O)cc15)[C@@](O)(CC)C(=O)OC4","substrate [Km=26uM]","11688982"
"CHEMBL408701","C[C@H](CCC(=O)NCCS(=O)(=O)O)[C@H]1CC[C@H]2[C@@H]3CC[C@@H]4C[C@H](O)CC[C@]4(C)[C@H]3CC[C@]12C","inhibitor [20% of control]","12920197"
"CHEMBL2074599","CNc1nc2c(Cc3cccnc3)c(C)c(O[C@@H]4O[C@@H]([C@@H](O)[C@H](O)[C@H]4O)C(=O)O)c(C)c2s1","inhibitor [76% of control]","12682043"
"CHEMBL3810327","COc1ccc(\C=C\C(=O)c2cccc(Nc3ncnc4cc(OC)c(OC)cc34)c2)cc1","Active","27100033"
"CHEMBL274070","CC[C@@]1(O)C(=O)OCC2=C1C=C3N(Cc4cc5c(N)cccc5nc34)C2=O","substrate [+]","11309344"
"CHEMBL472","COc1ccc(Cl)cc1C(=O)NCCc2ccc(cc2)S(=O)(=O)NC(=O)NC3CCCCC3","inhibitor [IC50=150uM]","16460798"
"CHEMBL3402071","COc1ccc2N=C3[C@@H]4C[C@@]5([C@H](N4C(=O)[C@@H](C)N3C(=O)c2c1)N(C(=O)C)c6ccccc56)C(C)(C)C=C","Active","25835358"
"CHEMBL3402079","C[C@H]1N2C(=O)c3ccccc3N=C2[C@@H]4C[C@@]5([C@H](N4C1=O)N(C(=O)C)c6ccc(cc56)c7ccc(cc7)C#N)C(C)(C)C=C","Active","25835358"
"CHEMBL493586","O[C@@H]1[C@@H](O)[C@H](OCC2=CC(=O)Oc3cc(O)ccc23)O[C@@H]([C@H]1O)C(=O)O","inhibitor [84% of control]","12682043"
"CHEMBL3885413","COc1ccc2c3[C@H](O)[C@]4(O)N([C@@H](C=C(C)C)c3n(CC=C(C)C)c2c1)C(=O)[C@@H]5CCCN5C4=O","Active","27865702"
"CHEMBL284328","[Br-].CC[n+]1c(c2ccccc2)c3cc(N)ccc3c4ccc(N)cc14","substrate []","12668685"
"CHEMBL584","Cc1c(O)cccc1C(=O)N[C@@H](CSc2ccccc2)[C@H](O)CN3C[C@H]4CCCC[C@H]4C[C@H]3C(=O)NC(C)(C)C","inhibitor [IC50=12.5 +/- 4.1uM]","15007102"
"CHEMBL42442","COC(=O)Nc1nc2cc(ccc2[nH]1)[S+]([O-])c3ccccc3","inhibitor []","15703302"
"CHEMBL1477","COCc1c(nc(C(C)C)c(\C=C\[C@@H](O)C[C@@H](O)CC(=O)O)c1c2ccc(F)cc2)C(C)C","substrate [(+)]","15901800"
"CHEMBL163","CC(C)[C@H](NC(=O)N(C)Cc1csc(n1)C(C)C)C(=O)N[C@H](C[C@H](O)[C@H](Cc2ccccc2)NC(=O)OCc3cncs3)Cc4ccccc4","inhibitor [IC50=19.5 +/- 0.8uM]","15007102"
"CHEMBL593","CC(C)Nc1cccnc1N2CCN(CC2)C(=O)c3cc4cc(NS(=O)(=O)C)ccc4[nH]3","Active","21189339"
"CHEMBL153529","COc1cc(OC)c2C(=CC(=O)Oc2c1)c3ccc(OC)c(O)c3","Active","21488686"
"CHEMBL3526716","COc1cc(OC[C@@H]2CNCC[C@H]2c3ccc(F)cc3)ccc1O[C@@H]4O[C@@H]([C@@H](O)[C@H](O)[C@H]4O)C(=O)O","Active","23303441"
"CHEMBL2074959","CCCCCCCCCCCCCCCC(=O)OCC(COP(=O)([O-])OCC[N+](C)(C)C)OC(=O)CCCCCNc1ccc(c2nonc12)[N+](=O)[O-]","substrate []","12946267"
"CHEMBL2074962","CC\C(=C(/c1ccc(O)cc1)\c2ccc(OCCN(C)C)cc2)\c3ccc(OC)cc3","inhibitor []","12533678"
"CHEMBL34259","CN(Cc1cnc2nc(N)nc(N)c2n1)c3ccc(cc3)C(=O)N[C@@H](CCC(=O)O)C(=O)O","transporter substrate","20190787"
"CHEMBL3402077","C[C@H]1N2C(=O)c3ccccc3N=C2[C@@H]4C[C@@]5([C@H](N4C1=O)N(C(=O)C)c6ccc(cc56)c7ccc(C)cc7)C(C)(C)C=C","Active","25835358"
"CHEMBL1144","CC[C@H](C)C(=O)O[C@H]1C[C@H](O)C=C2C=C[C@H](C)[C@H](CC[C@@H](O)C[C@@H](O)CC(=O)O)[C@@H]12","substrate [(+)]","15901800"
"CHEMBL260599","COc1cccc2\C(=C\CCN3CCc4cc(OC)c(OC)cc4C3)\CCCc12","Active","18276145"
"CHEMBL39346","CC(=C[C@@H]1N2[C@@H](Cc3c1[nH]c4ccccc34)C(=O)N5CCC[C@H]5C2=O)C","Active","27865702"
"CHEMBL1775214","COc1ccc(cc1O)C2=CC(=O)Oc3cccc(OC)c23","Active","21488686"
"CHEMBL1628111","C[C@]12CC[C@H]3[C@@H](CCc4cc(OS(=O)(=O)O)ccc34)[C@@H]1CC[C@@H]2O","inhibitor [50% of control]","12920197"
"CHEMBL551369","COc1ccc2c3[C@H](O)[C@]4(O)N([C@H]5CC(C)(C)OO[C@H](C=C(C)C)n(c35)c2c1)C(=O)[C@@H]6CCCN6C4=O","Active","27865702"
"CHEMBL1775215","COc1ccc2OC(=O)C=C(c3ccc(OC)c(O)c3)c2c1","Active","21488686"
"CHEMBL469654","OC[C@H]1O[C@@H](Oc2cc(O)c3C(=O)C[C@H](Oc3c2)c4ccc(O)cc4)[C@H](O)[C@@H](O)[C@@H]1O","inhibitor []","15205350"
"CHEMBL1641819","COc1cc2CCN(CCc3ccc(NC(=O)c4cccc5C(=O)c6cccc(OCC[18F])c6Nc45)cc3)Cc2cc1OC","Active","21185730"
"CHEMBL2074644","C[C@H](CCC(=O)NCCS(=O)(=O)O)C1CC[C@H]2[C@@H]3CC[C@@H]4C[C@@H](CC[C@]4(C)[C@H]3CC[C@]12C)OS(=O)(=O)O","inhibitor [30% of control]","12920197"
"CHEMBL2074917","CC\C(=C(\c1ccc(OCCN(C)C)cc1)/c2ccc(OCc3ccc(cc3)[N+](=O)[O-])cc2)\c4ccccc4","inhibitor [IC50>2uM]","12533678"
"CHEMBL2074966","CCc1c2CN3C(=O)C4=C(C=C3c2nc5cc(O)ccc15)[C@@](O)(CC)C(=O)OC4","substrate []","15170677"
"CHEMBL2074969","CN(Cc1cnc2nc(N)nc(N)c2n1)c3ccc(cc3)C(=O)N[C@@H](CCC(=O)N[C@@H](CCC(=O)N[C@@H](CCC(=O)N[C@@H](CCC(=O)O)C(=O)O)C(=O)O)C(=O)O)C(=O)O","substrate []","12874005"
"CHEMBL40919","COc1ccc(cc1)C2=C(O)C(=O)c3c(O)cc(O)cc3O2","inhibitor []","15205350"
"CHEMBL141","NC1=NC(=O)N(C=C1)[C@@H]2CS[C@H](CO)O2","substrate []","12488537"
"CHEMBL1503","COc1ccc2[nH]c(nc2c1)[S+]([O-])Cc3ncc(C)c(OC)c3C","inhibitor [IC50=10-50uM]","15313923"
"CHEMBL3402078","COc1ccc(cc1)c2ccc3N([C@H]4N5[C@@H](C[C@]4(c3c2)C(C)(C)C=C)C6=Nc7ccccc7C(=O)N6[C@H](C)C5=O)C(=O)C","Active","25835358"
"CHEMBL131921","COc1ccc(cc1)C2=COc3cc(O)cc(O)c3C2=O","inhibitor []","15102949"
"CHEMBL3402074","C[C@H]1N2C(=O)c3ccccc3N=C2[C@@H]4C[C@@]5([C@H](N4C1=O)N(C(=O)C)c6ccc(Br)cc56)C(C)(C)C=C","Active","25835358"
"CHEMBL386630","C[C@]12CC[C@H]3[C@@H](CCC4=CC(=O)CC[C@]34C)[C@@H]1CC[C@@H]2O","substrate []","12668685"
"CHEMBL3402069","C[C@H]1N2C(=O)c3ccc(Br)cc3N=C2[C@@H]4C[C@@]5([C@H](N4C1=O)N(C(=O)C)c6ccccc56)C(C)(C)C=C","Active","25835358"
"CHEMBL3402075","C[C@H]1N2C(=O)c3ccccc3N=C2[C@@H]4C[C@@]5([C@H](N4C1=O)N(C(=O)C)c6ccc(cc56)C7CCCCC7)C(C)(C)C=C","Active","25835358"
"CHEMBL281768","CCc1c2CN3C(=O)C4=C(C=C3c2nc5ccc(N)cc15)[C@@](O)(CC)C(=O)OC4","substrate []","15170677"
"CHEMBL91867","CC#CC(=O)Nc1ccc2ncnc(Nc3cccc(Br)c3)c2c1","inhibitor [IC50=0.2uM]","15155841"
"CHEMBL259898","C[C@]12CC[C@H]3[C@@H](CC=C4C[C@H](CC[C@]34C)OS(=O)(=O)O)[C@@H]1CCC2=O","inhibitor [50% of control]","12920197"
"CHEMBL1622","NC1=NC(=O)c2nc(CNc3ccc(cc3)C(=O)N[C@@H](CCC(=O)O)C(=O)O)cnc2N1","substrate []","12874005"
"CHEMBL2074967","CCc1c2CN3C(=O)C4=C(C=C3c2nc5cc(Br)ccc15)[C@@](O)(CC)C(=O)OC4","substrate []","15170677"
"CHEMBL3402073","C[C@H]1N2C(=O)c3cc(ccc3N=C2[C@@H]4C[C@@]5([C@H](N4C1=O)N(C(=O)C)c6ccccc56)C(C)(C)C=C)c7ccccc7","Active","25835358"
"CHEMBL2074805","CNc1nc2c(Cc3cccnc3)c(C)c(OS(=O)(=O)O)c(C)c2s1","substrate []","12682043"
"CHEMBL90568","COc1ccc(cc1O)C2=CC(=O)c3c(O)cc(O)cc3O2","inhibitor []","15205350"
"CHEMBL213947","N[C@@H](CCC(=O)N[C@H](CSc1ccc(cc1[N+](=O)[O-])[N+](=O)[O-])C(=O)NCC(=O)O)C(=O)O","inhibitor [78% of control]","12682043"
"CHEMBL1665","CCC[S+]([O-])c1ccc2[nH]c(NC(=O)OC)nc2c1","substrate []","15703302"
"CHEMBL1502","COc1ccnc(C[S+]([O-])c2nc3cc(OC(F)F)ccc3[nH]2)c1OC","inhibitor [IC50=10uM]","15313923"
"CHEMBL224867","C[C@H](CCC(=O)NCCS(=O)(=O)O)[C@H]1CC[C@H]2[C@@H]3[C@H](O)C[C@@H]4C[C@H](O)CC[C@]4(C)[C@H]3C[C@H](O)[C@]12C","inhibitor [70% of control]","12920197"
"CHEMBL1775213","COc1ccc(cc1O)C2=CC(=O)Oc3ccccc23","Active","21488686"
"CHEMBL2074960","CC\C(=C(/c1ccc(O)cc1)\c2ccc(OCCNC)cc2)\c3ccc(cc3)C(C)CO","inhibitor []","12533678"
"CHEMBL2074965","CCc1c2CN3C(=O)C4=C(C=C3c2nc5cc(F)c(OC)cc15)[C@@](O)(CC)C(=O)OC4","substrate []","15170677"
"CHEMBL3809015","COc1ccc(\C=C\C(=O)c2ccc(Nc3ncnc4cc(OC)c(OC)cc34)cc2)cc1OC","Not Active","27100033"
"CHEMBL1","COc1ccc2[C@@H]3[C@H](COc2c1)C(C)(C)OC4=C3C(=O)C(=O)C5=C4OC(C)(C)[C@@H]6COc7cc(OC)ccc7[C@H]56","Not Active","18954040"
"CHEMBL57","Cc1ccnc2N(C3CC3)c4ncccc4C(=O)Nc12","Not Active","21189339"
"CHEMBL1171624","OC[C@@]12C3N(Cc4cccnc4)C5[C@]6(CO)C(N(Cc7cccnc7)C1[C@@]3(CO)[C@H]6c8ccccc8)[C@@]5(CO)[C@H]2c9ccccc9","Not Active","20598550"
"CHEMBL1935206","COc1cc(OO)ccc1C(=O)\C=C\c2ccc(Cl)c(Cl)c2","Not Active","22112540"
"CHEMBL241862","COc1ccc(\C=C\C(=O)c2ccccc2O)cc1","Not Active","22112540"
"CHEMBL251899","CCCC1=CC(=O)c2c(O)c3c(OC)cc(O)cc3cc2O1","Not Active","20627559"
"CHEMBL2134695","O=C(Nc1ccccc1)C2CCN(CC2)c3cc(nc4cc(nn34)c5ccccc5)c6occc6","inactive",""
"CHEMBL1172081","COc1cc(O)cc2c(OC)c(OC)c3C(=O)C=C(C)Oc3c12","Not Active","20627559"
"CHEMBL3809541","COc1cccc(\C=C\C(=O)c2ccc(Nc3ncnc4cc(OC)c(OC)cc34)cc2)c1","Not Active","27100033"
"CHEMBL32147","Oc1ccccc1C(=O)\C=C\c2ccccc2","Not Active","22112540"
"CHEMBL474682","Clc1ccccc1\C=C\C(=O)c2ccccc2","Not Active","22112540"
"CHEMBL3342112","CCOC(=O)c1c(C)nc2sc(C(=O)c3ccc(OC)cc3)c(N)c2c1c4ccccc4","Not Active","25311564"
"CHEMBL3352989","COc1cccc(c1)c2ccccc2CCN3CCc4cc(OC)c(OC)cc4C3","Not Active","25379609"
"CHEMBL1171441","OC[C@@]12C3N(Cc4ccc(OCc5ccccc5)cc4)C6[C@]7(CO)C(N(Cc8ccc(OCc9ccccc9)cc8)C1[C@@]3(CO)[C@H]7c%10ccccc%10)[C@@]6(CO)[C@H]2c%11ccccc%11","Not Active","20598550"
"CHEMBL1528022","O[C@H]1[C@H](Oc2ccc3C=CC(=O)Oc3c2)O[C@@H]([C@@H](O)[C@@H]1O)C(=O)O","Not Active","22415933"
"CHEMBL1685071","C[C@@H]1O[C@@H](Oc2ccc(cc2)C3=CC(=O)c4c(O)cc(O)c([C@@H]5O[C@H](CO)[C@@H](O)[C@H](O)[C@H]5O)c4O3)[C@H](O)[C@H](O)[C@H]1O","Not Active","21354800"
"CHEMBL3352973","COc1ccc(cc1)c2ccc3OCC(=Cc3c2)CC(=O)N4CCc5cc(OC)c(OC)cc5C4","Not Active","25379609"
"CHEMBL294009","OC1=C(Oc2ccccc2C1=O)c3ccccc3","Not Active","23851114"
"CHEMBL1698513","COc1ccc(\C=N\NC(=O)c2ccc(O)c(OC)c2)cc1CN3CCN(CC3)c4ccc(F)cc4","inactive",""
"CHEMBL3352976","COc1ccc(cc1)c2oc(CN3CCc4cc(OC)c(OC)cc4C3)cc2","Not Active","25379609"
"CHEMBL3809832","COc1ccc(\C=C\C(=O)c2cccc(Nc3ncnc4cc(OC)c(OC)cc34)c2)cc1OC","Not Active","27100033"
"CHEMBL3417569","CC1(C)CC[C@@]2(CC[C@]3(C)[C@@H]([C@@H]2C1)C(=O)C=C4[C@@]5(C)C=C(C#N)C(=O)C(C)(C)[C@@H]5CC[C@@]34C)C(=O)NCC(=O)OCC#CCOc6no[n+]([O-])c6S(=O)(=O)c7ccccc7","Not Active","25675144"
"CHEMBL2135424","O=C(N1CCN(CC1)c2cc(nc3ncnn23)c4ccccc4)c5occc5","inactive",""
"CHEMBL89768","[Na+].CN(C)C(=O)CCSC(SCCC(=O)[O-])c1cccc(\C=C\c2ccc3ccc(Cl)cc3n2)c1","Not Active","26774038"
"CHEMBL1608504","[O-][N+](=O)c1cc(ccc1N2CCCC2)C(=O)OCc3ccc(cc3)C#N","inactive",""
"CHEMBL3352977","COc1cc2CCN(Cc3oc(cc3)c4ccc(O)cc4)Cc2cc1OC","Not Active","25379609"
"CHEMBL3352987","COc1ccc(cc1)c2ccc3OCC(=Cc3c2)CCN4CCc5cc(OC)c(OC)cc5C4","Not Active","25379609"
"CHEMBL3352988","COc1cc2CCN(CCc3ccccc3c4cccc(O)c4)Cc2cc1OC","Not Active","25379609"
"CHEMBL1171623","OC[C@@]12C3N(Cc4ccccc4)C5[C@]6(CO)C(N(Cc7ccccc7)C1[C@@]3(CO)[C@H]6c8ccncc8)[C@@]5(CO)[C@H]2c9ccncc9","Not Active","20598550"
"CHEMBL3764329","COc1cc(OC)c2C(=O)C=C(Oc2c1)N3CCN(C)CC3","Not Active","26774038"
"CHEMBL251254","OC[C@H]1O[C@@H](OC2=C(Oc3cc(O)cc(O)c3C2=O)c4ccc(O)c(O)c4)[C@H](O)[C@@H](O)[C@H]1O","Not Active","21354800"
"CHEMBL74913","COc1ccc(cc1)C2=C(O)C(=O)c3ccc(OC)cc3O2","Not Active","23851114"
"CHEMBL3342126","COCCOC(=O)c1c(C)nc2sc(C(=O)c3cc(OC)c(OC)c(OC)c3)c(N)c2c1c4cc(OC)c(OC)c(OC)c4","Not Active","25311564"
"CHEMBL3352982","COc1ccc(cc1)c2ccc(OCCCN3CCc4cc(OC)c(OC)cc4C3)cc2","Not Active","25379609"
"CHEMBL1935213","Oc1c(ccc2ccccc12)C(=O)\C=C\c3ccccc3Cl","Not Active","22112540"
"CHEMBL1644","CC1=C(N2[C@H](SC1)[C@H](NC(=O)[C@H](N)c3ccc(O)cc3)C2=O)C(=O)O","Not Active","22166395"
"CHEMBL1685070","C[C@@H]1O[C@@H](O[C@@H]2[C@@H](O)[C@H](O)[C@@H](CO)O[C@H]2c3c(O)cc(O)c4C(=O)C=C(Oc34)c5ccc(O)cc5)[C@H](O)[C@H](O)[C@H]1O","Not Active","21354800"
"CHEMBL2140364","COc1ccc(cc1)c2cc3nc(C)c(C)c(N4CCN(CC4)C(=O)c5occc5)n3n2","inactive",""
"CHEMBL3352983","COc1ccc(cc1)c2ccc(OCCN3CCc4cc(OC)c(OC)cc4C3)cc2","Not Active","25379609"
"CHEMBL2338489","COc1ccc2cc(ccc2c1)c3nc(CN4CCc5cc(OC)c(OC)cc5C4)cs3","Not Active","23347803"
"CHEMBL3426392","CCOc1ccc(cc1)n2nnc(n2)c3ccccc3NC(=O)c4ccc(cc4)C(F)(F)F","Not Active","25855895"
"CHEMBL1526865","Cc1cc(C)n(n1)c2ccc(Cl)c(n2)C(=O)Nc3cc(ccc3Cl)C(F)(F)F","inactive",""
"CHEMBL450343","COc1ccc2[C@H]3[C@@H](OCc2c1)C(C)(C)OC4=C3C(=O)C5=C([C@@H]6[C@@H](COc7cc(OC)ccc67)C(C)(C)O5)C4=O","Not Active","18954040"
"CHEMBL1935221","Oc1ccc2ccccc2c1C(=O)\C=C\c3ccc(Cl)cc3","Not Active","22112540"
"CHEMBL487017","OC[C@H]1O[C@@H](Oc2cc(O)c3C(=O)C=C(Oc3c2)c4ccc(O)cc4)[C@H](O)[C@@H](O)[C@@H]1O","Not Active","21354800"
"CHEMBL3612983","COc1cc2CCN(CCc3ccc(NC(=O)c4ccccc4NS(=O)(=O)c5ccc(C)cc5)cc3)Cc2cc1OC","Not Active","26197160"
"CHEMBL3342131","COc1ccc(cc1)C(=O)c2sc3nc(C)cc(c4cc(OC)c(OC)c(OC)c4)c3c2N","Not Active","25311564"
"CHEMBL3352984","COc1ccc(cc1)c2ccc(NCCCN3CCc4cc(OC)c(OC)cc4C3)cc2","Not Active","25379609"
"CHEMBL3612980","COc1cc2CCN(CCc3ccc(NC(=O)c4ccccc4NS(=O)(=O)c5ccc(cc5)C(C)(C)C)cc3)Cc2cc1OC","Not Active","26197160"
"CHEMBL3352974","COc1ccc(cc1)c2oc(cc2)C(=O)N3CCc4cc(OC)c(OC)cc4C3","Not Active","25379609"
"CHEMBL3352975","COc1cc2CCN(Cc2cc1OC)C(=O)c3oc(cc3)c4ccc(O)cc4","Not Active","25379609"
"CHEMBL3765272","COc1cc(OC)c2C(=O)C=C(NCCCN3CCOCC3)Oc2c1","Not Active","26774038"
"CHEMBL1172079","CCCC1=CC(=O)c2c(O)c3c(O)cc(OC)cc3c(OC)c2O1","Not Active","20627559"
"CHEMBL3764599","COc1cccc2OC(=CC(=O)c12)N3CCN(Cc4ccc(cc4)[N+](=O)[O-])CC3","Not Active","26774038"
"CHEMBL1172078","COc1cc(O)c2c(O)c3C(=O)C=C(C)Oc3c(OC)c2c1","Not Active","20627559"
"CHEMBL3342111","COC(=O)c1c(C)nc2sc(C(=O)Nc3ccc(OC)c(OC)c3)c(N)c2c1c4cc(OC)c(OC)c(OC)c4","Not Active","25311564"
"CHEMBL3764821","COc1cc(OC)c2C(=O)C=C(Oc2c1)N3CCN(Cc4ccc(N)cc4)CC3","Not Active","26774038"
"CHEMBL406834","COc1ccc(cc1)C2=C(O)C(=O)c3ccccc3O2","Not Active","23851114"
"CHEMBL3342130","COc1ccc(C(=O)c2sc3nc(C)cc(C)c3c2N)c(OC)c1","Not Active","25311564"
"CHEMBL252106","COc1cc(O)cc2cc3OC(=CC(=O)c3c(O)c12)C","Not Active","20627559"
"CHEMBL3342135","CCOC(=O)c1c(C)cc2oc(C(=O)c3cc(OC)c(OC)c(OC)c3)c(N)c2c1c4ccc(OC)cc4","Not Active","25311564"
"CHEMBL1935204","COc1ccc(C(=O)\C=C\c2ccc(Cl)c(Cl)c2)c(O)c1","Not Active","22112540"
"CHEMBL105310","Oc1ccc(C(=O)\C=C\c2ccccc2)c(O)c1","Not Active","22112540"
"CHEMBL3352978","COc1ccc(cc1)c2ccc(CC(=O)N3CCc4cc(OC)c(OC)cc4C3)cc2","Not Active","25379609"
"CHEMBL1762621","COC(=O)[C@]12CCC(C)(C)C[C@H]1[C@H]3C(=O)C=C4[C@@](C)(CC[C@H]5C(C)(C)C(=O)C(=C[C@]45C)C#N)[C@]3(C)CC2","Not Active","25675144"
"CHEMBL2141796","CC(=O)N1CCN(CC1)c2c(C)c(C)nc3cc(nn23)c4ccc(F)cc4","inactive",""
"CHEMBL2338110","COc1ccc2cc(ccc2c1)c3occ(CN4CCc5cc(OC)c(OC)cc5C4)n3","Not Active","23347803"
"CHEMBL2331623","COc1cc2CCN(Cc3csc(n3)c4ccc5cc(Br)ccc5c4)Cc2cc1OC","Not Active","23347803"
"CHEMBL446858","COc1ccc2[C@@H]3[C@H](COc2c1)C(C)(C)OC4=C3C(=O)C(=O)C5=C4OC(C)(C)[C@H]6COc7cc(OC)ccc7[C@@H]56","Not Active","18954040"
"CHEMBL3342129","COc1ccc(cc1)C(=O)c2sc3nc(N)c(C#N)c(c4cc(OC)c(OC)c(OC)c4)c3c2N","Not Active","25311564"
"CHEMBL3352979","COc1ccc(cc1)c2ccc(CCN3CCc4cc(OC)c(OC)cc4C3)cc2","Not Active","25379609"
"CHEMBL3763435","COc1cc(OC)c2C(=O)C=C(Oc2c1)N3CCN(Cc4ccc(NC(=O)C)cc4)CC3","Not Active","26774038"
"CHEMBL1527552","Cc1c(CCc2ccncc2)n3ccccc3c1C(=O)Nc4ccc(F)cc4","inactive",""
"CHEMBL33943","COc1ccc(\C=C\C(=O)c2ccccc2)cc1OC","Not Active","22112540"
"CHEMBL3426390","FC(F)(F)c1ccc(cc1)C(=O)Nc2ccccc2c3nnn(n3)c4ccc(cc4)C(F)(F)F","Not Active","25855895"
"CHEMBL1426569","COc1cc(cc(OC)c1OC)C(=O)Nc2ccc(cc2)S(=O)(=O)NC(C)C","inactive",""
"CHEMBL1935214","Oc1c(ccc2ccccc12)C(=O)\C=C\c3ccc(Cl)cc3","Not Active","22112540"
"CHEMBL3763285","COc1cc(OC)c2C(=O)C=C(Oc2c1)N3CCN(Cc4ccc5nonc5c4)CC3","Not Active","26774038"
"CHEMBL3764042","COc1cc(OC)c2C(=O)C=C(Oc2c1)N3CCN(Cc4ccccc4)CC3","Not Active","26774038"
"CHEMBL1370486","COc1ccc2C=C(SC(=O)c2c1OC)C(=O)OC(C)C","inactive",""
"CHEMBL3426385","CCOc1ccc(cc1)n2nnc(n2)c3ccccc3NC(=O)c4ccc(cc4)[N+](=O)[O-]","Not Active","25855895"
"CHEMBL3352980","COc1cc2CCN(CCc3ccc(cc3)c4ccc(F)cc4)Cc2cc1OC","Not Active","25379609"
"CHEMBL3352985","COc1cc2CCN(CCCCOc3ccc(cc3)c4ccc(O)cc4)Cc2cc1OC","Not Active","25379609"
"CHEMBL2036071","Cl.COc1ccc(cc1)c2cc([C@H](O)[C@H]3CCCCN3)c4ccccc4n2","Not Active","22400811"
"CHEMBL1331662","CN(C)c1ccc(c(NC(=O)c2cccs2)c1)P(=O)(Nc3cccc(c3)C(F)(F)F)N4CCOCC4","inactive",""
"CHEMBL3352981","COc1cc2CCN(Cc3ccc(cc3)c4ccc(F)cc4)Cc2cc1OC","Not Active","25379609"
"CHEMBL1565361","Cc1nn2c(cc(nc2c1c3ccc(Cl)cc3)C(C)(C)C)N4CCN(CC4)C(=O)c5occc5","inactive",""
"CHEMBL3426389","CCCc1ccc(cc1)n2nnc(n2)c3ccccc3NC(=O)c4ccc(cc4)C(F)(F)F","Not Active","25855895"
"CHEMBL2138502","COc1ccc(cc1)c2cc3nc(C)c(C)c(N4CCN(CC4)C(=O)C)n3n2","inactive",""
"CHEMBL1086218","C\C=C\C[C@@H](C)C(=O)[C@@H]1N(C)C(=O)[C@H](C(C)C)N(C)C(=O)[C@H](CC(C)C)N(C)C(=O)[C@H](CC(C)C)N(C)C(=O)[C@@H](C)NC(=O)[C@H](C)NC(=O)[C@H](CC(C)C)N(C)C(=O)[C@@H](NC(=O)[C@H](CC(C)C)N(C)C(=O)CN(C)C(=O)[C@@H](NC1=O)C(C)C)C(C)C","Not Active","22266779"
"CHEMBL3342133","COCCOC(=O)c1c(C)nc2sc(C(=O)c3ccc(OC)cc3)c(NC(=O)C)c2c1c4cc(OC)c(OC)c(OC)c4","Not Active","25311564"
"CHEMBL513403","C[C@@H]1CC[C@@H]2[C@@H](C1)C3=C(OC2(C)C)C(=O)C4=C(OC(C)(C)[C@@H]5CC[C@@H](C)C[C@@H]45)C3=O","Not Active","18954040"
"CHEMBL3426383","[O-][N+](=O)c1ccc(cc1)C(=O)Nc2ccccc2c3nnn(n3)c4ccc(cc4)C(F)(F)F","Not Active","25855895"
"CHEMBL1453808","COc1ccc(CN2C(=O)c3ccccc3C2=O)cc1C(=O)Nc4ccccc4N5CCOCC5","inactive",""
"CHEMBL3342120","CCCCOc1ccc(cc1)c2c(C(=O)OCC)c(C)nc3sc(C(=O)c4ccc(OC)cc4)c(N)c23","Not Active","25311564"
"CHEMBL3764262","COc1cc(OC)c2C(=O)C=C(Oc2c1)N3CCN(Cc4ccc(cc4)S(=O)(=O)C)CC3","Not Active","26774038"
"CHEMBL3763290","COc1cc(OC)c2C(=O)C=C(Oc2c1)N3CCN(CC3)C(=O)c4ccc(cc4)[N+](=O)[O-]","Not Active","26774038"
"CHEMBL450130","CC1(C)OC2=C([C@@H]3[C@H]1COc4c(Br)cc(Br)cc34)C(=O)C5=C([C@@H]6[C@@H](OCc7c(Br)cc(Br)cc67)C(C)(C)O5)C2=O","Not Active","18954040"
"CHEMBL3526778","COc1cc(OC[C@@H]2CNCC[C@H]2c3ccc(F)cc3)ccc1OS(=O)(=O)O","Not Active","23303441"
"CHEMBL3352986","COc1ccc(cc1)c2ccc(OCCCCN3CCc4cc(OC)c(OC)cc4C3)cc2","Not Active","25379609"
