"CHEMBL103","CC(=O)[C@H]1CC[C@H]2[C@@H]3CCC4=CC(=O)CC[C@]4(C)[C@H]3CC[C@]12C","substrate []","12668685"
"CHEMBL941","CN1CCN(Cc2ccc(cc2)C(=O)Nc3ccc(C)c(Nc4nccc(n4)c5cccnc5)c3)CC1","transporter substrate","20190787"
"CHEMBL176049","Cl.COC(=O)c1ccccc1C2=C3C=CC(=N)C=C3Oc4cc(N)ccc24","substrate []","12668685"
"CHEMBL1697724","C[C@]12CC[C@H]3[C@@H](CCc4cc(O)ccc34)[C@@H]1CC[C@@H]2O[C@@H]5O[C@@H]([C@@H](O)[C@H](O)[C@H]5O)C(=O)O","substrate []","12874005"
"CHEMBL305666","CC[C@@]1(O)C(=O)OCC2=C1C=C3N(Cc4c(CN5CCN(C)CC5)c6cc7OCCOc7cc6nc34)C2=O","substrate [+]","11309344"
"CHEMBL129","CC1=CN([C@H]2C[C@H](N=[N+]=[N-])[C@@H](CO)O2)C(=O)NC1=O","substrate []","12488537"
"CHEMBL2074964","CCc1c2CN3C(=O)C4=C(C=C3c2nc5cc(F)c(O)cc15)[C@@](O)(CC)C(=O)OC4","substrate []","15170677"
"CHEMBL343002","CCOc1ccc(cc1)c2nc3cc(ccc3[nH]2)c4nc5cc(ccc5[nH]4)N6CCN(C)CC6","substrate []","12668685"
"CHEMBL428690","CN1CC[C@@H]([C@H](O)C1)c2c(O)cc(O)c3C(=O)C=C(Oc23)c4ccccc4Cl","substrate []","14645676"
"CHEMBL44657","COc1cc(cc(OC)c1O)[C@H]2[C@@H]3[C@H](COC3=O)[C@H](O[C@@H]4O[C@@H]5CO[C@@H](C)O[C@H]5[C@H](O)[C@H]4O)c6cc7OCOc7cc26","substrate []","12488537"
"CHEMBL837","CCc1c2CN3C(=O)C4=C(C=C3c2nc5ccc(O)cc15)[C@@](O)(CC)C(=O)OC4","substrate []","14566825"
"CHEMBL83","CC\C(=C(/c1ccccc1)\c2ccc(OCCN(C)C)cc2)\c3ccccc3","substrate []","12668685"
"CHEMBL84","CC[C@@]1(O)C(=O)OCC2=C1C=C3N(Cc4cc5c(CN(C)C)c(O)ccc5nc34)C2=O","substrate []","12533678"
"CHEMBL1614650","CC[C@@]1(O)C(=O)OCC2=C1C=C3N(Cc4c3nc5cc(F)c(C)c6CC[C@H](N)c4c56)C2=O","substrate []","11309344"
"CHEMBL178","COc1cccc2C(=O)c3c(O)c4C[C@](O)(C[C@H](O[C@H]5C[C@H](N)[C@H](O)[C@H](C)O5)c4c(O)c3C(=O)c12)C(=O)C","substrate [Kact=2.5uM]","11437380"
"CHEMBL2074968","CCc1c2CN3C(=O)C4=C(C=C3c2nc5ccc(Cl)cc15)[C@@](O)(CC)C(=O)OC4","substrate []","15170677"
"CHEMBL112570","CC(C)CCC[C@@H](C)[C@H]1CC[C@H]2[C@@H]3CC=C4C[C@@H](O)CC[C@]4(C)[C@H]3CC[C@]12C","substrate []","12668685"
"CHEMBL1554","CC(C)[C@H]1NC(=O)[C@@H](NC(=O)C2=C(N)C(=O)C(=C3Oc4c(C)ccc(C(=O)N[C@H]5[C@@H](C)OC(=O)[C@H](C(C)C)N(C)C(=O)CN(C)C(=O)[C@@H]6CCCN6C(=O)[C@H](NC5=O)C(C)C)c4N=C23)C)[C@@H](C)OC(=O)[C@H](C(C)C)N(C)C(=O)CN(C)C(=O)[C@@H]7CCCN7C1=O","substrate []","12488537"
"CHEMBL53463","COc1cccc2C(=O)c3c(O)c4C[C@](O)(C[C@H](O[C@H]5C[C@H](N)[C@H](O)[C@H](C)O5)c4c(O)c3C(=O)c12)C(=O)CO","substrate []","12488537"
"CHEMBL481","CCc1c2CN3C(=O)C4=C(C=C3c2nc5ccc(OC(=O)N6CCC(CC6)N7CCCCC7)cc15)[C@@](O)(CC)C(=O)OC4","substrate [+]","11309344"
"CHEMBL435191","OCC(CO)NN1C(=O)c2c(C1=O)c3c4ccc(O)cc4n([C@@H]5O[C@H](CO)[C@@H](O)[C@H](O)[C@H]5O)c3c6[nH]c7cc(O)ccc7c26","substrate [+]","11306452"
"CHEMBL2074784","CC1=CC(=O)Oc2cc(OS(=O)(=O)O)ccc12","substrate []","12682043"
"CHEMBL2074970","CN(Cc1cnc2nc(N)nc(N)c2n1)c3ccc(cc3)C(=O)N[C@@H](CCC(=O)N[C@@H](CCC(=O)N[C@@H](CCC(=O)O)C(=O)O)C(=O)O)C(=O)O","substrate []","14500392"
"CHEMBL3350680","CCCCCCCC\C=C/CCCCCCCC(=O)OC(COC(=O)CCCCCCC\C=C\CCCCCCCC)COP(=O)(O)OC[C@H](Nc1ccc(c2nonc12)[N+](=O)[O-])C(=O)O","substrate []","12946267"
"CHEMBL494753","C[C@]12CC[C@H]3[C@@H](CCc4cc(OS(=O)(=O)O)ccc34)[C@@H]1CCC2=O","substrate [Km=17uM]","12682043"
"CHEMBL1743143","CCc1c2CN3C(=O)C4=C(C=C3c2nc5ccc(OC[C@@H]6O[C@@H]([C@@H](O)[C@H](O)[C@H]6O)C(=O)O)cc15)[C@@](O)(CC)C(=O)OC4","substrate [Km=26uM]","11688982"
"CHEMBL274070","CC[C@@]1(O)C(=O)OCC2=C1C=C3N(Cc4cc5c(N)cccc5nc34)C2=O","substrate [+]","11309344"
"CHEMBL284328","[Br-].CC[n+]1c(c2ccccc2)c3cc(N)ccc3c4ccc(N)cc14","substrate []","12668685"
"CHEMBL1477","COCc1c(nc(C(C)C)c(\C=C\[C@@H](O)C[C@@H](O)CC(=O)O)c1c2ccc(F)cc2)C(C)C","substrate [(+)]","15901800"
"CHEMBL2074959","CCCCCCCCCCCCCCCC(=O)OCC(COP(=O)([O-])OCC[N+](C)(C)C)OC(=O)CCCCCNc1ccc(c2nonc12)[N+](=O)[O-]","substrate []","12946267"
"CHEMBL34259","CN(Cc1cnc2nc(N)nc(N)c2n1)c3ccc(cc3)C(=O)N[C@@H](CCC(=O)O)C(=O)O","transporter substrate","20190787"
"CHEMBL1144","CC[C@H](C)C(=O)O[C@H]1C[C@H](O)C=C2C=C[C@H](C)[C@H](CC[C@@H](O)C[C@@H](O)CC(=O)O)[C@@H]12","substrate [(+)]","15901800"
"CHEMBL2074966","CCc1c2CN3C(=O)C4=C(C=C3c2nc5cc(O)ccc15)[C@@](O)(CC)C(=O)OC4","substrate []","15170677"
"CHEMBL2074969","CN(Cc1cnc2nc(N)nc(N)c2n1)c3ccc(cc3)C(=O)N[C@@H](CCC(=O)N[C@@H](CCC(=O)N[C@@H](CCC(=O)N[C@@H](CCC(=O)O)C(=O)O)C(=O)O)C(=O)O)C(=O)O","substrate []","12874005"
"CHEMBL141","NC1=NC(=O)N(C=C1)[C@@H]2CS[C@H](CO)O2","substrate []","12488537"
"CHEMBL386630","C[C@]12CC[C@H]3[C@@H](CCC4=CC(=O)CC[C@]34C)[C@@H]1CC[C@@H]2O","substrate []","12668685"
"CHEMBL281768","CCc1c2CN3C(=O)C4=C(C=C3c2nc5ccc(N)cc15)[C@@](O)(CC)C(=O)OC4","substrate []","15170677"
"CHEMBL1622","NC1=NC(=O)c2nc(CNc3ccc(cc3)C(=O)N[C@@H](CCC(=O)O)C(=O)O)cnc2N1","substrate []","12874005"
"CHEMBL2074967","CCc1c2CN3C(=O)C4=C(C=C3c2nc5cc(Br)ccc15)[C@@](O)(CC)C(=O)OC4","substrate []","15170677"
"CHEMBL2074805","CNc1nc2c(Cc3cccnc3)c(C)c(OS(=O)(=O)O)c(C)c2s1","substrate []","12682043"
"CHEMBL1665","CCC[S+]([O-])c1ccc2[nH]c(NC(=O)OC)nc2c1","substrate []","15703302"
"CHEMBL2074965","CCc1c2CN3C(=O)C4=C(C=C3c2nc5cc(F)c(OC)cc15)[C@@](O)(CC)C(=O)OC4","substrate []","15170677"
"CHEMBL135","C[C@]12CC[C@H]3[C@@H](CCc4cc(O)ccc34)[C@@H]1CC[C@@H]2O","inhibitor [+]","11927002"
"CHEMBL1401508","COc1cc(ccc1O)C2Oc3cc(ccc3OC2CO)C4Oc5cc(O)cc(O)c5C(=O)C4O","inhibitor []","15102949"
"CHEMBL8145","Oc1ccc(cc1)C2=COc3cc(O)ccc3C2=O","inhibitor []","15102949"
"CHEMBL44","Oc1ccc(cc1)C2=COc3cc(O)cc(O)c3C2=O","inhibitor []","15102949"
"CHEMBL410316","COc1ccc2c3C[C@@H]4N([C@@H](C=C(C)C)c3[nH]c2c1)C(=O)[C@@H]5CCCN5C4=O","inhibitor []","14500392"
"CHEMBL31574","OC1=C(Oc2cc(O)ccc2C1=O)c3ccc(O)c(O)c3","inhibitor []","15102949"
"CHEMBL1642","CN1CCN(Cc2ccc(cc2)C(=O)Nc3ccc(C)c(Nc4nccc(n4)c5cccnc5)c3)CC1.CS(=O)(=O)O","inhibitor []","15059881"
"CHEMBL117","Oc1cc(O)c2C(=O)C=C(Oc2c1)c3ccccc3","inhibitor []","15205350"
"CHEMBL2074961","CC\C(=C(/c1ccc(O)cc1)\c2ccc(OCCN(C)C)cc2)\c3ccc(cc3)C(C)C","inhibitor []","12533678"
"CHEMBL2074984","CC\C(=C(\c1ccc(OCCN(C)C)cc1)/c2ccc(OCc3ccccc3)cc2)\c4ccccc4","inhibitor []","12533678"
"CHEMBL1405","C[C@]12CC[C@H]3[C@@H](CCc4cc(O)ccc34)[C@@H]1CCC2=O","transporter inhibitor","20190787"
"CHEMBL9352","Oc1ccc(cc1)[C@@H]2CC(=O)c3c(O)cc(O)cc3O2","inhibitor []","15102949"
"CHEMBL6966","COc1ccc(CCN(C)CCCC(C#N)(C(C)C)c2ccc(OC)c(OC)c2)cc1OC","inhibitor [IC50=> 50uM]","15155841"
"CHEMBL2074730","Cl.COc1cccc2C(=O)c3cccc(C(=O)Nc4ccc(CCN5CCc6cc(OC)c(OC)cc6C5)cc4)c3Nc12","inhibitor [+]","11309344"
"CHEMBL36506","CO[C@@H]1[C@@H](OC(=O)N)[C@@H](O)[C@H](Oc2ccc3C(=C(NC(=O)c4ccc(O)c(CC=C(C)C)c4)C(=O)Oc3c2C)O)OC1(C)C","inhibitor [3-fold increase of control]","16460798"
"CHEMBL399121","COc1ccc(cc1O)[C@@H]2CC(=O)c3c(O)cc(O)cc3O2","inhibitor []","15205350"
"CHEMBL243664","COc1ccc(cc1)C2=CC(=O)c3c(O)cc(O)cc3O2","inhibitor []","15205350"
"CHEMBL289159","COc1ccc2c(C[C@@H]3NC(=O)[C@@H]4CCCN4C3=O)c(CC=C(C)C)[nH]c2c1","inhibitor []","12946267"
"CHEMBL45068","Oc1ccc(CCC(=O)c2c(O)cc(O)cc2O)cc1","inhibitor []","15102949"
"CHEMBL1525298","CCC(=O)Oc1ccc(cc1)\C(=C(/CC)\c2ccc(OC(=O)CC)cc2)\CC","inhibitor []","12533678"
"CHEMBL2074963","CC\C(=C(/c1ccc(O)cc1)\c2ccc(OCCN(C)C)cc2)\c3ccc(OCc4ccccc4)cc3","inhibitor []","12533678"
"CHEMBL411","CC\C(=C(\CC)/c1ccc(O)cc1)\c2ccc(O)cc2","inhibitor [IC50=0.5uM]","12533678"
"CHEMBL389621","C[C@]12CCC(=O)C=C1CC[C@H]3[C@@H]4CC[C@](O)(C(=O)CO)[C@@]4(C)C[C@H](O)[C@H]23","inhibitor [70% of control]","12920197"
"CHEMBL2074958","O[C@@H]1[C@@H](O)[C@H](Oc2ccc(cc2O)C3=CC(=O)c4c(O)cc(O)cc4O3)O[C@@H]([C@H]1O)C(=O)O","inhibitor []","15205350"
"CHEMBL114","CC(C)(C)NC(=O)[C@@H]1C[C@@H]2CCCC[C@@H]2CN1C[C@@H](O)[C@H](Cc3ccccc3)NC(=O)[C@H](CC(=O)N)NC(=O)c4ccc5ccccc5n4","inhibitor [IC50=19.5 +/- 6.7uM]","15007102"
"CHEMBL408701","C[C@H](CCC(=O)NCCS(=O)(=O)O)[C@H]1CC[C@H]2[C@@H]3CC[C@@H]4C[C@H](O)CC[C@]4(C)[C@H]3CC[C@]12C","inhibitor [20% of control]","12920197"
"CHEMBL2074599","CNc1nc2c(Cc3cccnc3)c(C)c(O[C@@H]4O[C@@H]([C@@H](O)[C@H](O)[C@H]4O)C(=O)O)c(C)c2s1","inhibitor [76% of control]","12682043"
"CHEMBL472","COc1ccc(Cl)cc1C(=O)NCCc2ccc(cc2)S(=O)(=O)NC(=O)NC3CCCCC3","inhibitor [IC50=150uM]","16460798"
"CHEMBL493586","O[C@@H]1[C@@H](O)[C@H](OCC2=CC(=O)Oc3cc(O)ccc23)O[C@@H]([C@H]1O)C(=O)O","inhibitor [84% of control]","12682043"
"CHEMBL584","Cc1c(O)cccc1C(=O)N[C@@H](CSc2ccccc2)[C@H](O)CN3C[C@H]4CCCC[C@H]4C[C@H]3C(=O)NC(C)(C)C","inhibitor [IC50=12.5 +/- 4.1uM]","15007102"
"CHEMBL42442","COC(=O)Nc1nc2cc(ccc2[nH]1)[S+]([O-])c3ccccc3","inhibitor []","15703302"
"CHEMBL163","CC(C)[C@H](NC(=O)N(C)Cc1csc(n1)C(C)C)C(=O)N[C@H](C[C@H](O)[C@H](Cc2ccccc2)NC(=O)OCc3cncs3)Cc4ccccc4","inhibitor [IC50=19.5 +/- 0.8uM]","15007102"
"CHEMBL2074962","CC\C(=C(/c1ccc(O)cc1)\c2ccc(OCCN(C)C)cc2)\c3ccc(OC)cc3","inhibitor []","12533678"
"CHEMBL1628111","C[C@]12CC[C@H]3[C@@H](CCc4cc(OS(=O)(=O)O)ccc34)[C@@H]1CC[C@@H]2O","inhibitor [50% of control]","12920197"
"CHEMBL469654","OC[C@H]1O[C@@H](Oc2cc(O)c3C(=O)C[C@H](Oc3c2)c4ccc(O)cc4)[C@H](O)[C@@H](O)[C@@H]1O","inhibitor []","15205350"
"CHEMBL2074644","C[C@H](CCC(=O)NCCS(=O)(=O)O)C1CC[C@H]2[C@@H]3CC[C@@H]4C[C@@H](CC[C@]4(C)[C@H]3CC[C@]12C)OS(=O)(=O)O","inhibitor [30% of control]","12920197"
"CHEMBL2074917","CC\C(=C(\c1ccc(OCCN(C)C)cc1)/c2ccc(OCc3ccc(cc3)[N+](=O)[O-])cc2)\c4ccccc4","inhibitor [IC50>2uM]","12533678"
"CHEMBL40919","COc1ccc(cc1)C2=C(O)C(=O)c3c(O)cc(O)cc3O2","inhibitor []","15205350"
"CHEMBL1503","COc1ccc2[nH]c(nc2c1)[S+]([O-])Cc3ncc(C)c(OC)c3C","inhibitor [IC50=10-50uM]","15313923"
"CHEMBL131921","COc1ccc(cc1)C2=COc3cc(O)cc(O)c3C2=O","inhibitor []","15102949"
"CHEMBL91867","CC#CC(=O)Nc1ccc2ncnc(Nc3cccc(Br)c3)c2c1","inhibitor [IC50=0.2uM]","15155841"
"CHEMBL259898","C[C@]12CC[C@H]3[C@@H](CC=C4C[C@H](CC[C@]34C)OS(=O)(=O)O)[C@@H]1CCC2=O","inhibitor [50% of control]","12920197"
"CHEMBL90568","COc1ccc(cc1O)C2=CC(=O)c3c(O)cc(O)cc3O2","inhibitor []","15205350"
"CHEMBL213947","N[C@@H](CCC(=O)N[C@H](CSc1ccc(cc1[N+](=O)[O-])[N+](=O)[O-])C(=O)NCC(=O)O)C(=O)O","inhibitor [78% of control]","12682043"
"CHEMBL1502","COc1ccnc(C[S+]([O-])c2nc3cc(OC(F)F)ccc3[nH]2)c1OC","inhibitor [IC50=10uM]","15313923"
"CHEMBL224867","C[C@H](CCC(=O)NCCS(=O)(=O)O)[C@H]1CC[C@H]2[C@@H]3[C@H](O)C[C@@H]4C[C@H](O)CC[C@]4(C)[C@H]3C[C@H](O)[C@]12C","inhibitor [70% of control]","12920197"
"CHEMBL2074960","CC\C(=C(/c1ccc(O)cc1)\c2ccc(OCCNC)cc2)\c3ccc(cc3)C(C)CO","inhibitor []","12533678"
