"Duplicates"
"CHEMBL941","CN1CCN(Cc2ccc(cc2)C(=O)Nc3ccc(C)c(Nc4nccc(n4)c5cccnc5)c3)CC1","transporter substrate","20190787"
"Imatinib","CN1CCN(CC2=CC=C(C=C2)C(=O)NC2=CC(NC3=NC=CC(=N3)C3=CN=CC=C3)=C(C)C=C2)CC1","ATP-binding cassette sub-family G member 2","BE0001067","|substrate|inhibitor|","CHEMBL941"
"Duplicates"
"CHEMBL129","CC1=CN([C@H]2C[C@H](N=[N+]=[N-])[C@@H](CO)O2)C(=O)NC1=O","substrate []","12488537"
"Zidovudine","CC1=CN([C@H]2C[C@H](N=[N+]=[N-])[C@@H](CO)O2)C(=O)NC1=O","ATP-binding cassette sub-family G member 2","BE0001067","|substrate|","CHEMBL129"
"Duplicates"
"CHEMBL428690","CN1CC[C@@H]([C@H](O)C1)c2c(O)cc(O)c3C(=O)C=C(Oc23)c4ccccc4Cl","substrate []","14645676"
"Alvocidib","CN1CC[C@@H]([C@H](O)C1)C1=C(O)C=C(O)C2=C1OC(=CC2=O)C1=CC=CC=C1Cl","ATP-binding cassette sub-family G member 2","BE0001067","|substrate|","CHEMBL428690"
"Duplicates"
"CHEMBL44657","COc1cc(cc(OC)c1O)[C@H]2[C@@H]3[C@H](COC3=O)[C@H](O[C@@H]4O[C@@H]5CO[C@@H](C)O[C@H]5[C@H](O)[C@H]4O)c6cc7OCOc7cc26","substrate []","12488537"
"Etoposide","[H][C@]12COC(=O)[C@]1([H])[C@H](C1=CC(OC)=C(O)C(OC)=C1)C1=CC3=C(OCO3)C=C1[C@H]2O[C@@H]1O[C@]2([H])CO[C@@H](C)O[C@@]2([H])[C@H](O)[C@H]1O","ATP-binding cassette sub-family G member 2","BE0001067","|substrate|","CHEMBL44657"
"Duplicates"
"CHEMBL83","CC\C(=C(/c1ccccc1)\c2ccc(OCCN(C)C)cc2)\c3ccccc3","substrate []","12668685"
"Tamoxifen","CC\C(=C(/C1=CC=CC=C1)C1=CC=C(OCCN(C)C)C=C1)C1=CC=CC=C1","ATP-binding cassette sub-family G member 2","BE0001067","|substrate|","CHEMBL83"
"Duplicates"
"CHEMBL84","CC[C@@]1(O)C(=O)OCC2=C1C=C3N(Cc4cc5c(CN(C)C)c(O)ccc5nc34)C2=O","substrate []","12533678"
"Topotecan","CC[C@@]1(O)C(=O)OCC2=C1C=C1N(CC3=CC4=C(C=CC(O)=C4CN(C)C)N=C13)C2=O","ATP-binding cassette sub-family G member 2","BE0001067","|substrate|","CHEMBL84"
"Duplicates"
"CHEMBL178","COc1cccc2C(=O)c3c(O)c4C[C@](O)(C[C@H](O[C@H]5C[C@H](N)[C@H](O)[C@H](C)O5)c4c(O)c3C(=O)c12)C(=O)C","substrate [Kact=2.5uM]","11437380"
"Daunorubicin","COC1=CC=CC2=C1C(=O)C1=C(O)C3=C(C[C@](O)(C[C@@H]3O[C@H]3C[C@H](N)[C@H](O)[C@H](C)O3)C(C)=O)C(O)=C1C2=O","ATP-binding cassette sub-family G member 2","BE0001067","|substrate|","CHEMBL178"
"Duplicates"
"CHEMBL112570","CC(C)CCC[C@@H](C)[C@H]1CC[C@H]2[C@@H]3CC=C4C[C@@H](O)CC[C@]4(C)[C@H]3CC[C@]12C","substrate []","12668685"
"Cholesterol","[H][C@@]1(CC[C@@]2([H])[C@]3([H])CC=C4C[C@@H](O)CC[C@]4(C)[C@@]3([H])CC[C@]12C)[C@H](C)CCCC(C)C","ATP-binding cassette sub-family G member 2","BE0001067","|inducer|","CHEMBL112570"
"Duplicates"
"CHEMBL1554","CC(C)[C@H]1NC(=O)[C@@H](NC(=O)C2=C(N)C(=O)C(=C3Oc4c(C)ccc(C(=O)N[C@H]5[C@@H](C)OC(=O)[C@H](C(C)C)N(C)C(=O)CN(C)C(=O)[C@@H]6CCCN6C(=O)[C@H](NC5=O)C(C)C)c4N=C23)C)[C@@H](C)OC(=O)[C@H](C(C)C)N(C)C(=O)CN(C)C(=O)[C@@H]7CCCN7C1=O","substrate []","12488537"
"Dactinomycin","[H][C@@]12CCCN1C(=O)[C@H](NC(=O)[C@@H](NC(=O)C1=C3N=C4C(OC3=C(C)C=C1)=C(C)C(=O)C(N)=C4C(=O)N[C@H]1[C@@H](C)OC(=O)[C@H](C(C)C)N(C)C(=O)CN(C)C(=O)[C@]3([H])CCCN3C(=O)[C@H](NC1=O)C(C)C)[C@@H](C)OC(=O)[C@H](C(C)C)N(C)C(=O)CN(C)C2=O)C(C)C","ATP-binding cassette sub-family G member 2","BE0001067","|substrate|","CHEMBL1554"
"Duplicates"
"CHEMBL53463","COc1cccc2C(=O)c3c(O)c4C[C@](O)(C[C@H](O[C@H]5C[C@H](N)[C@H](O)[C@H](C)O5)c4c(O)c3C(=O)c12)C(=O)CO","substrate []","12488537"
"Doxorubicin","COC1=CC=CC2=C1C(=O)C1=C(O)C3=C(C[C@](O)(C[C@@H]3O[C@H]3C[C@H](N)[C@H](O)[C@H](C)O3)C(=O)CO)C(O)=C1C2=O","ATP-binding cassette sub-family G member 2","BE0001067","|substrate|","CHEMBL53463"
"Duplicates"
"CHEMBL481","CCc1c2CN3C(=O)C4=C(C=C3c2nc5ccc(OC(=O)N6CCC(CC6)N7CCCCC7)cc15)[C@@](O)(CC)C(=O)OC4","substrate [+]","11309344"
"Irinotecan","CCC1=C2CN3C(=CC4=C(COC(=O)[C@]4(O)CC)C3=O)C2=NC2=C1C=C(OC(=O)N1CCC(CC1)N1CCCCC1)C=C2","ATP-binding cassette sub-family G member 2","BE0001067","|substrate|","CHEMBL481"
"Duplicates"
"CHEMBL1477","COCc1c(nc(C(C)C)c(\C=C\[C@@H](O)C[C@@H](O)CC(=O)O)c1c2ccc(F)cc2)C(C)C","substrate [(+)]","15901800"
"Cerivastatin","COCC1=C(C2=CC=C(F)C=C2)C(\C=C\[C@@H](O)C[C@@H](O)CC(O)=O)=C(C(C)C)N=C1C(C)C","ATP-binding cassette sub-family G member 2","BE0001067","|substrate|","CHEMBL1477"
"Duplicates"
"CHEMBL34259","CN(Cc1cnc2nc(N)nc(N)c2n1)c3ccc(cc3)C(=O)N[C@@H](CCC(=O)O)C(=O)O","transporter substrate","20190787"
"Methotrexate","CN(CC1=CN=C2N=C(N)N=C(N)C2=N1)C1=CC=C(C=C1)C(=O)N[C@@H](CCC(O)=O)C(O)=O","ATP-binding cassette sub-family G member 2","BE0001067","|substrate|","CHEMBL34259"
"Duplicates"
"CHEMBL1144","CC[C@H](C)C(=O)O[C@H]1C[C@H](O)C=C2C=C[C@H](C)[C@H](CC[C@@H](O)C[C@@H](O)CC(=O)O)[C@@H]12","substrate [(+)]","15901800"
"Pravastatin","[H][C@]12[C@H](C[C@H](O)C=C1C=C[C@H](C)[C@@H]2CC[C@@H](O)C[C@@H](O)CC(O)=O)OC(=O)[C@@H](C)CC","ATP-binding cassette sub-family G member 2","BE0001067","|substrate|inhibitor|","CHEMBL1144"
"Duplicates"
"CHEMBL141","NC1=NC(=O)N(C=C1)[C@@H]2CS[C@H](CO)O2","substrate []","12488537"
"Lamivudine","NC1=NC(=O)N(C=C1)[C@@H]1CS[C@H](CO)O1","ATP-binding cassette sub-family G member 2","BE0001067","|substrate|","CHEMBL141"
"Duplicates"
"CHEMBL386630","C[C@]12CC[C@H]3[C@@H](CCC4=CC(=O)CC[C@]34C)[C@@H]1CC[C@@H]2O","substrate []","12668685"
"Testosterone","[H][C@@]12CC[C@H](O)[C@@]1(C)CC[C@@]1([H])[C@@]2([H])CCC2=CC(=O)CC[C@]12C","ATP-binding cassette sub-family G member 2","BE0001067","|substrate|","CHEMBL386630"
"Duplicates"
"CHEMBL1622","NC1=NC(=O)c2nc(CNc3ccc(cc3)C(=O)N[C@@H](CCC(=O)O)C(=O)O)cnc2N1","substrate []","12874005"
"Folic Acid","NC1=NC(=O)C2=NC(CNC3=CC=C(C=C3)C(=O)N[C@@H](CCC(O)=O)C(O)=O)=CN=C2N1","ATP-binding cassette sub-family G member 2","BE0001067","|substrate|","CHEMBL1622"
"Duplicates"
"CHEMBL135","C[C@]12CC[C@H]3[C@@H](CCc4cc(O)ccc34)[C@@H]1CC[C@@H]2O","inhibitor [+]","11927002"
"Estradiol","[H][C@@]12CC[C@H](O)[C@@]1(C)CC[C@]1([H])C3=C(CC[C@@]21[H])C=C(O)C=C3","ATP-binding cassette sub-family G member 2","BE0001067","|inhibitor|","CHEMBL135"
"Duplicates"
"CHEMBL44","Oc1ccc(cc1)C2=COc3cc(O)cc(O)c3C2=O","inhibitor []","15102949"
"Genistein","OC1=CC=C(C=C1)C1=COC2=C(C(O)=CC(O)=C2)C1=O","ATP-binding cassette sub-family G member 2","BE0001067","|inhibitor|","CHEMBL44"
"Duplicates"
"CHEMBL1405","C[C@]12CC[C@H]3[C@@H](CCc4cc(O)ccc34)[C@@H]1CCC2=O","transporter inhibitor","20190787"
"Estrone","[H][C@@]12CCC(=O)[C@@]1(C)CC[C@]1([H])C3=C(CC[C@@]21[H])C=C(O)C=C3","ATP-binding cassette sub-family G member 2","BE0001067","|inhibitor|","CHEMBL1405"
"Duplicates"
"CHEMBL9352","Oc1ccc(cc1)[C@@H]2CC(=O)c3c(O)cc(O)cc3O2","inhibitor []","15102949"
"Naringenin","[H][C@]1(CC(=O)C2=C(O1)C=C(O)C=C2O)C1=CC=C(O)C=C1","ATP-binding cassette sub-family G member 2","BE0001067","|inhibitor|","CHEMBL9352"
"Duplicates"
"CHEMBL6966","COc1ccc(CCN(C)CCCC(C#N)(C(C)C)c2ccc(OC)c(OC)c2)cc1OC","inhibitor [IC50=> 50uM]","15155841"
"Verapamil","COC1=C(OC)C=C(CCN(C)CCCC(C#N)(C(C)C)C2=CC(OC)=C(OC)C=C2)C=C1","ATP-binding cassette sub-family G member 2","BE0001067","|inhibitor|","CHEMBL6966"
"Duplicates"
"CHEMBL2074730","Cl.COc1cccc2C(=O)c3cccc(C(=O)Nc4ccc(CCN5CCc6cc(OC)c(OC)cc6C5)cc4)c3Nc12","inhibitor [+]","11309344"
"Elacridar","COC1=CC=CC2=C1NC1=C(C=CC=C1C(=O)NC1=CC=C(CCN3CCC4=CC(OC)=C(OC)C=C4C3)C=C1)C2=O","ATP-binding cassette sub-family G member 2","BE0001067","|inhibitor|","CHEMBL396298"
"Duplicates"
"CHEMBL36506","CO[C@@H]1[C@@H](OC(=O)N)[C@@H](O)[C@H](Oc2ccc3C(=C(NC(=O)c4ccc(O)c(CC=C(C)C)c4)C(=O)Oc3c2C)O)OC1(C)C","inhibitor [3-fold increase of control]","16460798"
"Novobiocin","CO[C@@H]1[C@@H](OC(N)=O)[C@@H](O)[C@H](OC2=C(C)C3=C(C=C2)C(O)=C(NC(=O)C2=CC=C(O)C(CC=C(C)C)=C2)C(=O)O3)OC1(C)C","ATP-binding cassette sub-family G member 2","BE0001067","|inhibitor|","CHEMBL36506"
"Duplicates"
"CHEMBL399121","COc1ccc(cc1O)[C@@H]2CC(=O)c3c(O)cc(O)cc3O2","inhibitor []","15205350"
"Hesperetin","COC1=C(O)C=C(C=C1)[C@@H]1CC(=O)C2=C(O)C=C(O)C=C2O1","ATP-binding cassette sub-family G member 2","BE0001067","|inhibitor|","CHEMBL399121"
"Duplicates"
"CHEMBL411","CC\C(=C(\CC)/c1ccc(O)cc1)\c2ccc(O)cc2","inhibitor [IC50=0.5uM]","12533678"
"Diethylstilbestrol","CCC(=C(CC)C1=CC=C(O)C=C1)C1=CC=C(O)C=C1","ATP-binding cassette sub-family G member 2","BE0001067","|inhibitor|","CHEMBL411"
"Duplicates"
"CHEMBL389621","C[C@]12CCC(=O)C=C1CC[C@H]3[C@@H]4CC[C@](O)(C(=O)CO)[C@@]4(C)C[C@H](O)[C@H]23","inhibitor [70% of control]","12920197"
"Hydrocortisone","[H][C@@]12CC[C@](O)(C(=O)CO)[C@@]1(C)C[C@H](O)[C@@]1([H])[C@@]2([H])CCC2=CC(=O)CC[C@]12C","ATP-binding cassette sub-family G member 2","BE0001067","|inhibitor|","CHEMBL389621"
"Duplicates"
"CHEMBL472","COc1ccc(Cl)cc1C(=O)NCCc2ccc(cc2)S(=O)(=O)NC(=O)NC3CCCCC3","inhibitor [IC50=150uM]","16460798"
"Glyburide","COC1=C(C=C(Cl)C=C1)C(=O)NCCC1=CC=C(C=C1)S(=O)(=O)NC(=O)NC1CCCCC1","ATP-binding cassette sub-family G member 2","BE0001067","|substrate|","CHEMBL472"
"Duplicates"
"CHEMBL584","Cc1c(O)cccc1C(=O)N[C@@H](CSc2ccccc2)[C@H](O)CN3C[C@H]4CCCC[C@H]4C[C@H]3C(=O)NC(C)(C)C","inhibitor [IC50=12.5 +/- 4.1uM]","15007102"
"Nelfinavir","[H][C@@]12CCCC[C@]1([H])CN(C[C@@H](O)[C@H](CSC1=CC=CC=C1)NC(=O)C1=C(C)C(O)=CC=C1)[C@@H](C2)C(=O)NC(C)(C)C","ATP-binding cassette sub-family G member 2","BE0001067","|inhibitor|","CHEMBL584"
"Duplicates"
"CHEMBL163","CC(C)[C@H](NC(=O)N(C)Cc1csc(n1)C(C)C)C(=O)N[C@H](C[C@H](O)[C@H](Cc2ccccc2)NC(=O)OCc3cncs3)Cc4ccccc4","inhibitor [IC50=19.5 +/- 0.8uM]","15007102"
"Ritonavir","CC(C)[C@H](NC(=O)N(C)CC1=CSC(=N1)C(C)C)C(=O)N[C@H](C[C@H](O)[C@H](CC1=CC=CC=C1)NC(=O)OCC1=CN=CS1)CC1=CC=CC=C1","ATP-binding cassette sub-family G member 2","BE0001067","|inhibitor|","CHEMBL163"
"Duplicates"
"CHEMBL224867","C[C@H](CCC(=O)NCCS(=O)(=O)O)[C@H]1CC[C@H]2[C@@H]3[C@H](O)C[C@@H]4C[C@H](O)CC[C@]4(C)[C@H]3C[C@H](O)[C@]12C","inhibitor [70% of control]","12920197"
"Taurocholic Acid","[H][C@@]1(CC[C@@]2([H])[C@]3([H])[C@H](O)C[C@]4([H])C[C@H](O)CC[C@]4(C)[C@@]3([H])C[C@H](O)[C@]12C)[C@H](C)CCC(=O)NCCS(O)(=O)=O","ATP-binding cassette sub-family G member 2","BE0001067","|inhibitor|","CHEMBL224867"
