"Cyclosporine","CC[C@@H]1NC(=O)[C@H]([C@H](O)[C@H](C)C\C=C\C)N(C)C(=O)[C@H](C(C)C)N(C)C(=O)[C@H](CC(C)C)N(C)C(=O)[C@H](CC(C)C)N(C)C(=O)[C@@H](C)NC(=O)[C@H](C)NC(=O)[C@H](CC(C)C)N(C)C(=O)[C@@H](NC(=O)[C@H](CC(C)C)N(C)C(=O)CN(C)C1=O)C(C)C","ATP-binding cassette sub-family G member 2","BE0001067","|inhibitor|","CHEMBL160"
"Folic Acid","NC1=NC(=O)C2=NC(CNC3=CC=C(C=C3)C(=O)N[C@@H](CCC(O)=O)C(O)=O)=CN=C2N1","ATP-binding cassette sub-family G member 2","BE0001067","|substrate|","CHEMBL1622"
"Pravastatin","[H][C@]12[C@H](C[C@H](O)C=C1C=C[C@H](C)[C@@H]2CC[C@@H](O)C[C@@H](O)CC(O)=O)OC(=O)[C@@H](C)CC","ATP-binding cassette sub-family G member 2","BE0001067","|substrate|inhibitor|","CHEMBL1144"
"Pantoprazole","COC1=C(OC)C(CS(=O)C2=NC3=C(N2)C=C(OC(F)F)C=C3)=NC=C1","ATP-binding cassette sub-family G member 2","BE0001067","|inhibitor|","CHEMBL1502"
"Nelfinavir","[H][C@@]12CCCC[C@]1([H])CN(C[C@@H](O)[C@H](CSC1=CC=CC=C1)NC(=O)C1=C(C)C(O)=CC=C1)[C@@H](C2)C(=O)NC(C)(C)C","ATP-binding cassette sub-family G member 2","BE0001067","|inhibitor|","CHEMBL584"
"Cladribine","NC1=C2N=CN([C@H]3C[C@H](O)[C@@H](CO)O3)C2=NC(Cl)=N1","ATP-binding cassette sub-family G member 2","BE0001067","|substrate|","CHEMBL1619"
"Diethylstilbestrol","CCC(=C(CC)C1=CC=C(O)C=C1)C1=CC=C(O)C=C1","ATP-binding cassette sub-family G member 2","BE0001067","|inhibitor|","CHEMBL411"
"Venlafaxine","COC1=CC=C(C=C1)C(CN(C)C)C1(O)CCCCC1","ATP-binding cassette sub-family G member 2","BE0001067","|inducer|","CHEMBL637"
"Gefitinib","COC1=C(OCCCN2CCOCC2)C=C2C(NC3=CC(Cl)=C(F)C=C3)=NC=NC2=C1","ATP-binding cassette sub-family G member 2","BE0001067","|substrate|inhibitor|","CHEMBL939"
"Omeprazole","COC1=CC2=C(C=C1)N=C(N2)S(=O)CC1=NC=C(C)C(OC)=C1C","ATP-binding cassette sub-family G member 2","BE0001067","|inhibitor|","CHEMBL1503"
"Sorafenib","CNC(=O)C1=NC=CC(OC2=CC=C(NC(=O)NC3=CC(=C(Cl)C=C3)C(F)(F)F)C=C2)=C1","ATP-binding cassette sub-family G member 2","BE0001067","|substrate|inhibitor|","CHEMBL1336"
"Cerivastatin","COCC1=C(C2=CC=C(F)C=C2)C(\C=C\[C@@H](O)C[C@@H](O)CC(O)=O)=C(C(C)C)N=C1C(C)C","ATP-binding cassette sub-family G member 2","BE0001067","|substrate|","CHEMBL1477"
"Teniposide","[H][C@]12COC(=O)[C@]1([H])[C@]([H])(C1=CC(OC)=C(O)C(OC)=C1)C1=CC3=C(OCO3)C=C1[C@@]2([H])O[C@]1([H])O[C@]2([H])CO[C@]([H])(O[C@@]2([H])[C@]([H])(O)[C@@]1([H])O)C1=CC=CS1","ATP-binding cassette sub-family G member 2","BE0001067","|substrate|","CHEMBL452231"
"Lansoprazole","CC1=C(OCC(F)(F)F)C=CN=C1CS(=O)C1=NC2=CC=CC=C2N1","ATP-binding cassette sub-family G member 2","BE0001067","|inhibitor|","CHEMBL480"
"Prazosin","COC1=C(OC)C=C2C(N)=NC(=NC2=C1)N1CCN(CC1)C(=O)C1=CC=CO1","ATP-binding cassette sub-family G member 2","BE0001067","|substrate|","CHEMBL2"
"Dronabinol","[H][C@@]12C=C(C)CC[C@@]1([H])C(C)(C)OC1=C2C(O)=CC(CCCCC)=C1","ATP-binding cassette sub-family G member 2","BE0001067","|inhibitor|","CHEMBL465"
"Zidovudine","CC1=CN([C@H]2C[C@H](N=[N+]=[N-])[C@@H](CO)O2)C(=O)NC1=O","ATP-binding cassette sub-family G member 2","BE0001067","|substrate|","CHEMBL129"
"Ritonavir","CC(C)[C@H](NC(=O)N(C)CC1=CSC(=N1)C(C)C)C(=O)N[C@H](C[C@H](O)[C@H](CC1=CC=CC=C1)NC(=O)OCC1=CN=CS1)CC1=CC=CC=C1","ATP-binding cassette sub-family G member 2","BE0001067","|inhibitor|","CHEMBL163"
"Cisplatin","N[Pt](N)(Cl)Cl","ATP-binding cassette sub-family G member 2","BE0001067","|substrate|","CHEMBL2068237"
"Oxaliplatin","[H][N]1([H])[C@@H]2CCCC[C@H]2[N]([H])([H])[Pt]11OC(=O)C(=O)O1","ATP-binding cassette sub-family G member 2","BE0001067","|substrate|","CHEMBL414804"
"Erlotinib","COCCOC1=CC2=C(C=C1OCCOC)C(NC1=CC(=CC=C1)C#C)=NC=N2","ATP-binding cassette sub-family G member 2","BE0001067","|inhibitor|","CHEMBL553"
"Vincristine","[H][C@@]12N3CC[C@@]11C4=CC(=C(OC)C=C4N(C=O)[C@@]1([H])[C@](O)([C@H](OC(C)=O)[C@]2(CC)C=CC3)C(=O)OC)[C@]1(C[C@]2([H])CN(C[C@](O)(CC)C2)CCC2=C1NC1=CC=CC=C21)C(=O)OC","ATP-binding cassette sub-family G member 2","BE0001067","|substrate|","CHEMBL90555"
"Fluorouracil","FC1=CNC(=O)NC1=O","ATP-binding cassette sub-family G member 2","BE0001067","|substrate|","CHEMBL185"
"Zafirlukast","COC1=C(CC2=CN(C)C3=C2C=C(NC(=O)OC2CCCC2)C=C3)C=CC(=C1)C(=O)NS(=O)(=O)C1=CC=CC=C1C","ATP-binding cassette sub-family G member 2","BE0001067","|antagonist|","CHEMBL603"
"Methotrexate","CN(CC1=CN=C2N=C(N)N=C(N)C2=N1)C1=CC=C(C=C1)C(=O)N[C@@H](CCC(O)=O)C(O)=O","ATP-binding cassette sub-family G member 2","BE0001067","|substrate|","CHEMBL34259"
"Ivermectin","CO[C@H]1C[C@@H](O[C@@H](C)[C@@H]1O)O[C@H]1[C@H](C)O[C@H](C[C@@H]1OC)O[C@H]1[C@@H](C)\C=C\C=C2/CO[C@@H]3[C@H](O)C(C)=C[C@@H](C(=O)O[C@H]4C[C@@H](C\C=C1/C)O[C@@]1(CC[C@H](C)[C@@H](C(C)C)O1)C4)[C@]23O.CC[C@@H](C)[C@H]1O[C@@]2(CC[C@@H]1C)O[C@@H]1C\C=C(C)\[C@@H](O[C@@H]3O[C@@H](C)[C@H](O[C@@H]4O[C@@H](C)[C@H](O)[C@@H](OC)C4)[C@@H](OC)C3)[C@@H](C)\C=C\C=C3/CO[C@@H]4[C@H](O)C(C)=C[C@@H](C(=O)O[C@@H](C1)C2)[C@]34O","ATP-binding cassette sub-family G member 2","BE0001067","|substrate|","CHEMBL1200633"
"Imatinib","CN1CCN(CC2=CC=C(C=C2)C(=O)NC2=CC(NC3=NC=CC(=N3)C3=CN=CC=C3)=C(C)C=C2)CC1","ATP-binding cassette sub-family G member 2","BE0001067","|substrate|inhibitor|","CHEMBL941"
"Testosterone","[H][C@@]12CC[C@H](O)[C@@]1(C)CC[C@@]1([H])[C@@]2([H])CCC2=CC(=O)CC[C@]12C","ATP-binding cassette sub-family G member 2","BE0001067","|substrate|","CHEMBL386630"
"Clofarabine","[H][C@]1(F)[C@H](O)[C@@H](CO)O[C@H]1N1C=NC2=C(N)N=C(Cl)N=C12","ATP-binding cassette sub-family G member 2","BE0001067","|substrate|","CHEMBL1750"
"Estrone","[H][C@@]12CCC(=O)[C@@]1(C)CC[C@]1([H])C3=C(CC[C@@]21[H])C=C(O)C=C3","ATP-binding cassette sub-family G member 2","BE0001067","|inhibitor|","CHEMBL1405"
"Verapamil","COC1=C(OC)C=C(CCN(C)CCCC(C#N)(C(C)C)C2=CC(OC)=C(OC)C=C2)C=C1","ATP-binding cassette sub-family G member 2","BE0001067","|inhibitor|","CHEMBL6966"
"Sumatriptan","CNS(=O)(=O)CC1=CC2=C(NC=C2CCN(C)C)C=C1","ATP-binding cassette sub-family G member 2","BE0001067","|substrate|","CHEMBL128"
"Tamoxifen","CC\C(=C(/C1=CC=CC=C1)C1=CC=C(OCCN(C)C)C=C1)C1=CC=CC=C1","ATP-binding cassette sub-family G member 2","BE0001067","|substrate|","CHEMBL83"
"Mycophenolate mofetil","COC1=C(C\C=C(/C)CCC(=O)OCCN2CCOCC2)C(O)=C2C(=O)OCC2=C1C","ATP-binding cassette sub-family G member 2","BE0001067","|substrate|","CHEMBL1456"
"Daunorubicin","COC1=CC=CC2=C1C(=O)C1=C(O)C3=C(C[C@](O)(C[C@@H]3O[C@H]3C[C@H](N)[C@H](O)[C@H](C)O3)C(C)=O)C(O)=C1C2=O","ATP-binding cassette sub-family G member 2","BE0001067","|substrate|","CHEMBL178"
"Nitrofurantoin","[O-][N+](=O)C1=CC=C(O1)\C=N\N1CC(=O)NC1=O","ATP-binding cassette sub-family G member 2","BE0001067","|substrate|","CHEMBL572"
"Lamivudine","NC1=NC(=O)N(C=C1)[C@@H]1CS[C@H](CO)O1","ATP-binding cassette sub-family G member 2","BE0001067","|substrate|","CHEMBL141"
"Riluzole","NC1=NC2=C(S1)C=C(OC(F)(F)F)C=C2","ATP-binding cassette sub-family G member 2","BE0001067","|substrate|","CHEMBL744"
"Hydrocortisone","[H][C@@]12CC[C@](O)(C(=O)CO)[C@@]1(C)C[C@H](O)[C@@]1([H])[C@@]2([H])CCC2=CC(=O)CC[C@]12C","ATP-binding cassette sub-family G member 2","BE0001067","|inhibitor|","CHEMBL389621"
"Irinotecan","CCC1=C2CN3C(=CC4=C(COC(=O)[C@]4(O)CC)C3=O)C2=NC2=C1C=C(OC(=O)N1CCC(CC1)N1CCCCC1)C=C2","ATP-binding cassette sub-family G member 2","BE0001067","|substrate|","CHEMBL481"
"Etoposide","[H][C@]12COC(=O)[C@]1([H])[C@H](C1=CC(OC)=C(O)C(OC)=C1)C1=CC3=C(OCO3)C=C1[C@H]2O[C@@H]1O[C@]2([H])CO[C@@H](C)O[C@@]2([H])[C@H](O)[C@H]1O","ATP-binding cassette sub-family G member 2","BE0001067","|substrate|","CHEMBL44657"
"Estradiol","[H][C@@]12CC[C@H](O)[C@@]1(C)CC[C@]1([H])C3=C(CC[C@@]21[H])C=C(O)C=C3","ATP-binding cassette sub-family G member 2","BE0001067","|inhibitor|","CHEMBL135"
"Sulfasalazine","OC(=O)C1=CC(=CC=C1O)\N=N\C1=CC=C(C=C1)S(=O)(=O)NC1=NC=CC=C1","ATP-binding cassette sub-family G member 2","BE0001067","|substrate|inhibitor|","CHEMBL421"
"Buprenorphine","CO[C@]12CC[C@@]3(C[C@@H]1[C@](C)(O)C(C)(C)C)[C@H]1CC4=C5C(O[C@@H]2[C@@]35CCN1CC1CC1)=C(O)C=C4","ATP-binding cassette sub-family G member 2","BE0001067","|inhibitor|","CHEMBL560511"
"Carboplatin","N.N.O=C1O[Pt]OC(=O)C11CCC1","ATP-binding cassette sub-family G member 2","BE0001067","|substrate|","CHEMBL1351"
"Telmisartan","CCCC1=NC2=C(C=C(C=C2C)C2=NC3=CC=CC=C3N2C)N1CC1=CC=C(C=C1)C1=CC=CC=C1C(O)=O","ATP-binding cassette sub-family G member 2","BE0001067","|inhibitor|","CHEMBL1017"
"Dactinomycin","[H][C@@]12CCCN1C(=O)[C@H](NC(=O)[C@@H](NC(=O)C1=C3N=C4C(OC3=C(C)C=C1)=C(C)C(=O)C(N)=C4C(=O)N[C@H]1[C@@H](C)OC(=O)[C@H](C(C)C)N(C)C(=O)CN(C)C(=O)[C@]3([H])CCCN3C(=O)[C@H](NC1=O)C(C)C)[C@@H](C)OC(=O)[C@H](C(C)C)N(C)C(=O)CN(C)C2=O)C(C)C","ATP-binding cassette sub-family G member 2","BE0001067","|substrate|","CHEMBL1554"
"Ezetimibe","O[C@@H](CC[C@@H]1[C@H](N(C1=O)C1=CC=C(F)C=C1)C1=CC=C(O)C=C1)C1=CC=C(F)C=C1","ATP-binding cassette sub-family G member 2","BE0001067","|substrate|","CHEMBL1138"
"Doxorubicin","COC1=CC=CC2=C1C(=O)C1=C(O)C3=C(C[C@](O)(C[C@@H]3O[C@H]3C[C@H](N)[C@H](O)[C@H](C)O3)C(=O)CO)C(O)=C1C2=O","ATP-binding cassette sub-family G member 2","BE0001067","|substrate|","CHEMBL53463"
"Glyburide","COC1=C(C=C(Cl)C=C1)C(=O)NCCC1=CC=C(C=C1)S(=O)(=O)NC(=O)NC1CCCCC1","ATP-binding cassette sub-family G member 2","BE0001067","|substrate|","CHEMBL472"
"Topotecan","CC[C@@]1(O)C(=O)OCC2=C1C=C1N(CC3=CC4=C(C=CC(O)=C4CN(C)C)N=C13)C2=O","ATP-binding cassette sub-family G member 2","BE0001067","|substrate|","CHEMBL84"
"Novobiocin","CO[C@@H]1[C@@H](OC(N)=O)[C@@H](O)[C@H](OC2=C(C)C3=C(C=C2)C(O)=C(NC(=O)C2=CC=C(O)C(CC=C(C)C)=C2)C(=O)O3)OC1(C)C","ATP-binding cassette sub-family G member 2","BE0001067","|inhibitor|","CHEMBL36506"
"Hesperetin","COC1=C(O)C=C(C=C1)[C@@H]1CC(=O)C2=C(O)C=C(O)C=C2O1","ATP-binding cassette sub-family G member 2","BE0001067","|inhibitor|","CHEMBL399121"
"Leflunomide","CC1=C(C=NO1)C(=O)NC1=CC=C(C=C1)C(F)(F)F","ATP-binding cassette sub-family G member 2","BE0001067","|substrate|","CHEMBL960"
"Rosuvastatin","CC(C)C1=NC(=NC(C2=CC=C(F)C=C2)=C1\C=C\[C@@H](O)C[C@@H](O)CC(=O)O)N(C)S(C)(=O)=O","ATP-binding cassette sub-family G member 2","BE0001067","|substrate|","CHEMBL1496"
"Rabeprazole","COCCCOC1=C(C)C(CS(=O)C2=NC3=CC=CC=C3N2)=NC=C1","ATP-binding cassette sub-family G member 2","BE0001067","|inhibitor|","CHEMBL1219"
"Mitoxantrone","OCCNCCNC1=C2C(=O)C3=C(O)C=CC(O)=C3C(=O)C2=C(NCCNCCO)C=C1","ATP-binding cassette sub-family G member 2","BE0001067","|substrate|","CHEMBL58"
"Paclitaxel","[H][C@]12[C@H](OC(=O)C3=CC=CC=C3)[C@]3(O)C[C@H](OC(=O)[C@H](O)[C@@H](NC(=O)C4=CC=CC=C4)C4=CC=CC=C4)C(C)=C([C@@H](OC(C)=O)C(=O)[C@]1(C)[C@@H](O)C[C@H]1OC[C@@]21OC(C)=O)C3(C)C","ATP-binding cassette sub-family G member 2","BE0001067","|substrate|","CHEMBL428647"
"Saquinavir","[H][C@@](O)(CN1C[C@@]2([H])CCCC[C@@]2([H])C[C@@]1([H])C(O)=NC(C)(C)C)[C@]([H])(CC1=CC=CC=C1)N=C(O)[C@]([H])(CC(O)=N)NC(=O)C1=NC2=CC=CC=C2C=C1","ATP-binding cassette sub-family G member 2","BE0001067","|inhibitor|","CHEMBL114"
"Dexamethasone","[H][C@@]12C[C@@H](C)[C@](O)(C(=O)CO)[C@@]1(C)C[C@H](O)[C@@]1(F)[C@@]2([H])CCC2=CC(=O)C=C[C@]12C","ATP-binding cassette sub-family G member 2","BE0001067","|inhibitor|","CHEMBL384467"
"Docetaxel","[H][C@@]12C[C@H](O)[C@@]3(C)C(=O)[C@H](O)C4=C(C)[C@H](C[C@@](O)([C@@H](OC(=O)C5=CC=CC=C5)[C@]3([H])[C@@]1(CO2)OC(C)=O)C4(C)C)OC(=O)[C@H](O)[C@@H](NC(=O)OC(C)(C)C)C1=CC=CC=C1","ATP-binding cassette sub-family G member 2","BE0001067","|substrate|","CHEMBL92"
"Dasatinib","CC1=NC(NC2=NC=C(S2)C(=O)NC2=C(C)C=CC=C2Cl)=CC(=N1)N1CCN(CCO)CC1","ATP-binding cassette sub-family G member 2","BE0001067","|substrate|inhibitor|","CHEMBL1421"
"Sunitinib","CCN(CC)CCNC(=O)C1=C(C)NC(\C=C2/C(=O)NC3=C2C=C(F)C=C3)=C1C","ATP-binding cassette sub-family G member 2","BE0001067","|inhibitor|","CHEMBL535"
"Genistein","OC1=CC=C(C=C1)C1=COC2=C(C(O)=CC(O)=C2)C1=O","ATP-binding cassette sub-family G member 2","BE0001067","|inhibitor|","CHEMBL44"
"Topiroxostat","N#CC1=NC=CC(=C1)C1=NNC(=N1)C1=CC=NC=C1","ATP-binding cassette sub-family G member 2","BE0001067","|inhibitor|","CHEMBL1078685"
"Daidzin","[H][C@]1(CO)O[C@@]([H])(OC2=CC=C3C(=O)C(=COC3=C2)C2=CC=C(O)C=C2)[C@]([H])(O)[C@@]([H])(O)[C@]1([H])O","ATP-binding cassette sub-family G member 2","BE0001067","|inhibitor|","CHEMBL486422"
"Naringenin","[H][C@]1(CC(=O)C2=C(O1)C=C(O)C=C2O)C1=CC=C(O)C=C1","ATP-binding cassette sub-family G member 2","BE0001067","|inhibitor|","CHEMBL9352"
"Alvocidib","CN1CC[C@@H]([C@H](O)C1)C1=C(O)C=C(O)C2=C1OC(=CC2=O)C1=CC=CC=C1Cl","ATP-binding cassette sub-family G member 2","BE0001067","|substrate|","CHEMBL428690"
"Quercetin","OC1=CC2=C(C(O)=C1)C(=O)C(O)=C(O2)C1=CC=C(O)C(O)=C1","ATP-binding cassette sub-family G member 2","BE0001067","|inhibitor|","CHEMBL50"
"Taurocholic Acid","[H][C@@]1(CC[C@@]2([H])[C@]3([H])[C@H](O)C[C@]4([H])C[C@H](O)CC[C@]4(C)[C@@]3([H])C[C@H](O)[C@]12C)[C@H](C)CCC(=O)NCCS(O)(=O)=O","ATP-binding cassette sub-family G member 2","BE0001067","|inhibitor|","CHEMBL224867"
"Cholesterol","[H][C@@]1(CC[C@@]2([H])[C@]3([H])CC=C4C[C@@H](O)CC[C@]4(C)[C@@]3([H])CC[C@]12C)[C@H](C)CCCC(C)C","ATP-binding cassette sub-family G member 2","BE0001067","|inducer|","CHEMBL112570"
"Camptothecin","CC[C@@]1(O)C(=O)OCC2=C1C=C1N(CC3=CC4=CC=CC=C4N=C13)C2=O","ATP-binding cassette sub-family G member 2","BE0001067","|substrate|","CHEMBL65"
"Nilotinib","CC1=CN(C=N1)C1=CC(=CC(NC(=O)C2=CC(NC3=NC=CC(=N3)C3=CN=CC=C3)=C(C)C=C2)=C1)C(F)(F)F","ATP-binding cassette sub-family G member 2","BE0001067","|substrate|inhibitor|","CHEMBL255863"
"Elacridar","COC1=CC=CC2=C1NC1=C(C=CC=C1C(=O)NC1=CC=C(CCN3CCC4=CC(OC)=C(OC)C=C4C3)C=C1)C2=O","ATP-binding cassette sub-family G member 2","BE0001067","|inhibitor|","CHEMBL396298"
"Cobimetinib","OC1(CN(C1)C(=O)C1=C(NC2=C(F)C=C(I)C=C2)C(F)=C(F)C=C1)[C@@H]1CCCCN1","ATP-binding cassette sub-family G member 2","BE0001067","|weak inhibitor|","CHEMBL2146883"
"Vandetanib","COC1=C(OCC2CCN(C)CC2)C=C2N=CN=C(NC3=C(F)C=C(Br)C=C3)C2=C1","ATP-binding cassette sub-family G member 2","BE0001067","|inhibitor|","CHEMBL24828"
"Simeprevir","[H]\C1=C([H])\[C@]2([H])C[C@]2(N=C(O)[C@]2([H])C[C@]([H])(C[C@@]2([H])C(=O)N(C)CCCC1)OC1=C2C=CC(OC)=C(C)C2=NC(=C1)C1=NC(=CS1)C(C)C)C(O)=NS(=O)(=O)C1CC1","ATP-binding cassette sub-family G member 2","BE0001067","|substrate|inhibitor|","CHEMBL501849"
"Pazopanib","CN(C1=CC2=NN(C)C(C)=C2C=C1)C1=CC=NC(NC2=CC=C(C)C(=C2)S(N)(=O)=O)=N1","ATP-binding cassette sub-family G member 2","BE0001067","|substrate|","CHEMBL477772"
"Apixaban","COC1=CC=C(C=C1)N1N=C(C(N)=O)C2=C1C(=O)N(CC2)C1=CC=C(C=C1)N1CCCCC1=O","ATP-binding cassette sub-family G member 2","BE0001067","|substrate|","CHEMBL231779"
"Safinamide","C[C@H](NCC1=CC=C(OCC2=CC(F)=CC=C2)C=C1)C(N)=O","ATP-binding cassette sub-family G member 2","BE0001067","|inhibitor|","CHEMBL396778"
"Cabazitaxel","[H][C@@](O)([C@@H](NC(=O)OC(C)(C)C)C1=CC=CC=C1)C(=O)O[C@@]1([H])C[C@@]2(O)[C@@]([H])(OC(=O)C3=CC=CC=C3)[C@]3([H])[C@@]4(CO[C@]4([H])C[C@]([H])(OC)[C@@]3(C)C(=O)[C@]([H])(OC)C(=C1C)C2(C)C)OC(C)=O","ATP-binding cassette sub-family G member 2","BE0001067","|inhibitor|","CHEMBL1201748"
"Vismodegib","CS(=O)(=O)C1=CC(Cl)=C(C=C1)C(=O)NC1=CC=C(Cl)C(=C1)C1=CC=CC=N1","ATP-binding cassette sub-family G member 2","BE0001067","|inhibitor|","CHEMBL473417"
"Pitavastatin","O[C@H](C[C@H](O)\C=C\C1=C(N=C2C=CC=CC2=C1C1=CC=C(F)C=C1)C1CC1)CC(O)=O","ATP-binding cassette sub-family G member 2","BE0001067","|substrate|","CHEMBL1201753"
"Rilpivirine","CC1=CC(\C=C\C#N)=CC(C)=C1NC1=CC=NC(NC2=CC=C(C=C2)C#N)=N1","ATP-binding cassette sub-family G member 2","BE0001067","|inhibitor|","CHEMBL175691"
"Teriflunomide","C\C(O)=C(/C#N)C(=O)NC1=CC=C(C=C1)C(F)(F)F","ATP-binding cassette sub-family G member 2","BE0001067","|substrate|","CHEMBL973"
"Vemurafenib","CCCS(=O)(=O)NC1=C(F)C(C(=O)C2=CNC3=NC=C(C=C23)C2=CC=C(Cl)C=C2)=C(F)C=C1","ATP-binding cassette sub-family G member 2","BE0001067","|substrate|","CHEMBL1229517"
"Regorafenib","CNC(=O)C1=CC(OC2=CC(F)=C(NC(=O)NC3=CC=C(Cl)C(=C3)C(F)(F)F)C=C2)=CC=N1","ATP-binding cassette sub-family G member 2","BE0001067","|inhibitor|","CHEMBL1946170"
"Ponatinib","CN1CCN(CC2=CC=C(NC(=O)C3=CC(C#CC4=CN=C5C=CC=NN45)=C(C)C=C3)C=C2C(F)(F)F)CC1","ATP-binding cassette sub-family G member 2","BE0001067","|substrate|inhibitor|","CHEMBL1171837"
"Dabrafenib","CC(C)(C)C1=NC(=C(S1)C1=NC(N)=NC=C1)C1=C(F)C(NS(=O)(=O)C2=C(F)C=CC=C2F)=CC=C1","ATP-binding cassette sub-family G member 2","BE0001067","|substrate|inhibitor|","CHEMBL2028663"
"Afatinib","CN(C)C\C=C\C(=O)NC1=C(O[C@H]2CCOC2)C=C2N=CN=C(NC3=CC(Cl)=C(F)C=C3)C2=C1","ATP-binding cassette sub-family G member 2","BE0001067","|substrate|inhibitor|","CHEMBL1173655"
"Dolutegravir","[H][C@]12CN3C=C(C(=O)NCC4=CC=C(F)C=C4F)C(=O)C(O)=C3C(=O)N1[C@H](C)CCO2","ATP-binding cassette sub-family G member 2","BE0001067","|substrate|","CHEMBL1229211"
"Riociguat","COC(=O)N(C)C1=C(N)N=C(N=C1N)C1=NN(CC2=C(F)C=CC=C2)C2=C1C=CC=N2","ATP-binding cassette sub-family G member 2","BE0001067","|substrate|","CHEMBL2107834"
"Sofosbuvir","CC(C)OC(=O)[C@H](C)N[P@](=O)(OC[C@H]1O[C@@H](N2C=CC(=O)NC2=O)[C@](C)(F)[C@@H]1O)OC1=CC=CC=C1","ATP-binding cassette sub-family G member 2","BE0001067","|substrate|","CHEMBL1259059"
"Ledipasvir","[H][C@](N=C(O)OC)(C(C)C)C(=O)N1CC2(CC2)C[C@@]1([H])C1=NC=C(N1)C1=CC2=C(C=C1)C1=C(C=C(C=C1)C1=CC3=C(C=C1)N=C(N3)[C@@]1([H])N(C(=O)[C@@]([H])(N=C(O)OC)C(C)C)[C@]3([H])CC[C@@]1([H])C3)C2(F)F","ATP-binding cassette sub-family G member 2","BE0001067","|transporter|","CHEMBL2374220"
"Idelalisib","[H][C@@](CC)(NC1=NC=NC2=C1N=CN2)C1=NC2=CC=CC(F)=C2C(=O)N1C1=CC=CC=C1","ATP-binding cassette sub-family G member 2","BE0001067","|substrate|","CHEMBL2216870"
"Cannabidiol","CCCCCC1=CC(O)=C([C@@H]2C=C(C)CC[C@H]2C(C)=C)C(O)=C1","ATP-binding cassette sub-family G member 2","BE0001067","|inhibitor|","CHEMBL190461"
"Cobicistat","CC(C)C1=NC(CN(C)C(=O)N[C@@H](CCN2CCOCC2)C(=O)N[C@H](CC[C@H](CC2=CC=CC=C2)NC(=O)OCC2=CN=CS2)CC2=CC=CC=C2)=CS1","ATP-binding cassette sub-family G member 2","BE0001067","|inhibitor|","CHEMBL2095208"
"Lenvatinib","COC1=C(C=C2C(OC3=CC(Cl)=C(NC(O)=NC4CC4)C=C3)=CC=NC2=C1)C(O)=N","ATP-binding cassette sub-family G member 2","BE0001067","|substrate|","CHEMBL1289601"
"Daclatasvir","COC(=O)N[C@@H](C(C)C)C(=O)N1CCC[C@H]1C1=NC=C(N1)C1=CC=C(C=C1)C1=CC=C(C=C1)C1=CN=C(N1)[C@@H]1CCCN1C(=O)[C@@H](NC(=O)OC)C(C)C","ATP-binding cassette sub-family G member 2","BE0001067","|inhibitor|","CHEMBL2023898"
"Dasabuvir","COC1=C(C=C(C=C1C1=CC2=CC=C(NS(C)(=O)=O)C=C2C=C1)N1C=CC(=O)NC1=O)C(C)(C)C","ATP-binding cassette sub-family G member 2","BE0001067","|inhibitor|","CHEMBL3137312"
"Rolapitant","C[C@@H](OC[C@]1(CC[C@]2(CCC(=O)N2)CN1)C1=CC=CC=C1)C1=CC(=CC(=C1)C(F)(F)F)C(F)(F)F","ATP-binding cassette sub-family G member 2","BE0001067","|inhibitor|","CHEMBL3707331"
"Ombitasvir","COC(=O)N[C@@H](C(C)C)C(=O)N1CCC[C@H]1C(=O)NC1=CC=C(C=C1)[C@@H]1CC[C@H](N1C1=CC=C(C=C1)C(C)(C)C)C1=CC=C(NC(=O)[C@@H]2CCCN2C(=O)[C@@H](NC(=O)OC)C(C)C)C=C1","ATP-binding cassette sub-family G member 2","BE0001067","|substrate|","CHEMBL3127326"
"Paritaprevir","[H][C@@]12C[C@]1(NC(=O)[C@]1([H])C[C@H](CN1C(=O)[C@H](CCCCC\C=C/2)NC(=O)C1=CN=C(C)C=N1)OC1=NC2=C(C=CC=C2)C2=C1C=CC=C2)C(=O)NS(=O)(=O)C1CC1","ATP-binding cassette sub-family G member 2","BE0001067","|inhibitor|","CHEMBL3391662"
"Osimertinib","COC1=C(NC2=NC=CC(=N2)C2=CN(C)C3=C2C=CC=C3)C=C(NC(=O)C=C)C(=C1)N(C)CCN(C)C","ATP-binding cassette sub-family G member 2","BE0001067","|substrate|","CHEMBL3353410"
"Alectinib","CCC1=CC2=C(C=C1N1CCC(CC1)N1CCOCC1)C(C)(C)C1=C(C3=C(N1)C=C(C=C3)C#N)C2=O","ATP-binding cassette sub-family G member 2","BE0001067","|inhibitor|","CHEMBL1738797"
"Moxidectin","[H][C@@]12OC\C3=C/C=C/[C@H](C)C\C(C)=C\C[C@]4([H])C[C@@]([H])(C[C@]5(C\C(=N/OC)[C@H](C)[C@H](O5)C(\C)=C\C(C)C)O4)OC(=O)[C@]([H])(C=C(C)[C@H]1O)[C@@]23O","ATP-binding cassette sub-family G member 2","BE0001067","|substrate|","CHEMBL2104415"
"Venetoclax","CC1(C)CCC(CN2CCN(CC2)C2=CC=C(C(=O)NS(=O)(=O)C3=CC=C(NCC4CCOCC4)C(=C3)[N+]([O-])=O)C(OC3=CN=C4NC=CC4=C3)=C2)=C(C1)C1=CC=C(Cl)C=C1","ATP-binding cassette sub-family G member 2","BE0001067","|substrate|","CHEMBL3137309"
"Velpatasvir","[H][C@](N=C(O)OC)(C(C)C)C(=O)N1[C@@]([H])(C)CC[C@@]1([H])C1=NC2=C(N1)C1=CC3=C(C=C1C=C2)C1=C(CO3)C=C(C=C1)C1=CN=C(N1)[C@]1([H])C[C@]([H])(COC)CN1C(=O)[C@]([H])(N=C(O)OC)C1=CC=CC=C1","ATP-binding cassette sub-family G member 2","BE0001067","|substrate|inhibitor|","CHEMBL3545062"
"Isavuconazole","[H][C@](C)(C1=NC(=CS1)C1=CC=C(C=C1)C#N)[C@](O)(CN1C=NC=N1)C1=C(F)C=CC(F)=C1","ATP-binding cassette sub-family G member 2","BE0001067","|inhibitor|","CHEMBL409153"
"Baricitinib","CCS(=O)(=O)N1CC(CC#N)(C1)N1C=C(C=N1)C1=C2C=CNC2=NC=N1","ATP-binding cassette sub-family G member 2","BE0001067","|substrate|inhibitor|","CHEMBL2105759"
"Ertugliflozin","CCOC1=CC=C(CC2=CC(=CC=C2Cl)[C@]23OC[C@](CO)(O2)[C@@H](O)[C@H](O)[C@H]3O)C=C1","ATP-binding cassette sub-family G member 2","BE0001067","|substrate|","CHEMBL1770248"
"Apalutamide","CNC(=O)C1=CC=C(C=C1F)N1C(=S)N(C(=O)C11CCC1)C1=CC(=C(N=C1)C#N)C(F)(F)F","ATP-binding cassette sub-family G member 2","BE0001067","|inducer|","CHEMBL3183409"
"Delafloxacin","NC1=NC(N2C=C(C(O)=O)C(=O)C3=CC(F)=C(N4CC(O)C4)C(Cl)=C23)=C(F)C=C1F","ATP-binding cassette sub-family G member 2","BE0001067","|substrate|","CHEMBL2105637"
"Abemaciclib","CCN1CCN(CC2=CC=C(NC3=NC=C(F)C(=N3)C3=CC(F)=C4N=C(C)N(C(C)C)C4=C3)N=C2)CC1","ATP-binding cassette sub-family G member 2","BE0001067","|substrate|inhibitor|","CHEMBL3301610"
"Fostamatinib","COC1=CC(NC2=NC=C(F)C(NC3=NC4=C(OC(C)(C)C(=O)N4COP(O)(O)=O)C=C3)=N2)=CC(OC)=C1OC","ATP-binding cassette sub-family G member 2","BE0001067","|inhibitor|","CHEMBL2103830"
"Voxilaprevir","CC[C@@H]1[C@@H]2CN([C@@H]1C(=O)N[C@@]1(C[C@H]1C(F)F)C(=O)NS(=O)(=O)C1(C)CC1)C(=O)[C@@H](NC(=O)O[C@@H]1C[C@H]1CCCCC(F)(F)C1=C(O2)N=C2C=C(OC)C=CC2=N1)C(C)(C)C","ATP-binding cassette sub-family G member 2","BE0001067","|substrate|inhibitor|","CHEMBL3707372"
"Letermovir","COC1=CC=CC(=C1)N1CCN(CC1)C1=NC2=C(C=CC=C2F)[C@H](CC(O)=O)N1C1=CC(=CC=C1OC)C(F)(F)F","ATP-binding cassette sub-family G member 2","BE0001067","|inhibitor|","CHEMBL1241951"
"Brigatinib","COC1=CC(=CC=C1NC1=NC=C(Cl)C(NC2=CC=CC=C2P(C)(C)=O)=N1)N1CCC(CC1)N1CCN(C)CC1","ATP-binding cassette sub-family G member 2","BE0001067","|substrate|inhibitor|","CHEMBL3545311"
"Rucaparib","CNCC1=CC=C(C=C1)C1=C2CCNC(=O)C3=C2C(N1)=CC(F)=C3","ATP-binding cassette sub-family G member 2","BE0001067","|substrate|inhibitor|","CHEMBL1173055"
"Copanlisib","COC1=C(OCCCN2CCOCC2)C=CC2=C1N=C(NC(=O)C1=CN=C(N)N=C1)N1CCN=C21","ATP-binding cassette sub-family G member 2","BE0001067","|substrate|","CHEMBL3218576"
"Enasidenib","CC(C)(O)CNC1=NC(=NC(NC2=CC(=NC=C2)C(F)(F)F)=N1)C1=NC(=CC=C1)C(F)(F)F","ATP-binding cassette sub-family G member 2","BE0001067","|substrate|inhibitor|","CHEMBL3989908"
"Pibrentasvir","[H][C@](C)(OC)[C@]([H])(N=C(O)OC)C(=O)N1CCC[C@@]1([H])C1=NC2=C(N1)C=C(F)C(=C2)[C@@]1([H])CC[C@@]([H])(N1C1=CC(F)=C(N2CCC(CC2)C2=CC=C(F)C=C2)C(F)=C1)C1=CC2=C(NC(=N2)[C@]2([H])CCCN2C(=O)[C@@]([H])(N=C(O)OC)[C@@]([H])(C)OC)C=C1F","ATP-binding cassette sub-family G member 2","BE0001067","|substrate|inhibitor|","CHEMBL3545123"
"Glecaprevir","CC(C)(C)[C@@H]1NC(=O)O[C@@H]2CCC[C@H]2OC\C=C\C(F)(F)C2=NC3=C(C=CC=C3)N=C2O[C@@H]2C[C@H](N(C2)C1=O)C(=O)N[C@@]1(C[C@H]1C(F)F)C(=O)NS(=O)(=O)C1(C)CC1","ATP-binding cassette sub-family G member 2","BE0001067","|substrate|inhibitor|","CHEMBL3545363"
"Testosterone cypionate","C[C@]12CC[C@H]3[C@@H](CCC4=CC(=O)CC[C@]34C)[C@@H]1CC[C@@H]2OC(=O)CCC1CCCC1","ATP-binding cassette sub-family G member 2","BE0001067","|substrate|","CHEMBL1201101"
"Testosterone enanthate","[H][C@@]12CC[C@H](OC(=O)CCCCCC)[C@@]1(C)CC[C@@]1([H])[C@@]2([H])CCC2=CC(=O)CC[C@]12C","ATP-binding cassette sub-family G member 2","BE0001067","|substrate|","CHEMBL1200335"
"Testosterone undecanoate","CCCCCCCCCCC(=O)O[C@H]1CC[C@H]2[C@@H]3CCC4=CC(=O)CC[C@]4(C)[C@H]3CC[C@]12C","ATP-binding cassette sub-family G member 2","BE0001067","|substrate|","CHEMBL2107067"
"Estradiol acetate","[H][C@]1(O)CC[C@@]2([H])[C@]3([H])CCC4=CC(OC(C)=O)=CC=C4[C@@]3([H])CC[C@]12C","ATP-binding cassette sub-family G member 2","BE0001067","|inhibitor|","CHEMBL1200430"
"Estradiol benzoate","[H][C@]1(O)CC[C@@]2([H])[C@]3([H])CCC4=CC(OC(=O)C5=CC=CC=C5)=CC=C4[C@@]3([H])CC[C@]12C","ATP-binding cassette sub-family G member 2","BE0001067","|inhibitor|","CHEMBL282575"
"Estradiol cypionate","[H][C@@]1(CC[C@@]2([H])[C@]3([H])CCC4=CC(O)=CC=C4[C@@]3([H])CC[C@]12C)OC(=O)CCC1CCCC1","ATP-binding cassette sub-family G member 2","BE0001067","|inhibitor|","CHEMBL1200973"
"Estradiol dienanthate","CCCCCCC(=O)O[C@H]1CC[C@H]2[C@@H]3CCC4=CC(OC(=O)CCCCCC)=CC=C4[C@H]3CC[C@]12C","ATP-binding cassette sub-family G member 2","BE0001067","|inhibitor|",""
"Estradiol valerate","[H][C@@]12CC[C@H](OC(=O)CCCC)[C@@]1(C)CC[C@]1([H])C3=C(CC[C@@]21[H])C=C(O)C=C3","ATP-binding cassette sub-family G member 2","BE0001067","|inhibitor|","CHEMBL1511"
"Nabiximols","[H][C@]1(CCC(C)=C[C@@]1([H])C1=C(O)C=C(CCCCC)C=C1O)C(C)=C.[H][C@@]12CCC(C)=C[C@@]1([H])C1=C(O)C=C(CCCCC)C=C1OC2(C)C","ATP-binding cassette sub-family G member 2","BE0001067","|inhibitor|","CHEMBL3833333"
