"CHEMBL103","CC(=O)[C@H]1CC[C@H]2[C@@H]3CCC4=CC(=O)CC[C@]4(C)[C@H]3CC[C@]12C","substrate []","12668685"
"CHEMBL941","CN1CCN(Cc2ccc(cc2)C(=O)Nc3ccc(C)c(Nc4nccc(n4)c5cccnc5)c3)CC1","transporter substrate","20190787"
"CHEMBL176049","Cl.COC(=O)c1ccccc1C2=C3C=CC(=N)C=C3Oc4cc(N)ccc24","substrate []","12668685"
"CHEMBL1697724","C[C@]12CC[C@H]3[C@@H](CCc4cc(O)ccc34)[C@@H]1CC[C@@H]2O[C@@H]5O[C@@H]([C@@H](O)[C@H](O)[C@H]5O)C(=O)O","substrate []","12874005"
"CHEMBL305666","CC[C@@]1(O)C(=O)OCC2=C1C=C3N(Cc4c(CN5CCN(C)CC5)c6cc7OCCOc7cc6nc34)C2=O","substrate [+]","11309344"
"CHEMBL129","CC1=CN([C@H]2C[C@H](N=[N+]=[N-])[C@@H](CO)O2)C(=O)NC1=O","substrate []","12488537"
"CHEMBL2074964","CCc1c2CN3C(=O)C4=C(C=C3c2nc5cc(F)c(O)cc15)[C@@](O)(CC)C(=O)OC4","substrate []","15170677"
"CHEMBL343002","CCOc1ccc(cc1)c2nc3cc(ccc3[nH]2)c4nc5cc(ccc5[nH]4)N6CCN(C)CC6","substrate []","12668685"
"CHEMBL428690","CN1CC[C@@H]([C@H](O)C1)c2c(O)cc(O)c3C(=O)C=C(Oc23)c4ccccc4Cl","substrate []","14645676"
"CHEMBL44657","COc1cc(cc(OC)c1O)[C@H]2[C@@H]3[C@H](COC3=O)[C@H](O[C@@H]4O[C@@H]5CO[C@@H](C)O[C@H]5[C@H](O)[C@H]4O)c6cc7OCOc7cc26","substrate []","12488537"
"CHEMBL837","CCc1c2CN3C(=O)C4=C(C=C3c2nc5ccc(O)cc15)[C@@](O)(CC)C(=O)OC4","substrate []","14566825"
"CHEMBL83","CC\C(=C(/c1ccccc1)\c2ccc(OCCN(C)C)cc2)\c3ccccc3","substrate []","12668685"
"CHEMBL84","CC[C@@]1(O)C(=O)OCC2=C1C=C3N(Cc4cc5c(CN(C)C)c(O)ccc5nc34)C2=O","substrate []","12533678"
"CHEMBL1614650","CC[C@@]1(O)C(=O)OCC2=C1C=C3N(Cc4c3nc5cc(F)c(C)c6CC[C@H](N)c4c56)C2=O","substrate []","11309344"
"CHEMBL178","COc1cccc2C(=O)c3c(O)c4C[C@](O)(C[C@H](O[C@H]5C[C@H](N)[C@H](O)[C@H](C)O5)c4c(O)c3C(=O)c12)C(=O)C","substrate [Kact=2.5uM]","11437380"
"CHEMBL2074968","CCc1c2CN3C(=O)C4=C(C=C3c2nc5ccc(Cl)cc15)[C@@](O)(CC)C(=O)OC4","substrate []","15170677"
"CHEMBL112570","CC(C)CCC[C@@H](C)[C@H]1CC[C@H]2[C@@H]3CC=C4C[C@@H](O)CC[C@]4(C)[C@H]3CC[C@]12C","substrate []","12668685"
"CHEMBL1554","CC(C)[C@H]1NC(=O)[C@@H](NC(=O)C2=C(N)C(=O)C(=C3Oc4c(C)ccc(C(=O)N[C@H]5[C@@H](C)OC(=O)[C@H](C(C)C)N(C)C(=O)CN(C)C(=O)[C@@H]6CCCN6C(=O)[C@H](NC5=O)C(C)C)c4N=C23)C)[C@@H](C)OC(=O)[C@H](C(C)C)N(C)C(=O)CN(C)C(=O)[C@@H]7CCCN7C1=O","substrate []","12488537"
"CHEMBL53463","COc1cccc2C(=O)c3c(O)c4C[C@](O)(C[C@H](O[C@H]5C[C@H](N)[C@H](O)[C@H](C)O5)c4c(O)c3C(=O)c12)C(=O)CO","substrate []","12488537"
"CHEMBL481","CCc1c2CN3C(=O)C4=C(C=C3c2nc5ccc(OC(=O)N6CCC(CC6)N7CCCCC7)cc15)[C@@](O)(CC)C(=O)OC4","substrate [+]","11309344"
"CHEMBL435191","OCC(CO)NN1C(=O)c2c(C1=O)c3c4ccc(O)cc4n([C@@H]5O[C@H](CO)[C@@H](O)[C@H](O)[C@H]5O)c3c6[nH]c7cc(O)ccc7c26","substrate [+]","11306452"
"CHEMBL2074784","CC1=CC(=O)Oc2cc(OS(=O)(=O)O)ccc12","substrate []","12682043"
"CHEMBL2074970","CN(Cc1cnc2nc(N)nc(N)c2n1)c3ccc(cc3)C(=O)N[C@@H](CCC(=O)N[C@@H](CCC(=O)N[C@@H](CCC(=O)O)C(=O)O)C(=O)O)C(=O)O","substrate []","14500392"
"CHEMBL3350680","CCCCCCCC\C=C/CCCCCCCC(=O)OC(COC(=O)CCCCCCC\C=C\CCCCCCCC)COP(=O)(O)OC[C@H](Nc1ccc(c2nonc12)[N+](=O)[O-])C(=O)O","substrate []","12946267"
"CHEMBL494753","C[C@]12CC[C@H]3[C@@H](CCc4cc(OS(=O)(=O)O)ccc34)[C@@H]1CCC2=O","substrate [Km=17uM]","12682043"
"CHEMBL1743143","CCc1c2CN3C(=O)C4=C(C=C3c2nc5ccc(OC[C@@H]6O[C@@H]([C@@H](O)[C@H](O)[C@H]6O)C(=O)O)cc15)[C@@](O)(CC)C(=O)OC4","substrate [Km=26uM]","11688982"
"CHEMBL274070","CC[C@@]1(O)C(=O)OCC2=C1C=C3N(Cc4cc5c(N)cccc5nc34)C2=O","substrate [+]","11309344"
"CHEMBL284328","[Br-].CC[n+]1c(c2ccccc2)c3cc(N)ccc3c4ccc(N)cc14","substrate []","12668685"
"CHEMBL1477","COCc1c(nc(C(C)C)c(\C=C\[C@@H](O)C[C@@H](O)CC(=O)O)c1c2ccc(F)cc2)C(C)C","substrate [(+)]","15901800"
"CHEMBL2074959","CCCCCCCCCCCCCCCC(=O)OCC(COP(=O)([O-])OCC[N+](C)(C)C)OC(=O)CCCCCNc1ccc(c2nonc12)[N+](=O)[O-]","substrate []","12946267"
"CHEMBL34259","CN(Cc1cnc2nc(N)nc(N)c2n1)c3ccc(cc3)C(=O)N[C@@H](CCC(=O)O)C(=O)O","transporter substrate","20190787"
"CHEMBL1144","CC[C@H](C)C(=O)O[C@H]1C[C@H](O)C=C2C=C[C@H](C)[C@H](CC[C@@H](O)C[C@@H](O)CC(=O)O)[C@@H]12","substrate [(+)]","15901800"
"CHEMBL2074966","CCc1c2CN3C(=O)C4=C(C=C3c2nc5cc(O)ccc15)[C@@](O)(CC)C(=O)OC4","substrate []","15170677"
"CHEMBL2074969","CN(Cc1cnc2nc(N)nc(N)c2n1)c3ccc(cc3)C(=O)N[C@@H](CCC(=O)N[C@@H](CCC(=O)N[C@@H](CCC(=O)N[C@@H](CCC(=O)O)C(=O)O)C(=O)O)C(=O)O)C(=O)O","substrate []","12874005"
"CHEMBL141","NC1=NC(=O)N(C=C1)[C@@H]2CS[C@H](CO)O2","substrate []","12488537"
"CHEMBL386630","C[C@]12CC[C@H]3[C@@H](CCC4=CC(=O)CC[C@]34C)[C@@H]1CC[C@@H]2O","substrate []","12668685"
"CHEMBL281768","CCc1c2CN3C(=O)C4=C(C=C3c2nc5ccc(N)cc15)[C@@](O)(CC)C(=O)OC4","substrate []","15170677"
"CHEMBL1622","NC1=NC(=O)c2nc(CNc3ccc(cc3)C(=O)N[C@@H](CCC(=O)O)C(=O)O)cnc2N1","substrate []","12874005"
"CHEMBL2074967","CCc1c2CN3C(=O)C4=C(C=C3c2nc5cc(Br)ccc15)[C@@](O)(CC)C(=O)OC4","substrate []","15170677"
"CHEMBL2074805","CNc1nc2c(Cc3cccnc3)c(C)c(OS(=O)(=O)O)c(C)c2s1","substrate []","12682043"
"CHEMBL1665","CCC[S+]([O-])c1ccc2[nH]c(NC(=O)OC)nc2c1","substrate []","15703302"
"CHEMBL2074965","CCc1c2CN3C(=O)C4=C(C=C3c2nc5cc(F)c(OC)cc15)[C@@](O)(CC)C(=O)OC4","substrate []","15170677"
"CHEMBL135","C[C@]12CC[C@H]3[C@@H](CCc4cc(O)ccc34)[C@@H]1CC[C@@H]2O","inhibitor [+]","11927002"
"CHEMBL1401508","COc1cc(ccc1O)C2Oc3cc(ccc3OC2CO)C4Oc5cc(O)cc(O)c5C(=O)C4O","inhibitor []","15102949"
"CHEMBL8145","Oc1ccc(cc1)C2=COc3cc(O)ccc3C2=O","inhibitor []","15102949"
"CHEMBL44","Oc1ccc(cc1)C2=COc3cc(O)cc(O)c3C2=O","inhibitor []","15102949"
"CHEMBL410316","COc1ccc2c3C[C@@H]4N([C@@H](C=C(C)C)c3[nH]c2c1)C(=O)[C@@H]5CCCN5C4=O","inhibitor []","14500392"
"CHEMBL31574","OC1=C(Oc2cc(O)ccc2C1=O)c3ccc(O)c(O)c3","inhibitor []","15102949"
"CHEMBL1642","CN1CCN(Cc2ccc(cc2)C(=O)Nc3ccc(C)c(Nc4nccc(n4)c5cccnc5)c3)CC1.CS(=O)(=O)O","inhibitor []","15059881"
"CHEMBL117","Oc1cc(O)c2C(=O)C=C(Oc2c1)c3ccccc3","inhibitor []","15205350"
"CHEMBL2074961","CC\C(=C(/c1ccc(O)cc1)\c2ccc(OCCN(C)C)cc2)\c3ccc(cc3)C(C)C","inhibitor []","12533678"
"CHEMBL2074984","CC\C(=C(\c1ccc(OCCN(C)C)cc1)/c2ccc(OCc3ccccc3)cc2)\c4ccccc4","inhibitor []","12533678"
"CHEMBL1405","C[C@]12CC[C@H]3[C@@H](CCc4cc(O)ccc34)[C@@H]1CCC2=O","transporter inhibitor","20190787"
"CHEMBL9352","Oc1ccc(cc1)[C@@H]2CC(=O)c3c(O)cc(O)cc3O2","inhibitor []","15102949"
"CHEMBL6966","COc1ccc(CCN(C)CCCC(C#N)(C(C)C)c2ccc(OC)c(OC)c2)cc1OC","inhibitor [IC50=> 50uM]","15155841"
"CHEMBL2074730","Cl.COc1cccc2C(=O)c3cccc(C(=O)Nc4ccc(CCN5CCc6cc(OC)c(OC)cc6C5)cc4)c3Nc12","inhibitor [+]","11309344"
"CHEMBL36506","CO[C@@H]1[C@@H](OC(=O)N)[C@@H](O)[C@H](Oc2ccc3C(=C(NC(=O)c4ccc(O)c(CC=C(C)C)c4)C(=O)Oc3c2C)O)OC1(C)C","inhibitor [3-fold increase of control]","16460798"
"CHEMBL399121","COc1ccc(cc1O)[C@@H]2CC(=O)c3c(O)cc(O)cc3O2","inhibitor []","15205350"
"CHEMBL243664","COc1ccc(cc1)C2=CC(=O)c3c(O)cc(O)cc3O2","inhibitor []","15205350"
"CHEMBL289159","COc1ccc2c(C[C@@H]3NC(=O)[C@@H]4CCCN4C3=O)c(CC=C(C)C)[nH]c2c1","inhibitor []","12946267"
"CHEMBL45068","Oc1ccc(CCC(=O)c2c(O)cc(O)cc2O)cc1","inhibitor []","15102949"
"CHEMBL1525298","CCC(=O)Oc1ccc(cc1)\C(=C(/CC)\c2ccc(OC(=O)CC)cc2)\CC","inhibitor []","12533678"
"CHEMBL2074963","CC\C(=C(/c1ccc(O)cc1)\c2ccc(OCCN(C)C)cc2)\c3ccc(OCc4ccccc4)cc3","inhibitor []","12533678"
"CHEMBL411","CC\C(=C(\CC)/c1ccc(O)cc1)\c2ccc(O)cc2","inhibitor [IC50=0.5uM]","12533678"
"CHEMBL389621","C[C@]12CCC(=O)C=C1CC[C@H]3[C@@H]4CC[C@](O)(C(=O)CO)[C@@]4(C)C[C@H](O)[C@H]23","inhibitor [70% of control]","12920197"
"CHEMBL2074958","O[C@@H]1[C@@H](O)[C@H](Oc2ccc(cc2O)C3=CC(=O)c4c(O)cc(O)cc4O3)O[C@@H]([C@H]1O)C(=O)O","inhibitor []","15205350"
"CHEMBL114","CC(C)(C)NC(=O)[C@@H]1C[C@@H]2CCCC[C@@H]2CN1C[C@@H](O)[C@H](Cc3ccccc3)NC(=O)[C@H](CC(=O)N)NC(=O)c4ccc5ccccc5n4","inhibitor [IC50=19.5 +/- 6.7uM]","15007102"
"CHEMBL408701","C[C@H](CCC(=O)NCCS(=O)(=O)O)[C@H]1CC[C@H]2[C@@H]3CC[C@@H]4C[C@H](O)CC[C@]4(C)[C@H]3CC[C@]12C","inhibitor [20% of control]","12920197"
"CHEMBL2074599","CNc1nc2c(Cc3cccnc3)c(C)c(O[C@@H]4O[C@@H]([C@@H](O)[C@H](O)[C@H]4O)C(=O)O)c(C)c2s1","inhibitor [76% of control]","12682043"
"CHEMBL472","COc1ccc(Cl)cc1C(=O)NCCc2ccc(cc2)S(=O)(=O)NC(=O)NC3CCCCC3","inhibitor [IC50=150uM]","16460798"
"CHEMBL493586","O[C@@H]1[C@@H](O)[C@H](OCC2=CC(=O)Oc3cc(O)ccc23)O[C@@H]([C@H]1O)C(=O)O","inhibitor [84% of control]","12682043"
"CHEMBL584","Cc1c(O)cccc1C(=O)N[C@@H](CSc2ccccc2)[C@H](O)CN3C[C@H]4CCCC[C@H]4C[C@H]3C(=O)NC(C)(C)C","inhibitor [IC50=12.5 +/- 4.1uM]","15007102"
"CHEMBL42442","COC(=O)Nc1nc2cc(ccc2[nH]1)[S+]([O-])c3ccccc3","inhibitor []","15703302"
"CHEMBL163","CC(C)[C@H](NC(=O)N(C)Cc1csc(n1)C(C)C)C(=O)N[C@H](C[C@H](O)[C@H](Cc2ccccc2)NC(=O)OCc3cncs3)Cc4ccccc4","inhibitor [IC50=19.5 +/- 0.8uM]","15007102"
"CHEMBL2074962","CC\C(=C(/c1ccc(O)cc1)\c2ccc(OCCN(C)C)cc2)\c3ccc(OC)cc3","inhibitor []","12533678"
"CHEMBL1628111","C[C@]12CC[C@H]3[C@@H](CCc4cc(OS(=O)(=O)O)ccc34)[C@@H]1CC[C@@H]2O","inhibitor [50% of control]","12920197"
"CHEMBL469654","OC[C@H]1O[C@@H](Oc2cc(O)c3C(=O)C[C@H](Oc3c2)c4ccc(O)cc4)[C@H](O)[C@@H](O)[C@@H]1O","inhibitor []","15205350"
"CHEMBL2074644","C[C@H](CCC(=O)NCCS(=O)(=O)O)C1CC[C@H]2[C@@H]3CC[C@@H]4C[C@@H](CC[C@]4(C)[C@H]3CC[C@]12C)OS(=O)(=O)O","inhibitor [30% of control]","12920197"
"CHEMBL2074917","CC\C(=C(\c1ccc(OCCN(C)C)cc1)/c2ccc(OCc3ccc(cc3)[N+](=O)[O-])cc2)\c4ccccc4","inhibitor [IC50>2uM]","12533678"
"CHEMBL40919","COc1ccc(cc1)C2=C(O)C(=O)c3c(O)cc(O)cc3O2","inhibitor []","15205350"
"CHEMBL1503","COc1ccc2[nH]c(nc2c1)[S+]([O-])Cc3ncc(C)c(OC)c3C","inhibitor [IC50=10-50uM]","15313923"
"CHEMBL131921","COc1ccc(cc1)C2=COc3cc(O)cc(O)c3C2=O","inhibitor []","15102949"
"CHEMBL91867","CC#CC(=O)Nc1ccc2ncnc(Nc3cccc(Br)c3)c2c1","inhibitor [IC50=0.2uM]","15155841"
"CHEMBL259898","C[C@]12CC[C@H]3[C@@H](CC=C4C[C@H](CC[C@]34C)OS(=O)(=O)O)[C@@H]1CCC2=O","inhibitor [50% of control]","12920197"
"CHEMBL90568","COc1ccc(cc1O)C2=CC(=O)c3c(O)cc(O)cc3O2","inhibitor []","15205350"
"CHEMBL213947","N[C@@H](CCC(=O)N[C@H](CSc1ccc(cc1[N+](=O)[O-])[N+](=O)[O-])C(=O)NCC(=O)O)C(=O)O","inhibitor [78% of control]","12682043"
"CHEMBL1502","COc1ccnc(C[S+]([O-])c2nc3cc(OC(F)F)ccc3[nH]2)c1OC","inhibitor [IC50=10uM]","15313923"
"CHEMBL224867","C[C@H](CCC(=O)NCCS(=O)(=O)O)[C@H]1CC[C@H]2[C@@H]3[C@H](O)C[C@@H]4C[C@H](O)CC[C@]4(C)[C@H]3C[C@H](O)[C@]12C","inhibitor [70% of control]","12920197"
"CHEMBL2074960","CC\C(=C(/c1ccc(O)cc1)\c2ccc(OCCNC)cc2)\c3ccc(cc3)C(C)CO","inhibitor []","12533678"
"Cyclosporine","CC[C@@H]1NC(=O)[C@H]([C@H](O)[C@H](C)C\C=C\C)N(C)C(=O)[C@H](C(C)C)N(C)C(=O)[C@H](CC(C)C)N(C)C(=O)[C@H](CC(C)C)N(C)C(=O)[C@@H](C)NC(=O)[C@H](C)NC(=O)[C@H](CC(C)C)N(C)C(=O)[C@@H](NC(=O)[C@H](CC(C)C)N(C)C(=O)CN(C)C1=O)C(C)C","ATP-binding cassette sub-family G member 2","BE0001067","|inhibitor|","CHEMBL160"
"Pantoprazole","COC1=C(OC)C(CS(=O)C2=NC3=C(N2)C=C(OC(F)F)C=C3)=NC=C1","ATP-binding cassette sub-family G member 2","BE0001067","|inhibitor|","CHEMBL1502"
"Cladribine","NC1=C2N=CN([C@H]3C[C@H](O)[C@@H](CO)O3)C2=NC(Cl)=N1","ATP-binding cassette sub-family G member 2","BE0001067","|substrate|","CHEMBL1619"
"Venlafaxine","COC1=CC=C(C=C1)C(CN(C)C)C1(O)CCCCC1","ATP-binding cassette sub-family G member 2","BE0001067","|inducer|","CHEMBL637"
"Gefitinib","COC1=C(OCCCN2CCOCC2)C=C2C(NC3=CC(Cl)=C(F)C=C3)=NC=NC2=C1","ATP-binding cassette sub-family G member 2","BE0001067","|substrate|inhibitor|","CHEMBL939"
"Omeprazole","COC1=CC2=C(C=C1)N=C(N2)S(=O)CC1=NC=C(C)C(OC)=C1C","ATP-binding cassette sub-family G member 2","BE0001067","|inhibitor|","CHEMBL1503"
"Sorafenib","CNC(=O)C1=NC=CC(OC2=CC=C(NC(=O)NC3=CC(=C(Cl)C=C3)C(F)(F)F)C=C2)=C1","ATP-binding cassette sub-family G member 2","BE0001067","|substrate|inhibitor|","CHEMBL1336"
"Teniposide","[H][C@]12COC(=O)[C@]1([H])[C@]([H])(C1=CC(OC)=C(O)C(OC)=C1)C1=CC3=C(OCO3)C=C1[C@@]2([H])O[C@]1([H])O[C@]2([H])CO[C@]([H])(O[C@@]2([H])[C@]([H])(O)[C@@]1([H])O)C1=CC=CS1","ATP-binding cassette sub-family G member 2","BE0001067","|substrate|","CHEMBL452231"
"Lansoprazole","CC1=C(OCC(F)(F)F)C=CN=C1CS(=O)C1=NC2=CC=CC=C2N1","ATP-binding cassette sub-family G member 2","BE0001067","|inhibitor|","CHEMBL480"
"Prazosin","COC1=C(OC)C=C2C(N)=NC(=NC2=C1)N1CCN(CC1)C(=O)C1=CC=CO1","ATP-binding cassette sub-family G member 2","BE0001067","|substrate|","CHEMBL2"
"Dronabinol","[H][C@@]12C=C(C)CC[C@@]1([H])C(C)(C)OC1=C2C(O)=CC(CCCCC)=C1","ATP-binding cassette sub-family G member 2","BE0001067","|inhibitor|","CHEMBL465"
"Cisplatin","N[Pt](N)(Cl)Cl","ATP-binding cassette sub-family G member 2","BE0001067","|substrate|","CHEMBL2068237"
"Oxaliplatin","[H][N]1([H])[C@@H]2CCCC[C@H]2[N]([H])([H])[Pt]11OC(=O)C(=O)O1","ATP-binding cassette sub-family G member 2","BE0001067","|substrate|","CHEMBL414804"
"Erlotinib","COCCOC1=CC2=C(C=C1OCCOC)C(NC1=CC(=CC=C1)C#C)=NC=N2","ATP-binding cassette sub-family G member 2","BE0001067","|inhibitor|","CHEMBL553"
"Vincristine","[H][C@@]12N3CC[C@@]11C4=CC(=C(OC)C=C4N(C=O)[C@@]1([H])[C@](O)([C@H](OC(C)=O)[C@]2(CC)C=CC3)C(=O)OC)[C@]1(C[C@]2([H])CN(C[C@](O)(CC)C2)CCC2=C1NC1=CC=CC=C21)C(=O)OC","ATP-binding cassette sub-family G member 2","BE0001067","|substrate|","CHEMBL90555"
"Fluorouracil","FC1=CNC(=O)NC1=O","ATP-binding cassette sub-family G member 2","BE0001067","|substrate|","CHEMBL185"
"Zafirlukast","COC1=C(CC2=CN(C)C3=C2C=C(NC(=O)OC2CCCC2)C=C3)C=CC(=C1)C(=O)NS(=O)(=O)C1=CC=CC=C1C","ATP-binding cassette sub-family G member 2","BE0001067","|antagonist|","CHEMBL603"
"Ivermectin","CO[C@H]1C[C@@H](O[C@@H](C)[C@@H]1O)O[C@H]1[C@H](C)O[C@H](C[C@@H]1OC)O[C@H]1[C@@H](C)\C=C\C=C2/CO[C@@H]3[C@H](O)C(C)=C[C@@H](C(=O)O[C@H]4C[C@@H](C\C=C1/C)O[C@@]1(CC[C@H](C)[C@@H](C(C)C)O1)C4)[C@]23O.CC[C@@H](C)[C@H]1O[C@@]2(CC[C@@H]1C)O[C@@H]1C\C=C(C)\[C@@H](O[C@@H]3O[C@@H](C)[C@H](O[C@@H]4O[C@@H](C)[C@H](O)[C@@H](OC)C4)[C@@H](OC)C3)[C@@H](C)\C=C\C=C3/CO[C@@H]4[C@H](O)C(C)=C[C@@H](C(=O)O[C@@H](C1)C2)[C@]34O","ATP-binding cassette sub-family G member 2","BE0001067","|substrate|","CHEMBL1200633"
"Clofarabine","[H][C@]1(F)[C@H](O)[C@@H](CO)O[C@H]1N1C=NC2=C(N)N=C(Cl)N=C12","ATP-binding cassette sub-family G member 2","BE0001067","|substrate|","CHEMBL1750"
"Sumatriptan","CNS(=O)(=O)CC1=CC2=C(NC=C2CCN(C)C)C=C1","ATP-binding cassette sub-family G member 2","BE0001067","|substrate|","CHEMBL128"
"Mycophenolate mofetil","COC1=C(C\C=C(/C)CCC(=O)OCCN2CCOCC2)C(O)=C2C(=O)OCC2=C1C","ATP-binding cassette sub-family G member 2","BE0001067","|substrate|","CHEMBL1456"
"Nitrofurantoin","[O-][N+](=O)C1=CC=C(O1)\C=N\N1CC(=O)NC1=O","ATP-binding cassette sub-family G member 2","BE0001067","|substrate|","CHEMBL572"
"Riluzole","NC1=NC2=C(S1)C=C(OC(F)(F)F)C=C2","ATP-binding cassette sub-family G member 2","BE0001067","|substrate|","CHEMBL744"
"Sulfasalazine","OC(=O)C1=CC(=CC=C1O)\N=N\C1=CC=C(C=C1)S(=O)(=O)NC1=NC=CC=C1","ATP-binding cassette sub-family G member 2","BE0001067","|substrate|inhibitor|","CHEMBL421"
"Buprenorphine","CO[C@]12CC[C@@]3(C[C@@H]1[C@](C)(O)C(C)(C)C)[C@H]1CC4=C5C(O[C@@H]2[C@@]35CCN1CC1CC1)=C(O)C=C4","ATP-binding cassette sub-family G member 2","BE0001067","|inhibitor|","CHEMBL560511"
"Carboplatin","N.N.O=C1O[Pt]OC(=O)C11CCC1","ATP-binding cassette sub-family G member 2","BE0001067","|substrate|","CHEMBL1351"
"Telmisartan","CCCC1=NC2=C(C=C(C=C2C)C2=NC3=CC=CC=C3N2C)N1CC1=CC=C(C=C1)C1=CC=CC=C1C(O)=O","ATP-binding cassette sub-family G member 2","BE0001067","|inhibitor|","CHEMBL1017"
"Ezetimibe","O[C@@H](CC[C@@H]1[C@H](N(C1=O)C1=CC=C(F)C=C1)C1=CC=C(O)C=C1)C1=CC=C(F)C=C1","ATP-binding cassette sub-family G member 2","BE0001067","|substrate|","CHEMBL1138"
"Leflunomide","CC1=C(C=NO1)C(=O)NC1=CC=C(C=C1)C(F)(F)F","ATP-binding cassette sub-family G member 2","BE0001067","|substrate|","CHEMBL960"
"Rosuvastatin","CC(C)C1=NC(=NC(C2=CC=C(F)C=C2)=C1\C=C\[C@@H](O)C[C@@H](O)CC(=O)O)N(C)S(C)(=O)=O","ATP-binding cassette sub-family G member 2","BE0001067","|substrate|","CHEMBL1496"
"Rabeprazole","COCCCOC1=C(C)C(CS(=O)C2=NC3=CC=CC=C3N2)=NC=C1","ATP-binding cassette sub-family G member 2","BE0001067","|inhibitor|","CHEMBL1219"
"Mitoxantrone","OCCNCCNC1=C2C(=O)C3=C(O)C=CC(O)=C3C(=O)C2=C(NCCNCCO)C=C1","ATP-binding cassette sub-family G member 2","BE0001067","|substrate|","CHEMBL58"
"Paclitaxel","[H][C@]12[C@H](OC(=O)C3=CC=CC=C3)[C@]3(O)C[C@H](OC(=O)[C@H](O)[C@@H](NC(=O)C4=CC=CC=C4)C4=CC=CC=C4)C(C)=C([C@@H](OC(C)=O)C(=O)[C@]1(C)[C@@H](O)C[C@H]1OC[C@@]21OC(C)=O)C3(C)C","ATP-binding cassette sub-family G member 2","BE0001067","|substrate|","CHEMBL428647"
"Saquinavir","[H][C@@](O)(CN1C[C@@]2([H])CCCC[C@@]2([H])C[C@@]1([H])C(O)=NC(C)(C)C)[C@]([H])(CC1=CC=CC=C1)N=C(O)[C@]([H])(CC(O)=N)NC(=O)C1=NC2=CC=CC=C2C=C1","ATP-binding cassette sub-family G member 2","BE0001067","|inhibitor|","CHEMBL114"
"Dexamethasone","[H][C@@]12C[C@@H](C)[C@](O)(C(=O)CO)[C@@]1(C)C[C@H](O)[C@@]1(F)[C@@]2([H])CCC2=CC(=O)C=C[C@]12C","ATP-binding cassette sub-family G member 2","BE0001067","|inhibitor|","CHEMBL384467"
"Docetaxel","[H][C@@]12C[C@H](O)[C@@]3(C)C(=O)[C@H](O)C4=C(C)[C@H](C[C@@](O)([C@@H](OC(=O)C5=CC=CC=C5)[C@]3([H])[C@@]1(CO2)OC(C)=O)C4(C)C)OC(=O)[C@H](O)[C@@H](NC(=O)OC(C)(C)C)C1=CC=CC=C1","ATP-binding cassette sub-family G member 2","BE0001067","|substrate|","CHEMBL92"
"Dasatinib","CC1=NC(NC2=NC=C(S2)C(=O)NC2=C(C)C=CC=C2Cl)=CC(=N1)N1CCN(CCO)CC1","ATP-binding cassette sub-family G member 2","BE0001067","|substrate|inhibitor|","CHEMBL1421"
"Sunitinib","CCN(CC)CCNC(=O)C1=C(C)NC(\C=C2/C(=O)NC3=C2C=C(F)C=C3)=C1C","ATP-binding cassette sub-family G member 2","BE0001067","|inhibitor|","CHEMBL535"
"Topiroxostat","N#CC1=NC=CC(=C1)C1=NNC(=N1)C1=CC=NC=C1","ATP-binding cassette sub-family G member 2","BE0001067","|inhibitor|","CHEMBL1078685"
"Daidzin","[H][C@]1(CO)O[C@@]([H])(OC2=CC=C3C(=O)C(=COC3=C2)C2=CC=C(O)C=C2)[C@]([H])(O)[C@@]([H])(O)[C@]1([H])O","ATP-binding cassette sub-family G member 2","BE0001067","|inhibitor|","CHEMBL486422"
"Quercetin","OC1=CC2=C(C(O)=C1)C(=O)C(O)=C(O2)C1=CC=C(O)C(O)=C1","ATP-binding cassette sub-family G member 2","BE0001067","|inhibitor|","CHEMBL50"
"Camptothecin","CC[C@@]1(O)C(=O)OCC2=C1C=C1N(CC3=CC4=CC=CC=C4N=C13)C2=O","ATP-binding cassette sub-family G member 2","BE0001067","|substrate|","CHEMBL65"
"Nilotinib","CC1=CN(C=N1)C1=CC(=CC(NC(=O)C2=CC(NC3=NC=CC(=N3)C3=CN=CC=C3)=C(C)C=C2)=C1)C(F)(F)F","ATP-binding cassette sub-family G member 2","BE0001067","|substrate|inhibitor|","CHEMBL255863"
"Cobimetinib","OC1(CN(C1)C(=O)C1=C(NC2=C(F)C=C(I)C=C2)C(F)=C(F)C=C1)[C@@H]1CCCCN1","ATP-binding cassette sub-family G member 2","BE0001067","|weak inhibitor|","CHEMBL2146883"
"Vandetanib","COC1=C(OCC2CCN(C)CC2)C=C2N=CN=C(NC3=C(F)C=C(Br)C=C3)C2=C1","ATP-binding cassette sub-family G member 2","BE0001067","|inhibitor|","CHEMBL24828"
"Simeprevir","[H]\C1=C([H])\[C@]2([H])C[C@]2(N=C(O)[C@]2([H])C[C@]([H])(C[C@@]2([H])C(=O)N(C)CCCC1)OC1=C2C=CC(OC)=C(C)C2=NC(=C1)C1=NC(=CS1)C(C)C)C(O)=NS(=O)(=O)C1CC1","ATP-binding cassette sub-family G member 2","BE0001067","|substrate|inhibitor|","CHEMBL501849"
"Pazopanib","CN(C1=CC2=NN(C)C(C)=C2C=C1)C1=CC=NC(NC2=CC=C(C)C(=C2)S(N)(=O)=O)=N1","ATP-binding cassette sub-family G member 2","BE0001067","|substrate|","CHEMBL477772"
"Apixaban","COC1=CC=C(C=C1)N1N=C(C(N)=O)C2=C1C(=O)N(CC2)C1=CC=C(C=C1)N1CCCCC1=O","ATP-binding cassette sub-family G member 2","BE0001067","|substrate|","CHEMBL231779"
"Safinamide","C[C@H](NCC1=CC=C(OCC2=CC(F)=CC=C2)C=C1)C(N)=O","ATP-binding cassette sub-family G member 2","BE0001067","|inhibitor|","CHEMBL396778"
"Cabazitaxel","[H][C@@](O)([C@@H](NC(=O)OC(C)(C)C)C1=CC=CC=C1)C(=O)O[C@@]1([H])C[C@@]2(O)[C@@]([H])(OC(=O)C3=CC=CC=C3)[C@]3([H])[C@@]4(CO[C@]4([H])C[C@]([H])(OC)[C@@]3(C)C(=O)[C@]([H])(OC)C(=C1C)C2(C)C)OC(C)=O","ATP-binding cassette sub-family G member 2","BE0001067","|inhibitor|","CHEMBL1201748"
"Vismodegib","CS(=O)(=O)C1=CC(Cl)=C(C=C1)C(=O)NC1=CC=C(Cl)C(=C1)C1=CC=CC=N1","ATP-binding cassette sub-family G member 2","BE0001067","|inhibitor|","CHEMBL473417"
"Pitavastatin","O[C@H](C[C@H](O)\C=C\C1=C(N=C2C=CC=CC2=C1C1=CC=C(F)C=C1)C1CC1)CC(O)=O","ATP-binding cassette sub-family G member 2","BE0001067","|substrate|","CHEMBL1201753"
"Rilpivirine","CC1=CC(\C=C\C#N)=CC(C)=C1NC1=CC=NC(NC2=CC=C(C=C2)C#N)=N1","ATP-binding cassette sub-family G member 2","BE0001067","|inhibitor|","CHEMBL175691"
"Teriflunomide","C\C(O)=C(/C#N)C(=O)NC1=CC=C(C=C1)C(F)(F)F","ATP-binding cassette sub-family G member 2","BE0001067","|substrate|","CHEMBL973"
"Vemurafenib","CCCS(=O)(=O)NC1=C(F)C(C(=O)C2=CNC3=NC=C(C=C23)C2=CC=C(Cl)C=C2)=C(F)C=C1","ATP-binding cassette sub-family G member 2","BE0001067","|substrate|","CHEMBL1229517"
"Regorafenib","CNC(=O)C1=CC(OC2=CC(F)=C(NC(=O)NC3=CC=C(Cl)C(=C3)C(F)(F)F)C=C2)=CC=N1","ATP-binding cassette sub-family G member 2","BE0001067","|inhibitor|","CHEMBL1946170"
"Ponatinib","CN1CCN(CC2=CC=C(NC(=O)C3=CC(C#CC4=CN=C5C=CC=NN45)=C(C)C=C3)C=C2C(F)(F)F)CC1","ATP-binding cassette sub-family G member 2","BE0001067","|substrate|inhibitor|","CHEMBL1171837"
"Dabrafenib","CC(C)(C)C1=NC(=C(S1)C1=NC(N)=NC=C1)C1=C(F)C(NS(=O)(=O)C2=C(F)C=CC=C2F)=CC=C1","ATP-binding cassette sub-family G member 2","BE0001067","|substrate|inhibitor|","CHEMBL2028663"
"Afatinib","CN(C)C\C=C\C(=O)NC1=C(O[C@H]2CCOC2)C=C2N=CN=C(NC3=CC(Cl)=C(F)C=C3)C2=C1","ATP-binding cassette sub-family G member 2","BE0001067","|substrate|inhibitor|","CHEMBL1173655"
"Dolutegravir","[H][C@]12CN3C=C(C(=O)NCC4=CC=C(F)C=C4F)C(=O)C(O)=C3C(=O)N1[C@H](C)CCO2","ATP-binding cassette sub-family G member 2","BE0001067","|substrate|","CHEMBL1229211"
"Riociguat","COC(=O)N(C)C1=C(N)N=C(N=C1N)C1=NN(CC2=C(F)C=CC=C2)C2=C1C=CC=N2","ATP-binding cassette sub-family G member 2","BE0001067","|substrate|","CHEMBL2107834"
"Sofosbuvir","CC(C)OC(=O)[C@H](C)N[P@](=O)(OC[C@H]1O[C@@H](N2C=CC(=O)NC2=O)[C@](C)(F)[C@@H]1O)OC1=CC=CC=C1","ATP-binding cassette sub-family G member 2","BE0001067","|substrate|","CHEMBL1259059"
"Ledipasvir","[H][C@](N=C(O)OC)(C(C)C)C(=O)N1CC2(CC2)C[C@@]1([H])C1=NC=C(N1)C1=CC2=C(C=C1)C1=C(C=C(C=C1)C1=CC3=C(C=C1)N=C(N3)[C@@]1([H])N(C(=O)[C@@]([H])(N=C(O)OC)C(C)C)[C@]3([H])CC[C@@]1([H])C3)C2(F)F","ATP-binding cassette sub-family G member 2","BE0001067","|transporter|","CHEMBL2374220"
"Idelalisib","[H][C@@](CC)(NC1=NC=NC2=C1N=CN2)C1=NC2=CC=CC(F)=C2C(=O)N1C1=CC=CC=C1","ATP-binding cassette sub-family G member 2","BE0001067","|substrate|","CHEMBL2216870"
"Cannabidiol","CCCCCC1=CC(O)=C([C@@H]2C=C(C)CC[C@H]2C(C)=C)C(O)=C1","ATP-binding cassette sub-family G member 2","BE0001067","|inhibitor|","CHEMBL190461"
"Cobicistat","CC(C)C1=NC(CN(C)C(=O)N[C@@H](CCN2CCOCC2)C(=O)N[C@H](CC[C@H](CC2=CC=CC=C2)NC(=O)OCC2=CN=CS2)CC2=CC=CC=C2)=CS1","ATP-binding cassette sub-family G member 2","BE0001067","|inhibitor|","CHEMBL2095208"
"Lenvatinib","COC1=C(C=C2C(OC3=CC(Cl)=C(NC(O)=NC4CC4)C=C3)=CC=NC2=C1)C(O)=N","ATP-binding cassette sub-family G member 2","BE0001067","|substrate|","CHEMBL1289601"
"Daclatasvir","COC(=O)N[C@@H](C(C)C)C(=O)N1CCC[C@H]1C1=NC=C(N1)C1=CC=C(C=C1)C1=CC=C(C=C1)C1=CN=C(N1)[C@@H]1CCCN1C(=O)[C@@H](NC(=O)OC)C(C)C","ATP-binding cassette sub-family G member 2","BE0001067","|inhibitor|","CHEMBL2023898"
"Dasabuvir","COC1=C(C=C(C=C1C1=CC2=CC=C(NS(C)(=O)=O)C=C2C=C1)N1C=CC(=O)NC1=O)C(C)(C)C","ATP-binding cassette sub-family G member 2","BE0001067","|inhibitor|","CHEMBL3137312"
"Rolapitant","C[C@@H](OC[C@]1(CC[C@]2(CCC(=O)N2)CN1)C1=CC=CC=C1)C1=CC(=CC(=C1)C(F)(F)F)C(F)(F)F","ATP-binding cassette sub-family G member 2","BE0001067","|inhibitor|","CHEMBL3707331"
"Ombitasvir","COC(=O)N[C@@H](C(C)C)C(=O)N1CCC[C@H]1C(=O)NC1=CC=C(C=C1)[C@@H]1CC[C@H](N1C1=CC=C(C=C1)C(C)(C)C)C1=CC=C(NC(=O)[C@@H]2CCCN2C(=O)[C@@H](NC(=O)OC)C(C)C)C=C1","ATP-binding cassette sub-family G member 2","BE0001067","|substrate|","CHEMBL3127326"
"Paritaprevir","[H][C@@]12C[C@]1(NC(=O)[C@]1([H])C[C@H](CN1C(=O)[C@H](CCCCC\C=C/2)NC(=O)C1=CN=C(C)C=N1)OC1=NC2=C(C=CC=C2)C2=C1C=CC=C2)C(=O)NS(=O)(=O)C1CC1","ATP-binding cassette sub-family G member 2","BE0001067","|inhibitor|","CHEMBL3391662"
"Osimertinib","COC1=C(NC2=NC=CC(=N2)C2=CN(C)C3=C2C=CC=C3)C=C(NC(=O)C=C)C(=C1)N(C)CCN(C)C","ATP-binding cassette sub-family G member 2","BE0001067","|substrate|","CHEMBL3353410"
"Alectinib","CCC1=CC2=C(C=C1N1CCC(CC1)N1CCOCC1)C(C)(C)C1=C(C3=C(N1)C=C(C=C3)C#N)C2=O","ATP-binding cassette sub-family G member 2","BE0001067","|inhibitor|","CHEMBL1738797"
"Moxidectin","[H][C@@]12OC\C3=C/C=C/[C@H](C)C\C(C)=C\C[C@]4([H])C[C@@]([H])(C[C@]5(C\C(=N/OC)[C@H](C)[C@H](O5)C(\C)=C\C(C)C)O4)OC(=O)[C@]([H])(C=C(C)[C@H]1O)[C@@]23O","ATP-binding cassette sub-family G member 2","BE0001067","|substrate|","CHEMBL2104415"
"Venetoclax","CC1(C)CCC(CN2CCN(CC2)C2=CC=C(C(=O)NS(=O)(=O)C3=CC=C(NCC4CCOCC4)C(=C3)[N+]([O-])=O)C(OC3=CN=C4NC=CC4=C3)=C2)=C(C1)C1=CC=C(Cl)C=C1","ATP-binding cassette sub-family G member 2","BE0001067","|substrate|","CHEMBL3137309"
"Velpatasvir","[H][C@](N=C(O)OC)(C(C)C)C(=O)N1[C@@]([H])(C)CC[C@@]1([H])C1=NC2=C(N1)C1=CC3=C(C=C1C=C2)C1=C(CO3)C=C(C=C1)C1=CN=C(N1)[C@]1([H])C[C@]([H])(COC)CN1C(=O)[C@]([H])(N=C(O)OC)C1=CC=CC=C1","ATP-binding cassette sub-family G member 2","BE0001067","|substrate|inhibitor|","CHEMBL3545062"
"Isavuconazole","[H][C@](C)(C1=NC(=CS1)C1=CC=C(C=C1)C#N)[C@](O)(CN1C=NC=N1)C1=C(F)C=CC(F)=C1","ATP-binding cassette sub-family G member 2","BE0001067","|inhibitor|","CHEMBL409153"
"Baricitinib","CCS(=O)(=O)N1CC(CC#N)(C1)N1C=C(C=N1)C1=C2C=CNC2=NC=N1","ATP-binding cassette sub-family G member 2","BE0001067","|substrate|inhibitor|","CHEMBL2105759"
"Ertugliflozin","CCOC1=CC=C(CC2=CC(=CC=C2Cl)[C@]23OC[C@](CO)(O2)[C@@H](O)[C@H](O)[C@H]3O)C=C1","ATP-binding cassette sub-family G member 2","BE0001067","|substrate|","CHEMBL1770248"
"Apalutamide","CNC(=O)C1=CC=C(C=C1F)N1C(=S)N(C(=O)C11CCC1)C1=CC(=C(N=C1)C#N)C(F)(F)F","ATP-binding cassette sub-family G member 2","BE0001067","|inducer|","CHEMBL3183409"
"Delafloxacin","NC1=NC(N2C=C(C(O)=O)C(=O)C3=CC(F)=C(N4CC(O)C4)C(Cl)=C23)=C(F)C=C1F","ATP-binding cassette sub-family G member 2","BE0001067","|substrate|","CHEMBL2105637"
"Abemaciclib","CCN1CCN(CC2=CC=C(NC3=NC=C(F)C(=N3)C3=CC(F)=C4N=C(C)N(C(C)C)C4=C3)N=C2)CC1","ATP-binding cassette sub-family G member 2","BE0001067","|substrate|inhibitor|","CHEMBL3301610"
"Fostamatinib","COC1=CC(NC2=NC=C(F)C(NC3=NC4=C(OC(C)(C)C(=O)N4COP(O)(O)=O)C=C3)=N2)=CC(OC)=C1OC","ATP-binding cassette sub-family G member 2","BE0001067","|inhibitor|","CHEMBL2103830"
"Voxilaprevir","CC[C@@H]1[C@@H]2CN([C@@H]1C(=O)N[C@@]1(C[C@H]1C(F)F)C(=O)NS(=O)(=O)C1(C)CC1)C(=O)[C@@H](NC(=O)O[C@@H]1C[C@H]1CCCCC(F)(F)C1=C(O2)N=C2C=C(OC)C=CC2=N1)C(C)(C)C","ATP-binding cassette sub-family G member 2","BE0001067","|substrate|inhibitor|","CHEMBL3707372"
"Letermovir","COC1=CC=CC(=C1)N1CCN(CC1)C1=NC2=C(C=CC=C2F)[C@H](CC(O)=O)N1C1=CC(=CC=C1OC)C(F)(F)F","ATP-binding cassette sub-family G member 2","BE0001067","|inhibitor|","CHEMBL1241951"
"Brigatinib","COC1=CC(=CC=C1NC1=NC=C(Cl)C(NC2=CC=CC=C2P(C)(C)=O)=N1)N1CCC(CC1)N1CCN(C)CC1","ATP-binding cassette sub-family G member 2","BE0001067","|substrate|inhibitor|","CHEMBL3545311"
"Rucaparib","CNCC1=CC=C(C=C1)C1=C2CCNC(=O)C3=C2C(N1)=CC(F)=C3","ATP-binding cassette sub-family G member 2","BE0001067","|substrate|inhibitor|","CHEMBL1173055"
"Copanlisib","COC1=C(OCCCN2CCOCC2)C=CC2=C1N=C(NC(=O)C1=CN=C(N)N=C1)N1CCN=C21","ATP-binding cassette sub-family G member 2","BE0001067","|substrate|","CHEMBL3218576"
"Enasidenib","CC(C)(O)CNC1=NC(=NC(NC2=CC(=NC=C2)C(F)(F)F)=N1)C1=NC(=CC=C1)C(F)(F)F","ATP-binding cassette sub-family G member 2","BE0001067","|substrate|inhibitor|","CHEMBL3989908"
"Pibrentasvir","[H][C@](C)(OC)[C@]([H])(N=C(O)OC)C(=O)N1CCC[C@@]1([H])C1=NC2=C(N1)C=C(F)C(=C2)[C@@]1([H])CC[C@@]([H])(N1C1=CC(F)=C(N2CCC(CC2)C2=CC=C(F)C=C2)C(F)=C1)C1=CC2=C(NC(=N2)[C@]2([H])CCCN2C(=O)[C@@]([H])(N=C(O)OC)[C@@]([H])(C)OC)C=C1F","ATP-binding cassette sub-family G member 2","BE0001067","|substrate|inhibitor|","CHEMBL3545123"
"Glecaprevir","CC(C)(C)[C@@H]1NC(=O)O[C@@H]2CCC[C@H]2OC\C=C\C(F)(F)C2=NC3=C(C=CC=C3)N=C2O[C@@H]2C[C@H](N(C2)C1=O)C(=O)N[C@@]1(C[C@H]1C(F)F)C(=O)NS(=O)(=O)C1(C)CC1","ATP-binding cassette sub-family G member 2","BE0001067","|substrate|inhibitor|","CHEMBL3545363"
"Testosterone cypionate","C[C@]12CC[C@H]3[C@@H](CCC4=CC(=O)CC[C@]34C)[C@@H]1CC[C@@H]2OC(=O)CCC1CCCC1","ATP-binding cassette sub-family G member 2","BE0001067","|substrate|","CHEMBL1201101"
"Testosterone enanthate","[H][C@@]12CC[C@H](OC(=O)CCCCCC)[C@@]1(C)CC[C@@]1([H])[C@@]2([H])CCC2=CC(=O)CC[C@]12C","ATP-binding cassette sub-family G member 2","BE0001067","|substrate|","CHEMBL1200335"
"Testosterone undecanoate","CCCCCCCCCCC(=O)O[C@H]1CC[C@H]2[C@@H]3CCC4=CC(=O)CC[C@]4(C)[C@H]3CC[C@]12C","ATP-binding cassette sub-family G member 2","BE0001067","|substrate|","CHEMBL2107067"
"Estradiol acetate","[H][C@]1(O)CC[C@@]2([H])[C@]3([H])CCC4=CC(OC(C)=O)=CC=C4[C@@]3([H])CC[C@]12C","ATP-binding cassette sub-family G member 2","BE0001067","|inhibitor|","CHEMBL1200430"
"Estradiol benzoate","[H][C@]1(O)CC[C@@]2([H])[C@]3([H])CCC4=CC(OC(=O)C5=CC=CC=C5)=CC=C4[C@@]3([H])CC[C@]12C","ATP-binding cassette sub-family G member 2","BE0001067","|inhibitor|","CHEMBL282575"
"Estradiol cypionate","[H][C@@]1(CC[C@@]2([H])[C@]3([H])CCC4=CC(O)=CC=C4[C@@]3([H])CC[C@]12C)OC(=O)CCC1CCCC1","ATP-binding cassette sub-family G member 2","BE0001067","|inhibitor|","CHEMBL1200973"
"Estradiol dienanthate","CCCCCCC(=O)O[C@H]1CC[C@H]2[C@@H]3CCC4=CC(OC(=O)CCCCCC)=CC=C4[C@H]3CC[C@]12C","ATP-binding cassette sub-family G member 2","BE0001067","|inhibitor|",""
"Estradiol valerate","[H][C@@]12CC[C@H](OC(=O)CCCC)[C@@]1(C)CC[C@]1([H])C3=C(CC[C@@]21[H])C=C(O)C=C3","ATP-binding cassette sub-family G member 2","BE0001067","|inhibitor|","CHEMBL1511"
"Nabiximols","[H][C@]1(CCC(C)=C[C@@]1([H])C1=C(O)C=C(CCCCC)C=C1O)C(C)=C.[H][C@@]12CCC(C)=C[C@@]1([H])C1=C(O)C=C(CCCCC)C=C1OC2(C)C","ATP-binding cassette sub-family G member 2","BE0001067","|inhibitor|","CHEMBL3833333"
