"CHEMBL633","CCCCc1oc2ccccc2c1C(=O)c3cc(I)c(OCCN(CC)CC)c(I)c3","","18457386"
"CHEMBL1647","CC(=O)Nc1ccc(O[C@@H]2O[C@@H]([C@@H](O)[C@H](O)[C@H]2O)C(=O)O)cc1","","18457386"
"CHEMBL1171626","OC[C@@]12C3N(Cc4ccccc4)C5[C@]6(CO)C(N(Cc7ccccc7)C1[C@@]3(CO)[C@@H]6c8ccc(O)cc8)[C@@]5(CO)[C@@H]2c9ccc(O)cc9","","20598550"
"CHEMBL104","Clc1ccccc1C(c2ccccc2)(c3ccccc3)n4ccnc4","inducer [+]","11836020"
"CHEMBL163","CC(C)[C@H](NC(=O)N(C)Cc1csc(n1)C(C)C)C(=O)N[C@H](C[C@H](O)[C@H](Cc2ccccc2)NC(=O)OCc3cncs3)Cc4ccccc4","inducer [+]","11466304"
"CHEMBL457439","COC(=O)c1ccc(cc1NC(=O)c2cnc(C)cn2)C(=O)Nc3ccc(CCN4CCc5cc(OC)c(OC)cc5C4)cc3","","19170519"
"CHEMBL1146","Cn1nnnc1SCC2=C(N3[C@H](SC2)[C@H](NC(=O)[C@H](O)c4ccccc4)C3=O)C(=O)O","Active","22166395"
"CHEMBL1146","Cn1nnnc1SCC2=C(N3[C@H](SC2)[C@H](NC(=O)[C@H](O)c4ccccc4)C3=O)C(=O)O","Active","22166395"
"CHEMBL471","CC(C)NCC(O)c1ccc(NS(=O)(=O)C)cc1","","18457386"
"CHEMBL1516","CCCc1nc(c(C(=O)O)n1Cc2ccc(cc2)c3ccccc3c4nnn[nH]4)C(C)(C)O","substrate [+]","16501004"
"CHEMBL427216","Cc1ccc(cc1)S(=O)(=O)NC(=O)NN2CC3CCCC3C2","","18457386"
"CHEMBL2074599","CNc1nc2c(Cc3cccnc3)c(C)c(O[C@@H]4O[C@@H]([C@@H](O)[C@H](O)[C@H]4O)C(=O)O)c(C)c2s1","substrate [Km=14.1uM]","10330006"
"CHEMBL111","Cc1c(nn(c2ccc(Cl)cc2Cl)c1c3ccc(Cl)cc3)C(=O)NN4CCCCC4","","21511945"
"CHEMBL1950397","OC(=O)c1cncc(c1)c2ccc(nn2)N3CCC(CC3)Oc4cc(F)ccc4Br","Active","22047692"
"CHEMBL1198","CCCCOc1ccc(OCCCN2CCOCC2)cc1","","18457386"
"CHEMBL1198","CCCCOc1ccc(OCCCN2CCOCC2)cc1","","18457386"
"CHEMBL1198","CCCCOc1ccc(OCCCN2CCOCC2)cc1","","18457386"
"CHEMBL806","CC(C)C(=O)Nc1ccc(c(c1)C(F)(F)F)[N+](=O)[O-]","","18457386"
"CHEMBL806","CC(C)C(=O)Nc1ccc(c(c1)C(F)(F)F)[N+](=O)[O-]","","18457386"
"CHEMBL806","CC(C)C(=O)Nc1ccc(c(c1)C(F)(F)F)[N+](=O)[O-]","","18457386"
"CHEMBL3263907","Oc1cc(O)c2C(=O)\C(=C\c3cn(Cc4ccccc4)c5ccccc35)\Oc2c1","Active","27393949"
"CHEMBL240597","C[C@H](CCC(=O)O)[C@H]1CC[C@H]2[C@@H]3[C@H](O)C[C@@H]4C[C@H](O)CC[C@]4(C)[C@H]3CC[C@]12C","","18457386"
"CHEMBL1648","COC(=O)C1=C(C)NC(=C(C1c2cccc3nonc23)C(=O)OC(C)C)C","","18457386"
"CHEMBL1480","CCOC(=O)C1=C(C)NC(=C(C1c2cccc(Cl)c2Cl)C(=O)OC)C","","18457386"
"CHEMBL1480","CCOC(=O)C1=C(C)NC(=C(C1c2cccc(Cl)c2Cl)C(=O)OC)C","","18457386"
"CHEMBL3263904","CC(=CCn1cc(\C=C\2/Oc3cc(O)cc(O)c3C2=O)c4ccccc14)C","Active","27393949"
"CHEMBL1393","CC(=O)S[C@@H]1CC2=CC(=O)CC[C@]2(C)[C@H]3CC[C@@]4(C)[C@@H](CC[C@@]45CCC(=O)O5)[C@H]13","","18457386"
"CHEMBL490129","[Cl-].C[n+]1cc2c3OCOc3ccc2c4ccc5cc6OCOc6cc5c14","","18457386"
"CHEMBL54","OC1(CCN(CCCC(=O)c2ccc(F)cc2)CC1)c3ccc(Cl)cc3","","18457386"
"CHEMBL2074786","NC(CCC(=O)NC(CNCC(=O)O)CSCCN1C(=O)C=CC1=O)C(=O)O","substrate [K1/2=2500uM]","10727523"
"CHEMBL2074786","NC(CCC(=O)NC(CNCC(=O)O)CSCCN1C(=O)C=CC1=O)C(=O)O","substrate [K1/2=2500uM]","10727523"
"CHEMBL3974624","COc1ccc2c(c1)c(\C=C\3/Oc4cc(O)cc(O)c4C3=O)cn2CC5CCCCC5","Active","27393949"
"CHEMBL3974624","COc1ccc2c(c1)c(\C=C\3/Oc4cc(O)cc(O)c4C3=O)cn2CC5CCCCC5","Active","27393949"
"CHEMBL3974624","COc1ccc2c(c1)c(\C=C\3/Oc4cc(O)cc(O)c4C3=O)cn2CC5CCCCC5","Active","27393949"
"CHEMBL9352","Oc1ccc(cc1)[C@@H]2CC(=O)c3c(O)cc(O)cc3O2","","18457386"
"CHEMBL9352","Oc1ccc(cc1)[C@@H]2CC(=O)c3c(O)cc(O)cc3O2","","18457386"
"CHEMBL54976","N[C@@H](Cc1c[nH]c2ccccc12)C(=O)O","","18457386"
"CHEMBL54976","N[C@@H](Cc1c[nH]c2ccccc12)C(=O)O","","18457386"
"CHEMBL54976","N[C@@H](Cc1c[nH]c2ccccc12)C(=O)O","","18457386"
"CHEMBL3948408","CCCCn1cc(\C=C\2/Oc3cc(O)cc(O)c3C2=O)c4cc(Br)ccc14","Active","27393949"
"CHEMBL3948408","CCCCn1cc(\C=C\2/Oc3cc(O)cc(O)c3C2=O)c4cc(Br)ccc14","Active","27393949"
"CHEMBL1372","N[C@@H](CCC(=O)N[C@@H](CSSC[C@H](NC(=O)CC[C@H](N)C(=O)O)C(=O)NCC(=O)O)C(=O)NCC(=O)O)C(=O)O","","18457386"
"CHEMBL453904","[Na+].[Na+].Oc1ccc(cc1S(=O)(=O)[O-])C2(OC(=O)c3c(Br)c(Br)c(Br)c(Br)c23)c4ccc(O)c(c4)S(=O)(=O)[O-]","","18457386"
"CHEMBL453904","[Na+].[Na+].Oc1ccc(cc1S(=O)(=O)[O-])C2(OC(=O)c3c(Br)c(Br)c(Br)c(Br)c23)c4ccc(O)c(c4)S(=O)(=O)[O-]","","18457386"
"CHEMBL1440","CN(C)[C@H]1[C@@H]2C[C@H]3C(=C(O)[C@]2(O)C(=O)C(=C1O)C(=O)N)C(=O)c4c(O)cccc4[C@@]3(C)O","","18457386"
"CHEMBL3314564","COCCNC(=O)c1nc(sc1C(=O)O)N2CC[C@@H](NC(=O)c3[nH]c(C)c(Cl)c3Cl)[C@H](C2)OC","","24959892"
"CHEMBL3314564","COCCNC(=O)c1nc(sc1C(=O)O)N2CC[C@@H](NC(=O)c3[nH]c(C)c(Cl)c3Cl)[C@H](C2)OC","","24959892"
"CHEMBL213947","N[C@@H](CCC(=O)N[C@H](CSc1ccc(cc1[N+](=O)[O-])[N+](=O)[O-])C(=O)NCC(=O)O)C(=O)O","substrate [Km=16.9uM]","10604957"
"CHEMBL28","Oc1ccc(cc1)C2=CC(=O)c3c(O)cc(O)cc3O2","","18457386"
"CHEMBL1604","CC1=C(N2[C@H](SC1)[C@H](NC(=O)[C@H](N)C3=CCC=CC3)C2=O)C(=O)O","Active","22166395"
"CHEMBL386389","CCC1NC(=O)C(C(O)C(C)C\C=C\C)N(C)C(=O)C(C(C)C)N(C)C(=O)C(CC(C)C)N(C)C(=O)C(CC(C)C)N(C)C(=O)C(C)NC(=O)C(C)NC(=O)C(CC(C)C)N(C)C(=O)C(NC(=O)C(CC(C)C)N(C)C(=O)CN(C)C1=O)C(C)C","317666",""
"CHEMBL3964042","COc1ccc2c(c1)c(\C=C\3/Oc4cc(O)cc(O)c4C3=O)cn2Cc5cccc(Br)c5","Active","27393949"
"CHEMBL348475","COc1cc2CCN(CCc3ccc(NC(=O)c4cc(OC)c(OC)cc4NC(=O)c5cnc6ccccc6c5)cc3)Cc2cc1OC","Not Active","19170519"
"CHEMBL1171623","OC[C@@]12C3N(Cc4ccccc4)C5[C@]6(CO)C(N(Cc7ccccc7)C1[C@@]3(CO)[C@H]6c8ccncc8)[C@@]5(CO)[C@H]2c9ccncc9","","20598550"
"CHEMBL1171623","OC[C@@]12C3N(Cc4ccccc4)C5[C@]6(CO)C(N(Cc7ccccc7)C1[C@@]3(CO)[C@H]6c8ccncc8)[C@@]5(CO)[C@H]2c9ccncc9","","20598550"
"CHEMBL1276308","CC#C[C@]1(O)CC[C@H]2[C@@H]3CCC4=CC(=O)CCC4=C3[C@H](C[C@]12C)c5ccc(cc5)N(C)C","","18457386"
"CHEMBL1276308","CC#C[C@]1(O)CC[C@H]2[C@@H]3CCC4=CC(=O)CCC4=C3[C@H](C[C@]12C)c5ccc(cc5)N(C)C","","18457386"
"CHEMBL172513","C[N+](C)(C)CC(O)CC(=O)[O-]","","18457386"
"CHEMBL40","CCC1(C(=O)NC(=O)NC1=O)c2ccccc2","inducer [+]","11323161"
"CHEMBL3314565","COC[C@H](C)NC(=O)c1nc(sc1C(=O)O)N2CC[C@@H](NC(=O)c3[nH]c(C)c(Cl)c3Cl)[C@H](C2)OC","","24959892"
"CHEMBL3314565","COC[C@H](C)NC(=O)c1nc(sc1C(=O)O)N2CC[C@@H](NC(=O)c3[nH]c(C)c(Cl)c3Cl)[C@H](C2)OC","","24959892"
"CHEMBL653","CN\C(=C/[N+](=O)[O-])\NCCSCc1csc(CN(C)C)n1","","18457386"
"CHEMBL108","NC(=O)N1c2ccccc2C=Cc3ccccc13","","18457386"
"CHEMBL57","Cc1ccnc2N(C3CC3)c4ncccc4C(=O)Nc12","Not Active","21189339"
"CHEMBL57","Cc1ccnc2N(C3CC3)c4ncccc4C(=O)Nc12","Not Active","21189339"
"CHEMBL57","Cc1ccnc2N(C3CC3)c4ncccc4C(=O)Nc12","Not Active","21189339"
"CHEMBL2074781","N[C@@H](CCC(=O)C[C@@H](CSSC[C@H](NC(=O)CC[C@H](N)C(=O)O)C(=O)NCC(=O)O)C(=O)NCC(=O)O)C(=O)O","substrate [+]","10491184"
"CHEMBL611","COc1cc2nc(nc(N)c2cc1OC)N3CCN(CC3)C(=O)C4CCCO4","","18457386"
"CHEMBL611","COc1cc2nc(nc(N)c2cc1OC)N3CCN(CC3)C(=O)C4CCCO4","","18457386"
"CHEMBL611","COc1cc2nc(nc(N)c2cc1OC)N3CCN(CC3)C(=O)C4CCCO4","","18457386"
"CHEMBL3314525","CO[C@H]1CN(CC[C@H]1NC(=O)c2[nH]c(C)c(Cl)c2Cl)c3ncc(s3)C(=O)O","","24959892"
"CHEMBL161","CO\N=C(/C(=O)N[C@H]1[C@H]2SCC(=C(N2C1=O)C(=O)O)CSC3=NC(=O)C(=NN3C)O)\c4csc(N)n4","Active","22166395"
"CHEMBL311695","CC(C)[C@@H]1NC(=O)[C@H](CCCCN)NC(=O)[C@@H](Cc2c[nH]c3ccccc23)NC(=O)[C@H](Cc4ccc(O)cc4)NC(=O)[C@H](C)N(C)C(=O)[C@H](Cc5ccccc5)NC1=O","","18457386"
"CHEMBL311695","CC(C)[C@@H]1NC(=O)[C@H](CCCCN)NC(=O)[C@@H](Cc2c[nH]c3ccccc23)NC(=O)[C@H](Cc4ccc(O)cc4)NC(=O)[C@H](C)N(C)C(=O)[C@H](Cc5ccccc5)NC1=O","","18457386"
"CHEMBL114","CC(C)(C)NC(=O)[C@@H]1C[C@@H]2CCCC[C@@H]2CN1C[C@@H](O)[C@H](Cc3ccccc3)NC(=O)[C@H](CC(=O)N)NC(=O)c4ccc5ccccc5n4","substrate [+]","12384350"
"CHEMBL396298","COc1cccc2C(=O)c3cccc(C(=O)Nc4ccc(CCN5CCc6cc(OC)c(OC)cc6C5)cc4)c3Nc12","","18457386"
"CHEMBL2074826","CN(CCCC(C[C@@H]1O[C@@H]([C@@H](O)[C@H](O)[C@H]1O)C(=O)O)c2cccnc2)N=O","substrate [+]","11375986"
"CHEMBL2074826","CN(CCCC(C[C@@H]1O[C@@H]([C@@H](O)[C@H](O)[C@H]1O)C(=O)O)c2cccnc2)N=O","substrate [+]","11375986"
"CHEMBL2074826","CN(CCCC(C[C@@H]1O[C@@H]([C@@H](O)[C@H](O)[C@H]1O)C(=O)O)c2cccnc2)N=O","substrate [+]","11375986"
"CHEMBL1171621","OC[C@@]12C3N(Cc4cccc(OCc5ccccc5)c4)C6[C@]7(CO)C(N(Cc8cccc(OCc9ccccc9)c8)C1[C@@]3(CO)[C@H]7c%10ccccc%10)[C@@]6(CO)[C@H]2c%11ccccc%11","","20598550"
"CHEMBL1144","CC[C@H](C)C(=O)O[C@H]1C[C@H](O)C=C2C=C[C@H](C)[C@H](CC[C@@H](O)C[C@@H](O)CC(=O)O)[C@@H]12","is not an inhibitor [IC50=-(>100uM)]","15616150"
"CHEMBL11978","CNC(=O)c1cccnc1","","18457386"
"CHEMBL11978","CNC(=O)c1cccnc1","","18457386"
"CHEMBL488025","CC1=C(CC(=O)O)c2cc(F)ccc2/C/1=C\c3ccc(cc3)S(=O)(=O)C","","18457386"
"CHEMBL1642","CN1CCN(Cc2ccc(cc2)C(=O)Nc3ccc(C)c(Nc4nccc(n4)c5cccnc5)c3)CC1.CS(=O)(=O)O","","18457386"
"CHEMBL1642","CN1CCN(Cc2ccc(cc2)C(=O)Nc3ccc(C)c(Nc4nccc(n4)c5cccnc5)c3)CC1.CS(=O)(=O)O","","18457386"
"CHEMBL1642","CN1CCN(Cc2ccc(cc2)C(=O)Nc3ccc(C)c(Nc4nccc(n4)c5cccnc5)c3)CC1.CS(=O)(=O)O","","18457386"
"CHEMBL2074722","","inhibitor [+]","10917553"
"CHEMBL2013174","CC[C@@H]1C[C@]1(NC(=O)[C@@H]2C[C@H](CN2C(=O)[C@@H](NC(=O)OC3C[C@@H]4C[C@@H]4C3)C(C)(C)C)Oc5cc(nc6c(Cl)c(OCCN7CCOCC7)ccc56)c8csc(NC(C)C)n8)C(=O)O","","22366653"
"CHEMBL2013174","CC[C@@H]1C[C@]1(NC(=O)[C@@H]2C[C@H](CN2C(=O)[C@@H](NC(=O)OC3C[C@@H]4C[C@@H]4C3)C(C)(C)C)Oc5cc(nc6c(Cl)c(OCCN7CCOCC7)ccc56)c8csc(NC(C)C)n8)C(=O)O","","22366653"
"CHEMBL259898","C[C@]12CC[C@H]3[C@@H](CC=C4C[C@H](CC[C@]34C)OS(=O)(=O)O)[C@@H]1CCC2=O","","18457386"
"CHEMBL259898","C[C@]12CC[C@H]3[C@@H](CC=C4C[C@H](CC[C@]34C)OS(=O)(=O)O)[C@@H]1CCC2=O","","18457386"
"CHEMBL499","CC(C)(C)NC[C@H](O)COc1nsnc1N2CCOCC2","","18457386"
"CHEMBL499","CC(C)(C)NC[C@H](O)COc1nsnc1N2CCOCC2","","18457386"
"CHEMBL364713","COc1ccc2[C@H](OC(=O)c2c1OC)[C@@H]3N(C)CCc4cc5OCOc5c(OC)c34","","18457386"
"CHEMBL364713","COc1ccc2[C@H](OC(=O)c2c1OC)[C@@H]3N(C)CCc4cc5OCOc5c(OC)c34","","18457386"
"CHEMBL318457","CC(C)c1onc(c1COc2ccc(\C=C\c3cccc(c3)C(=O)O)c(Cl)c2)c4c(Cl)cccc4Cl","inducer [+]","11706036"
"CHEMBL572","[O-][N+](=O)c1oc(\C=N\N2CC(=O)NC2=O)cc1","","18457386"
"CHEMBL504880","CC1=C(C=C)\C(=C\c2[nH]c(Cc3[nH]c(\C=C\4/NC(=O)C(=C4C)C=C)c(C)c3CCC(=O)NCCS(=O)(=O)O)c(CCC(=O)NCCS(=O)(=O)O)c2C)\NC1=O","inducer [+]","11897625"
"CHEMBL504880","CC1=C(C=C)\C(=C\c2[nH]c(Cc3[nH]c(\C=C\4/NC(=O)C(=C4C)C=C)c(C)c3CCC(=O)NCCS(=O)(=O)O)c(CCC(=O)NCCS(=O)(=O)O)c2C)\NC1=O","inducer [+]","11897625"
"CHEMBL504880","CC1=C(C=C)\C(=C\c2[nH]c(Cc3[nH]c(\C=C\4/NC(=O)C(=C4C)C=C)c(C)c3CCC(=O)NCCS(=O)(=O)O)c(CCC(=O)NCCS(=O)(=O)O)c2C)\NC1=O","inducer [+]","11897625"
"CHEMBL411","CC\C(=C(\CC)/c1ccc(O)cc1)\c2ccc(O)cc2","","18457386"
"CHEMBL23","COc1ccc(cc1)[C@@H]2Sc3ccccc3N(CCN(C)C)C(=O)[C@@H]2OC(=O)C","","18457386"
"CHEMBL1213271","Cn1c(N)nc2ncc(cc12)c3ccccc3","substrate [+]","11306678"
"CHEMBL1213271","Cn1c(N)nc2ncc(cc12)c3ccccc3","substrate [+]","11306678"
"CHEMBL1213271","Cn1c(N)nc2ncc(cc12)c3ccccc3","substrate [+]","11306678"
"CHEMBL89768","[Na+].CN(C)C(=O)CCSC(SCCC(=O)[O-])c1cccc(\C=C\c2ccc3ccc(Cl)cc3n2)c1","","18707884"
"CHEMBL89768","[Na+].CN(C)C(=O)CCSC(SCCC(=O)[O-])c1cccc(\C=C\c2ccc3ccc(Cl)cc3n2)c1","","18707884"
"CHEMBL89768","[Na+].CN(C)C(=O)CCSC(SCCC(=O)[O-])c1cccc(\C=C\c2ccc3ccc(Cl)cc3n2)c1","","18707884"
"CHEMBL3038248","CC1=C(C=C)\C(=C\c2[nH]c(Cc3[nH]c(\C=C\4/NC(=O)C(=C4C)C=C)c(C)c3CCC(=O)O[C@@H]5O[C@@H]([C@H](O)[C@H](O)[C@@H]5O)C(=O)O)c(CCC(=O)O[C@@H]6O[C@H]([C@H](O)[C@@H](O)[C@@H]6O)C(=O)O)c2C)\NC1=O","inhibitor [IC50=0.4uM]","9355767"
"CHEMBL3038248","CC1=C(C=C)\C(=C\c2[nH]c(Cc3[nH]c(\C=C\4/NC(=O)C(=C4C)C=C)c(C)c3CCC(=O)O[C@@H]5O[C@@H]([C@H](O)[C@H](O)[C@@H]5O)C(=O)O)c(CCC(=O)O[C@@H]6O[C@H]([C@H](O)[C@@H](O)[C@@H]6O)C(=O)O)c2C)\NC1=O","inhibitor [IC50=0.4uM]","9355767"
"CHEMBL3038248","CC1=C(C=C)\C(=C\c2[nH]c(Cc3[nH]c(\C=C\4/NC(=O)C(=C4C)C=C)c(C)c3CCC(=O)O[C@@H]5O[C@@H]([C@H](O)[C@H](O)[C@@H]5O)C(=O)O)c(CCC(=O)O[C@@H]6O[C@H]([C@H](O)[C@@H](O)[C@@H]6O)C(=O)O)c2C)\NC1=O","inhibitor [IC50=0.4uM]","9355767"
"CHEMBL3038248","CC1=C(C=C)\C(=C\c2[nH]c(Cc3[nH]c(\C=C\4/NC(=O)C(=C4C)C=C)c(C)c3CCC(=O)O[C@@H]5O[C@@H]([C@H](O)[C@H](O)[C@@H]5O)C(=O)O)c(CCC(=O)O[C@@H]6O[C@H]([C@H](O)[C@@H](O)[C@@H]6O)C(=O)O)c2C)\NC1=O","inhibitor [IC50=0.4uM]","9355767"
"CHEMBL3038248","CC1=C(C=C)\C(=C\c2[nH]c(Cc3[nH]c(\C=C\4/NC(=O)C(=C4C)C=C)c(C)c3CCC(=O)O[C@@H]5O[C@@H]([C@H](O)[C@H](O)[C@@H]5O)C(=O)O)c(CCC(=O)O[C@@H]6O[C@H]([C@H](O)[C@@H](O)[C@@H]6O)C(=O)O)c2C)\NC1=O","inhibitor [IC50=0.4uM]","9355767"
"CHEMBL3038248","CC1=C(C=C)\C(=C\c2[nH]c(Cc3[nH]c(\C=C\4/NC(=O)C(=C4C)C=C)c(C)c3CCC(=O)O[C@@H]5O[C@@H]([C@H](O)[C@H](O)[C@@H]5O)C(=O)O)c(CCC(=O)O[C@@H]6O[C@H]([C@H](O)[C@@H](O)[C@@H]6O)C(=O)O)c2C)\NC1=O","inhibitor [IC50=0.4uM]","9355767"
"CHEMBL3038248","CC1=C(C=C)\C(=C\c2[nH]c(Cc3[nH]c(\C=C\4/NC(=O)C(=C4C)C=C)c(C)c3CCC(=O)O[C@@H]5O[C@@H]([C@H](O)[C@H](O)[C@@H]5O)C(=O)O)c(CCC(=O)O[C@@H]6O[C@H]([C@H](O)[C@@H](O)[C@@H]6O)C(=O)O)c2C)\NC1=O","inhibitor [IC50=0.4uM]","9355767"
"CHEMBL3038248","CC1=C(C=C)\C(=C\c2[nH]c(Cc3[nH]c(\C=C\4/NC(=O)C(=C4C)C=C)c(C)c3CCC(=O)O[C@@H]5O[C@@H]([C@H](O)[C@H](O)[C@@H]5O)C(=O)O)c(CCC(=O)O[C@@H]6O[C@H]([C@H](O)[C@@H](O)[C@@H]6O)C(=O)O)c2C)\NC1=O","inhibitor [IC50=0.4uM]","9355767"
"CHEMBL3038248","CC1=C(C=C)\C(=C\c2[nH]c(Cc3[nH]c(\C=C\4/NC(=O)C(=C4C)C=C)c(C)c3CCC(=O)O[C@@H]5O[C@@H]([C@H](O)[C@H](O)[C@@H]5O)C(=O)O)c(CCC(=O)O[C@@H]6O[C@H]([C@H](O)[C@@H](O)[C@@H]6O)C(=O)O)c2C)\NC1=O","inhibitor [IC50=0.4uM]","9355767"
"CHEMBL3038248","CC1=C(C=C)\C(=C\c2[nH]c(Cc3[nH]c(\C=C\4/NC(=O)C(=C4C)C=C)c(C)c3CCC(=O)O[C@@H]5O[C@@H]([C@H](O)[C@H](O)[C@@H]5O)C(=O)O)c(CCC(=O)O[C@@H]6O[C@H]([C@H](O)[C@@H](O)[C@@H]6O)C(=O)O)c2C)\NC1=O","inhibitor [IC50=0.4uM]","9355767"
"CHEMBL3038248","CC1=C(C=C)\C(=C\c2[nH]c(Cc3[nH]c(\C=C\4/NC(=O)C(=C4C)C=C)c(C)c3CCC(=O)O[C@@H]5O[C@@H]([C@H](O)[C@H](O)[C@@H]5O)C(=O)O)c(CCC(=O)O[C@@H]6O[C@H]([C@H](O)[C@@H](O)[C@@H]6O)C(=O)O)c2C)\NC1=O","inhibitor [IC50=0.4uM]","9355767"
"CHEMBL141","NC1=NC(=O)N(C=C1)[C@@H]2CS[C@H](CO)O2","Active","17172311"
"CHEMBL15770","C[S+]([O-])c1ccc(\C=C/2\C(=C(CC(=O)O)c3cc(F)ccc23)C)cc1","","18457386"
"CHEMBL15770","C[S+]([O-])c1ccc(\C=C/2\C(=C(CC(=O)O)c3cc(F)ccc23)C)cc1","","18457386"
"CHEMBL15770","C[S+]([O-])c1ccc(\C=C/2\C(=C(CC(=O)O)c3cc(F)ccc23)C)cc1","","18457386"
"CHEMBL15770","C[S+]([O-])c1ccc(\C=C/2\C(=C(CC(=O)O)c3cc(F)ccc23)C)cc1","","18457386"
"CHEMBL15770","C[S+]([O-])c1ccc(\C=C/2\C(=C(CC(=O)O)c3cc(F)ccc23)C)cc1","","18457386"
"CHEMBL15770","C[S+]([O-])c1ccc(\C=C/2\C(=C(CC(=O)O)c3cc(F)ccc23)C)cc1","","18457386"
"CHEMBL15770","C[S+]([O-])c1ccc(\C=C/2\C(=C(CC(=O)O)c3cc(F)ccc23)C)cc1","","18457386"
"CHEMBL219916","Clc1ccc2N(C3CCN(CCCN4C(=O)Nc5ccccc45)CC3)C(=O)Nc2c1","","21051535"
"CHEMBL219916","Clc1ccc2N(C3CCN(CCCN4C(=O)Nc5ccccc45)CC3)C(=O)Nc2c1","","21051535"
"CHEMBL219916","Clc1ccc2N(C3CCN(CCCN4C(=O)Nc5ccccc45)CC3)C(=O)Nc2c1","","21051535"
"CHEMBL456361","COC(=O)c1ccc(cc1NC(=O)c2cccnc2)C(=O)Nc3ccc(CCN4CCc5cc(OC)c(OC)cc5C4)cc3","","19170519"
"CHEMBL456361","COC(=O)c1ccc(cc1NC(=O)c2cccnc2)C(=O)Nc3ccc(CCN4CCc5cc(OC)c(OC)cc5C4)cc3","","19170519"
"CHEMBL456361","COC(=O)c1ccc(cc1NC(=O)c2cccnc2)C(=O)Nc3ccc(CCN4CCc5cc(OC)c(OC)cc5C4)cc3","","19170519"
"CHEMBL456361","COC(=O)c1ccc(cc1NC(=O)c2cccnc2)C(=O)Nc3ccc(CCN4CCc5cc(OC)c(OC)cc5C4)cc3","","19170519"
"CHEMBL456361","COC(=O)c1ccc(cc1NC(=O)c2cccnc2)C(=O)Nc3ccc(CCN4CCc5cc(OC)c(OC)cc5C4)cc3","","19170519"
"CHEMBL456361","COC(=O)c1ccc(cc1NC(=O)c2cccnc2)C(=O)Nc3ccc(CCN4CCc5cc(OC)c(OC)cc5C4)cc3","","19170519"
"CHEMBL1201195","CO[C@]1(NC(=O)CSCC#N)[C@H]2SCC(=C(N2C1=O)C(=O)O)CSc3nnnn3C","Active","22166395"
"CHEMBL1201195","CO[C@]1(NC(=O)CSCC#N)[C@H]2SCC(=C(N2C1=O)C(=O)O)CSc3nnnn3C","Active","22166395"
"CHEMBL1401508","COc1cc(ccc1O)C2Oc3cc(ccc3OC2CO)C4Oc5cc(O)cc(O)c5C(=O)C4O","","18457386"
"CHEMBL1401508","COc1cc(ccc1O)C2Oc3cc(ccc3OC2CO)C4Oc5cc(O)cc(O)c5C(=O)C4O","","18457386"
"CHEMBL841","CN(C)C(=O)C(CCN1CCC(O)(CC1)c2ccc(Cl)cc2)(c3ccccc3)c4ccccc4","","18457386"
"CHEMBL415324","COc1ccc(\C=C\C(=O)Nc2ccccc2C(=O)O)cc1OC","","18457386"
"CHEMBL415324","COc1ccc(\C=C\C(=O)Nc2ccccc2C(=O)O)cc1OC","","18457386"
"CHEMBL154","COc1ccc2cc(ccc2c1)[C@H](C)C(=O)O","","18457386"
"CHEMBL154","COc1ccc2cc(ccc2c1)[C@H](C)C(=O)O","","18457386"
"CHEMBL9514","COC(=O)Nc1nc2ccc(cc2[nH]1)C(=O)c3cccs3","inducer [+]","10691972"
"CHEMBL932","OCCN(CCO)c1nc(N2CCCCC2)c3nc(nc(N4CCCCC4)c3n1)N(CCO)CCO","","18457386"
"CHEMBL3526716","COc1cc(OC[C@@H]2CNCC[C@H]2c3ccc(F)cc3)ccc1O[C@@H]4O[C@@H]([C@@H](O)[C@H](O)[C@H]4O)C(=O)O","Active","23303441"
"CHEMBL3526716","COc1cc(OC[C@@H]2CNCC[C@H]2c3ccc(F)cc3)ccc1O[C@@H]4O[C@@H]([C@@H](O)[C@H](O)[C@H]4O)C(=O)O","Active","23303441"
"CHEMBL3526716","COc1cc(OC[C@@H]2CNCC[C@H]2c3ccc(F)cc3)ccc1O[C@@H]4O[C@@H]([C@@H](O)[C@H](O)[C@H]4O)C(=O)O","Active","23303441"
"CHEMBL337309","OC1C(Oc2cc(O)cc(O)c2C1=O)c3ccc(O)c(O)c3","","18457386"
"CHEMBL308954","Cc1cc(cc(C)c1Oc2nc(Nc3ccc(cc3)C#N)nc(N)c2Br)C#N","Not Active","21189339"
"CHEMBL998","CCOC(=O)N1CCC(=C2c3ccc(Cl)cc3CCc4cccnc24)CC1","","18457386"
"CHEMBL998","CCOC(=O)N1CCC(=C2c3ccc(Cl)cc3CCc4cccnc24)CC1","","18457386"
"CHEMBL998","CCOC(=O)N1CCC(=C2c3ccc(Cl)cc3CCc4cccnc24)CC1","","18457386"
"CHEMBL998","CCOC(=O)N1CCC(=C2c3ccc(Cl)cc3CCc4cccnc24)CC1","","18457386"
"CHEMBL998","CCOC(=O)N1CCC(=C2c3ccc(Cl)cc3CCc4cccnc24)CC1","","18457386"
"CHEMBL998","CCOC(=O)N1CCC(=C2c3ccc(Cl)cc3CCc4cccnc24)CC1","","18457386"
"CHEMBL998","CCOC(=O)N1CCC(=C2c3ccc(Cl)cc3CCc4cccnc24)CC1","","18457386"
"CHEMBL52440","COc1ccc2C[C@H]3[C@H]4CCCC[C@@]4(CCN3C)c2c1","","18457386"
"CHEMBL52440","COc1ccc2C[C@H]3[C@H]4CCCC[C@@]4(CCN3C)c2c1","","18457386"
"CHEMBL52440","COc1ccc2C[C@H]3[C@H]4CCCC[C@@]4(CCN3C)c2c1","","18457386"
"CHEMBL52440","COc1ccc2C[C@H]3[C@H]4CCCC[C@@]4(CCN3C)c2c1","","18457386"
"CHEMBL52440","COc1ccc2C[C@H]3[C@H]4CCCC[C@@]4(CCN3C)c2c1","","18457386"
"CHEMBL52440","COc1ccc2C[C@H]3[C@H]4CCCC[C@@]4(CCN3C)c2c1","","18457386"
"CHEMBL109","CCCC(CCC)C(=O)O","","18457386"
"CHEMBL109","CCCC(CCC)C(=O)O","","18457386"
"CHEMBL1069","CCCCC(=O)N(Cc1ccc(cc1)c2ccccc2c3nnn[nH]3)[C@@H](C(C)C)C(=O)O","transporter substrate","20190787"
"CHEMBL510556","OC(=O)c1ccc(NC2=Nc3sc4CCCCc4c3C(=O)S2)cc1","","18707884"
"CHEMBL510556","OC(=O)c1ccc(NC2=Nc3sc4CCCCc4c3C(=O)S2)cc1","","18707884"
"CHEMBL510556","OC(=O)c1ccc(NC2=Nc3sc4CCCCc4c3C(=O)S2)cc1","","18707884"
"CHEMBL389621","C[C@]12CCC(=O)C=C1CC[C@H]3[C@@H]4CC[C@](O)(C(=O)CO)[C@@]4(C)C[C@H](O)[C@H]23","","18457386"
"CHEMBL389621","C[C@]12CCC(=O)C=C1CC[C@H]3[C@@H]4CC[C@](O)(C(=O)CO)[C@@]4(C)C[C@H](O)[C@H]23","","18457386"
"CHEMBL568","OC1N=C(c2ccccc2)c3cc(Cl)ccc3NC1=O","","18457386"
"CHEMBL479","CSc1ccc2Sc3ccccc3N(CCC4CCCCN4C)c2c1","","18457386"
"CHEMBL1464","CC(=O)CC(C1=C(O)c2ccccc2OC1=O)c3ccccc3","","18457386"
"CHEMBL1464","CC(=O)CC(C1=C(O)c2ccccc2OC1=O)c3ccccc3","","18457386"
"CHEMBL1464","CC(=O)CC(C1=C(O)c2ccccc2OC1=O)c3ccccc3","","18457386"
"CHEMBL1464","CC(=O)CC(C1=C(O)c2ccccc2OC1=O)c3ccccc3","","18457386"
"CHEMBL165","Oc1ccc(\C=C\c2cc(O)cc(O)c2)cc1","","18457386"
"CHEMBL165","Oc1ccc(\C=C\c2cc(O)cc(O)c2)cc1","","18457386"
"CHEMBL165","Oc1ccc(\C=C\c2cc(O)cc(O)c2)cc1","","18457386"
"CHEMBL165","Oc1ccc(\C=C\c2cc(O)cc(O)c2)cc1","","18457386"
"CHEMBL165","Oc1ccc(\C=C\c2cc(O)cc(O)c2)cc1","","18457386"
"CHEMBL165","Oc1ccc(\C=C\c2cc(O)cc(O)c2)cc1","","18457386"
"CHEMBL165","Oc1ccc(\C=C\c2cc(O)cc(O)c2)cc1","","18457386"
"CHEMBL480","Cc1c(OCC(F)(F)F)ccnc1C[S+]([O-])c2nc3ccccc3[nH]2","","18457386"
"CHEMBL785","C[C@H](NCCc1ccc(O)cc1)[C@H](O)c2ccc(O)cc2","","18457386"
"CHEMBL785","C[C@H](NCCc1ccc(O)cc1)[C@H](O)c2ccc(O)cc2","","18457386"
"CHEMBL2074825","C[C@]12CC[C@H]3[C@@H](CCc4cc(O[C@@H]5O[C@@H]([C@@H](O)[C@H](O)[C@H]5O)C(=O)O)ccc34)[C@@H]1CC[C@@]2(O)C#C","substrate [Km=35.1uM]","14722317"
"CHEMBL2074825","C[C@]12CC[C@H]3[C@@H](CCc4cc(O[C@@H]5O[C@@H]([C@@H](O)[C@H](O)[C@H]5O)C(=O)O)ccc34)[C@@H]1CC[C@@]2(O)C#C","substrate [Km=35.1uM]","14722317"
"CHEMBL2074825","C[C@]12CC[C@H]3[C@@H](CCc4cc(O[C@@H]5O[C@@H]([C@@H](O)[C@H](O)[C@H]5O)C(=O)O)ccc34)[C@@H]1CC[C@@]2(O)C#C","substrate [Km=35.1uM]","14722317"
"CHEMBL3220761","CC(C)[C@@H]1NC(=O)[C@H](CCC(=O)C)[C@H](O)[C@@H](C)[C@@H](O)\C=C\C=C\C[C@H](OC(=O)C2CCCN(N2)C(=O)[C@H](Cc3cccc(O)c3)NC1=O)\C(=C\C=C\C(=O)N4CCCCO4)\C","Not Active",""
"CHEMBL3220761","CC(C)[C@@H]1NC(=O)[C@H](CCC(=O)C)[C@H](O)[C@@H](C)[C@@H](O)\C=C\C=C\C[C@H](OC(=O)C2CCCN(N2)C(=O)[C@H](Cc3cccc(O)c3)NC1=O)\C(=C\C=C\C(=O)N4CCCCO4)\C","Not Active",""
"CHEMBL494753","C[C@]12CC[C@H]3[C@@H](CCc4cc(OS(=O)(=O)O)ccc34)[C@@H]1CCC2=O","","18457386"
"CHEMBL757","C[C@]12CC[C@H]3[C@@H](CCC4=CC(=O)CC[C@H]34)[C@@H]1CC[C@@H]2O","","18457386"
"CHEMBL757","C[C@]12CC[C@H]3[C@@H](CCC4=CC(=O)CC[C@H]34)[C@@H]1CC[C@@H]2O","","18457386"
"CHEMBL691","C[C@]12CC[C@H]3[C@@H](CCc4cc(O)ccc34)[C@@H]1CC[C@@]2(O)C#C","","18457386"
"CHEMBL343002","CCOc1ccc(cc1)c2nc3cc(ccc3[nH]2)c4nc5cc(ccc5[nH]4)N6CCN(C)CC6","","18457386"
