"CHEMBL1790017","CC(C)c1c(C(=O)Nc2ccccc2)c(c3ccccc3)c(c4ccc(F)cc4)n1CC[C@@H](O)C[C@@H](O)CC(=O)O.CC(C)c5c(C(=O)Nc6ccccc6)c(c7ccccc7)c(c8ccc(F)cc8)n5CC[C@@H](O)C[C@@H](O)CC(=O)O","is not an inhibitor [IC50=-(>100uM)]","15616150"
"CHEMBL2074730","Cl.COc1cccc2C(=O)c3cccc(C(=O)Nc4ccc(CCN5CCc6cc(OC)c(OC)cc6C5)cc4)c3Nc12","is not an inhibitor [Ki=No inhibition]","12134946"
"CHEMBL408701","C[C@H](CCC(=O)NCCS(=O)(=O)O)[C@H]1CC[C@H]2[C@@H]3CC[C@@H]4C[C@H](O)CC[C@]4(C)[C@H]3CC[C@]12C","inducer [+]","11897625"
"CHEMBL48802","C[S+]([O-])CCCCN=C=S","inducer [+]","11264000"
"CHEMBL1294","COc1ccc2nccc([C@H](O)[C@H]3C[C@@H]4CCN3C[C@@H]4C=C)c2c1","is not an inhibitor [Ki=No inhibition]","12134946"
"CHEMBL104","Clc1ccccc1C(c2ccccc2)(c3ccccc3)n4ccnc4","inducer [+]","11836020"
"CHEMBL501711","CC(C)C(=O)[C@@]12C(=O)C(=C(O)[C@@](CC=C(C)C)(C[C@H](CC=C(C)C)[C@@]1(C)CCC=C(C)C)C2=O)CC=C(C)C","inducer [+]","11706036"
"CHEMBL3979922","CC(C)[C@@H]1\N=C(\O)/[C@H](CCC(=O)C)[C@H](O)[C@@H](C)[C@@H](O)\C=C/C=C\C[C@H](OC(=O)C2CCCN(N2)C(=O)[C@H](Cc3cc(O)cc(F)c3)\N=C/1\O)\C(=C\C=C\C(=O)N4CCCCO4)\C","317668",""
"CHEMBL163","CC(C)[C@H](NC(=O)N(C)Cc1csc(n1)C(C)C)C(=O)N[C@H](C[C@H](O)[C@H](Cc2ccccc2)NC(=O)OCc3cncs3)Cc4ccccc4","inducer [+]","11466304"
"CHEMBL503","CC[C@H](C)C(=O)O[C@H]1C[C@@H](C)C=C2C=C[C@H](C)[C@H](CC[C@@H]3C[C@@H](O)CC(=O)O3)[C@@H]12","is not an inhibitor [IC50=-(>33uM)]","15616150"
"CHEMBL483","C[C@H](Cn1cnc2c(N)ncnc12)OCP(=O)(O)O","Dose-dependent effect","17172311"
"CHEMBL1236189","O[As](O)O","inducer [+]","11836020"
"CHEMBL311469","CC(=O)Nc1ccc2c(Cc3ccccc23)c1","inducer [+]","11323161"
"CHEMBL1201391","CCC(C)(C)C(=O)O[C@H]1C[C@@H](C)C=C2C=C[C@H](C)[C@H](CC[C@@H](O)C[C@@H](O)CC(=O)O)[C@@H]12","is not an inhibitor [IC50=-(>100uM)]","15616150"
"CHEMBL1528022","O[C@H]1[C@H](Oc2ccc3C=CC(=O)Oc3c2)O[C@@H]([C@@H](O)[C@@H]1O)C(=O)O","BLD","22415933"
"CHEMBL3704745","CCC1NC(=O)C(C(O)C(C)C\C=C\C)N(C)C(=O)C(C(C)C)N(C)C(=O)C(CC(C)C)N(C)C(=O)C(CC(C)C)N(C)C(=O)C(C)NC(=O)C(C)NC(=O)C(CC(C)C)N(C)C(=O)C(NC(=O)C(C(C)C)N(CC)C(=O)C(C)N(C)C1=O)C(C)C","317670",""
"CHEMBL1286","CC[C@H](N1CCCC1=O)C(=O)N","is not a substrate [-]","17045309"
"CHEMBL2068237","","inducer [+]","11323161"
"CHEMBL386389","CCC1NC(=O)C(C(O)C(C)C\C=C\C)N(C)C(=O)C(C(C)C)N(C)C(=O)C(CC(C)C)N(C)C(=O)C(CC(C)C)N(C)C(=O)C(C)NC(=O)C(C)NC(=O)C(CC(C)C)N(C)C(=O)C(NC(=O)C(CC(C)C)N(C)C(=O)CN(C)C1=O)C(C)C","317666",""
"CHEMBL1201373","CC[C@H](C)C(=O)O[C@H]1C[C@@H](C)C=C2C=C[C@H](C)[C@H](CC[C@@H](O)C[C@@H](O)CC(=O)O)[C@@H]12","is not an inhibitor [IC50=-(>100uM)]","15616150"
"CHEMBL242080","CC(C)(C)c1cc(O)ccc1O","inducer [+]","11836020"
"CHEMBL455275","COC(=O)c1ccc(cc1NC(=O)c2ccc3ncccc3c2)C(=O)Nc4ccc(CCN5CCc6cc(OC)c(OC)cc6C5)cc4","Not Determined","19170519"
"CHEMBL40","CCC1(C(=O)NC(=O)NC1=O)c2ccccc2","inducer [+]","11323161"
"CHEMBL2074689","Cl.Cl.Cl.O[C@@H](COc1cccc2ncccc12)CN3CCN(CC3)[C@H]4c5ccccc5[C@H]6[C@@H](c7ccccc47)C6(F)F","is not an inhibitor [-]","10762605"
"CHEMBL1144","CC[C@H](C)C(=O)O[C@H]1C[C@H](O)C=C2C=C[C@H](C)[C@H](CC[C@@H](O)C[C@@H](O)CC(=O)O)[C@@H]12","is not an inhibitor [IC50=-(>100uM)]","15616150"
"CHEMBL318457","CC(C)c1onc(c1COc2ccc(\C=C\c3cccc(c3)C(=O)O)c(Cl)c2)c4c(Cl)cccc4Cl","inducer [+]","11706036"
"CHEMBL504880","CC1=C(C=C)\C(=C\c2[nH]c(Cc3[nH]c(\C=C\4/NC(=O)C(=C4C)C=C)c(C)c3CCC(=O)NCCS(=O)(=O)O)c(CCC(=O)NCCS(=O)(=O)O)c2C)\NC1=O","inducer [+]","11897625"
"CHEMBL51628","Oc1ccc2C=CC(=O)Oc2c1","BLD","22415933"
"CHEMBL9514","COC(=O)Nc1nc2ccc(cc2[nH]1)C(=O)c3cccs3","inducer [+]","10691972"
"CHEMBL178459","CC1=C(SSC1=S)c2cnccn2","inducer [+]","11557128"
"CHEMBL506278","COC(=O)c1ccc(cc1NC(=O)c2cnc3ccccc3n2)C(=O)Nc4ccc(CCN5CCc6cc(OC)c(OC)cc6C5)cc4","Not Determined","19170519"
