"CHEMBL589366","C[C@@H]1Cc2c(Cl)cc(C(=O)N[C@@H](Cc3ccccc3)C(=O)O)c(O)c2C(=O)O1","substrate [+]","10760098"
"CHEMBL996","CO[C@]1(NC(=O)Cc2cccs2)[C@H]3SCC(=C(N3C1=O)C(=O)O)COC(=O)N","Active","22166395"
"CHEMBL223228","FC(F)(F)[C@]1(OC(=O)Nc2ccc(Cl)cc12)C#CC3CC3","transporter inhibitor","20190787"
"CHEMBL897","CCCN(CCC)S(=O)(=O)c1ccc(cc1)C(=O)O","inhibitor [+]","10727523"
"CHEMBL3263910","Oc1cc(O)c2C(=O)\C(=C\c3cn(Cc4cccc(Br)c4)c5ccccc35)\Oc2c1","Active","27393949"
"CHEMBL1086218","C\C=C\C[C@@H](C)C(=O)[C@@H]1N(C)C(=O)[C@H](C(C)C)N(C)C(=O)[C@H](CC(C)C)N(C)C(=O)[C@H](CC(C)C)N(C)C(=O)[C@@H](C)NC(=O)[C@H](C)NC(=O)[C@H](CC(C)C)N(C)C(=O)[C@@H](NC(=O)[C@H](CC(C)C)N(C)C(=O)CN(C)C(=O)[C@@H](NC1=O)C(C)C)C(C)C","inhibitor [+]","10570049"
"CHEMBL197040","C\N=C(/NS(=O)(=O)N1CCCCCC1)\N2CC(C(=N2)c3ccc(Cl)cc3)c4ccccc4","Active","21511945"
"CHEMBL680","N[C@@H](C(=O)N[C@H]1[C@H]2SCC(=C(N2C1=O)C(=O)O)Cl)c3ccccc3","Active","22166395"
"CHEMBL495936","CCCCC\C=C/C\C=C/C=C/C=C/[C@@H](SC[C@@H](NC(=O)CC[C@H](N)C(=O)O)C(=O)NCC(=O)O)[C@@H](O)CCCC(=O)O","substrate [Km=1uM]","10220572"
"CHEMBL2074650","C[C@@H]1C[C@@H](C)OP(=O)(O1)c2c(C)nc(C)c(C(=O)OCCN3CCN(CC3)C(c4ccccc4)c5ccccc5)c2c6cccc(c6)[N+](=O)[O-]","inhibitor [+]","10570049"
"CHEMBL3263913","CCCCn1c(C)c(\C=C\2/Oc3cc(O)cc(O)c3C2=O)c4ccccc14","Active","27393949"
"CHEMBL3945493","CCCCn1c(\C=C\2/Oc3cc(O)cc(O)c3C2=O)c(C)c4ccccc14","Active","27393949"
"CHEMBL34259","CN(Cc1cnc2nc(N)nc(N)c2n1)c3ccc(cc3)C(=O)N[C@@H](CCC(=O)O)C(=O)O","substrate [+]","10727523"
"CHEMBL772","CO[C@H]1[C@@H](C[C@@H]2CN3CCc4c([nH]c5cc(OC)ccc45)[C@H]3C[C@@H]2[C@@H]1C(=O)OC)OC(=O)c6cc(OC)c(OC)c(OC)c6","inhibitor [Ki=295uM]","12134946"
"CHEMBL2074814","CCCCCCCCCCSC[C@H](NC(=O)CC[C@H](N)C(=O)O)C(=O)NCC(=O)O","substrate [+]","10491184"
"CHEMBL3263906","Oc1cc(O)c2C(=O)\C(=C\c3cn(CC4CCCCC4)c5ccccc35)\Oc2c1","Active","27393949"
"CHEMBL1543","N[C@@H](CCC(=O)N[C@@H](CS)C(=O)NCC(=O)O)C(=O)O","substrate [+]","10491184"
"CHEMBL35","NS(=O)(=O)c1cc(C(=O)O)c(NCc2occc2)cc1Cl","inhibitor [+]","10727523"
"CHEMBL388590","CCc1oc2ccccc2c1C(=O)c3cc(Br)c(O)c(Br)c3","inhibitor [0% of control]","11880368"
"CHEMBL2074811","CC(CCC(=O)NC(CCCCNc1ccc(c2nonc12)[N+](=O)[O-])COO)[C@H]3CC[C@H]4[C@@H]5[C@H](O)CC6C[C@H](O)CC[C@]6(C)[C@H]5CC[C@]34C","substrate [+]","10762605"
"CHEMBL2074812","CC(CCC(=O)NCC(=O)Nc1ccc(C2=C3C=CC(=O)C=C3Oc4cc(O)ccc24)c(c1)C(=O)O)[C@H]5CC[C@H]6[C@@H]7[C@H](O)CC8C[C@H](O)CC[C@]8(C)[C@H]7C[C@H](O)[C@]56C","substrate [+]","10762605"
"CHEMBL885","NC1=NC(=O)N(C=C1F)[C@@H]2CS[C@H](CO)O2","Active","17172311"
"CHEMBL2074720","CC1=C(C=C)\C(=C\c2[nH]c(Cc3[nH]c(\C=C\4/NC(=O)C(=C4C)C=C)c(C)c3CCC(=O)O)c(CCC(=O)O[C@@H]5OC([C@@H](O)C(O)C5O)C(=O)O)c2C)\NC1=O","inhibitor [IC50=0.28uM]","9355767"
"CHEMBL2074815","N[C@@H](CCC(=O)N[C@H](CSC1=CC(=O)N2N1C=CC2=O)C(=O)NCC(=O)O)C(=O)O","substrate [+]","10978330"
"CHEMBL1146","Cn1nnnc1SCC2=C(N3[C@H](SC2)[C@H](NC(=O)[C@H](O)c4ccccc4)C3=O)C(=O)O","Active","22166395"
"CHEMBL1679","NC1=NC(=O)C2=C(NCC(CNc3ccc(cc3)C(=O)N[C@@H](CCC(=O)O)C(=O)O)N2C=O)N1","substrate []","12874005"
"CHEMBL1516","CCCc1nc(c(C(=O)O)n1Cc2ccc(cc2)c3ccccc3c4nnn[nH]4)C(C)(C)O","substrate [+]","16501004"
"CHEMBL2074599","CNc1nc2c(Cc3cccnc3)c(C)c(O[C@@H]4O[C@@H]([C@@H](O)[C@H](O)[C@H]4O)C(=O)O)c(C)c2s1","substrate [Km=14.1uM]","10330006"
"CHEMBL160","CC[C@@H]1NC(=O)[C@H]([C@H](O)[C@H](C)C\C=C\C)N(C)C(=O)[C@H](C(C)C)N(C)C(=O)[C@H](CC(C)C)N(C)C(=O)[C@H](CC(C)C)N(C)C(=O)[C@@H](C)NC(=O)[C@H](C)NC(=O)[C@H](CC(C)C)N(C)C(=O)[C@@H](NC(=O)[C@H](CC(C)C)N(C)C(=O)CN(C)C1=O)C(C)C","Active","27393949"
"CHEMBL90555","CC[C@]1(O)C[C@H]2CN(CCc3c([nH]c4ccccc34)[C@@](C2)(C(=O)OC)c5cc6c(cc5OC)N(C=O)[C@H]7[C@](O)([C@H](OC(=O)C)[C@]8(CC)C=CCN9CC[C@]67[C@H]89)C(=O)OC)C1","inhibitor []","14511674"
"CHEMBL1727","CC1=C(N2[C@H](SC1)[C@H](NC(=O)[C@H](N)c3ccccc3)C2=O)C(=O)O","Active","22166395"
"CHEMBL2074816","N[C@@H](CCC(=O)N[C@H](CSCc1ccc(C2=C3C=CC(=O)C=C3Oc4cc(O)ccc24)c(c1)C(=O)O)C(=O)NCC(=O)O)C(=O)O","substrate [+]","10978330"
"CHEMBL159","CC[C@]1(O)C[C@@H]2CN(CCc3c([nH]c4ccccc34)[C@@](C2)(C(=O)OC)c5cc6c(cc5OC)N(C)[C@H]7[C@](O)([C@H](OC(=O)C)[C@]8(CC)C=CCN9CC[C@]67[C@H]89)C(=O)OC)C1","inhibitor [IC50=21uM]","15616150"
"CHEMBL1200633","CC[C@H](C)[C@H]1O[C@]2(CC[C@@H]1C)C[C@@H]3C[C@@H](C\C=C(/C)\[C@@H](O[C@H]4C[C@H](OC)[C@@H](O[C@H]5C[C@H](OC)[C@@H](O)[C@H](C)O5)[C@H](C)O4)[C@@H](C)\C=C\C=C\6/CO[C@@H]7[C@H](O)C(=C[C@@H](C(=O)O3)[C@]67O)C)O2.CO[C@H]8C[C@H](O[C@H]9[C@H](C)O[C@H](C[C@@H]9OC)O[C@H]%10[C@@H](C)\C=C\C=C\%11/CO[C@@H]%12[C@H](O)C(=C[C@@H](C(=O)O[C@H]%13C[C@@H](C\C=C\%10/C)O[C@@]%14(CC[C@H](C)[C@H](O%14)C(C)C)C%13)[C@]%11%12O)C)O[C@@H](C)[C@@H]8O","inhibitor [IC50=18+/- 5uM]","16384552"
"CHEMBL1950397","OC(=O)c1cncc(c1)c2ccc(nn2)N3CCC(CC3)Oc4cc(F)ccc4Br","Active","22047692"
"CHEMBL3263907","Oc1cc(O)c2C(=O)\C(=C\c3cn(Cc4ccccc4)c5ccccc35)\Oc2c1","Active","27393949"
"CHEMBL3263904","CC(=CCn1cc(\C=C\2/Oc3cc(O)cc(O)c3C2=O)c4ccccc14)C","Active","27393949"
"CHEMBL3263909","COc1cccc(Cn2cc(\C=C\3/Oc4cc(O)cc(O)c4C3=O)c5ccccc25)c1","Active","27393949"
"CHEMBL1064","CCC(C)(C)C(=O)O[C@H]1C[C@@H](C)C=C2C=C[C@H](C)[C@H](CC[C@@H]3C[C@@H](O)CC(=O)O3)[C@@H]12","inhibitor [IC50=25 +/- 2uM]","15616150"
"CHEMBL2074786","NC(CCC(=O)NC(CNCC(=O)O)CSCCN1C(=O)C=CC1=O)C(=O)O","substrate [K1/2=2500uM]","10727523"
"CHEMBL1380","Nc1nc(NC2CC2)c3ncn([C@@H]4C[C@H](CO)C=C4)c3n1","Active","17172311"
"CHEMBL177756","OC(=O)c1ccccc1C2=C3C=CC(=O)C=C3Oc4cc(O)ccc24","substrate [+]","10762605"
"CHEMBL3974624","COc1ccc2c(c1)c(\C=C\3/Oc4cc(O)cc(O)c4C3=O)cn2CC5CCCCC5","Active","27393949"
"CHEMBL3948408","CCCCn1cc(\C=C\2/Oc3cc(O)cc(O)c3C2=O)c4cc(Br)ccc14","Active","27393949"
"CHEMBL3263915","CCCCn1cc(\C=C\2/Oc3cc(O)cc(O)c3C2=O)c4cccc(OC)c14","Active","27393949"
"CHEMBL213947","N[C@@H](CCC(=O)N[C@H](CSc1ccc(cc1[N+](=O)[O-])[N+](=O)[O-])C(=O)NCC(=O)O)C(=O)O","substrate [Km=16.9uM]","10604957"
"CHEMBL1604","CC1=C(N2[C@H](SC1)[C@H](NC(=O)[C@H](N)C3=CCC=CC3)C2=O)C(=O)O","Active","22166395"
"CHEMBL2074711","CC1CN(CCN1)c2cc3N(C=C(C(=O)O[C@@H]4O[C@@H]([C@@H](O)[C@H](O)[C@H]4O)C(=O)O)C(=O)c3c(C)c2F)C5CC5","substrate [+]","10330006"
"CHEMBL3964042","COc1ccc2c(c1)c(\C=C\3/Oc4cc(O)cc(O)c4C3=O)cn2Cc5cccc(Br)c5","Active","27393949"
"CHEMBL3921707","Cn1cc(\C=C\2/Oc3cc(O)cc(O)c3C2=O)c4cc(Br)ccc14","Active","27393949"
"CHEMBL36327","Oc1cc(O)c2C[C@@H](OC(=O)c3cc(O)c(O)c(O)c3)[C@H](Oc2c1)c4ccc(O)c(O)c4","substrate []","14511674"
"CHEMBL178","COc1cccc2C(=O)c3c(O)c4C[C@](O)(C[C@H](O[C@H]5C[C@H](N)[C@H](O)[C@H](C)O5)c4c(O)c3C(=O)c12)C(=O)C","inhibitor [Ki=49.4uM]","12134946"
"CHEMBL2074781","N[C@@H](CCC(=O)C[C@@H](CSSC[C@H](NC(=O)CC[C@H](N)C(=O)O)C(=O)NCC(=O)O)C(=O)NCC(=O)O)C(=O)O","substrate [+]","10491184"
"CHEMBL1436","CO\N=C(/C(=O)N[C@H]1[C@H]2SCC(=C(N2C1=O)C(=O)O)COC(=O)N)\c3occc3","Active","22166395"
"CHEMBL559294","COc1c(O)cc(cc1O)C(=O)O[C@@H]2Cc3c(O)cc(O)cc3O[C@@H]2c4cc(O)c(O)c(O)c4","substrate []","14511674"
"CHEMBL1743143","CCc1c2CN3C(=O)C4=C(C=C3c2nc5ccc(OC[C@@H]6O[C@@H]([C@@H](O)[C@H](O)[C@H]6O)C(=O)O)cc15)[C@@](O)(CC)C(=O)OC4","transporter substrate","20190787"
"CHEMBL161","CO\N=C(/C(=O)N[C@H]1[C@H]2SCC(=C(N2C1=O)C(=O)O)CSC3=NC(=O)C(=NN3C)O)\c4csc(N)n4","Active","22166395"
"CHEMBL16","OC1=NC(=O)C(N1)(c2ccccc2)c3ccccc3","substrate [+]","17045309"
"CHEMBL114","CC(C)(C)NC(=O)[C@@H]1C[C@@H]2CCCC[C@@H]2CN1C[C@@H](O)[C@H](Cc3ccccc3)NC(=O)[C@H](CC(=O)N)NC(=O)c4ccc5ccccc5n4","substrate [+]","12384350"
"CHEMBL1697724","C[C@]12CC[C@H]3[C@@H](CCc4cc(O)ccc34)[C@@H]1CC[C@@H]2O[C@@H]5O[C@@H]([C@@H](O)[C@H](O)[C@H]5O)C(=O)O","substrate [Km=7.2uM]","10220572"
"CHEMBL2074826","CN(CCCC(C[C@@H]1O[C@@H]([C@@H](O)[C@H](O)[C@H]1O)C(=O)O)c2cccnc2)N=O","substrate [+]","11375986"
"CHEMBL333687","CC(C)c1c(C(=O)Nc2ccccc2)c(c3ccccc3)c(c4ccc(F)cc4)n1CC[C@@H]5C[C@@H](O)CC(=O)O5","inhibitor [IC50=15 +/- 3uM]","15616150"
"CHEMBL2074722","","inhibitor [+]","10917553"
"CHEMBL509919","Cc1ccc(N(CC(=O)O)CC(=O)O)c(OCCOc2cc(ccc2N(CC(=O)O)CC(=O)O)C3=C4C=C(Cl)C(=O)C=C4Oc5cc(O)c(Cl)cc35)c1","substrate [+]","10762605"
"CHEMBL2074945","COc1c(O)cc(cc1O)[C@H]2Oc3cc(O)cc(O)c3C[C@H]2OC(=O)c4cc(O)c(OC)c(O)c4","substrate []","14511674"
"CHEMBL1213271","Cn1c(N)nc2ncc(cc12)c3ccccc3","substrate [+]","11306678"
"CHEMBL3038248","CC1=C(C=C)\C(=C\c2[nH]c(Cc3[nH]c(\C=C\4/NC(=O)C(=C4C)C=C)c(C)c3CCC(=O)O[C@@H]5O[C@@H]([C@H](O)[C@H](O)[C@@H]5O)C(=O)O)c(CCC(=O)O[C@@H]6O[C@H]([C@H](O)[C@@H](O)[C@@H]6O)C(=O)O)c2C)\NC1=O","inhibitor [IC50=0.4uM]","9355767"
"CHEMBL141","NC1=NC(=O)N(C=C1)[C@@H]2CS[C@H](CO)O2","Active","17172311"
"CHEMBL1201195","CO[C@]1(NC(=O)CSCC#N)[C@H]2SCC(=C(N2C1=O)C(=O)O)CSc3nnnn3C","Active","22166395"
"CHEMBL3526716","COc1cc(OC[C@@H]2CNCC[C@H]2c3ccc(F)cc3)ccc1O[C@@H]4O[C@@H]([C@@H](O)[C@H](O)[C@H]4O)C(=O)O","Active","23303441"
"CHEMBL1069","CCCCC(=O)N(Cc1ccc(cc1)c2ccccc2c3nnn[nH]3)[C@@H](C(C)C)C(=O)O","transporter substrate","20190787"
"CHEMBL507674","CCN1CCN(C(=O)N[C@@H](C(=O)N[C@H]2[C@H]3SCC(=C(N3C2=O)C(=O)O)CSc4nnnn4C)c5ccc(O)cc5)C(=O)C1=O","Active","22166395"
"CHEMBL2074825","C[C@]12CC[C@H]3[C@@H](CCc4cc(O[C@@H]5O[C@@H]([C@@H](O)[C@H](O)[C@H]5O)C(=O)O)ccc34)[C@@H]1CC[C@@]2(O)C#C","substrate [Km=35.1uM]","14722317"
"CHEMBL453516","COc1cc(NC(=O)c2cnc3ccccc3c2)cc(c1)C(=O)Nc4ccc(CCN5CCc6cc(OC)c(OC)cc6C5)cc4","Not Active","19170519"
"CHEMBL410316","COc1ccc2c3C[C@@H]4N([C@@H](C=C(C)C)c3[nH]c2c1)C(=O)[C@@H]5CCCN5C4=O","Not Active","19170519"
"CHEMBL593","CC(C)Nc1cccnc1N2CCN(CC2)C(=O)c3cc4cc(NS(=O)(=O)C)ccc4[nH]3","Not Active","21189339"
"CHEMBL425912","C\N=C(/NS(=O)(=O)N1CCS(=O)(=O)CC1)\N2CC(C(=N2)c3ccc(Cl)cc3)c4ccccc4","Not Active","21511945"
"CHEMBL452313","O=C(NC1=Nc2sc3CCCCc3c2C(=O)S1)c4ccccc4","Not Active","18707884"
"CHEMBL452241","NC1=Nc2sc3CCCCc3c2C(=O)S1","Not Active","18707884"
"CHEMBL453536","COC(=O)c1ccc(cc1NC(=O)c2cnc3ccccc3c2)C(=O)Nc4ccc(CCN5CCc6cc(OC)c(OC)cc6C5)cc4","Not Active","19170519"
"CHEMBL237500","CC#CCn1c(nc2N(C)C(=O)N(Cc3nc(C)c4ccccc4n3)C(=O)c12)N5CCC[C@@H](N)C5","Not Active","23073734"
"CHEMBL348475","COc1cc2CCN(CCc3ccc(NC(=O)c4cc(OC)c(OC)cc4NC(=O)c5cnc6ccccc6c5)cc3)Cc2cc1OC","Not Active","19170519"
"CHEMBL57","Cc1ccnc2N(C3CC3)c4ncccc4C(=O)Nc12","Not Active","21189339"
"CHEMBL446339","COc1ccc(cc1NC(=O)c2cnc3ccccc3c2)C(=O)Nc4ccc(CCN5CCc6cc(OC)c(OC)cc6C5)cc4","Not Active","19170519"
"CHEMBL3526778","COc1cc(OC[C@@H]2CNCC[C@H]2c3ccc(F)cc3)ccc1OS(=O)(=O)O","Not Active","23303441"
"CHEMBL506742","COc1cc2CCN(CCc3ccc(NC(=O)c4cc(NC(=O)c5cnc6ccccc6c5)c(OC)c(OC)c4)cc3)Cc2cc1OC","Not Active","19170519"
"CHEMBL308954","Cc1cc(cc(C)c1Oc2nc(Nc3ccc(cc3)C#N)nc(N)c2Br)C#N","Not Active","21189339"
"CHEMBL1289926","CNC(=O)c1ccccc1Sc2ccc3c(\C=C\c4ccccn4)n[nH]c3c2","Not Active","21282407"
"CHEMBL3220761","CC(C)[C@@H]1NC(=O)[C@H](CCC(=O)C)[C@H](O)[C@@H](C)[C@@H](O)\C=C\C=C\C[C@H](OC(=O)C2CCCN(N2)C(=O)[C@H](Cc3cccc(O)c3)NC1=O)\C(=C\C=C\C(=O)N4CCCCO4)\C","Not Active",""
