"Cyclosporine","CC[C@@H]1NC(=O)[C@H]([C@H](O)[C@H](C)C\C=C\C)N(C)C(=O)[C@H](C(C)C)N(C)C(=O)[C@H](CC(C)C)N(C)C(=O)[C@H](CC(C)C)N(C)C(=O)[C@@H](C)NC(=O)[C@H](C)NC(=O)[C@H](CC(C)C)N(C)C(=O)[C@@H](NC(=O)[C@H](CC(C)C)N(C)C(=O)CN(C)C1=O)C(C)C","Canalicular multispecific organic anion transporter 1","BE0001069","|inhibitor|","CHEMBL160"
"Tetrahydrofolic acid","NC1=NC(=O)C2=C(NCC(CNC3=CC=C(C=C3)C(=O)N[C@@H](CCC(O)=O)C(O)=O)N2)N1","Canalicular multispecific organic anion transporter 1","BE0001069","|inhibitor|","CHEMBL2021342"
"Glutathione","N[C@@H](CCC(=O)N[C@@H](CS)C(=O)NCC(O)=O)C(O)=O","Canalicular multispecific organic anion transporter 1","BE0001069","|substrate|inhibitor|","CHEMBL1543"
"Pravastatin","[H][C@]12[C@H](C[C@H](O)C=C1C=C[C@H](C)[C@@H]2CC[C@@H](O)C[C@@H](O)CC(O)=O)OC(=O)[C@@H](C)CC","Canalicular multispecific organic anion transporter 1","BE0001069","|substrate|inhibitor|","CHEMBL1144"
"Reserpine","[H][C@]12C[C@@H](OC(=O)C3=CC(OC)=C(OC)C(OC)=C3)[C@H](OC)[C@@H](C(=O)OC)[C@@]1([H])C[C@@]1([H])N(CCC3=C1NC1=C3C=CC(OC)=C1)C2","Canalicular multispecific organic anion transporter 1","BE0001069","|inhibitor|","CHEMBL772"
"Indinavir","CC(C)(C)NC(=O)[C@@H]1CN(CC2=CN=CC=C2)CCN1C[C@@H](O)C[C@@H](CC1=CC=CC=C1)C(=O)N[C@@H]1[C@H](O)CC2=CC=CC=C12","Canalicular multispecific organic anion transporter 1","BE0001069","|substrate|","CHEMBL115"
"Lovastatin","[H][C@]12[C@H](C[C@@H](C)C=C1C=C[C@H](C)[C@@H]2CC[C@@H]1C[C@@H](O)CC(=O)O1)OC(=O)[C@@H](C)CC","Canalicular multispecific organic anion transporter 1","BE0001069","|substrate|","CHEMBL503"
"Phenytoin","O=C1NC(=O)C(N1)(C1=CC=CC=C1)C1=CC=CC=C1","Canalicular multispecific organic anion transporter 1","BE0001069","|substrate|","CHEMBL16"
"Clotrimazole","ClC1=CC=CC=C1C(N1C=CN=C1)(C1=CC=CC=C1)C1=CC=CC=C1","Canalicular multispecific organic anion transporter 1","BE0001069","|inducer|","CHEMBL104"
"Olmesartan","CCCC1=NC(=C(N1CC1=CC=C(C=C1)C1=C(C=CC=C1)C1=NN=NN1)C(O)=O)C(C)(C)O","Canalicular multispecific organic anion transporter 1","BE0001069","|substrate|inducer|","CHEMBL1516"
"Tenofovir disoproxil","[H][C@@](C)(CN1C=NC2=C(N)N=CN=C12)OCP(=O)(OCOC(=O)OC(C)C)OCOC(=O)OC(C)C","Canalicular multispecific organic anion transporter 1","BE0001069","|substrate|","CHEMBL1538"
"Indomethacin","COC1=CC2=C(C=C1)N(C(=O)C1=CC=C(Cl)C=C1)C(C)=C2CC(O)=O","Canalicular multispecific organic anion transporter 1","BE0001069","|substrate|inhibitor|","CHEMBL6"
"Aminohippuric acid","NC1=CC=C(C=C1)C(=O)NCC(O)=O","Canalicular multispecific organic anion transporter 1","BE0001069","|substrate|inhibitor|","CHEMBL463"
"Grepafloxacin","CC1CN(CCN1)C1=C(F)C(C)=C2C(=O)C(=CN(C3CC3)C2=C1)C(O)=O","Canalicular multispecific organic anion transporter 1","BE0001069","|inhibitor|","CHEMBL583"
"Sorafenib","CNC(=O)C1=NC=CC(OC2=CC=C(NC(=O)NC3=CC(=C(Cl)C=C3)C(F)(F)F)C=C2)=C1","Canalicular multispecific organic anion transporter 1","BE0001069","|inhibitor|","CHEMBL1336"
"Spironolactone","[H][C@@]12CC[C@@]3(CCC(=O)O3)[C@@]1(C)CC[C@@]1([H])[C@@]2([H])[C@@]([H])(CC2=CC(=O)CC[C@]12C)SC(C)=O","Canalicular multispecific organic anion transporter 1","BE0001069","|inducer|","CHEMBL1393"
"Cerivastatin","COCC1=C(C2=CC=C(F)C=C2)C(\C=C\[C@@H](O)C[C@@H](O)CC(O)=O)=C(C(C)C)N=C1C(C)C","Canalicular multispecific organic anion transporter 1","BE0001069","|substrate|","CHEMBL1477"
"Ritonavir","CC(C)[C@H](NC(=O)N(C)CC1=CSC(=N1)C(C)C)C(=O)N[C@H](C[C@H](O)[C@H](CC1=CC=CC=C1)NC(=O)OCC1=CN=CS1)CC1=CC=CC=C1","Canalicular multispecific organic anion transporter 1","BE0001069","|substrate|inducer|","CHEMBL163"
"Cisplatin","N[Pt](N)(Cl)Cl","Canalicular multispecific organic anion transporter 1","BE0001069","|inducer|","CHEMBL2068237"
"Oxaliplatin","[H][N]1([H])[C@@H]2CCCC[C@H]2[N]([H])([H])[Pt]11OC(=O)C(=O)O1","Canalicular multispecific organic anion transporter 1","BE0001069","|substrate|","CHEMBL414804"
"Vincristine","[H][C@@]12N3CC[C@@]11C4=CC(=C(OC)C=C4N(C=O)[C@@]1([H])[C@](O)([C@H](OC(C)=O)[C@]2(CC)C=CC3)C(=O)OC)[C@]1(C[C@]2([H])CN(C[C@](O)(CC)C2)CCC2=C1NC1=CC=CC=C21)C(=O)OC","Canalicular multispecific organic anion transporter 1","BE0001069","|substrate|inhibitor|","CHEMBL90555"
"Methotrexate","CN(CC1=CN=C2N=C(N)N=C(N)C2=N1)C1=CC=C(C=C1)C(=O)N[C@@H](CCC(O)=O)C(O)=O","Canalicular multispecific organic anion transporter 1","BE0001069","|substrate|inhibitor|","CHEMBL34259"
"Carbamazepine","NC(=O)N1C2=CC=CC=C2C=CC2=CC=CC=C12","Canalicular multispecific organic anion transporter 1","BE0001069","|substrate|","CHEMBL108"
"Vinblastine","[H][C@@]12N(C)C3=CC(OC)=C(C=C3[C@@]11CCN3CC=C[C@](CC)([C@@]13[H])[C@@]([H])(OC(C)=O)[C@]2(O)C(=O)OC)[C@]1(C[C@@]2([H])CN(C[C@](O)(CC)C2)CCC2=C1NC1=CC=CC=C21)C(=O)OC","Canalicular multispecific organic anion transporter 1","BE0001069","|substrate|inhibitor|inducer|","CHEMBL159"
"Ivermectin","CO[C@H]1C[C@@H](O[C@@H](C)[C@@H]1O)O[C@H]1[C@H](C)O[C@H](C[C@@H]1OC)O[C@H]1[C@@H](C)\C=C\C=C2/CO[C@@H]3[C@H](O)C(C)=C[C@@H](C(=O)O[C@H]4C[C@@H](C\C=C1/C)O[C@@]1(CC[C@H](C)[C@@H](C(C)C)O1)C4)[C@]23O.CC[C@@H](C)[C@H]1O[C@@]2(CC[C@@H]1C)O[C@@H]1C\C=C(C)\[C@@H](O[C@@H]3O[C@@H](C)[C@H](O[C@@H]4O[C@@H](C)[C@H](O)[C@@H](OC)C4)[C@@H](OC)C3)[C@@H](C)\C=C\C=C3/CO[C@@H]4[C@H](O)C(C)=C[C@@H](C(=O)O[C@@H](C1)C2)[C@]34O","Canalicular multispecific organic anion transporter 1","BE0001069","|inhibitor|","CHEMBL1200633"
"Simvastatin","[H][C@]12[C@H](C[C@@H](C)C=C1C=C[C@H](C)[C@@H]2CC[C@@H]1C[C@@H](O)CC(=O)O1)OC(=O)C(C)(C)CC","Canalicular multispecific organic anion transporter 1","BE0001069","|substrate|","CHEMBL1064"
"Verapamil","COC1=C(OC)C=C(CCN(C)CCCC(C#N)(C(C)C)C2=CC(OC)=C(OC)C=C2)C=C1","Canalicular multispecific organic anion transporter 1","BE0001069","|inhibitor|","CHEMBL6966"
"Tamoxifen","CC\C(=C(/C1=CC=CC=C1)C1=CC=C(OCCN(C)C)C=C1)C1=CC=CC=C1","Canalicular multispecific organic anion transporter 1","BE0001069","|substrate|","CHEMBL83"
"Mycophenolate mofetil","COC1=C(C\C=C(/C)CCC(=O)OCCN2CCOCC2)C(O)=C2C(=O)OCC2=C1C","Canalicular multispecific organic anion transporter 1","BE0001069","|substrate|","CHEMBL1456"
"Daunorubicin","COC1=CC=CC2=C1C(=O)C1=C(O)C3=C(C[C@](O)(C[C@@H]3O[C@H]3C[C@H](N)[C@H](O)[C@H](C)O3)C(C)=O)C(O)=C1C2=O","Canalicular multispecific organic anion transporter 1","BE0001069","|inhibitor|","CHEMBL178"
"Furosemide","NS(=O)(=O)C1=C(Cl)C=C(NCC2=CC=CO2)C(=C1)C(O)=O","Canalicular multispecific organic anion transporter 1","BE0001069","|inhibitor|","CHEMBL35"
"Lamivudine","NC1=NC(=O)N(C=C1)[C@@H]1CS[C@H](CO)O1","Canalicular multispecific organic anion transporter 1","BE0001069","|","CHEMBL141"
"Irinotecan","CCC1=C2CN3C(=CC4=C(COC(=O)[C@]4(O)CC)C3=O)C2=NC2=C1C=C(OC(=O)N1CCC(CC1)N1CCCCC1)C=C2","Canalicular multispecific organic anion transporter 1","BE0001069","|substrate|","CHEMBL481"
"Etoposide","[H][C@]12COC(=O)[C@]1([H])[C@H](C1=CC(OC)=C(O)C(OC)=C1)C1=CC3=C(OCO3)C=C1[C@H]2O[C@@H]1O[C@]2([H])CO[C@@H](C)O[C@@]2([H])[C@H](O)[C@H]1O","Canalicular multispecific organic anion transporter 1","BE0001069","|substrate|inhibitor|","CHEMBL44657"
"Sulfasalazine","OC(=O)C1=CC(=CC=C1O)\N=N\C1=CC=C(C=C1)S(=O)(=O)NC1=NC=CC=C1","Canalicular multispecific organic anion transporter 1","BE0001069","|substrate|","CHEMBL421"
"Eprosartan","CCCCC1=NC=C(\C=C(/CC2=CC=CS2)C(O)=O)N1CC1=CC=C(C=C1)C(O)=O","Canalicular multispecific organic anion transporter 1","BE0001069","|inducer|","CHEMBL813"
"Quinidine","[H][C@@]12CCN(C[C@@H]1C=C)[C@]([H])(C2)[C@@H](O)C1=C2C=C(OC)C=CC2=NC=C1","Canalicular multispecific organic anion transporter 1","BE0001069","|inhibitor|","CHEMBL1294"
"Norgestimate","[H][C@@]12CC[C@@](OC(C)=O)(C#C)[C@@]1(CC)CC[C@]1([H])[C@@]3([H])CC\C(C=C3CC[C@@]21[H])=N/O","Canalicular multispecific organic anion transporter 1","BE0001069","|substrate|","CHEMBL1200934"
"Carboplatin","N.N.O=C1O[Pt]OC(=O)C11CCC1","Canalicular multispecific organic anion transporter 1","BE0001069","|substrate|","CHEMBL1351"
"Telmisartan","CCCC1=NC2=C(C=C(C=C2C)C2=NC3=CC=CC=C3N2C)N1CC1=CC=C(C=C1)C1=CC=CC=C1C(O)=O","Canalicular multispecific organic anion transporter 1","BE0001069","|inhibitor|","CHEMBL1017"
"Ezetimibe","O[C@@H](CC[C@@H]1[C@H](N(C1=O)C1=CC=C(F)C=C1)C1=CC=C(O)C=C1)C1=CC=C(F)C=C1","Canalicular multispecific organic anion transporter 1","BE0001069","|substrate|","CHEMBL1138"
"Ethinyl Estradiol","[H][C@@]12CC[C@@](O)(C#C)[C@@]1(C)CC[C@]1([H])C3=C(CC[C@@]21[H])C=C(O)C=C3","Canalicular multispecific organic anion transporter 1","BE0001069","|inducer|","CHEMBL691"
"Lomefloxacin","CCN1C=C(C(O)=O)C(=O)C2=CC(F)=C(N3CCNC(C)C3)C(F)=C12","Canalicular multispecific organic anion transporter 1","BE0001069","|inhibitor|","CHEMBL561"
"Doxorubicin","COC1=CC=CC2=C1C(=O)C1=C(O)C3=C(C[C@](O)(C[C@@H]3O[C@H]3C[C@H](N)[C@H](O)[C@H](C)O3)C(=O)CO)C(O)=C1C2=O","Canalicular multispecific organic anion transporter 1","BE0001069","|substrate|","CHEMBL53463"
"Glyburide","COC1=C(C=C(Cl)C=C1)C(=O)NCCC1=CC=C(C=C1)S(=O)(=O)NC(=O)NC1CCCCC1","Canalicular multispecific organic anion transporter 1","BE0001069","|inhibitor|","CHEMBL472"
"Probenecid","CCCN(CCC)S(=O)(=O)C1=CC=C(C=C1)C(O)=O","Canalicular multispecific organic anion transporter 1","BE0001069","|substrate|inhibitor|","CHEMBL897"
"Rifampicin","CO[C@H]1\C=C\O[C@@]2(C)OC3=C(C2=O)C2=C(O)C(\C=N\N4CCN(C)CC4)=C(NC(=O)\C(C)=C/C=C/[C@H](C)[C@H](O)[C@@H](C)[C@@H](O)[C@@H](C)[C@H](OC(C)=O)[C@@H]1C)C(O)=C2C(O)=C3C","Canalicular multispecific organic anion transporter 1","BE0001069","|inducer|","CHEMBL374478"
"Atorvastatin","CC(C)C1=C(C(=O)NC2=CC=CC=C2)C(=C(N1CC[C@@H](O)C[C@@H](O)CC(O)=O)C1=CC=C(F)C=C1)C1=CC=CC=C1","Canalicular multispecific organic anion transporter 1","BE0001069","|substrate|","CHEMBL1487"
"Fluvastatin","CC(C)N1C(\C=C\[C@H](O)C[C@H](O)CC(O)=O)=C(C2=CC=C(F)C=C2)C2=CC=CC=C12","Canalicular multispecific organic anion transporter 1","BE0001069","|substrate|","CHEMBL350239"
"Rosuvastatin","CC(C)C1=NC(=NC(C2=CC=C(F)C=C2)=C1\C=C\[C@@H](O)C[C@@H](O)CC(=O)O)N(C)S(C)(=O)=O","Canalicular multispecific organic anion transporter 1","BE0001069","|substrate|","CHEMBL1496"
"Nifedipine","COC(=O)C1=C(C)NC(C)=C(C1C1=CC=CC=C1[N+]([O-])=O)C(=O)OC","Canalicular multispecific organic anion transporter 1","BE0001069","|inducer|","CHEMBL193"
"Sulfinpyrazone","O=C1C(CCS(=O)C2=CC=CC=C2)C(=O)N(N1C1=CC=CC=C1)C1=CC=CC=C1","Canalicular multispecific organic anion transporter 1","BE0001069","|substrate|inhibitor|","CHEMBL832"
"Ofloxacin","CC1COC2=C3N1C=C(C(O)=O)C(=O)C3=CC(F)=C2N1CCN(C)CC1","Canalicular multispecific organic anion transporter 1","BE0001069","|inhibitor|","CHEMBL4"
"Arsenic trioxide","O=[As]O[As]=O","Canalicular multispecific organic anion transporter 1","BE0001069","|inducer|","CHEMBL1200978"
"Phenobarbital","CCC1(C(=O)NC(=O)NC1=O)C1=CC=CC=C1","Canalicular multispecific organic anion transporter 1","BE0001069","|inducer|","CHEMBL40"
"Levetiracetam","CC[C@H](N1CCCC1=O)C(N)=O","Canalicular multispecific organic anion transporter 1","BE0001069","|substrate|","CHEMBL1286"
"Sparfloxacin","C[C@H]1CN(C[C@@H](C)N1)C1=C(F)C(N)=C2C(=O)C(=CN(C3CC3)C2=C1F)C(O)=O","Canalicular multispecific organic anion transporter 1","BE0001069","|inhibitor|","CHEMBL850"
"Paclitaxel","[H][C@]12[C@H](OC(=O)C3=CC=CC=C3)[C@]3(O)C[C@H](OC(=O)[C@H](O)[C@@H](NC(=O)C4=CC=CC=C4)C4=CC=CC=C4)C(C)=C([C@@H](OC(C)=O)C(=O)[C@]1(C)[C@@H](O)C[C@H]1OC[C@@]21OC(C)=O)C3(C)C","Canalicular multispecific organic anion transporter 1","BE0001069","|substrate|","CHEMBL428647"
"Saquinavir","[H][C@@](O)(CN1C[C@@]2([H])CCCC[C@@]2([H])C[C@@]1([H])C(O)=NC(C)(C)C)[C@]([H])(CC1=CC=CC=C1)N=C(O)[C@]([H])(CC(O)=N)NC(=O)C1=NC2=CC=CC=C2C=C1","Canalicular multispecific organic anion transporter 1","BE0001069","|substrate|","CHEMBL114"
"Dexamethasone","[H][C@@]12C[C@@H](C)[C@](O)(C(=O)CO)[C@@]1(C)C[C@H](O)[C@@]1(F)[C@@]2([H])CCC2=CC(=O)C=C[C@]12C","Canalicular multispecific organic anion transporter 1","BE0001069","|inducer|","CHEMBL384467"
"Docetaxel","[H][C@@]12C[C@H](O)[C@@]3(C)C(=O)[C@H](O)C4=C(C)[C@H](C[C@@](O)([C@@H](OC(=O)C5=CC=CC=C5)[C@]3([H])[C@@]1(CO2)OC(C)=O)C4(C)C)OC(=O)[C@H](O)[C@@H](NC(=O)OC(C)(C)C)C1=CC=CC=C1","Canalicular multispecific organic anion transporter 1","BE0001069","|substrate|","CHEMBL92"
"Sunitinib","CCN(CC)CCNC(=O)C1=C(C)NC(\C=C2/C(=O)NC3=C2C=C(F)C=C3)=C1C","Canalicular multispecific organic anion transporter 1","BE0001069","|inhibitor|","CHEMBL535"
"Pranlukast","O=C(NC1=C2OC(=CC(=O)C2=CC=C1)C1=NNN=N1)C1=CC=C(OCCCCC2=CC=CC=C2)C=C1","Canalicular multispecific organic anion transporter 1","BE0001069","|inhibitor|","CHEMBL21333"
"Ursodeoxycholic acid","[H][C@@]1(CC[C@@]2([H])[C@]3([H])[C@@H](O)C[C@]4([H])C[C@H](O)CC[C@]4(C)[C@@]3([H])CC[C@]12C)[C@H](C)CCC(O)=O","Canalicular multispecific organic anion transporter 1","BE0001069","|inducer|","CHEMBL1551"
"Hyperforin","CC(C)C(=O)[C@@]12C(O)=C(CC=C(C)C)C(=O)[C@@](CC=C(C)C)(C[C@H](CC=C(C)C)[C@@]1(C)CCC=C(C)C)C2=O","Canalicular multispecific organic anion transporter 1","BE0001069","|inducer|","CHEMBL1237210"
"Cholic Acid","[H][C@@](C)(CCC(O)=O)[C@@]1([H])CC[C@@]2([H])[C@]3([H])[C@]([H])(O)C[C@]4([H])C[C@]([H])(O)CC[C@]4(C)[C@@]3([H])C[C@]([H])(O)[C@]12C","Canalicular multispecific organic anion transporter 1","BE0001069","|inducer|","CHEMBL205596"
"Fusidic Acid","O[C@@H]1CC[C@@]2(C)[C@@]([H])(CC[C@@]3(C)[C@@]2([H])[C@H](O)C[C@@]2([H])\C([C@@H](OC(=O)C)C[C@]32C)=C(/CCC=C(C)C)C(O)=O)[C@@H]1C","Canalicular multispecific organic anion transporter 1","BE0001069","|inhibitor|","CHEMBL374975"
"(1,10 Phenanthroline)-(Tri-Carbon Monoxide) Rhenium (I)","[O]#C[Re+]1(C#[O])(C#[O])[N]2=CC=CC3=C2C2=C(C=CC=[N]12)C=C3","Canalicular multispecific organic anion transporter 1","BE0001069","|inhibitor|",""
"Quercetin","OC1=CC2=C(C(O)=C1)C(=O)C(O)=C(O2)C1=CC=C(O)C(O)=C1","Canalicular multispecific organic anion transporter 1","BE0001069","|inducer|","CHEMBL50"
"Taurocholic Acid","[H][C@@]1(CC[C@@]2([H])[C@]3([H])[C@H](O)C[C@]4([H])C[C@H](O)CC[C@]4(C)[C@@]3([H])C[C@H](O)[C@]12C)[C@H](C)CCC(=O)NCCS(O)(=O)=O","Canalicular multispecific organic anion transporter 1","BE0001069","|inducer|","CHEMBL224867"
"5-methyltetrahydrofolic acid","CN1C(CNC2=CC=C(C=C2)C(=O)N[C@@H](CCC(O)=O)C(O)=O)CNC2=C1C(=O)N=C(N)N2","Canalicular multispecific organic anion transporter 1","BE0001069","|inhibitor|","CHEMBL1221561"
"Simeprevir","[H]\C1=C([H])\[C@]2([H])C[C@]2(N=C(O)[C@]2([H])C[C@]([H])(C[C@@]2([H])C(=O)N(C)CCCC1)OC1=C2C=CC(OC)=C(C)C2=NC(=C1)C1=NC(=CS1)C(C)C)C(O)=NS(=O)(=O)C1CC1","Canalicular multispecific organic anion transporter 1","BE0001069","|substrate|inhibitor|","CHEMBL501849"
"Pitavastatin","O[C@H](C[C@H](O)\C=C\C1=C(N=C2C=CC=CC2=C1C1=CC=C(F)C=C1)C1CC1)CC(O)=O","Canalicular multispecific organic anion transporter 1","BE0001069","|substrate|","CHEMBL1201753"
"Gadoxetic acid","[Gd+3].[H][C@@](CN(CCN(CC([O-])=O)CC([O-])=O)CC([O-])=O)(CC1=CC=C(OCC)C=C1)N(CC(O)=O)CC(O)=O","Canalicular multispecific organic anion transporter 1","BE0001069","|substrate|","CHEMBL1201768"
"Canagliflozin","[H][C@]1(O[C@H](CO)[C@@H](O)[C@H](O)[C@H]1O)C1=CC=C(C)C(CC2=CC=C(S2)C2=CC=C(F)C=C2)=C1","Canalicular multispecific organic anion transporter 1","BE0001069","|substrate|","CHEMBL2048484"
"Avibactam","[H]OS(=O)(=O)ON1C(=O)N2C([H])([H])[C@@]1([H])C([H])([H])C([H])([H])[C@@]2([H])C(=O)N([H])[H]","Canalicular multispecific organic anion transporter 1","BE0001069","|substrate|","CHEMBL1689063"
"Eluxadoline","COC1=CC=C(CN([C@@H](C)C2=NC(=CN2)C2=CC=CC=C2)C(=O)[C@@H](N)CC2=C(C)C=C(C=C2C)C(N)=O)C=C1C(O)=O","Canalicular multispecific organic anion transporter 1","BE0001069","|substrate|","CHEMBL2159122"
"Indocyanine green acid form","CC1(C)\C(=C\C=C\C=C\C=C\C2=[N+](CCCCS(O)(=O)=O)C3=C(C4=CC=CC=C4C=C3)C2(C)C)N(CCCCS(O)(=O)=O)C2=C1C1=CC=CC=C1C=C2","Canalicular multispecific organic anion transporter 1","BE0001069","|transporter|","CHEMBL1615807"
"Letermovir","COC1=CC=CC(=C1)N1CCN(CC1)C1=NC2=C(C=CC=C2F)[C@H](CC(O)=O)N1C1=CC(=CC=C1OC)C(F)(F)F","Canalicular multispecific organic anion transporter 1","BE0001069","|inhibitor|","CHEMBL1241951"
