"CHEMBL589366","C[C@@H]1Cc2c(Cl)cc(C(=O)N[C@@H](Cc3ccccc3)C(=O)O)c(O)c2C(=O)O1","substrate [+]","10760098"
"CHEMBL495936","CCCCC\C=C/C\C=C/C=C/C=C/[C@@H](SC[C@@H](NC(=O)CC[C@H](N)C(=O)O)C(=O)NCC(=O)O)[C@@H](O)CCCC(=O)O","substrate [Km=1uM]","10220572"
"CHEMBL34259","CN(Cc1cnc2nc(N)nc(N)c2n1)c3ccc(cc3)C(=O)N[C@@H](CCC(=O)O)C(=O)O","substrate [+]","10727523"
"CHEMBL2074814","CCCCCCCCCCSC[C@H](NC(=O)CC[C@H](N)C(=O)O)C(=O)NCC(=O)O","substrate [+]","10491184"
"CHEMBL1543","N[C@@H](CCC(=O)N[C@@H](CS)C(=O)NCC(=O)O)C(=O)O","substrate [+]","10491184"
"CHEMBL2074811","CC(CCC(=O)NC(CCCCNc1ccc(c2nonc12)[N+](=O)[O-])COO)[C@H]3CC[C@H]4[C@@H]5[C@H](O)CC6C[C@H](O)CC[C@]6(C)[C@H]5CC[C@]34C","substrate [+]","10762605"
"CHEMBL2074812","CC(CCC(=O)NCC(=O)Nc1ccc(C2=C3C=CC(=O)C=C3Oc4cc(O)ccc24)c(c1)C(=O)O)[C@H]5CC[C@H]6[C@@H]7[C@H](O)CC8C[C@H](O)CC[C@]8(C)[C@H]7C[C@H](O)[C@]56C","substrate [+]","10762605"
"CHEMBL2074815","N[C@@H](CCC(=O)N[C@H](CSC1=CC(=O)N2N1C=CC2=O)C(=O)NCC(=O)O)C(=O)O","substrate [+]","10978330"
"CHEMBL1679","NC1=NC(=O)C2=C(NCC(CNc3ccc(cc3)C(=O)N[C@@H](CCC(=O)O)C(=O)O)N2C=O)N1","substrate []","12874005"
"CHEMBL1516","CCCc1nc(c(C(=O)O)n1Cc2ccc(cc2)c3ccccc3c4nnn[nH]4)C(C)(C)O","substrate [+]","16501004"
"CHEMBL2074599","CNc1nc2c(Cc3cccnc3)c(C)c(O[C@@H]4O[C@@H]([C@@H](O)[C@H](O)[C@H]4O)C(=O)O)c(C)c2s1","substrate [Km=14.1uM]","10330006"
"CHEMBL2074816","N[C@@H](CCC(=O)N[C@H](CSCc1ccc(C2=C3C=CC(=O)C=C3Oc4cc(O)ccc24)c(c1)C(=O)O)C(=O)NCC(=O)O)C(=O)O","substrate [+]","10978330"
"CHEMBL2074786","NC(CCC(=O)NC(CNCC(=O)O)CSCCN1C(=O)C=CC1=O)C(=O)O","substrate [K1/2=2500uM]","10727523"
"CHEMBL177756","OC(=O)c1ccccc1C2=C3C=CC(=O)C=C3Oc4cc(O)ccc24","substrate [+]","10762605"
"CHEMBL213947","N[C@@H](CCC(=O)N[C@H](CSc1ccc(cc1[N+](=O)[O-])[N+](=O)[O-])C(=O)NCC(=O)O)C(=O)O","substrate [Km=16.9uM]","10604957"
"CHEMBL2074711","CC1CN(CCN1)c2cc3N(C=C(C(=O)O[C@@H]4O[C@@H]([C@@H](O)[C@H](O)[C@H]4O)C(=O)O)C(=O)c3c(C)c2F)C5CC5","substrate [+]","10330006"
"CHEMBL36327","Oc1cc(O)c2C[C@@H](OC(=O)c3cc(O)c(O)c(O)c3)[C@H](Oc2c1)c4ccc(O)c(O)c4","substrate []","14511674"
"CHEMBL2074781","N[C@@H](CCC(=O)C[C@@H](CSSC[C@H](NC(=O)CC[C@H](N)C(=O)O)C(=O)NCC(=O)O)C(=O)NCC(=O)O)C(=O)O","substrate [+]","10491184"
"CHEMBL559294","COc1c(O)cc(cc1O)C(=O)O[C@@H]2Cc3c(O)cc(O)cc3O[C@@H]2c4cc(O)c(O)c(O)c4","substrate []","14511674"
"CHEMBL1743143","CCc1c2CN3C(=O)C4=C(C=C3c2nc5ccc(OC[C@@H]6O[C@@H]([C@@H](O)[C@H](O)[C@H]6O)C(=O)O)cc15)[C@@](O)(CC)C(=O)OC4","transporter substrate","20190787"
"CHEMBL16","OC1=NC(=O)C(N1)(c2ccccc2)c3ccccc3","substrate [+]","17045309"
"CHEMBL114","CC(C)(C)NC(=O)[C@@H]1C[C@@H]2CCCC[C@@H]2CN1C[C@@H](O)[C@H](Cc3ccccc3)NC(=O)[C@H](CC(=O)N)NC(=O)c4ccc5ccccc5n4","substrate [+]","12384350"
"CHEMBL1697724","C[C@]12CC[C@H]3[C@@H](CCc4cc(O)ccc34)[C@@H]1CC[C@@H]2O[C@@H]5O[C@@H]([C@@H](O)[C@H](O)[C@H]5O)C(=O)O","substrate [Km=7.2uM]","10220572"
"CHEMBL2074826","CN(CCCC(C[C@@H]1O[C@@H]([C@@H](O)[C@H](O)[C@H]1O)C(=O)O)c2cccnc2)N=O","substrate [+]","11375986"
"CHEMBL509919","Cc1ccc(N(CC(=O)O)CC(=O)O)c(OCCOc2cc(ccc2N(CC(=O)O)CC(=O)O)C3=C4C=C(Cl)C(=O)C=C4Oc5cc(O)c(Cl)cc35)c1","substrate [+]","10762605"
"CHEMBL2074945","COc1c(O)cc(cc1O)[C@H]2Oc3cc(O)cc(O)c3C[C@H]2OC(=O)c4cc(O)c(OC)c(O)c4","substrate []","14511674"
"CHEMBL1213271","Cn1c(N)nc2ncc(cc12)c3ccccc3","substrate [+]","11306678"
"CHEMBL1069","CCCCC(=O)N(Cc1ccc(cc1)c2ccccc2c3nnn[nH]3)[C@@H](C(C)C)C(=O)O","transporter substrate","20190787"
"CHEMBL2074825","C[C@]12CC[C@H]3[C@@H](CCc4cc(O[C@@H]5O[C@@H]([C@@H](O)[C@H](O)[C@H]5O)C(=O)O)ccc34)[C@@H]1CC[C@@]2(O)C#C","substrate [Km=35.1uM]","14722317"
"CHEMBL223228","FC(F)(F)[C@]1(OC(=O)Nc2ccc(Cl)cc12)C#CC3CC3","transporter inhibitor","20190787"
"CHEMBL897","CCCN(CCC)S(=O)(=O)c1ccc(cc1)C(=O)O","inhibitor [+]","10727523"
"CHEMBL1086218","C\C=C\C[C@@H](C)C(=O)[C@@H]1N(C)C(=O)[C@H](C(C)C)N(C)C(=O)[C@H](CC(C)C)N(C)C(=O)[C@H](CC(C)C)N(C)C(=O)[C@@H](C)NC(=O)[C@H](C)NC(=O)[C@H](CC(C)C)N(C)C(=O)[C@@H](NC(=O)[C@H](CC(C)C)N(C)C(=O)CN(C)C(=O)[C@@H](NC1=O)C(C)C)C(C)C","inhibitor [+]","10570049"
"CHEMBL2074650","C[C@@H]1C[C@@H](C)OP(=O)(O1)c2c(C)nc(C)c(C(=O)OCCN3CCN(CC3)C(c4ccccc4)c5ccccc5)c2c6cccc(c6)[N+](=O)[O-]","inhibitor [+]","10570049"
"CHEMBL772","CO[C@H]1[C@@H](C[C@@H]2CN3CCc4c([nH]c5cc(OC)ccc45)[C@H]3C[C@@H]2[C@@H]1C(=O)OC)OC(=O)c6cc(OC)c(OC)c(OC)c6","inhibitor [Ki=295uM]","12134946"
"CHEMBL35","NS(=O)(=O)c1cc(C(=O)O)c(NCc2occc2)cc1Cl","inhibitor [+]","10727523"
"CHEMBL388590","CCc1oc2ccccc2c1C(=O)c3cc(Br)c(O)c(Br)c3","inhibitor [0% of control]","11880368"
"CHEMBL2074720","CC1=C(C=C)\C(=C\c2[nH]c(Cc3[nH]c(\C=C\4/NC(=O)C(=C4C)C=C)c(C)c3CCC(=O)O)c(CCC(=O)O[C@@H]5OC([C@@H](O)C(O)C5O)C(=O)O)c2C)\NC1=O","inhibitor [IC50=0.28uM]","9355767"
"CHEMBL90555","CC[C@]1(O)C[C@H]2CN(CCc3c([nH]c4ccccc34)[C@@](C2)(C(=O)OC)c5cc6c(cc5OC)N(C=O)[C@H]7[C@](O)([C@H](OC(=O)C)[C@]8(CC)C=CCN9CC[C@]67[C@H]89)C(=O)OC)C1","inhibitor []","14511674"
"CHEMBL159","CC[C@]1(O)C[C@@H]2CN(CCc3c([nH]c4ccccc34)[C@@](C2)(C(=O)OC)c5cc6c(cc5OC)N(C)[C@H]7[C@](O)([C@H](OC(=O)C)[C@]8(CC)C=CCN9CC[C@]67[C@H]89)C(=O)OC)C1","inhibitor [IC50=21uM]","15616150"
"CHEMBL1200633","CC[C@H](C)[C@H]1O[C@]2(CC[C@@H]1C)C[C@@H]3C[C@@H](C\C=C(/C)\[C@@H](O[C@H]4C[C@H](OC)[C@@H](O[C@H]5C[C@H](OC)[C@@H](O)[C@H](C)O5)[C@H](C)O4)[C@@H](C)\C=C\C=C\6/CO[C@@H]7[C@H](O)C(=C[C@@H](C(=O)O3)[C@]67O)C)O2.CO[C@H]8C[C@H](O[C@H]9[C@H](C)O[C@H](C[C@@H]9OC)O[C@H]%10[C@@H](C)\C=C\C=C\%11/CO[C@@H]%12[C@H](O)C(=C[C@@H](C(=O)O[C@H]%13C[C@@H](C\C=C\%10/C)O[C@@]%14(CC[C@H](C)[C@H](O%14)C(C)C)C%13)[C@]%11%12O)C)O[C@@H](C)[C@@H]8O","inhibitor [IC50=18+/- 5uM]","16384552"
"CHEMBL1064","CCC(C)(C)C(=O)O[C@H]1C[C@@H](C)C=C2C=C[C@H](C)[C@H](CC[C@@H]3C[C@@H](O)CC(=O)O3)[C@@H]12","inhibitor [IC50=25 +/- 2uM]","15616150"
"CHEMBL178","COc1cccc2C(=O)c3c(O)c4C[C@](O)(C[C@H](O[C@H]5C[C@H](N)[C@H](O)[C@H](C)O5)c4c(O)c3C(=O)c12)C(=O)C","inhibitor [Ki=49.4uM]","12134946"
"CHEMBL333687","CC(C)c1c(C(=O)Nc2ccccc2)c(c3ccccc3)c(c4ccc(F)cc4)n1CC[C@@H]5C[C@@H](O)CC(=O)O5","inhibitor [IC50=15 +/- 3uM]","15616150"
"CHEMBL2074722","","inhibitor [+]","10917553"
"CHEMBL3038248","CC1=C(C=C)\C(=C\c2[nH]c(Cc3[nH]c(\C=C\4/NC(=O)C(=C4C)C=C)c(C)c3CCC(=O)O[C@@H]5O[C@@H]([C@H](O)[C@H](O)[C@@H]5O)C(=O)O)c(CCC(=O)O[C@@H]6O[C@H]([C@H](O)[C@@H](O)[C@@H]6O)C(=O)O)c2C)\NC1=O","inhibitor [IC50=0.4uM]","9355767"
"Cyclosporine","CC[C@@H]1NC(=O)[C@H]([C@H](O)[C@H](C)C\C=C\C)N(C)C(=O)[C@H](C(C)C)N(C)C(=O)[C@H](CC(C)C)N(C)C(=O)[C@H](CC(C)C)N(C)C(=O)[C@@H](C)NC(=O)[C@H](C)NC(=O)[C@H](CC(C)C)N(C)C(=O)[C@@H](NC(=O)[C@H](CC(C)C)N(C)C(=O)CN(C)C1=O)C(C)C","Canalicular multispecific organic anion transporter 1","BE0001069","|inhibitor|","CHEMBL160"
"Tetrahydrofolic acid","NC1=NC(=O)C2=C(NCC(CNC3=CC=C(C=C3)C(=O)N[C@@H](CCC(O)=O)C(O)=O)N2)N1","Canalicular multispecific organic anion transporter 1","BE0001069","|inhibitor|","CHEMBL2021342"
"Pravastatin","[H][C@]12[C@H](C[C@H](O)C=C1C=C[C@H](C)[C@@H]2CC[C@@H](O)C[C@@H](O)CC(O)=O)OC(=O)[C@@H](C)CC","Canalicular multispecific organic anion transporter 1","BE0001069","|substrate|inhibitor|","CHEMBL1144"
"Indinavir","CC(C)(C)NC(=O)[C@@H]1CN(CC2=CN=CC=C2)CCN1C[C@@H](O)C[C@@H](CC1=CC=CC=C1)C(=O)N[C@@H]1[C@H](O)CC2=CC=CC=C12","Canalicular multispecific organic anion transporter 1","BE0001069","|substrate|","CHEMBL115"
"Lovastatin","[H][C@]12[C@H](C[C@@H](C)C=C1C=C[C@H](C)[C@@H]2CC[C@@H]1C[C@@H](O)CC(=O)O1)OC(=O)[C@@H](C)CC","Canalicular multispecific organic anion transporter 1","BE0001069","|substrate|","CHEMBL503"
"Phenytoin","O=C1NC(=O)C(N1)(C1=CC=CC=C1)C1=CC=CC=C1","Canalicular multispecific organic anion transporter 1","BE0001069","|substrate|","CHEMBL16"
"Clotrimazole","ClC1=CC=CC=C1C(N1C=CN=C1)(C1=CC=CC=C1)C1=CC=CC=C1","Canalicular multispecific organic anion transporter 1","BE0001069","|inducer|","CHEMBL104"
"Tenofovir disoproxil","[H][C@@](C)(CN1C=NC2=C(N)N=CN=C12)OCP(=O)(OCOC(=O)OC(C)C)OCOC(=O)OC(C)C","Canalicular multispecific organic anion transporter 1","BE0001069","|substrate|","CHEMBL1538"
"Indomethacin","COC1=CC2=C(C=C1)N(C(=O)C1=CC=C(Cl)C=C1)C(C)=C2CC(O)=O","Canalicular multispecific organic anion transporter 1","BE0001069","|substrate|inhibitor|","CHEMBL6"
"Aminohippuric acid","NC1=CC=C(C=C1)C(=O)NCC(O)=O","Canalicular multispecific organic anion transporter 1","BE0001069","|substrate|inhibitor|","CHEMBL463"
"Grepafloxacin","CC1CN(CCN1)C1=C(F)C(C)=C2C(=O)C(=CN(C3CC3)C2=C1)C(O)=O","Canalicular multispecific organic anion transporter 1","BE0001069","|inhibitor|","CHEMBL583"
"Sorafenib","CNC(=O)C1=NC=CC(OC2=CC=C(NC(=O)NC3=CC(=C(Cl)C=C3)C(F)(F)F)C=C2)=C1","Canalicular multispecific organic anion transporter 1","BE0001069","|inhibitor|","CHEMBL1336"
"Spironolactone","[H][C@@]12CC[C@@]3(CCC(=O)O3)[C@@]1(C)CC[C@@]1([H])[C@@]2([H])[C@@]([H])(CC2=CC(=O)CC[C@]12C)SC(C)=O","Canalicular multispecific organic anion transporter 1","BE0001069","|inducer|","CHEMBL1393"
"Cerivastatin","COCC1=C(C2=CC=C(F)C=C2)C(\C=C\[C@@H](O)C[C@@H](O)CC(O)=O)=C(C(C)C)N=C1C(C)C","Canalicular multispecific organic anion transporter 1","BE0001069","|substrate|","CHEMBL1477"
"Ritonavir","CC(C)[C@H](NC(=O)N(C)CC1=CSC(=N1)C(C)C)C(=O)N[C@H](C[C@H](O)[C@H](CC1=CC=CC=C1)NC(=O)OCC1=CN=CS1)CC1=CC=CC=C1","Canalicular multispecific organic anion transporter 1","BE0001069","|substrate|inducer|","CHEMBL163"
"Cisplatin","N[Pt](N)(Cl)Cl","Canalicular multispecific organic anion transporter 1","BE0001069","|inducer|","CHEMBL2068237"
"Oxaliplatin","[H][N]1([H])[C@@H]2CCCC[C@H]2[N]([H])([H])[Pt]11OC(=O)C(=O)O1","Canalicular multispecific organic anion transporter 1","BE0001069","|substrate|","CHEMBL414804"
"Carbamazepine","NC(=O)N1C2=CC=CC=C2C=CC2=CC=CC=C12","Canalicular multispecific organic anion transporter 1","BE0001069","|substrate|","CHEMBL108"
"Verapamil","COC1=C(OC)C=C(CCN(C)CCCC(C#N)(C(C)C)C2=CC(OC)=C(OC)C=C2)C=C1","Canalicular multispecific organic anion transporter 1","BE0001069","|inhibitor|","CHEMBL6966"
"Tamoxifen","CC\C(=C(/C1=CC=CC=C1)C1=CC=C(OCCN(C)C)C=C1)C1=CC=CC=C1","Canalicular multispecific organic anion transporter 1","BE0001069","|substrate|","CHEMBL83"
"Mycophenolate mofetil","COC1=C(C\C=C(/C)CCC(=O)OCCN2CCOCC2)C(O)=C2C(=O)OCC2=C1C","Canalicular multispecific organic anion transporter 1","BE0001069","|substrate|","CHEMBL1456"
"Lamivudine","NC1=NC(=O)N(C=C1)[C@@H]1CS[C@H](CO)O1","Canalicular multispecific organic anion transporter 1","BE0001069","|","CHEMBL141"
"Irinotecan","CCC1=C2CN3C(=CC4=C(COC(=O)[C@]4(O)CC)C3=O)C2=NC2=C1C=C(OC(=O)N1CCC(CC1)N1CCCCC1)C=C2","Canalicular multispecific organic anion transporter 1","BE0001069","|substrate|","CHEMBL481"
"Etoposide","[H][C@]12COC(=O)[C@]1([H])[C@H](C1=CC(OC)=C(O)C(OC)=C1)C1=CC3=C(OCO3)C=C1[C@H]2O[C@@H]1O[C@]2([H])CO[C@@H](C)O[C@@]2([H])[C@H](O)[C@H]1O","Canalicular multispecific organic anion transporter 1","BE0001069","|substrate|inhibitor|","CHEMBL44657"
"Sulfasalazine","OC(=O)C1=CC(=CC=C1O)\N=N\C1=CC=C(C=C1)S(=O)(=O)NC1=NC=CC=C1","Canalicular multispecific organic anion transporter 1","BE0001069","|substrate|","CHEMBL421"
"Eprosartan","CCCCC1=NC=C(\C=C(/CC2=CC=CS2)C(O)=O)N1CC1=CC=C(C=C1)C(O)=O","Canalicular multispecific organic anion transporter 1","BE0001069","|inducer|","CHEMBL813"
"Quinidine","[H][C@@]12CCN(C[C@@H]1C=C)[C@]([H])(C2)[C@@H](O)C1=C2C=C(OC)C=CC2=NC=C1","Canalicular multispecific organic anion transporter 1","BE0001069","|inhibitor|","CHEMBL1294"
"Norgestimate","[H][C@@]12CC[C@@](OC(C)=O)(C#C)[C@@]1(CC)CC[C@]1([H])[C@@]3([H])CC\C(C=C3CC[C@@]21[H])=N/O","Canalicular multispecific organic anion transporter 1","BE0001069","|substrate|","CHEMBL1200934"
"Carboplatin","N.N.O=C1O[Pt]OC(=O)C11CCC1","Canalicular multispecific organic anion transporter 1","BE0001069","|substrate|","CHEMBL1351"
"Telmisartan","CCCC1=NC2=C(C=C(C=C2C)C2=NC3=CC=CC=C3N2C)N1CC1=CC=C(C=C1)C1=CC=CC=C1C(O)=O","Canalicular multispecific organic anion transporter 1","BE0001069","|inhibitor|","CHEMBL1017"
"Ezetimibe","O[C@@H](CC[C@@H]1[C@H](N(C1=O)C1=CC=C(F)C=C1)C1=CC=C(O)C=C1)C1=CC=C(F)C=C1","Canalicular multispecific organic anion transporter 1","BE0001069","|substrate|","CHEMBL1138"
"Ethinyl Estradiol","[H][C@@]12CC[C@@](O)(C#C)[C@@]1(C)CC[C@]1([H])C3=C(CC[C@@]21[H])C=C(O)C=C3","Canalicular multispecific organic anion transporter 1","BE0001069","|inducer|","CHEMBL691"
"Lomefloxacin","CCN1C=C(C(O)=O)C(=O)C2=CC(F)=C(N3CCNC(C)C3)C(F)=C12","Canalicular multispecific organic anion transporter 1","BE0001069","|inhibitor|","CHEMBL561"
"Doxorubicin","COC1=CC=CC2=C1C(=O)C1=C(O)C3=C(C[C@](O)(C[C@@H]3O[C@H]3C[C@H](N)[C@H](O)[C@H](C)O3)C(=O)CO)C(O)=C1C2=O","Canalicular multispecific organic anion transporter 1","BE0001069","|substrate|","CHEMBL53463"
"Glyburide","COC1=C(C=C(Cl)C=C1)C(=O)NCCC1=CC=C(C=C1)S(=O)(=O)NC(=O)NC1CCCCC1","Canalicular multispecific organic anion transporter 1","BE0001069","|inhibitor|","CHEMBL472"
"Rifampicin","CO[C@H]1\C=C\O[C@@]2(C)OC3=C(C2=O)C2=C(O)C(\C=N\N4CCN(C)CC4)=C(NC(=O)\C(C)=C/C=C/[C@H](C)[C@H](O)[C@@H](C)[C@@H](O)[C@@H](C)[C@H](OC(C)=O)[C@@H]1C)C(O)=C2C(O)=C3C","Canalicular multispecific organic anion transporter 1","BE0001069","|inducer|","CHEMBL374478"
"Atorvastatin","CC(C)C1=C(C(=O)NC2=CC=CC=C2)C(=C(N1CC[C@@H](O)C[C@@H](O)CC(O)=O)C1=CC=C(F)C=C1)C1=CC=CC=C1","Canalicular multispecific organic anion transporter 1","BE0001069","|substrate|","CHEMBL1487"
"Fluvastatin","CC(C)N1C(\C=C\[C@H](O)C[C@H](O)CC(O)=O)=C(C2=CC=C(F)C=C2)C2=CC=CC=C12","Canalicular multispecific organic anion transporter 1","BE0001069","|substrate|","CHEMBL350239"
"Rosuvastatin","CC(C)C1=NC(=NC(C2=CC=C(F)C=C2)=C1\C=C\[C@@H](O)C[C@@H](O)CC(=O)O)N(C)S(C)(=O)=O","Canalicular multispecific organic anion transporter 1","BE0001069","|substrate|","CHEMBL1496"
"Nifedipine","COC(=O)C1=C(C)NC(C)=C(C1C1=CC=CC=C1[N+]([O-])=O)C(=O)OC","Canalicular multispecific organic anion transporter 1","BE0001069","|inducer|","CHEMBL193"
"Sulfinpyrazone","O=C1C(CCS(=O)C2=CC=CC=C2)C(=O)N(N1C1=CC=CC=C1)C1=CC=CC=C1","Canalicular multispecific organic anion transporter 1","BE0001069","|substrate|inhibitor|","CHEMBL832"
"Ofloxacin","CC1COC2=C3N1C=C(C(O)=O)C(=O)C3=CC(F)=C2N1CCN(C)CC1","Canalicular multispecific organic anion transporter 1","BE0001069","|inhibitor|","CHEMBL4"
"Arsenic trioxide","O=[As]O[As]=O","Canalicular multispecific organic anion transporter 1","BE0001069","|inducer|","CHEMBL1200978"
"Phenobarbital","CCC1(C(=O)NC(=O)NC1=O)C1=CC=CC=C1","Canalicular multispecific organic anion transporter 1","BE0001069","|inducer|","CHEMBL40"
"Levetiracetam","CC[C@H](N1CCCC1=O)C(N)=O","Canalicular multispecific organic anion transporter 1","BE0001069","|substrate|","CHEMBL1286"
"Sparfloxacin","C[C@H]1CN(C[C@@H](C)N1)C1=C(F)C(N)=C2C(=O)C(=CN(C3CC3)C2=C1F)C(O)=O","Canalicular multispecific organic anion transporter 1","BE0001069","|inhibitor|","CHEMBL850"
"Paclitaxel","[H][C@]12[C@H](OC(=O)C3=CC=CC=C3)[C@]3(O)C[C@H](OC(=O)[C@H](O)[C@@H](NC(=O)C4=CC=CC=C4)C4=CC=CC=C4)C(C)=C([C@@H](OC(C)=O)C(=O)[C@]1(C)[C@@H](O)C[C@H]1OC[C@@]21OC(C)=O)C3(C)C","Canalicular multispecific organic anion transporter 1","BE0001069","|substrate|","CHEMBL428647"
"Saquinavir","[H][C@@](O)(CN1C[C@@]2([H])CCCC[C@@]2([H])C[C@@]1([H])C(O)=NC(C)(C)C)[C@]([H])(CC1=CC=CC=C1)N=C(O)[C@]([H])(CC(O)=N)NC(=O)C1=NC2=CC=CC=C2C=C1","Canalicular multispecific organic anion transporter 1","BE0001069","|substrate|","CHEMBL114"
"Dexamethasone","[H][C@@]12C[C@@H](C)[C@](O)(C(=O)CO)[C@@]1(C)C[C@H](O)[C@@]1(F)[C@@]2([H])CCC2=CC(=O)C=C[C@]12C","Canalicular multispecific organic anion transporter 1","BE0001069","|inducer|","CHEMBL384467"
"Docetaxel","[H][C@@]12C[C@H](O)[C@@]3(C)C(=O)[C@H](O)C4=C(C)[C@H](C[C@@](O)([C@@H](OC(=O)C5=CC=CC=C5)[C@]3([H])[C@@]1(CO2)OC(C)=O)C4(C)C)OC(=O)[C@H](O)[C@@H](NC(=O)OC(C)(C)C)C1=CC=CC=C1","Canalicular multispecific organic anion transporter 1","BE0001069","|substrate|","CHEMBL92"
"Sunitinib","CCN(CC)CCNC(=O)C1=C(C)NC(\C=C2/C(=O)NC3=C2C=C(F)C=C3)=C1C","Canalicular multispecific organic anion transporter 1","BE0001069","|inhibitor|","CHEMBL535"
"Pranlukast","O=C(NC1=C2OC(=CC(=O)C2=CC=C1)C1=NNN=N1)C1=CC=C(OCCCCC2=CC=CC=C2)C=C1","Canalicular multispecific organic anion transporter 1","BE0001069","|inhibitor|","CHEMBL21333"
"Ursodeoxycholic acid","[H][C@@]1(CC[C@@]2([H])[C@]3([H])[C@@H](O)C[C@]4([H])C[C@H](O)CC[C@]4(C)[C@@]3([H])CC[C@]12C)[C@H](C)CCC(O)=O","Canalicular multispecific organic anion transporter 1","BE0001069","|inducer|","CHEMBL1551"
"Hyperforin","CC(C)C(=O)[C@@]12C(O)=C(CC=C(C)C)C(=O)[C@@](CC=C(C)C)(C[C@H](CC=C(C)C)[C@@]1(C)CCC=C(C)C)C2=O","Canalicular multispecific organic anion transporter 1","BE0001069","|inducer|","CHEMBL1237210"
"Cholic Acid","[H][C@@](C)(CCC(O)=O)[C@@]1([H])CC[C@@]2([H])[C@]3([H])[C@]([H])(O)C[C@]4([H])C[C@]([H])(O)CC[C@]4(C)[C@@]3([H])C[C@]([H])(O)[C@]12C","Canalicular multispecific organic anion transporter 1","BE0001069","|inducer|","CHEMBL205596"
"Fusidic Acid","O[C@@H]1CC[C@@]2(C)[C@@]([H])(CC[C@@]3(C)[C@@]2([H])[C@H](O)C[C@@]2([H])\C([C@@H](OC(=O)C)C[C@]32C)=C(/CCC=C(C)C)C(O)=O)[C@@H]1C","Canalicular multispecific organic anion transporter 1","BE0001069","|inhibitor|","CHEMBL374975"
"(1,10 Phenanthroline)-(Tri-Carbon Monoxide) Rhenium (I)","[O]#C[Re+]1(C#[O])(C#[O])[N]2=CC=CC3=C2C2=C(C=CC=[N]12)C=C3","Canalicular multispecific organic anion transporter 1","BE0001069","|inhibitor|",""
"Quercetin","OC1=CC2=C(C(O)=C1)C(=O)C(O)=C(O2)C1=CC=C(O)C(O)=C1","Canalicular multispecific organic anion transporter 1","BE0001069","|inducer|","CHEMBL50"
"Taurocholic Acid","[H][C@@]1(CC[C@@]2([H])[C@]3([H])[C@H](O)C[C@]4([H])C[C@H](O)CC[C@]4(C)[C@@]3([H])C[C@H](O)[C@]12C)[C@H](C)CCC(=O)NCCS(O)(=O)=O","Canalicular multispecific organic anion transporter 1","BE0001069","|inducer|","CHEMBL224867"
"5-methyltetrahydrofolic acid","CN1C(CNC2=CC=C(C=C2)C(=O)N[C@@H](CCC(O)=O)C(O)=O)CNC2=C1C(=O)N=C(N)N2","Canalicular multispecific organic anion transporter 1","BE0001069","|inhibitor|","CHEMBL1221561"
"Simeprevir","[H]\C1=C([H])\[C@]2([H])C[C@]2(N=C(O)[C@]2([H])C[C@]([H])(C[C@@]2([H])C(=O)N(C)CCCC1)OC1=C2C=CC(OC)=C(C)C2=NC(=C1)C1=NC(=CS1)C(C)C)C(O)=NS(=O)(=O)C1CC1","Canalicular multispecific organic anion transporter 1","BE0001069","|substrate|inhibitor|","CHEMBL501849"
"Pitavastatin","O[C@H](C[C@H](O)\C=C\C1=C(N=C2C=CC=CC2=C1C1=CC=C(F)C=C1)C1CC1)CC(O)=O","Canalicular multispecific organic anion transporter 1","BE0001069","|substrate|","CHEMBL1201753"
"Gadoxetic acid","[Gd+3].[H][C@@](CN(CCN(CC([O-])=O)CC([O-])=O)CC([O-])=O)(CC1=CC=C(OCC)C=C1)N(CC(O)=O)CC(O)=O","Canalicular multispecific organic anion transporter 1","BE0001069","|substrate|","CHEMBL1201768"
"Canagliflozin","[H][C@]1(O[C@H](CO)[C@@H](O)[C@H](O)[C@H]1O)C1=CC=C(C)C(CC2=CC=C(S2)C2=CC=C(F)C=C2)=C1","Canalicular multispecific organic anion transporter 1","BE0001069","|substrate|","CHEMBL2048484"
"Avibactam","[H]OS(=O)(=O)ON1C(=O)N2C([H])([H])[C@@]1([H])C([H])([H])C([H])([H])[C@@]2([H])C(=O)N([H])[H]","Canalicular multispecific organic anion transporter 1","BE0001069","|substrate|","CHEMBL1689063"
"Eluxadoline","COC1=CC=C(CN([C@@H](C)C2=NC(=CN2)C2=CC=CC=C2)C(=O)[C@@H](N)CC2=C(C)C=C(C=C2C)C(N)=O)C=C1C(O)=O","Canalicular multispecific organic anion transporter 1","BE0001069","|substrate|","CHEMBL2159122"
"Indocyanine green acid form","CC1(C)\C(=C\C=C\C=C\C=C\C2=[N+](CCCCS(O)(=O)=O)C3=C(C4=CC=CC=C4C=C3)C2(C)C)N(CCCCS(O)(=O)=O)C2=C1C1=CC=CC=C1C=C2","Canalicular multispecific organic anion transporter 1","BE0001069","|transporter|","CHEMBL1615807"
"Letermovir","COC1=CC=CC(=C1)N1CCN(CC1)C1=NC2=C(C=CC=C2F)[C@H](CC(O)=O)N1C1=CC(=CC=C1OC)C(F)(F)F","Canalicular multispecific organic anion transporter 1","BE0001069","|inhibitor|","CHEMBL1241951"
