"CHEMBL1222498","CCC(=O)Nc1ccc(Cl)c(Cl)c1","","23571415"
"CHEMBL3039257","COC(=O)C[C@H]1C(C)(C)C(OC(=O)C)[C@]2(O)C=C3C(CC[C@]4(C)C3CC(=O)O[C@H]4c5cocc5)[C@@]1(C)C2=O","","23571415"
"CHEMBL244948","Oc1ccc2C=CC(=O)Oc2c1O","","23571415"
"CHEMBL501533","CO[C@@H]1[C@@H](O)[C@H](C)O[C@@H](O[C@H]2CC[C@@]3(C)[C@H](CC[C@@H]4[C@@H]3CC[C@]5(C)[C@H](CC[C@]45O)C6=CC(=O)OC6)C2)[C@H]1O","","23571415"
"CHEMBL1491099","COC(=O)c1c(C)c2Oc3c(Cl)c(O)c(Cl)c(C)c3C(=O)Oc2cc1OC","","23571415"
"CHEMBL451532","C[C@@H]1O[C@@H](O[C@@H]2[C@@H](O)[C@H](O)[C@@H](CO)O[C@H]2Oc3cc(O)c4C(=O)C[C@H](Oc4c3)c5ccc(O)cc5)[C@H](O)[C@H](O)[C@H]1O","","22541068"
"CHEMBL412010","CC(=CCc1c(O)cc2OC=C(C(=O)c2c1O)c3ccc4OCOc4c3)C","","23571415"
"CHEMBL1256353","CCOC(=O)\N=C\1/O[N-][N+](=C1)N2CCOCC2","","23571415"
"CHEMBL3138718","CC1(C)[C@H](O)C[C@H](O)[C@]2(C)[C@H]1C[C@@H](O)[C@]3(C)[C@@H]2CC[C@]4(C)[C@H](OC(=O)[C@H]5O[C@@]345)c6cocc6","","23571415"
"CHEMBL3039103","COC1=C(O)C(=O)c2c(O)c3c(O)c(oc3cc2C1=O)C(=O)C","","23571415"
"CHEMBL559180","Cl.CC(COc1ccccc1)NC(C)C(O)c2ccc(O)cc2","","23571415"
"CHEMBL559180","Cl.CC(COc1ccccc1)NC(C)C(O)c2ccc(O)cc2","","23571415"
"CHEMBL460499","CCCCCCNC(=O)N1C=C(F)C(=O)NC1=O","","23571415"
"CHEMBL460499","CCCCCCNC(=O)N1C=C(F)C(=O)NC1=O","","23571415"
"CHEMBL832","[O-][S+](CCC1C(=O)N(N(C1=O)c2ccccc2)c3ccccc3)c4ccccc4","","23571415"
"CHEMBL374478","CO[C@H]1\C=C\O[C@@]2(C)Oc3c(C)c(O)c4c(O)c(NC(=O)\C(=C/C=C/[C@H](C)[C@H](O)[C@@H](C)[C@@H](O)[C@@H](C)[C@H](OC(=O)C)[C@@H]1C)\C)c(\C=N\N5CCN(C)CC5)c(O)c4c3C2=O","","22587986"
"CHEMBL2074777","CC1=CC(=O)C(=C(CCC(C)(C)COc2ccc(CC3SC(=O)NC3=O)cc2)C1=O)C","inhibitor [20% inhibition of control]","14977862"
"CHEMBL135","C[C@]12CC[C@H]3[C@@H](CCc4cc(O)ccc34)[C@@H]1CC[C@@H]2O","","22541068"
"CHEMBL3138669","COC(=O)[C@H]1OC(=O)[C@H]2O[C@@]23[C@]1(C)CC[C@@H]4[C@]5(C)CCC(=O)C(C)(C)[C@@H]5C[C@@H](OC(=O)C)[C@]34C","","23571415"
"CHEMBL548","CCCCC[C@H](O)\C=C\[C@H]1[C@H](O)CC(=O)[C@@H]1C\C=C/CCCC(=O)O","substrate [+]","10358072"
"CHEMBL230006","CC1(C)[C@@H](O)CC[C@@]2(C)[C@H]1CC[C@]3(C)[C@@H]2C(=O)C=C4[C@@H]5C[C@](C)(CC[C@]5(C)CC[C@@]34C)C(=O)O","","23571415"
"CHEMBL2418990","CC(C)CCC[C@@H](C)[C@H]1CC[C@H]2[C@@H]3CC(=O)[C@H]4C[C@@H](O)CC[C@]4(C)[C@H]3CC[C@]12C","","23571415"
"CHEMBL3039594","CNC(C)[C@@H]1CC[C@@H](N)[C@@H](O[C@@H]2[C@@H](N)C[C@@H](N)[C@H](O[C@H]3OC[C@](C)(O)[C@H](NC)[C@H]3O)[C@H]2O)O1.CN[C@@H]4[C@@H](O)[C@@H](O[C@H]5[C@H](N)C[C@H](N)[C@@H](O[C@H]6O[C@H](CN)CC[C@H]6N)[C@@H]5O)OC[C@]4(C)O.CN[C@@H]7[C@@H](O)[C@@H](O[C@H]8[C@H](N)C[C@H](N)[C@@H](O[C@H]9O[C@@H](CC[C@H]9N)C(C)N)[C@@H]8O)OC[C@]7(C)O.OS(=O)(=O)O","","23571415"
"CHEMBL3039594","CNC(C)[C@@H]1CC[C@@H](N)[C@@H](O[C@@H]2[C@@H](N)C[C@@H](N)[C@H](O[C@H]3OC[C@](C)(O)[C@H](NC)[C@H]3O)[C@H]2O)O1.CN[C@@H]4[C@@H](O)[C@@H](O[C@H]5[C@H](N)C[C@H](N)[C@@H](O[C@H]6O[C@H](CN)CC[C@H]6N)[C@@H]5O)OC[C@]4(C)O.CN[C@@H]7[C@@H](O)[C@@H](O[C@H]8[C@H](N)C[C@H](N)[C@@H](O[C@H]9O[C@@H](CC[C@H]9N)C(C)N)[C@@H]8O)OC[C@]7(C)O.OS(=O)(=O)O","","23571415"
"CHEMBL537","Oc1ccc(O)cc1","","23571415"
"CHEMBL227934","O=C1C[C@@H]2OCC=C3CN4CC[C@@]56[C@@H]4C[C@@H]3[C@@H]2[C@@H]5N1c7ccccc67","","23571415"
"CHEMBL517","CC(C)N(CCC(C(=O)N)(c1ccccc1)c2ccccn2)C(C)C","","22541068"
"CHEMBL506084","COC(=O)[C@@]1(O)OC[C@@]23[C@H](C[C@@H](OC(=O)C)[C@]4(CO[C@@H]([C@@H](O)[C@](C)([C@H]12)[C@]56O[C@@]5(C)[C@@H]7C[C@H]6O[C@@H]8OC=C[C@]78O)[C@H]34)C(=O)OC)OC(=O)\C(=C\C)\C","","23571415"
"CHEMBL65","CC[C@@]1(O)C(=O)OCC2=C1C=C3N(Cc4cc5ccccc5nc34)C2=O","","23571415"
"CHEMBL454446","CO\N=C(/C(=O)N[C@H]1[C@H]2SCC(=C(N2C1=O)C(=O)OCOC(=O)C(C)(C)C)\C=C/c3scnc3C)\c4csc(N)n4","","23571415"
"CHEMBL1519","CCOC(=O)[C@H](CCc1ccccc1)N[C@@H](C)C(=O)N2[C@H]3CCCC[C@@H]3C[C@H]2C(=O)O","","23571415"
"CHEMBL168","CC1(C)CC[C@@]2(CC[C@]3(C)C(=CC[C@@H]4[C@@]5(C)CC[C@H](O)C(C)(C)[C@@H]5CC[C@@]34C)[C@@H]2C1)C(=O)O","","23571415"
"CHEMBL168","CC1(C)CC[C@@]2(CC[C@]3(C)C(=CC[C@@H]4[C@@]5(C)CC[C@H](O)C(C)(C)[C@@H]5CC[C@@]34C)[C@@H]2C1)C(=O)O","","23571415"
"CHEMBL1290347","COc1ccc(cc1)C2=COc3c(O)c(OC)ccc3C2=O","","23571415"
"CHEMBL690","[Na+].CC[C@H](C)C(=O)O[C@H]1C[C@H](O)C=C2C=C[C@H](C)[C@H](CC[C@@H](O)C[C@@H](O)CC(=O)[O-])[C@@H]12","","23571415"
"CHEMBL1200430","CC(=O)Oc1ccc2[C@H]3CC[C@]4(C)[C@@H](O)CC[C@H]4[C@@H]3CCc2c1","","23571415"
"CHEMBL229128","Cc1ccccc1OCC(O)CO","","23571415"
"CHEMBL111743","C[C@]12CC[C@H]3[C@@H](CC[C@]4(O)C[C@@H](O)CC[C@]34C=O)[C@@]1(O)CC[C@@H]2C5=CC(=O)OC5","","23571415"
"CHEMBL111743","C[C@]12CC[C@H]3[C@@H](CC[C@]4(O)C[C@@H](O)CC[C@]34C=O)[C@@]1(O)CC[C@@H]2C5=CC(=O)OC5","","23571415"
"CHEMBL111743","C[C@]12CC[C@H]3[C@@H](CC[C@]4(O)C[C@@H](O)CC[C@]34C=O)[C@@]1(O)CC[C@@H]2C5=CC(=O)OC5","","23571415"
"CHEMBL1487","CC(C)c1c(C(=O)Nc2ccccc2)c(c3ccccc3)c(c4ccc(F)cc4)n1CC[C@@H](O)C[C@@H](O)CC(=O)O","","22541068"
"CHEMBL3929544","FC(F)(F)c1cncc(NS(=O)(=O)c2ccccc2C(F)(F)F)c1","",""
"CHEMBL238188","CC(=CCc1c(O)c2C(=O)C(=COc2c3C=CC(C)(C)Oc13)c4ccc(O)cc4)C","","23571415"
"CHEMBL4","CC1COc2c(N3CCN(C)CC3)c(F)cc4C(=O)C(=CN1c24)C(=O)O","","23571415"
"CHEMBL2356687","CCC(=O)O[C@H]1CC[C@H]2[C@@H]3CCc4cc(O)ccc4[C@H]3CC[C@]12C","","23571415"
"CHEMBL1331216","CN1[C@@H]2CC[C@H]1C[C@H](C2)OC(=O)[C@H](CO)c3ccccc3","","23571415"
"CHEMBL1331216","CN1[C@@H]2CC[C@H]1C[C@H](C2)OC(=O)[C@H](CO)c3ccccc3","","23571415"
"CHEMBL2181295","COc1cc2OC[C@H]3Oc4c(CC=C(C)C)c(O)ccc4C(=O)[C@H]3c2cc1OC","","23571415"
"CHEMBL2181295","COc1cc2OC[C@H]3Oc4c(CC=C(C)C)c(O)ccc4C(=O)[C@H]3c2cc1OC","","23571415"
"CHEMBL1405","C[C@]12CC[C@H]3[C@@H](CCc4cc(O)ccc34)[C@@H]1CCC2=O","","23571415"
"CHEMBL1200449","CC(=O)OCC(=O)[C@@]1(O)[C@@H](C[C@H]2[C@@H]3CCC4=CC(=O)C=C[C@]4(C)[C@@]3(F)[C@@H](O)C[C@]12C)OC(=O)C","","23571415"
"CHEMBL1200479","Cl.CCN(CC)CCOC(=O)C1(CCCCC1)C2CCCCC2","","23571415"
"CHEMBL1200761","COc1ccc(cc1)C(=C(c2ccc(OC)cc2)c3ccc(OC)cc3)Cl","","23571415"
"CHEMBL3084891","CN1[C@@H]2CC[C@H]1C[C@H](C2)OC(c3ccccc3)c4ccccc4N","","23571415"
"CHEMBL560976","NC[C@@H]1CC[C@@H](N)[C@@H](O[C@@H]2[C@@H](N)C[C@@H](N)[C@H](O[C@H]3O[C@H](CO)[C@@H](O)[C@H](N)[C@H]3O)[C@H]2O)O1","","23571415"
"CHEMBL8145","Oc1ccc(cc1)C2=COc3cc(O)ccc3C2=O","","22541068"
"CHEMBL6995","CC(C)NCC(O)COc1ccc(NC(=O)C)cc1","","23571415"
"CHEMBL977","C[C@]12CCC(=O)C=C1CC[C@H]3[C@@H]4CC[C@](O)(C(=O)COC(=O)CCC(=O)O)[C@@]4(C)C[C@H](O)[C@H]23","","23571415"
"CHEMBL486400","CC1(C)CC[C@@]2(CC[C@]3(C)C(=CC[C@@H]4[C@@]5(C)CC[C@H](O)[C@@](C)(CO)[C@@H]5CC[C@@]34C)[C@@H]2C1)C(=O)O","","23571415"
"CHEMBL486400","CC1(C)CC[C@@]2(CC[C@]3(C)C(=CC[C@@H]4[C@@]5(C)CC[C@H](O)[C@@](C)(CO)[C@@H]5CC[C@@]34C)[C@@H]2C1)C(=O)O","","23571415"
"CHEMBL2269376","COC(=O)C(OC(=O)C)[C@H]1C(C)(C)C(=O)C[C@@H]2O[C@]34CC(=O)O[C@@H](c5cocc5)[C@]3(C)CC[C@@H](C4=C)[C@]12C","","23571415"
"CHEMBL776","CC(C)NCC(O)c1cc(O)cc(O)c1","","23571415"
"CHEMBL3344499","CC[C@@H]1NC(=O)[C@H]([C@H](O)[C@H](C)C\C=C\C)N(C)C(=O)[C@H](C(C)C)N(C)C(=O)[C@H](CC(C)C)N(C)C(=O)[C@H](CC(C)C)N(C)C(=O)[C@@H](C)NC(=O)[C@H](C)NC(=O)[C@H](CC(C)C)N(C)C(=O)[C@@H](NC(=O)[C@H]([C@H](C)CN2CCC(CC2)C#N)N(C)C(=O)[C@@H](C)N(C)C1=O)C(C)C","","25310383"
"CHEMBL1255778","Cl.NC(CO)C(=O)NNCc1ccc(O)c(O)c1O","","23571415"
"CHEMBL1243","Nc1ccc(cc1)S(=O)(=O)NC(=O)c2ccccc2","","23571415"
"CHEMBL3137745","Cl.Cl.CCN(CC)Cc1cc(Nc2ccnc3cc(Cl)ccc23)ccc1O","","23571415"
"CHEMBL572","[O-][N+](=O)c1oc(\C=N\N2CC(=O)NC2=O)cc1","","22541068"
"CHEMBL572","[O-][N+](=O)c1oc(\C=N\N2CC(=O)NC2=O)cc1","","22541068"
"CHEMBL240597","C[C@H](CCC(=O)O)[C@H]1CC[C@H]2[C@@H]3[C@H](O)C[C@@H]4C[C@H](O)CC[C@]4(C)[C@H]3CC[C@]12C","","23571415"
"CHEMBL224146","COc1cc(cc(OC)c1O)C(=O)C","","23571415"
"CHEMBL496","Oc1c(Cl)cc(Cl)c(Cl)c1Cc2c(O)c(Cl)cc(Cl)c2Cl","","23571415"
"CHEMBL496","Oc1c(Cl)cc(Cl)c(Cl)c1Cc2c(O)c(Cl)cc(Cl)c2Cl","","23571415"
"CHEMBL782","CCCCNC(=O)NS(=O)(=O)c1ccc(C)cc1","","23571415"
"CHEMBL1232444","C[C@]12CC[C@H]3[C@@H](CCc4cc(O[C@@H]5O[C@@H]([C@@H](O)[C@H](O)[C@H]5O)C(=O)O)ccc34)[C@@H]1CCC2=O","inhibitor [(at a rough estimate) 40 % of control]","11683238"
"CHEMBL16312","COc1ccc(cc1)C2=CC(=O)c3ccccc3O2","","23571415"
"CHEMBL278172","CCOC(=O)c1ccc(N)cc1","","23571415"
"CHEMBL3039411","COC(=O)C[C@H]1C2(C)CC34OC5(C)O[C@@]6([C@H](OC(=O)C)[C@@]3(O)C2OC(=O)C(C)C)C7\C(=C(\O)/C(C)C)\C(=O)O[C@@H](c8cocc8)[C@]7(C)C(OC(=O)C)[C@@H](OC(=O)C)[C@]6(O5)[C@]14C","","23571415"
"CHEMBL1017","CCCc1nc2c(C)cc(cc2n1Cc3ccc(cc3)c4ccccc4C(=O)O)c5nc6ccccc6n5C","","23571415"
"CHEMBL1358662","Cl.CC(C)NC[C@@H](O)COc1cccc2ccccc12","","23571415"
"CHEMBL1479987","CC(=C)C1Cc2c(O)c(ccc2O1)C(=O)O","","23571415"
"CHEMBL1609430","Cl.CON","","23571415"
"CHEMBL1609430","Cl.CON","","23571415"
"CHEMBL648","CN1CCN(CC1)C(c2ccccc2)c3ccccc3","","23571415"
"CHEMBL1160544","CC(C)(C)NCC(O)c1cc(O)cc(O)c1.OS(=O)(=O)O","","23571415"
"CHEMBL125","CCCCCCCCCCCCCCCCOP(=O)([O-])OCC[N+](C)(C)C","","23571415"
"CHEMBL3138707","C[C@@H]1CCC(Cl)C[C@H]1C(=O)OC(C)(C)C.C[C@@H]2CC(Cl)CC[C@H]2C(=O)OC(C)(C)C","","23571415"
"CHEMBL3039141","C\C\1=C/CCC(=O)C2CC(C)(C)C2CC1","","23571415"
"CHEMBL1016","CCOc1nc2cccc(C(=O)O)c2n1Cc3ccc(cc3)c4ccccc4c5nnn[nH]5","","22541068"
"CHEMBL1018","C\C=C(\C(=C\C)\c1ccc(O)cc1)/c2ccc(O)cc2","","23571415"
"CHEMBL1018","C\C=C(\C(=C\C)\c1ccc(O)cc1)/c2ccc(O)cc2","","23571415"
"CHEMBL12","CN1C(=O)CN=C(c2ccccc2)c3cc(Cl)ccc13","","22541068"
"CHEMBL504794","C\C=C(/C)\C(=O)O[C@H]1[C@H](OC(=O)C)[C@]2(CO)[C@H](O)C[C@@]3(C)C(=CC[C@@H]4[C@@]5(C)CC[C@H](O[C@@H]6O[C@@H]([C@@H](O[C@@H]7O[C@H](CO)[C@@H](O)[C@H](O)[C@H]7O)[C@H](O)[C@H]6O[C@@H]8O[C@H](CO)[C@@H](O)[C@H](O)[C@H]8O)C(=O)O)[C@H](CO)C5CC[C@@]34C)C2CC1(C)C","","23571415"
"CHEMBL91732","CNC(=O)O\N=C\C(C)(C)SC","","23571415"
"CHEMBL274189","[Cl-].COc1cc2CC[n+]3cc4c(OC)c(OC)ccc4cc3c2cc1OC","","23571415"
"CHEMBL3138715","CC(C)[C@H](NC(=O)[C@H](Cc1ccc(O)cc1)NC(=O)[C@@H](NC(=O)C(F)(F)F)C(C)C)C(=O)O","","23571415"
"CHEMBL1072","CCCCNc1cc(cc(c1Oc2ccccc2)S(=O)(=O)N)C(=O)O","","23571415"
"CHEMBL514446","C[C@H](CCC(=O)O)[C@H]1CC[C@H]2[C@H]3[C@H](CC(=O)[C@]12C)[C@@]4(C)CCC(=O)C[C@H]4CC3=O","","23571415"
"CHEMBL493815","CC(=O)Oc1ccc2c(Oc3cc(OC(=O)C)ccc3C24OC(=O)c5cc(ccc45)C(=O)O)c1","","22541068"
"CHEMBL490","Fc1ccc(cc1)[C@@H]2CCNC[C@H]2COc3ccc4OCOc4c3","","22541068"
"CHEMBL2369946","CC(O)C[C@@H]1NC(=O)[C@@H]2Cc3c(SC[C@@H](NC(=O)[C@@H](NC(=O)[C@H](C)NC1=O)[C@@H](C)O)C(=O)N4C[C@H](O)C[C@H]4C(=O)N[C@@H](C)C(=O)N2)[nH]c5ccccc35","substrate [Km=17u M]","15238259"
"CHEMBL2369946","CC(O)C[C@@H]1NC(=O)[C@@H]2Cc3c(SC[C@@H](NC(=O)[C@@H](NC(=O)[C@H](C)NC1=O)[C@@H](C)O)C(=O)N4C[C@H](O)C[C@H]4C(=O)N[C@@H](C)C(=O)N2)[nH]c5ccccc35","substrate [Km=17u M]","15238259"
"CHEMBL1333653","COC1=CC(=O)C(=C/C/1=C\C=C\c2ccccc2)O","","23571415"
"CHEMBL1333653","COC1=CC(=O)C(=C/C/1=C\C=C\c2ccccc2)O","","23571415"
"CHEMBL2288851","COC(=O)[C@H](O)[C@H]1C(C)(C)[C@H](OC(=O)\C(=C\C)\C)[C@@H]2C=C3[C@H](CC[C@]4(C)[C@H]3CC(=O)O[C@H]4c5cocc5)[C@@]1(C)C2=O","","23571415"
"CHEMBL1554","CC(C)[C@H]1NC(=O)[C@@H](NC(=O)C2=C(N)C(=O)C(=C3Oc4c(C)ccc(C(=O)N[C@H]5[C@@H](C)OC(=O)[C@H](C(C)C)N(C)C(=O)CN(C)C(=O)[C@@H]6CCCN6C(=O)[C@H](NC5=O)C(C)C)c4N=C23)C)[C@@H](C)OC(=O)[C@H](C(C)C)N(C)C(=O)CN(C)C(=O)[C@@H]7CCCN7C1=O","","23571415"
"CHEMBL25424","CC(=CCC\C(=C\CCC(C)(O)C=C)\C)C","","23571415"
"CHEMBL25424","CC(=CCC\C(=C\CCC(C)(O)C=C)\C)C","","23571415"
"CHEMBL403272","OC(=O)CCCN1C(=O)c2cccc3cccc(C1=O)c23","","23571415"
"CHEMBL1594935","Cl.Cl.NCCSSCCN","","23571415"
"CHEMBL1255901","C\C=C\1/[C@@H]2CC3=C(C=CC(=O)N3)[C@]1(N)CC(=C2)C","","23571415"
"CHEMBL295698","CC(=O)N1CCN(CC1)c2ccc(OC[C@@H]3CO[C@](Cn4ccnc4)(O3)c5ccc(Cl)cc5Cl)cc2","","23571415"
"CHEMBL3138710","CC1(C)[C@H](O)CC(=O)[C@@]2(C)[C@H]1CC(=O)[C@]3(C)[C@@H]2CC[C@@]4(C)[C@@H](OC(=O)[C@H]5O[C@@]345)c6cocc6","","23571415"
"CHEMBL3138710","CC1(C)[C@H](O)CC(=O)[C@@]2(C)[C@H]1CC(=O)[C@]3(C)[C@@H]2CC[C@@]4(C)[C@@H](OC(=O)[C@H]5O[C@@]345)c6cocc6","","23571415"
"CHEMBL106","OC(Cn1cncn1)(Cn2cncn2)c3ccc(F)cc3F","","22541068"
"CHEMBL998","CCOC(=O)N1CCC(=C2c3ccc(Cl)cc3CCc4cccnc24)CC1","","22541068"
"CHEMBL1511957","Cl.CCN1CCCC(C1)OC(=O)C(c2ccccc2)c3ccccc3","","23571415"
"CHEMBL2074585","C[C@]12CC[C@H]3[C@@H](CCc4cc(OS(=O)(=O)O)ccc34)[C@@H]1CC[C@@H]2O[C@@H]5O[C@@H]([C@@H](O)[C@H](O)[C@H]5O)C(=O)O","inhibitor [(at a rough estimate) 40 % of control]","11683238"
"CHEMBL2074585","C[C@]12CC[C@H]3[C@@H](CCc4cc(OS(=O)(=O)O)ccc34)[C@@H]1CC[C@@H]2O[C@@H]5O[C@@H]([C@@H](O)[C@H](O)[C@H]5O)C(=O)O","inhibitor [(at a rough estimate) 40 % of control]","11683238"
"CHEMBL2074585","C[C@]12CC[C@H]3[C@@H](CCc4cc(OS(=O)(=O)O)ccc34)[C@@H]1CC[C@@H]2O[C@@H]5O[C@@H]([C@@H](O)[C@H](O)[C@H]5O)C(=O)O","inhibitor [(at a rough estimate) 40 % of control]","11683238"
"CHEMBL113","CN1C(=O)N(C)c2ncn(C)c2C1=O","","22541068"
"CHEMBL113","CN1C(=O)N(C)c2ncn(C)c2C1=O","","22541068"
"CHEMBL113","CN1C(=O)N(C)c2ncn(C)c2C1=O","","22541068"
"CHEMBL3039164","CC(=O)Oc1cc2c(CC3OC34[C@@]2(C)CC[C@@]5(C)C6C[C@@](C)(CC[C@]6(C)CC[C@]45C)C(=O)O)c(C)c1OC(=O)C","","23571415"
"CHEMBL3039359","C[C@H]1[C@@H]2CC[C@@]3(C)C=CC(=O)[C@@]4(C)O[C@@]34[C@H]2OC1=O","","23571415"
"CHEMBL251188","CC(C)c1c(CC[C@@H](O)C[C@@H](O)CC(=O)O)n(nc1C(=O)NCc2ccc(C)cc2)c3ccc(F)cc3","","21183342"
"CHEMBL1034","[Na+].[O-]C(=O)Cc1ccccc1Nc2c(Cl)cccc2Cl","","23571415"
"CHEMBL1790017","CC(C)c1c(C(=O)Nc2ccccc2)c(c3ccccc3)c(c4ccc(F)cc4)n1CC[C@@H](O)C[C@@H](O)CC(=O)O.CC(C)c5c(C(=O)Nc6ccccc6)c(c7ccccc7)c(c8ccc(F)cc8)n5CC[C@@H](O)C[C@@H](O)CC(=O)O","inhibitor [IC50=0.87 +/- 0.23uM]","15616150"
"CHEMBL501235","COc1cc(\C=C\C(=O)O)cc(OC)c1OC","","23571415"
"CHEMBL501235","COc1cc(\C=C\C(=O)O)cc(OC)c1OC","","23571415"
"CHEMBL501235","COc1cc(\C=C\C(=O)O)cc(OC)c1OC","","23571415"
"CHEMBL908","CN(C)CC\C=C/1\c2ccccc2Sc3ccc(Cl)cc13","","22541068"
"CHEMBL453805","CC(=CCOc1c2OC(=O)C=Cc2cc3ccoc13)C","","23571415"
"CHEMBL184","Nc1nc(O)c2ncn(COCCO)c2n1","","23571415"
"CHEMBL3344496","CC[C@@H]1NC(=O)[C@H]([C@H](O)[C@H](C)C\C=C\C)N(C)C(=O)[C@H](C(C)C)N(C)C(=O)[C@H](CC(C)C)N(C)C(=O)[C@H](CC(C)C)N(C)C(=O)[C@@H](C)NC(=O)[C@H](C)NC(=O)[C@H](CC(C)C)N(C)C(=O)[C@@H](NC(=O)[C@H]([C@H](C)CN2CCCOCC2)N(C)C(=O)[C@@H](C)N(C)C1=O)C(C)C","","25310383"
"CHEMBL1256511","Cl.NCCCCC(=O)O","","23571415"
"CHEMBL1431","CN(C)C(=N)NC(=N)N","","22541068"
"CHEMBL1431","CN(C)C(=N)NC(=N)N","","22541068"
"CHEMBL1200396","Cl.CCCCN1CCCCC1C(=O)Nc2c(C)cccc2C","","23571415"
"CHEMBL1201753","O[C@H](C[C@H](O)\C=C\c1c(nc2ccccc2c1c3ccc(F)cc3)C4CC4)CC(=O)O","substrate []","15159445"
"CHEMBL3138693","CC(=O)O[C@@H]1C[C@H]2C(C)(C)[C@@H](O)CC[C@]2(C)[C@H]3CC[C@@]4(C)[C@@H](OC(=O)C=C4[C@]13C)c5cocc5","","23571415"
"CHEMBL3138717","CC1(C)C=CC(=O)[C@@]2(C)[C@H]1CC(=O)[C@]3(C)[C@@H]2CC[C@@]4(C)[C@@H](OC(=O)[C@H]5O[C@@]345)c6cocc6","","23571415"
"CHEMBL551842","CCCCCc1c2Oc3cc(OC)cc(C(=O)CCCC)c3C(=O)Oc2cc(O)c1C(=O)O","","23571415"
"CHEMBL551842","CCCCCc1c2Oc3cc(OC)cc(C(=O)CCCC)c3C(=O)Oc2cc(O)c1C(=O)O","","23571415"
"CHEMBL1517651","Cl.CN1CCc2cc3OCOc3cc2C1O","","23571415"
"CHEMBL498","CCCNC(=O)NS(=O)(=O)c1ccc(Cl)cc1","","23571415"
"CHEMBL1709","Cl.CN[C@H]1CC[C@@H](c2ccc(Cl)c(Cl)c2)c3ccccc13","","23571415"
"CHEMBL54572","N[C@@H](Cc1ccccc1)C(=O)N[C@@H](Cc2ccc(O)cc2)C(=O)O","","23571415"
"CHEMBL22","COc1cc(Cc2cnc(N)nc2N)cc(OC)c1OC","","23571415"
"CHEMBL1256818","O.Br.COc1ccc2C[C@H]3[C@H]4CCCC[C@@]4(CCN3C)c2c1","","23571415"
"CHEMBL1401367","[Br-].CC[N+]1(C)CCCC(C1)OC(=O)C(O)(c2ccccc2)c3ccccc3","","23571415"
"CHEMBL3138631","CC(=O)O[C@H]1CC(=C)[C@H](CC[C@](C)(O)C=C)[C@@]2(C)CCCC(C)(C)[C@H]12","","23571415"
"CHEMBL3138631","CC(=O)O[C@H]1CC(=C)[C@H](CC[C@](C)(O)C=C)[C@@]2(C)CCCC(C)(C)[C@H]12","","23571415"
"CHEMBL1164","[Na+].COc1cccc(OC)c1C(=O)N[C@H]2[C@H]3SC(C)(C)[C@@H](N3C2=O)C(=O)[O-]","","23571415"
"CHEMBL556001","Cl.COc1cccc(OC)c1OCCNCC2COc3ccccc3O2","","23571415"
"CHEMBL542157","Cl.OC(=O)C1=CN(c2ccc(F)cc2)c3cc(N4CCNCC4)c(F)cc3C1=O","","23571415"
"CHEMBL542157","Cl.OC(=O)C1=CN(c2ccc(F)cc2)c3cc(N4CCNCC4)c(F)cc3C1=O","","23571415"
"CHEMBL1367565","Cl.NCC(O)c1ccc(O)cc1","","23571415"
"CHEMBL1314376","[K+].COc1cc(O)c2C(=O)C=C(Oc2c1)c3ccc(OC)c(c3)c4c(O)cc(O)c5C(=O)C=C(Oc45)c6ccc([O-])cc6","","23571415"
"CHEMBL2105615","O.O.Cl.Cl.CCN(CC)CCCC(C)Nc1c2ccc(Cl)cc2nc3ccc(OC)cc13","","23571415"
"CHEMBL52440","COc1ccc2C[C@H]3[C@H]4CCCC[C@@]4(CCN3C)c2c1","","22541068"
"CHEMBL2068237","","","23571415"
"CHEMBL310671","O=C1NS(=O)(=O)c2ccccc12","","23571415"
"CHEMBL310671","O=C1NS(=O)(=O)c2ccccc12","","23571415"
"CHEMBL12948","CC1CCC(CC1)NC(=O)N(CCCl)N=O","","23571415"
"CHEMBL3138686","CC(=CCC[C@@]1(C)Cc2c(CC=C(C)C)c3O[C@@]45[C@H]6C[C@@H](C=C4C(=O)c3c(O)c2C=C1)C(=O)[C@]5(C\C=C(\C)/C(=O)N)OC6(C)C)C","","23571415"
"CHEMBL3138702","CC(C)c1c(O)c(cc2c1CC[C@H]3C(C)(C)CCC[C@]23C)c4cc5c(CC[C@H]6C(C)(C)CCC[C@]56C)c(C(C)C)c4O","","23571415"
"CHEMBL3039087","CC1(C)C[C@H]2[C@H]1CC[C@@]3(C)O[C@@H]3CCC2=O","","23571415"
"CHEMBL553204","COc1ccc(cc1)C2=C(O[C@@H]3O[C@@H](C)[C@H](O)[C@@H](O)[C@H]3O)C(=O)c4c(O)cc(O[C@@H]5O[C@H](CO)[C@@H](O)[C@H](O)[C@H]5O)c(CC=C(C)C)c4O2","","23571415"
"CHEMBL224128","CC(C)(O)CC[C@@H](O)[C@](C)(O)[C@H]1CC[C@@]2(O)C3=CC(=O)[C@@H]4C[C@@H](O)[C@@H](O)C[C@]4(C)[C@H]3CC[C@]12C","","23571415"
"CHEMBL224128","CC(C)(O)CC[C@@H](O)[C@](C)(O)[C@H]1CC[C@@]2(O)C3=CC(=O)[C@@H]4C[C@@H](O)[C@@H](O)C[C@]4(C)[C@H]3CC[C@]12C","","23571415"
"CHEMBL224128","CC(C)(O)CC[C@@H](O)[C@](C)(O)[C@H]1CC[C@@]2(O)C3=CC(=O)[C@@H]4C[C@@H](O)[C@@H](O)C[C@]4(C)[C@H]3CC[C@]12C","","23571415"
"CHEMBL36028","[Na+].[O-]C(=O)c1oc2ccc(Cc3cccnc3)cc2c1","","23571415"
"CHEMBL36028","[Na+].[O-]C(=O)c1oc2ccc(Cc3cccnc3)cc2c1","","23571415"
"CHEMBL36028","[Na+].[O-]C(=O)c1oc2ccc(Cc3cccnc3)cc2c1","","23571415"
"CHEMBL36028","[Na+].[O-]C(=O)c1oc2ccc(Cc3cccnc3)cc2c1","","23571415"
"CHEMBL36028","[Na+].[O-]C(=O)c1oc2ccc(Cc3cccnc3)cc2c1","","23571415"
"CHEMBL1616","Cl.CN1CCc2cccc3c2[C@H]1Cc4ccc(O)c(O)c34","","23571415"
"CHEMBL452232","CC1(C)[C@@H]2CC(=O)[C@]3(C)[C@H](CC[C@@]4(C)[C@@H](OC(=O)[C@H]5O[C@@]345)c6cocc6)[C@@]2(C)C=CC1=O","","23571415"
"CHEMBL460656","C[C@H](C[C@@H](O)[C@@H]1OC1(C)C)[C@@H]2CC[C@]3(C)C4=CC[C@H]5C(C)(C)C(=O)CC[C@]5(C)[C@H]4CC[C@@]23C","","23571415"
"CHEMBL1463345","C[C@]12CCC(=O)C=C1C=C[C@@H]3[C@@H]2CC[C@@]4(C)[C@H]3CC[C@@]45CCC(=O)O5","","23571415"
"CHEMBL1437065","NC(=O)c1cc(cc(c1)[N+](=O)[O-])[N+](=O)[O-]","","23571415"
"CHEMBL1200357","[Na+].[Na+].CO[C@]1(NC(=O)C(C(=O)[O-])c2ccc(O)cc2)[C@H]3OCC(=C(N3C1=O)C(=O)[O-])CSc4nnnn4C","","23571415"
"CHEMBL1078051","COC(=O)CC[C@@H](C)[C@H]1CC[C@H]2[C@@H]3CC[C@@H]4C[C@H](O)CC[C@]4(C)[C@H]3C[C@H](O)[C@]12C","","23571415"
"CHEMBL275224","c1ccc2c(c1)[nH]c3cnccc23","","23571415"
"CHEMBL3138730","CC(=O)O[C@H]1CC[C@]23[C@H]4CC[C@]5(C)[C@H](CC[C@]5(OC2=O)[C@@H]4CC[C@]3(O)C1)C6=CC(=O)OC6","","23571415"
"CHEMBL3039173","COc1ccc2CC[C@H]3CC(=O)CC[C@]3(C)c2c1","","23571415"
"CHEMBL533841","O[C@@H]([C@@H]1C[C@@H]2CCN1C[C@@H]2C=C)c3ccnc4ccccc34","","23571415"
"CHEMBL1321154","Oc1ccc(cc1[N+](=O)[O-])[As](=O)(O)O","","23571415"
"CHEMBL22077","CCN(CC)CCNc1ccc(CO)c2Sc3ccccc3C(=O)c12","","23571415"
"CHEMBL1256957","COCCc1ccc(OCC(O)CNC(C)C)cc1.OC(C(O)C(=O)O)C(=O)O","","23571415"
"CHEMBL49732","COc1ccc2C=CC(=O)Oc2c1","","23571415"
"CHEMBL49732","COc1ccc2C=CC(=O)Oc2c1","","23571415"
"CHEMBL1201391","CCC(C)(C)C(=O)O[C@H]1C[C@@H](C)C=C2C=C[C@H](C)[C@H](CC[C@@H](O)C[C@@H](O)CC(=O)O)[C@@H]12","inhibitor [IC50=3.6 +/- 1.7uM]","15616150"
"CHEMBL1201","CN(C)S(=O)(=O)c1ccc2Sc3ccccc3\C(=C\CCN4CCN(C)CC4)\c2c1","","23571415"
"CHEMBL3138662","CCCCCCCCCCCC[C@H]([C@H](C)C(=O)O)C(=O)O","","23571415"
"CHEMBL3138719","[K+].[K+].CC(C)CC(=O)O[C@H]1[C@@H](O[C@@H]2C[C@H]([C@H]3CC[C@@]45CC(CC[C@H]4[C@]3(C)C2)C(=C)[C@@H]5O)C(=O)O)O[C@H](CO)[C@@H](OS(=O)(=O)[O-])[C@@H]1OS(=O)(=O)[O-]","","23571415"
"CHEMBL3039219","CC(C)CC(=O)c1c(O)c(C)c(O)c2c1oc3c(C(=O)CC(C)C)c(O)c(C)c(O)c23","","23571415"
"CHEMBL173530","COc1cc(C)c2C(=O)Oc3c(C)c(O)c4C(=O)OC(O)c4c3Oc2c1C=O","","23571415"
"CHEMBL173530","COc1cc(C)c2C(=O)Oc3c(C)c(O)c4C(=O)OC(O)c4c3Oc2c1C=O","","23571415"
"CHEMBL1359634","CCCCC(=O)Oc1ccccc1C(=O)O","","23571415"
"CHEMBL480","Cc1c(OCC(F)(F)F)ccnc1C[S+]([O-])c2nc3ccccc3[nH]2","","22541068"
"CHEMBL480","Cc1c(OCC(F)(F)F)ccnc1C[S+]([O-])c2nc3ccccc3[nH]2","","22541068"
"CHEMBL1675","CCCCCCCCCCCCCCCC(=O)OC\C=C(/C)\C=C\C=C(/C)\C=C\C1=C(C)CCCC1(C)C","","23571415"
"CHEMBL111861","C[C@]12CC[C@@H](O)C=C1CC[C@H]3[C@@H]4CC[C@](O)(C(=O)CO)[C@@]4(C)CC(=O)[C@H]23","","23571415"
"CHEMBL35","NS(=O)(=O)c1cc(C(=O)O)c(NCc2occc2)cc1Cl","","23571415"
"CHEMBL712","COc1ccc(cc1)C2C(=O)c3ccccc3C2=O","","23571415"
"CHEMBL1200705","Br.CC(N)Cc1ccc(O)cc1","","23571415"
"CHEMBL139","OC(=O)Cc1ccccc1Nc2c(Cl)cccc2Cl","","22541068"
"CHEMBL286020","COc1cc(ccc1c2nc3ccc[nH]c3n2)[S+](C)[O-]","","23571415"
"CHEMBL1554531","COC1=CC(=O)C(=CC1=O)C(C=C)c2ccccc2","","23571415"
"CHEMBL1554531","COC1=CC(=O)C(=CC1=O)C(C=C)c2ccccc2","","23571415"
"CHEMBL3138685","COC(=O)[C@@H]1OC(=O)[C@H]2O[C@@]23[C@@]1(C)CC[C@@H]4[C@@]5(C)[C@H](C[C@@H](OC(=O)C)C(C)(C)[C@@H]5C[C@@H](O)[C@@]34C)OC(=O)C","","23571415"
"CHEMBL3138685","COC(=O)[C@@H]1OC(=O)[C@H]2O[C@@]23[C@@]1(C)CC[C@@H]4[C@@]5(C)[C@H](C[C@@H](OC(=O)C)C(C)(C)[C@@H]5C[C@@H](O)[C@@]34C)OC(=O)C","","23571415"
"CHEMBL84","CC[C@@]1(O)C(=O)OCC2=C1C=C3N(Cc4cc5c(CN(C)C)c(O)ccc5nc34)C2=O","","22541068"
"CHEMBL84","CC[C@@]1(O)C(=O)OCC2=C1C=C3N(Cc4cc5c(CN(C)C)c(O)ccc5nc34)C2=O","","22541068"
"CHEMBL84","CC[C@@]1(O)C(=O)OCC2=C1C=C3N(Cc4cc5c(CN(C)C)c(O)ccc5nc34)C2=O","","22541068"
"CHEMBL71","CN(C)CCCN1c2ccccc2Sc3ccc(Cl)cc13","","23571415"
"CHEMBL104255","COc1cc(O)c(C(=O)\C=C\c2ccccc2)c(OC)c1","","23571415"
"CHEMBL104255","COc1cc(O)c(C(=O)\C=C\c2ccccc2)c(OC)c1","","23571415"
"CHEMBL2146085","CN[C@@H]1[C@@H](O)[C@@H](O[C@H]2[C@H](N)C[C@H](N)[C@@H](O[C@H]3OC(=CC[C@H]3N)CN)[C@@H]2O)OC[C@]1(C)O.OS(=O)(=O)O","","23571415"
"CHEMBL2105891","CNC(=O)Oc1ccc2N(C)[C@H]3N(C)CC[C@@]3(C)c2c1.CNC(=O)Oc4ccc5N(C)[C@H]6N(C)CC[C@@]6(C)c5c4.OS(=O)(=O)O","","23571415"
"CHEMBL2105891","CNC(=O)Oc1ccc2N(C)[C@H]3N(C)CC[C@@]3(C)c2c1.CNC(=O)Oc4ccc5N(C)[C@H]6N(C)CC[C@@]6(C)c5c4.OS(=O)(=O)O","","23571415"
"CHEMBL374975","C[C@@H]1[C@H](O)CC[C@@]2(C)[C@H]1CC[C@@]3(C)[C@H]2[C@H](O)C[C@H]4\C(=C(/CCC=C(C)C)\C(=O)O)\[C@H](C[C@]34C)OC(=O)C","","23571415"
"CHEMBL374975","C[C@@H]1[C@H](O)CC[C@@]2(C)[C@H]1CC[C@@]3(C)[C@H]2[C@H](O)C[C@H]4\C(=C(/CCC=C(C)C)\C(=O)O)\[C@H](C[C@]34C)OC(=O)C","","23571415"
"CHEMBL1200500","CCC(=O)OCC(=O)[C@@]1(OC(=O)CC)[C@@H](C)C[C@H]2[C@@H]3CCC4=CC(=O)C=C[C@]4(C)[C@@]3(Cl)[C@@H](O)C[C@]12C","","23571415"
"CHEMBL3138656","C[C@@H]([C@H]1OC(C)(C)[C@@H](O)[C@H]1O)[C@@H]2CC[C@]3(C)C4=CC[C@H]5C(C)(C)C(=O)CC[C@]5(C)[C@H]4CC[C@@]23C","","23571415"
"CHEMBL115","CC(C)(C)NC(=O)[C@@H]1CN(Cc2cccnc2)CCN1C[C@@H](O)C[C@@H](Cc3ccccc3)C(=O)N[C@@H]4[C@H](O)Cc5ccccc45","","22541068"
"CHEMBL573","OC(=O)c1cccnc1","","23571415"
"CHEMBL573","OC(=O)c1cccnc1","","23571415"
"CHEMBL559337","OC(=O)C1=Cc2ccc(O)c(O)c2C(=O)C(=C1)O","","23571415"
"CHEMBL1368146","OC(=O)c1ccc(cc1)S(=O)(=O)N(Cl)Cl","","23571415"
"CHEMBL942","CC(=O)Oc1ccc(cc1)C(c2ccc(OC(=O)C)cc2)c3ccccn3","","23571415"
"CHEMBL942","CC(=O)Oc1ccc(cc1)C(c2ccc(OC(=O)C)cc2)c3ccccn3","","23571415"
"CHEMBL58","OCCNCCNc1ccc(NCCNCCO)c2C(=O)c3c(O)ccc(O)c3C(=O)c12","","22541068"
"CHEMBL462547","CCOC(=O)N","","23571415"
"CHEMBL3527524","COc1ccc2nccc([C@H](O)[C@H]3C[C@@H]4CC[N+]3(C)C[C@@H]4C=C)c2c1","","22541068"
"CHEMBL1318710","COc1cccc2c1CCC3=CC(=O)CC[C@]23C","","23571415"
"CHEMBL1452868","COc1cc2C=CC(=O)Oc2c3ccoc13","","23571415"
"CHEMBL1257030","OC(=O)c1nn(Cc2ccc(Cl)cc2Cl)c3ccccc13","","23571415"
"CHEMBL1257030","OC(=O)c1nn(Cc2ccc(Cl)cc2Cl)c3ccccc13","","23571415"
"CHEMBL1231101","N[C@@H]([C@@H]1CC(=NO1)Cl)C(=O)O","","23571415"
"CHEMBL1231101","N[C@@H]([C@@H]1CC(=NO1)Cl)C(=O)O","","23571415"
"CHEMBL1095566","OC(=O)\C=C\C=C\c1ccccc1","","23571415"
"CHEMBL1095566","OC(=O)\C=C\C=C\c1ccccc1","","23571415"
"CHEMBL3039264","CC(=O)O[C@H]1CC[C@@]2(C)C3CC[C@]4(C)[C@H](OC(=O)C=C4[C@@]3(C)[C@@H](CC2C1(C)C)OC(=O)C)c5cocc5","","23571415"
"CHEMBL1114","CN1C(=O)NC(=O)c2c1ncn2C","","23571415"
"CHEMBL1114","CN1C(=O)NC(=O)c2c1ncn2C","","23571415"
"CHEMBL1071","OC(=O)CCc1oc(c2ccccc2)c(n1)c3ccccc3","","23571415"
"CHEMBL229383","C[C@@H]1OC(=O)C[C@H](O)C[C@H](O)C[C@H](O)CC[C@@H](O)[C@H](O)C[C@]2(O)C[C@H](O)[C@H]([C@H](C[C@@H](O[C@H]3O[C@@H](C)[C@H](O)[C@@H](N)[C@H]3O)\C=C\C=C\C=C\C=C\CC\C=C\C=C\[C@H](C)[C@@H](O)[C@H]1C)O2)C(=O)O","","22541068"
"CHEMBL229383","C[C@@H]1OC(=O)C[C@H](O)C[C@H](O)C[C@H](O)CC[C@@H](O)[C@H](O)C[C@]2(O)C[C@H](O)[C@H]([C@H](C[C@@H](O[C@H]3O[C@@H](C)[C@H](O)[C@@H](N)[C@H]3O)\C=C\C=C\C=C\C=C\CC\C=C\C=C\[C@H](C)[C@@H](O)[C@H]1C)O2)C(=O)O","","22541068"
"CHEMBL449782","COc1ccc2C[C@H]3N(C)CCc4cc(OC)c(Oc5c6OCOc6cc7CCN(C)[C@@H](Cc8ccc(Oc1c2)cc8)c57)cc34","","23571415"
"CHEMBL1326944","COc1ccc2C(=O)C=C(Oc2c1)c3cccc(OC)c3","","23571415"
"CHEMBL2165615","CN(C)C(=O)c1ncc(Oc2cc(cc3oc(C)cc23)C(=O)Nc4cnc(C)cn4)cn1","","22196621"
"CHEMBL1449575","Cl.Cc1nccc2c3ccc(O)cc3[nH]c12","","23571415"
"CHEMBL691","C[C@]12CC[C@H]3[C@@H](CCc4cc(O)ccc34)[C@@H]1CC[C@@]2(O)C#C","","23571415"
"CHEMBL3138646","C[C@](O)(CC[C@H]1C(=C)C[C@H](O)[C@H]2C(C)(C)CCC[C@]12C)C=C","","23571415"
"CHEMBL3138646","C[C@](O)(CC[C@H]1C(=C)C[C@H](O)[C@H]2C(C)(C)CCC[C@]12C)C=C","","23571415"
"CHEMBL3138646","C[C@](O)(CC[C@H]1C(=C)C[C@H](O)[C@H]2C(C)(C)CCC[C@]12C)C=C","","23571415"
"CHEMBL3138646","C[C@](O)(CC[C@H]1C(=C)C[C@H](O)[C@H]2C(C)(C)CCC[C@]12C)C=C","","23571415"
"CHEMBL252721","COc1cc(OC)c2C(=O)C(=COc2c1)c3ccc4OCOc4c3","","23571415"
"CHEMBL252721","COc1cc(OC)c2C(=O)C(=COc2c1)c3ccc4OCOc4c3","","23571415"
"CHEMBL252721","COc1cc(OC)c2C(=O)C(=COc2c1)c3ccc4OCOc4c3","","23571415"
"CHEMBL1770","Cl.C1CN2C[C@@H](N=C2S1)c3ccccc3","","23571415"
"CHEMBL206106","COc1ccc2cc3c4cc(OC)c(OC)cc4CC[n+]3cc2c1OC","","23571415"
"CHEMBL483","C[C@H](Cn1cnc2c(N)ncnc12)OCP(=O)(O)O","","22541068"
"CHEMBL483","C[C@H](Cn1cnc2c(N)ncnc12)OCP(=O)(O)O","","22541068"
"CHEMBL483","C[C@H](Cn1cnc2c(N)ncnc12)OCP(=O)(O)O","","22541068"
"CHEMBL478772","CC(C)c1c(O)ccc2c1CC[C@H]3[C@](C)(CCC[C@]23C)C=O","","23571415"
"CHEMBL465018","CNC(=O)Oc1cccc2OC(C)(C)Oc12","","23571415"
"CHEMBL116468","COc1ccc2[C@H]3CC[C@]4(C)[C@@H](O)CC[C@H]4[C@@H]3CCc2c1","","23571415"
"CHEMBL116468","COc1ccc2[C@H]3CC[C@]4(C)[C@@H](O)CC[C@H]4[C@@H]3CCc2c1","","23571415"
"CHEMBL116468","COc1ccc2[C@H]3CC[C@]4(C)[C@@H](O)CC[C@H]4[C@@H]3CCc2c1","","23571415"
"CHEMBL1333672","[Na+].CCC(C(=O)[O-])c1ccccc1","","23571415"
"CHEMBL1333672","[Na+].CCC(C(=O)[O-])c1ccccc1","","23571415"
"CHEMBL444092","CO[C@@H](Cc1ccccc1)[C@@H](C)\C=C(/C)\C=C\[C@@H]2NC(=O)[C@H](CCCNC(=N)N)NC(=O)[C@@H](C)[C@@H](NC(=O)[C@H](CC(C)C)NC(=O)[C@@H](C)NC(=O)C(=C)N(C)C(=O)CC[C@@H](NC(=O)[C@H]2C)C(=O)O)C(=O)O","substrate [Km=12.4uM]","15737679"
"CHEMBL2206196","NC[C@@H]1O[C@H](O[C@H]2[C@@H](O)[C@H](O[C@@H]3[C@@H](O)[C@H](N)C[C@H](N)[C@H]3O[C@H]4O[C@H](CO)[C@@H](O)[C@H](O)[C@H]4N)O[C@@H]2CO)[C@H](N)[C@@H](O)[C@@H]1O.OS(=O)(=O)O","","23571415"
"CHEMBL405845","CN1C(=O)N(Cc2occc2)c3nc(C)[nH]c3C1=O","","22541068"
"CHEMBL2105617","CCC1C2CC3C4N(C)c5ccccc5C46CC(C2[C@H]6O)N3C1O","","23571415"
"CHEMBL376180","Nc1nc(N)c2nc(CNc3ccc(cc3)C(=O)N[C@@H](CCC(=O)O)C(=O)O)cnc2n1","","23571415"
"CHEMBL1256709","OC(C(O)C(=O)O)C(=O)O.Fc1ccc(cc1)C(=O)C2CCN(CCN3C(=O)Nc4ccccc4C3=O)CC2","","23571415"
"CHEMBL1569524","CNC(=O)CSP(=S)(OC)OC","","23571415"
"CHEMBL1274","CC1(C)NC(=O)N(C1=O)c2ccc(c(c2)C(F)(F)F)[N+](=O)[O-]","","23571415"
"CHEMBL1274","CC1(C)NC(=O)N(C1=O)c2ccc(c(c2)C(F)(F)F)[N+](=O)[O-]","","23571415"
"CHEMBL277522","OC(=O)CCC(=O)c1ccc(cc1)c2ccccc2","","23571415"
"CHEMBL3138657","CC(=O)O[C@H]1CC[C@@]2(C)[C@@H](CC[C@]3(C)[C@@H]2CC[C@@H]4[C@@H]5CC(C)(C)CC[C@@]5(CC[C@@]34C)C(=O)O)C1(C)C","","23571415"
"CHEMBL264374","CC(C)(Oc1ccc(CCNC(=O)c2ccc(Cl)cc2)cc1)C(=O)O","","23571415"
"CHEMBL3039266","COC(=O)C[C@H]1C(C)(C)[C@H](O)[C@@H]2CC3=C4CC(O)O[C@@H](c5cocc5)[C@@]4(C)CCC3[C@]1(C)C2=O","","23571415"
"CHEMBL228792","C(Nc1ncnc2nc[nH]c12)c3occc3","","23571415"
"CHEMBL539313","Cl.CCC1(Cc2ccccc2O1)C3=NCCN3","","23571415"
"CHEMBL191422","N[C@@H](Cc1ccc(O)cc1)C(=O)NCC(=O)NCC(=O)O","inhibitor [77.2% of control]","12906759"
"CHEMBL493636","CC(=O)Nc1ccc(cc1)S(=O)(=O)Nc2ccc(cc2)[N+](=O)[O-]","","23571415"
"CHEMBL493636","CC(=O)Nc1ccc(cc1)S(=O)(=O)Nc2ccc(cc2)[N+](=O)[O-]","","23571415"
"CHEMBL66953","OC1=CC=Cc2cc(O)c(O)c(O)c2C1=O","","23571415"
"CHEMBL462019","ClCCN(CCCl)P1(=O)OCCCN1CCCl","","25618019"
"CHEMBL40","CCC1(C(=O)NC(=O)NC1=O)c2ccccc2","","22541068"
"CHEMBL3344495","CC[C@@H]1NC(=O)[C@H]([C@H](O)[C@H](C)C\C=C\C)N(C)C(=O)[C@H](C(C)C)N(C)C(=O)[C@H](CC(C)C)N(C)C(=O)[C@H](CC(C)C)N(C)C(=O)[C@@H](C)NC(=O)[C@H](C)NC(=O)[C@H](CC(C)C)N(C)C(=O)[C@@H](NC(=O)[C@H]([C@H](C)CN2CCOCC2)N(C)C(=O)[C@@H](C)N(C)C1=O)C(C)C","","25310383"
"CHEMBL340211","Fc1ccc(cc1)C(=O)CCCN2CCN(CC2)c3ccccn3","","23571415"
"CHEMBL1407","COc1ccc(CC2N(C)CCc3cc(OC)c(OC)cc23)cc1OC","","23571415"
"CHEMBL1200636","Cl.CN(C)CCC=C1c2ccccc2C=Cc3ccccc13","","23571415"
"CHEMBL1200636","Cl.CN(C)CCC=C1c2ccccc2C=Cc3ccccc13","","23571415"
"CHEMBL1200636","Cl.CN(C)CCC=C1c2ccccc2C=Cc3ccccc13","","23571415"
"CHEMBL282468","[Cl-].C[N+](C)(C)CCO","","23571415"
"CHEMBL282468","[Cl-].C[N+](C)(C)CCO","","23571415"
"CHEMBL1403041","COc1c2C=CC(C)(C)Oc2cc3OC=C(C(=O)c13)c4ccc5OCOc5c4","","23571415"
"CHEMBL13","COCCc1ccc(OCC(O)CNC(C)C)cc1","","22541068"
"CHEMBL28","Oc1ccc(cc1)C2=CC(=O)c3c(O)cc(O)cc3O2","","23571415"
"CHEMBL504888","COP(=O)(N)SC","","23571415"
"CHEMBL36","CCc1nc(N)nc(N)c1c2ccc(Cl)cc2","","23571415"
"CHEMBL36","CCc1nc(N)nc(N)c1c2ccc(Cl)cc2","","23571415"
"CHEMBL2204421","OC(=O)CCCCCCCCCCCC[C@H]1CCC=C1","","23571415"
"CHEMBL2204421","OC(=O)CCCCCCCCCCCC[C@H]1CCC=C1","","23571415"
"CHEMBL2204421","OC(=O)CCCCCCCCCCCC[C@H]1CCC=C1","","23571415"
"CHEMBL2130597","CSCCC(NC=O)C(=O)NC(C)C(=O)O","","23571415"
"CHEMBL2130597","CSCCC(NC=O)C(=O)NC(C)C(=O)O","","23571415"
"CHEMBL640","CCN(CC)CCNC(=O)c1ccc(N)cc1","","22541068"
"CHEMBL1297","CC(C(=O)O)c1cccc(Oc2ccccc2)c1","","23571415"
"CHEMBL1410006","COc1ccc(cc1)C2=CC(=O)c3cc(OC)ccc3O2","","23571415"
"CHEMBL623","CCC1=NN(CCCN2CCN(CC2)c3cccc(Cl)c3)C(=O)N1CCOc4ccccc4","","22541068"
"CHEMBL3138647","I.C1CCN2C[C@H]3C[C@H](CN4CCCC[C@@H]34)[C@H]2C1","","23571415"
"CHEMBL3138663","CC(=O)O[C@H]1CC[C@@]2(C)[C@@H](CC[C@H]3[C@@H]4CC=C(C(=O)C)[C@@]4(C)C(=O)C[C@H]23)C1","","23571415"
"CHEMBL7940","COc1cc2OCC3=C(C(=O)c4ccc5O[C@H](Cc5c4O3)C(=C)C)c2cc1OC","","23571415"
"CHEMBL501756","COc1cc2N3[C@H]4[C@@H]5[C@H](CC3=O)OCC=C6CN7CC[C@]4([C@@H]7C[C@H]56)c2cc1OC","","23571415"
"CHEMBL885","NC1=NC(=O)N(C=C1F)[C@@H]2CS[C@H](CO)O2","","22541068"
"CHEMBL454950","Cl.CN(C)[C@H]1[C@@H]2C[C@H]3C(=C(O)[C@]2(O)C(=O)C(=C1O)C(=O)N)C(=O)c4c(O)cccc4[C@@]3(C)O","","23571415"
"CHEMBL1331521","COC1=C(Oc2ccc(OC)cc2C1=O)c3ccccc3","","23571415"
"CHEMBL1331521","COC1=C(Oc2ccc(OC)cc2C1=O)c3ccccc3","","23571415"
"CHEMBL1331521","COC1=C(Oc2ccc(OC)cc2C1=O)c3ccccc3","","23571415"
"CHEMBL1331521","COC1=C(Oc2ccc(OC)cc2C1=O)c3ccccc3","","23571415"
"CHEMBL1331521","COC1=C(Oc2ccc(OC)cc2C1=O)c3ccccc3","","23571415"
"CHEMBL1331521","COC1=C(Oc2ccc(OC)cc2C1=O)c3ccccc3","","23571415"
"CHEMBL752","Nc1ncnc2c1ncn2[C@@H]3O[C@H](COP(=O)(O)O)[C@@H](O)[C@H]3O","","23571415"
"CHEMBL1200503","CC(C)C[C@@H]1N2C(=O)[C@](NC(=O)[C@H]3CN(C)[C@@H]4Cc5c(Br)[nH]c6cccc(C4=C3)c56)(O[C@@]2(O)[C@@H]7CCCN7C1=O)C(C)C.CS(=O)(=O)O","","23571415"
"CHEMBL1200503","CC(C)C[C@@H]1N2C(=O)[C@](NC(=O)[C@H]3CN(C)[C@@H]4Cc5c(Br)[nH]c6cccc(C4=C3)c56)(O[C@@]2(O)[C@@H]7CCCN7C1=O)C(C)C.CS(=O)(=O)O","","23571415"
"CHEMBL3138639","CC(C)CCC[C@@H](C)[C@H]1CC[C@H]2C3=CC[C@H]4C[C@@H](O)CC[C@]4(C)[C@H]3CC[C@]12C","","23571415"
"CHEMBL3138639","CC(C)CCC[C@@H](C)[C@H]1CC[C@H]2C3=CC[C@H]4C[C@@H](O)CC[C@]4(C)[C@H]3CC[C@]12C","","23571415"
"CHEMBL12252","CC1=CC(=O)Oc2cc(O)cc(O)c12","","23571415"
"CHEMBL245067","OC[C@H]1O[C@@H](Oc2cc(O)cc(O)c2C(=O)CCc3ccc(O)cc3)[C@H](O)[C@@H](O)[C@@H]1O","","23571415"
"CHEMBL245067","OC[C@H]1O[C@@H](Oc2cc(O)cc(O)c2C(=O)CCc3ccc(O)cc3)[C@H](O)[C@@H](O)[C@@H]1O","","23571415"
"CHEMBL245067","OC[C@H]1O[C@@H](Oc2cc(O)cc(O)c2C(=O)CCc3ccc(O)cc3)[C@H](O)[C@@H](O)[C@@H]1O","","23571415"
"CHEMBL525778","C[C@H]1CC[C@]2(NC1)O[C@H]3C[C@H]4[C@@H]5CC[C@H]6C[C@H](CC[C@]6(C)[C@H]5CC[C@]4(C)[C@H]3[C@@H]2C)O[C@@H]7O[C@H](CO)[C@H](O[C@@H]8O[C@H](CO)[C@@H](O)[C@H](O[C@@H]9OC[C@@H](O)[C@H](O)[C@H]9O)[C@H]8O[C@@H]%10O[C@H](CO)[C@@H](O)[C@H](O)[C@H]%10O)[C@H](O)[C@H]7O","","23571415"
"CHEMBL525778","C[C@H]1CC[C@]2(NC1)O[C@H]3C[C@H]4[C@@H]5CC[C@H]6C[C@H](CC[C@]6(C)[C@H]5CC[C@]4(C)[C@H]3[C@@H]2C)O[C@@H]7O[C@H](CO)[C@H](O[C@@H]8O[C@H](CO)[C@@H](O)[C@H](O[C@@H]9OC[C@@H](O)[C@H](O)[C@H]9O)[C@H]8O[C@@H]%10O[C@H](CO)[C@@H](O)[C@H](O)[C@H]%10O)[C@H](O)[C@H]7O","","23571415"
"CHEMBL525778","C[C@H]1CC[C@]2(NC1)O[C@H]3C[C@H]4[C@@H]5CC[C@H]6C[C@H](CC[C@]6(C)[C@H]5CC[C@]4(C)[C@H]3[C@@H]2C)O[C@@H]7O[C@H](CO)[C@H](O[C@@H]8O[C@H](CO)[C@@H](O)[C@H](O[C@@H]9OC[C@@H](O)[C@H](O)[C@H]9O)[C@H]8O[C@@H]%10O[C@H](CO)[C@@H](O)[C@H](O)[C@H]%10O)[C@H](O)[C@H]7O","","23571415"
"CHEMBL525778","C[C@H]1CC[C@]2(NC1)O[C@H]3C[C@H]4[C@@H]5CC[C@H]6C[C@H](CC[C@]6(C)[C@H]5CC[C@]4(C)[C@H]3[C@@H]2C)O[C@@H]7O[C@H](CO)[C@H](O[C@@H]8O[C@H](CO)[C@@H](O)[C@H](O[C@@H]9OC[C@@H](O)[C@H](O)[C@H]9O)[C@H]8O[C@@H]%10O[C@H](CO)[C@@H](O)[C@H](O)[C@H]%10O)[C@H](O)[C@H]7O","","23571415"
"CHEMBL1355821","COP(=S)(OC)Oc1ccc(Sc2ccc(OP(=S)(OC)OC)cc2)cc1","","23571415"
"CHEMBL481854","C[C@@H]1CC[C@@]2(CC[C@]3(C)C(=CC[C@@H]4[C@@]5(C)C[C@@H](O)[C@H](O)[C@@](C)(CO)[C@@H]5[C@H](O)C[C@@]34C)[C@@H]2[C@H]1C)C(=O)O","","23571415"
"CHEMBL462990","COc1cc(NS(=O)(=O)c2ccc(N)cc2)ncn1","","23571415"
"CHEMBL448399","Cc1cccc(C(=O)O)c1O","","23571415"
"CHEMBL1327631","COC(=O)COc1ccc(Cl)cc1Cl","","23571415"
"CHEMBL1321008","CC1(C)C2(Cl)C(Cl)C(Cl)C(Cl)(C(Cl)Cl)C1(Cl)C2Cl","","23571415"
"CHEMBL1321008","CC1(C)C2(Cl)C(Cl)C(Cl)C(Cl)(C(Cl)Cl)C1(Cl)C2Cl","","23571415"
"CHEMBL95764","OC(=O)CNCP(=O)(O)O","","23571415"
"CHEMBL370252","CC1CCc2cc(F)cc3C(=O)C(=CN1c23)C(=O)O","","23571415"
"CHEMBL1255871","C\C(=C/C=C/C=C(\C)/C=C/C=C(\C)/C=C/C1=C(C)C(=O)[C@@H](O)CC1(C)C)\C=C\C=C(/C)\C=C\C2=C(C)C(=O)[C@@H](O)CC2(C)C","","23571415"
"CHEMBL1255871","C\C(=C/C=C/C=C(\C)/C=C/C=C(\C)/C=C/C1=C(C)C(=O)[C@@H](O)CC1(C)C)\C=C\C=C(/C)\C=C\C2=C(C)C(=O)[C@@H](O)CC2(C)C","","23571415"
"CHEMBL1255871","C\C(=C/C=C/C=C(\C)/C=C/C=C(\C)/C=C/C1=C(C)C(=O)[C@@H](O)CC1(C)C)\C=C\C=C(/C)\C=C\C2=C(C)C(=O)[C@@H](O)CC2(C)C","","23571415"
"CHEMBL2018969","COc1cccc2c1c(NS(=O)(=O)c3ccc(Cl)s3)nn2Cc4cccc(CNC(=O)C(C)(C)O)c4","","23409871"
"CHEMBL1414320","CCCCC1(COC(=O)CCC(=O)O)C(=O)N(N(C1=O)c2ccccc2)c3ccccc3","","23571415"
"CHEMBL276473","Oc1ccc(cc1)C(=O)\C=C\c2ccccc2","","23571415"
"CHEMBL3138671","CSCC[C@H](NC=O)C(=O)N[C@@H](Cc1ccccc1)C(=O)O","","23571415"
"CHEMBL3138671","CSCC[C@H](NC=O)C(=O)N[C@@H](Cc1ccccc1)C(=O)O","","23571415"
"CHEMBL3138671","CSCC[C@H](NC=O)C(=O)N[C@@H](Cc1ccccc1)C(=O)O","","23571415"
"CHEMBL3138671","CSCC[C@H](NC=O)C(=O)N[C@@H](Cc1ccccc1)C(=O)O","","23571415"
"CHEMBL1082","CC1(C)S[C@@H]2[C@H](NC(=O)[C@H](N)c3ccc(O)cc3)C(=O)N2[C@H]1C(=O)O","","23571415"
"CHEMBL1376378","Cl.C1CN2Cc3ccccc3N=C2C1","","23571415"
"CHEMBL215226","CN[C@@H]1[C@@H](O)[C@@H](O[C@H]2[C@H](N)C[C@H](N)[C@@H](O[C@H]3O[C@H]([C@@H](C)O)[C@@H](O)[C@H](O)[C@H]3N)[C@@H]2O)OC[C@]1(C)O","","23571415"
"CHEMBL215226","CN[C@@H]1[C@@H](O)[C@@H](O[C@H]2[C@H](N)C[C@H](N)[C@@H](O[C@H]3O[C@H]([C@@H](C)O)[C@@H](O)[C@H](O)[C@H]3N)[C@@H]2O)OC[C@]1(C)O","","23571415"
"CHEMBL1761","Cl.OC(CCN1CCCC1)(C2CCCCC2)c3ccccc3","","23571415"
"CHEMBL1761","Cl.OC(CCN1CCCC1)(C2CCCCC2)c3ccccc3","","23571415"
"CHEMBL1360024","[Na+].Cn1nnnc1SCC2=C(N3[C@H](SC2)[C@H](NC(=O)[C@H](O)c4ccccc4)C3=O)C(=O)[O-]","","23571415"
"CHEMBL64","NNC(=O)c1ccncc1","","22541068"
"CHEMBL1487905","COc1ccc(C(=O)O)c(O)c1OC","","23571415"
"CHEMBL459397","OC[C@@H]1CCCN2CCCC[C@H]12","","23571415"
"CHEMBL2269927","CC1(C)C(=O)C=C[C@]2(C)[C@H]3CC[C@@]4(C)[C@@H](C[C@H]5O[C@@]45[C@]3(C)C(=O)C(=C12)O)c6cocc6","","23571415"
"CHEMBL2269927","CC1(C)C(=O)C=C[C@]2(C)[C@H]3CC[C@@]4(C)[C@@H](C[C@H]5O[C@@]45[C@]3(C)C(=O)C(=C12)O)c6cocc6","","23571415"
"CHEMBL1461","OC(=O)c1cc(O)ccc1O","","23571415"
"CHEMBL3344501","CC[C@@H]1NC(=O)[C@H]([C@H](O)[C@H](C)C\C=C\C)N(C)C(=O)[C@H](C(C)C)N(C)C(=O)[C@H](CC(C)C)N(C)C(=O)[C@H](CC(C)C)N(C)C(=O)[C@@H](C)NC(=O)[C@H](C)NC(=O)[C@H](CC(C)C)N(C)C(=O)[C@@H](NC(=O)[C@H]([C@@H](C)CN2CCN(CCOC)CC2)N(C)C(=O)[C@@H](C)N(C)C1=O)C(C)C","","25310383"
"CHEMBL3351096","NCCCCCN.OC(C(O)C(=O)O)C(=O)O","","23571415"
"CHEMBL1276308","CC#C[C@]1(O)CC[C@H]2[C@@H]3CCC4=CC(=O)CCC4=C3[C@H](C[C@]12C)c5ccc(cc5)N(C)C","","22541068"
"CHEMBL1276308","CC#C[C@]1(O)CC[C@H]2[C@@H]3CCC4=CC(=O)CCC4=C3[C@H](C[C@]12C)c5ccc(cc5)N(C)C","","22541068"
"CHEMBL2021450","CC(=O)OC1C\C(=C\CC\C(=C\CC[C@@](C)(O)[C@@H]2C[C@H]1C(=C)C(=O)O2)\C)\C","","23571415"
"CHEMBL2021450","CC(=O)OC1C\C(=C\CC\C(=C\CC[C@@](C)(O)[C@@H]2C[C@H]1C(=C)C(=O)O2)\C)\C","","23571415"
"CHEMBL1201392","C[C@@H]1C[C@H]2[C@@H]3C[C@H](F)C4=CC(=O)C=C[C@]4(C)[C@@]3(F)[C@@H](O)C[C@]2(C)[C@@]1(O)C(=O)CO","","23571415"
"CHEMBL649","CC(C)(C)NCC(O)COc1cccc2C[C@@H](O)[C@@H](O)Cc12","","23571415"
"CHEMBL564085","CO[C@H]1C[C@H](O[C@H]2[C@H](C)[C@@H](O[C@@H]3O[C@H](C)C[C@@H]([C@H]3OC(=O)C)N(C)C)[C@@H](C)C[C@@]4(CO4)C(=O)[C@H](C)[C@@H](OC(=O)C)[C@@H](C)[C@@H](C)OC(=O)[C@@H]2C)O[C@@H](C)[C@@H]1OC(=O)C","","23571415"
"CHEMBL36591","CC(N)C(=O)OC(C)(C)Cc1ccc(Cl)cc1","","23571415"
"CHEMBL1513985","OC(=O)c1c2ccccc2cc3ccccc13","","23571415"
"CHEMBL1671","Cl.CC(C)NCC(O)COc1cccc2ccccc12","","23571415"
"CHEMBL1488728","COc1ccc(cc1)C2=COc3c(OC)c(OC)cc(O)c3C2=O","","23571415"
"CHEMBL1564","Cl.CN1CCC(CC1)OC(c2ccccc2)c3ccccc3","","23571415"
"CHEMBL455098","CC1(C)CC[C@]2(C)CC[C@]3(C)C(=CC[C@@H]4[C@@]5(C)CC[C@H](O)C(C)(C)[C@@H]5CC[C@@]34C)[C@@H]2C1","","23571415"
"CHEMBL455098","CC1(C)CC[C@]2(C)CC[C@]3(C)C(=CC[C@@H]4[C@@]5(C)CC[C@H](O)C(C)(C)[C@@H]5CC[C@@]34C)[C@@H]2C1","","23571415"
"CHEMBL455098","CC1(C)CC[C@]2(C)CC[C@]3(C)C(=CC[C@@H]4[C@@]5(C)CC[C@H](O)C(C)(C)[C@@H]5CC[C@@]34C)[C@@H]2C1","","23571415"
"CHEMBL455098","CC1(C)CC[C@]2(C)CC[C@]3(C)C(=CC[C@@H]4[C@@]5(C)CC[C@H](O)C(C)(C)[C@@H]5CC[C@@]34C)[C@@H]2C1","","23571415"
"CHEMBL455098","CC1(C)CC[C@]2(C)CC[C@]3(C)C(=CC[C@@H]4[C@@]5(C)CC[C@H](O)C(C)(C)[C@@H]5CC[C@@]34C)[C@@H]2C1","","23571415"
"CHEMBL455098","CC1(C)CC[C@]2(C)CC[C@]3(C)C(=CC[C@@H]4[C@@]5(C)CC[C@H](O)C(C)(C)[C@@H]5CC[C@@]34C)[C@@H]2C1","","23571415"
"CHEMBL1329881","CCOC(=O)CCCCCCCCCCCCC1CCC=C1","","23571415"
"CHEMBL1504","CC1(C)O[C@@H]2C[C@H]3[C@@H]4CCC5=CC(=O)C=C[C@]5(C)[C@@]4(F)[C@@H](O)C[C@]3(C)[C@@]2(O1)C(=O)CO","","23571415"
"CHEMBL1504","CC1(C)O[C@@H]2C[C@H]3[C@@H]4CCC5=CC(=O)C=C[C@]5(C)[C@@]4(F)[C@@H](O)C[C@]3(C)[C@@]2(O1)C(=O)CO","","23571415"
"CHEMBL1504","CC1(C)O[C@@H]2C[C@H]3[C@@H]4CCC5=CC(=O)C=C[C@]5(C)[C@@]4(F)[C@@H](O)C[C@]3(C)[C@@]2(O1)C(=O)CO","","23571415"
"CHEMBL367623","OC(=O)COc1ccc(Cl)cc1Cl","","23571415"
"CHEMBL1235900","CC(=O)[C@@H](N)COCc1ccccc1","","23571415"
"CHEMBL295124","COc1ccc2cc3c4cc5OCOc5cc4CC[n+]3cc2c1OC","","22541068"
"CHEMBL1552426","CCCCC[C@H](O)\C=C\[C@H]1OC(O)C[C@H](O)[C@@H]1C\C=C/CCCC(=O)O","substrate [+]","10358072"
"CHEMBL31","COc1c(N2CCNC(C)C2)c(F)cc3C(=O)C(=CN(C4CC4)c13)C(=O)O","","23571415"
"CHEMBL3138667","[Na+].CC(=O)OCC1=C(N2[C@H](SC1)[C@H](NC(=O)CCC[C@@H](N)C(=O)O)C2=O)C(=O)[O-]","","23571415"
"CHEMBL3138728","CC(C)CCC[C@@H](C)[C@H]1CC[C@H]2[C@@H]3CC=C4C[C@H](CC[C@]4(C)[C@H]3CC[C@]12C)OC(=O)C","","23571415"
"CHEMBL3039294","COc1ccc([C@H]2COc3c(C2)ccc(O)c3OC)c(OC)c1O","","23571415"
"CHEMBL3039487","CC1=CC(=O)c2c(O)c(C)c(O)cc2O1","","23571415"
"CHEMBL1054","NS(=O)(=O)c1cc2c(NC(NS2(=O)=O)C(Cl)Cl)cc1Cl","","23571415"
"CHEMBL76","CCN(CC)CCCC(C)Nc1ccnc2cc(Cl)ccc12","","22541068"
"CHEMBL76","CCN(CC)CCCC(C)Nc1ccnc2cc(Cl)ccc12","","22541068"
"CHEMBL76","CCN(CC)CCCC(C)Nc1ccnc2cc(Cl)ccc12","","22541068"
"CHEMBL479","CSc1ccc2Sc3ccccc3N(CCC4CCCCN4C)c2c1","","22541068"
"CHEMBL479","CSc1ccc2Sc3ccccc3N(CCC4CCCCN4C)c2c1","","22541068"
"CHEMBL1495541","CC(=CCc1c2OC(=C(O)C(=O)c2c(O)c3C=CC(C)(C)Oc13)c4ccccc4)C","","23571415"
"CHEMBL1495541","CC(=CCc1c2OC(=C(O)C(=O)c2c(O)c3C=CC(C)(C)Oc13)c4ccccc4)C","","23571415"
"CHEMBL449317","COc1ccc(cc1O)[C@@H]2CC(=O)c3c(O)cc(O[C@@H]4O[C@H](CO[C@@H]5O[C@@H](C)[C@H](O)[C@@H](O)[C@H]5O)[C@@H](O)[C@H](O)[C@H]4O)cc3O2","","23571415"
"CHEMBL1481076","COc1ccc(cc1)C2=COc3c(OC)c(OC)cc(OC)c3C2=O","","23571415"
"CHEMBL1481076","COc1ccc(cc1)C2=COc3c(OC)c(OC)cc(OC)c3C2=O","","23571415"
"CHEMBL1481076","COc1ccc(cc1)C2=COc3c(OC)c(OC)cc(OC)c3C2=O","","23571415"
"CHEMBL1326877","COc1ccc(C(=O)c2ccccc2O)c(O)c1","","23571415"
"CHEMBL1618340","C[N+](C)(C)CCOP(=O)(O)OP(=O)(O)OC[C@H]1O[C@H]([C@H](O)[C@@H]1O)N2C=CC(=NC2=O)N","","23571415"
"CHEMBL1618340","C[N+](C)(C)CCOP(=O)(O)OP(=O)(O)OC[C@H]1O[C@H]([C@H](O)[C@@H]1O)N2C=CC(=NC2=O)N","","23571415"
"CHEMBL1618340","C[N+](C)(C)CCOP(=O)(O)OP(=O)(O)OC[C@H]1O[C@H]([C@H](O)[C@@H]1O)N2C=CC(=NC2=O)N","","23571415"
"CHEMBL1489","NC1=NC(=O)N(C=N1)[C@@H]2O[C@H](CO)[C@@H](O)[C@H]2O","","23571415"
"CHEMBL371523","O=C(CC(=O)c1ccccc1)c2ccccc2","","23571415"
"CHEMBL371523","O=C(CC(=O)c1ccccc1)c2ccccc2","","23571415"
"CHEMBL1201043","[Na+].CC(=O)OCC1=C(N2[C@H](SC1)[C@H](NC(=O)CSc3ccncc3)C2=O)C(=O)[O-]","","23571415"
"CHEMBL1081584","COC(=O)C1=CO[C@@H](O[C@@H]2O[C@H](CO)[C@@H](O)[C@H](O)[C@H]2O)[C@@H]3[C@@H](C)[C@@H](O)C[C@H]13","","23571415"
"CHEMBL3138648","CC[C@H](C)[C@@H](NC)C(=O)O","","23571415"
"CHEMBL3138691","CC1CC[C@]2(OC1)OC3C[C@H]4[C@@H]5CC[C@H]6C[C@@H](O)CC[C@]6(C)C5=CC[C@]4(C)C3[C@@H]2C","","23571415"
"CHEMBL567","OCCN1CCN(CCCN2c3ccccc3Sc4ccc(Cl)cc24)CC1","","23571415"
"CHEMBL3039269","Cc1cc(O)c(C)c(O)c1C(=O)O","","23571415"
"CHEMBL1528028","Cl.Cl.NCCCCN","","23571415"
"CHEMBL254832","CC(NCCC(c1ccccc1)c2ccccc2)c3ccccc3","","22541068"
"CHEMBL1374504","COC1=CC(=O)C(=CC1=O)C(C=C)c2ccc(O)cc2","","23571415"
"CHEMBL493032","CCOC(=O)c1c(C)cc(O)c(C=O)c1O","","23571415"
"CHEMBL493032","CCOC(=O)c1c(C)cc(O)c(C=O)c1O","","23571415"
"CHEMBL1480686","CC(=O)O[C@H]1CC[C@]2(C)[C@H]3CC[C@@]4(C)[C@@H](CCC4=O)[C@@H]3CC=C2C1","","23571415"
"CHEMBL1480686","CC(=O)O[C@H]1CC[C@]2(C)[C@H]3CC[C@@]4(C)[C@@H](CCC4=O)[C@@H]3CC=C2C1","","23571415"
"CHEMBL1455","CN(C)c1nc(nc(n1)N(C)C)N(C)C","","23571415"
"CHEMBL3344494","CC[C@@H]1NC(=O)[C@H]([C@H](O)[C@H](C)C\C=C\C)N(C)C(=O)[C@H](C(C)C)N(C)C(=O)[C@H](CC(C)C)N(C)C(=O)[C@H](CC(C)C)N(C)C(=O)[C@@H](C)NC(=O)[C@H](C)NC(=O)[C@H](CC(C)C)N(C)C(=O)[C@@H](NC(=O)[C@H]([C@H](C)COC)N(C)C(=O)[C@@H](C)N(C)C1=O)C(C)C","","25310383"
"CHEMBL154","COc1ccc2cc(ccc2c1)[C@H](C)C(=O)O","","23571415"
"CHEMBL1201124","NC(CO)(CO)CO.OC(=O)C1CCn2c1ccc2C(=O)c3ccccc3","","23571415"
"CHEMBL137","Cc1ncc([N+](=O)[O-])n1CCO","","23571415"
"CHEMBL3039024","COc1ccc2[C@H](O)[C@H](Cc3ccc(OC)c(OC)c3)COc2c1","","23571415"
"CHEMBL3039024","COc1ccc2[C@H](O)[C@H](Cc3ccc(OC)c(OC)c3)COc2c1","","23571415"
"CHEMBL241858","COc1ccc(CC(=O)c2ccc(O)cc2O)cc1","","23571415"
"CHEMBL223448","Oc1c(Br)cc(Br)c2cccnc12","","23571415"
"CHEMBL1763","NS(=O)(=O)c1cc2c(NCNS2(=O)=O)cc1C(F)(F)F","","23571415"
"CHEMBL1364144","C[C@H]1C[C@H]2[C@@H]3CC[C@](O)(C(=O)COC(=O)C)[C@@]3(C)C[C@H](O)[C@@H]2[C@@]4(C)C=CC(=O)C=C14","","23571415"
"CHEMBL1364144","C[C@H]1C[C@H]2[C@@H]3CC[C@](O)(C(=O)COC(=O)C)[C@@]3(C)C[C@H](O)[C@@H]2[C@@]4(C)C=CC(=O)C=C14","","23571415"
"CHEMBL159303","O[C@@H]1Cc2c(O)cc(O)cc2O[C@@H]1c3ccc(O)cc3","","23571415"
"CHEMBL1336287","CCOc1cccc(c1)C(=O)c2ccc(O)c(O)c2O","","23571415"
"CHEMBL1480","CCOC(=O)C1=C(C)NC(=C(C1c2cccc(Cl)c2Cl)C(=O)OC)C","","22541068"
"CHEMBL1480","CCOC(=O)C1=C(C)NC(=C(C1c2cccc(Cl)c2Cl)C(=O)OC)C","","22541068"
"CHEMBL1480","CCOC(=O)C1=C(C)NC(=C(C1c2cccc(Cl)c2Cl)C(=O)OC)C","","22541068"
"CHEMBL1480","CCOC(=O)C1=C(C)NC(=C(C1c2cccc(Cl)c2Cl)C(=O)OC)C","","22541068"
"CHEMBL2105135","COc1ccc2cc(ccc2c1)[C@H](C)CO","","23571415"
"CHEMBL1200406","CN(C)CCOC(c1ccccc1)c2ccccc2.CN3C(=O)N(C)c4nc(Cl)[nH]c4C3=O","","23571415"
