"CHEMBL190254","C[C@@H](NC(=O)[C@@H](N)Cc1ccc(O)cc1)C(=O)NCC(=O)O","is not an inhibitor [-]","12906759"
"CHEMBL2369768","CC[C@H](C)[C@@H]1NC(=O)CNC(=O)[C@@H]2Cc3c([nH]c4cc(O)ccc34)[S+]([O-])C[C@@H](NC(=O)CNC1=O)C(=O)N[C@@H](CC(=O)N)C(=O)N5C[C@H](O)C[C@H]5C(=O)N[C@@H]([C@@H](C)[C@@H](O)CO)C(=O)N2","is not an inhibitor [-]","14530907"
"CHEMBL223228","FC(F)(F)[C@]1(OC(=O)Nc2ccc(Cl)cc12)C#CC3CC3","Not Determined","21189339"
"CHEMBL386389","CCC1NC(=O)C(C(O)C(C)C\C=C\C)N(C)C(=O)C(C(C)C)N(C)C(=O)C(CC(C)C)N(C)C(=O)C(CC(C)C)N(C)C(=O)C(C)NC(=O)C(C)NC(=O)C(CC(C)C)N(C)C(=O)C(NC(=O)C(CC(C)C)N(C)C(=O)CN(C)C1=O)C(C)C","317660",""
"CHEMBL463","Nc1ccc(cc1)C(=O)NCC(=O)O","is not an inhibitor [-]","12906759"
"CHEMBL1743143","CCc1c2CN3C(=O)C4=C(C=C3c2nc5ccc(OC[C@@H]6O[C@@H]([C@@H](O)[C@H](O)[C@H]6O)C(=O)O)cc15)[C@@](O)(CC)C(=O)OC4","is not a substrate [-]","15608127"
"CHEMBL172513","C[N+](C)(C)CC(O)CC(=O)[O-]","is not an inhibitor [-]","12906759"
"CHEMBL57","Cc1ccnc2N(C3CC3)c4ncccc4C(=O)Nc12","Not Determined","21189339"
"CHEMBL3704745","CCC1NC(=O)C(C(O)C(C)C\C=C\C)N(C)C(=O)C(C(C)C)N(C)C(=O)C(CC(C)C)N(C)C(=O)C(CC(C)C)N(C)C(=O)C(C)NC(=O)C(C)NC(=O)C(CC(C)C)N(C)C(=O)C(NC(=O)C(C(C)C)N(CC)C(=O)C(C)N(C)C1=O)C(C)C","317661",""
"CHEMBL3979922","CC(C)[C@@H]1\N=C(\O)/[C@H](CCC(=O)C)[C@H](O)[C@@H](C)[C@@H](O)\C=C/C=C\C[C@H](OC(=O)C2CCCN(N2)C(=O)[C@H](Cc3cc(O)cc(F)c3)\N=C/1\O)\C(=C\C=C\C(=O)N4CCCCO4)\C","317662",""
"CHEMBL593","CC(C)Nc1cccnc1N2CCN(CC2)C(=O)c3cc4cc(NS(=O)(=O)C)ccc4[nH]3","Not Determined","21189339"
"CHEMBL378905","NCC(=O)NCC(=O)NCC(=O)NCC(=O)O","is not an inhibitor [-]","12906759"
"CHEMBL2074927","C[C@H](N)C(=O)N[C@@H](C)C(=O)N[C@@H](C)C(=O)N[C@@H](C)C(=O)O","is not an inhibitor [-]","12906759"
