"CHEMBL121","CN(CCOc1ccc(CC2SC(=O)NC2=O)cc1)c3ccccn3","inhibitor [60% inhibition of control]","14977862"
"CHEMBL3038248","CC1=C(C=C)\C(=C\c2[nH]c(Cc3[nH]c(\C=C\4/NC(=O)C(=C4C)C=C)c(C)c3CCC(=O)O[C@@H]5O[C@@H]([C@H](O)[C@H](O)[C@@H]5O)C(=O)O)c(CCC(=O)O[C@@H]6O[C@H]([C@H](O)[C@@H](O)[C@@H]6O)C(=O)O)c2C)\NC1=O","substrate [Km=0.28uM]","11134001"
"CHEMBL509456","CCCCC\C=C/C\C=C/C=C/C=C/[C@@H](SC[C@H](N)C(=O)O)[C@@H](O)CCCC(=O)O","substrate [+]","10358072"
"CHEMBL503","CC[C@H](C)C(=O)O[C@H]1C[C@@H](C)C=C2C=C[C@H](C)[C@H](CC[C@@H]3C[C@@H](O)CC(=O)O3)[C@@H]12","inhibitor [+]","10601278"
"CHEMBL1743142","CC1=C(C=C)\C(=C\c2[nH]c(Cc3[nH]c(\C=C\4/NC(=O)C(=C4C)C=C)c(C)c3CCC(=O)O[C@@H]5O[C@@H]([C@@H](O)[C@H](O)[C@H]5O)C(=O)O)c(CCC(=O)O[C@@H]6O[C@@H]([C@@H](O)[C@H](O)[C@H]6O)C(=O)O)c2C)\NC1=O","transporter substrate","20190787"
"CHEMBL481","CCc1c2CN3C(=O)C4=C(C=C3c2nc5ccc(OC(=O)N6CCC(CC6)N7CCCCC7)cc15)[C@@](O)(CC)C(=O)OC4","inhibitor [60% of control]","15608127"
"CHEMBL453904","[Na+].[Na+].Oc1ccc(cc1S(=O)(=O)[O-])C2(OC(=O)c3c(Br)c(Br)c(Br)c(Br)c23)c4ccc(O)c(c4)S(=O)(=O)[O-]","inhibitor [(at a rough estimate) 15 % of control]","11134001"
"CHEMBL408","Cc1c(C)c2OC(C)(COc3ccc(CC4SC(=O)NC4=O)cc3)CCc2c(C)c1O","inhibitor [35% inhibition of control]","14977862"
"CHEMBL1294","COc1ccc2nccc([C@H](O)[C@H]3C[C@@H]4CCN3C[C@@H]4C=C)c2c1","inhibitor [81% of control]","12906759"
"CHEMBL1121","CSCC[C@H](NC(=O)[C@H](Cc1ccc(OS(=O)(=O)O)cc1)NC(=O)[C@@H](N)CC(=O)O)C(=O)NCC(=O)N[C@@H](Cc2c[nH]c3ccccc23)C(=O)N[C@@H](CCSC)C(=O)N[C@@H](CC(=O)O)C(=O)N[C@@H](Cc4ccccc4)C(=O)N","substrate []","15159445"
"CHEMBL494753","C[C@]12CC[C@H]3[C@@H](CCc4cc(OS(=O)(=O)O)ccc34)[C@@H]1CCC2=O","substrate [Km=5.34uM]","11683238"
"CHEMBL1697724","C[C@]12CC[C@H]3[C@@H](CCc4cc(O)ccc34)[C@@H]1CC[C@@H]2O[C@@H]5O[C@@H]([C@@H](O)[C@H](O)[C@H]5O)C(=O)O","substrate [Km=8.2uM]","10644574"
"CHEMBL837","CCc1c2CN3C(=O)C4=C(C=C3c2nc5ccc(O)cc15)[C@@](O)(CC)C(=O)OC4","substrate [+]","14977862"
"CHEMBL3138109","","substrate [Km=9.7uM]","11901224"
"CHEMBL1069","CCCCC(=O)N(Cc1ccc(cc1)c2ccccc2c3nnn[nH]3)[C@@H](C(C)C)C(=O)O","transporter substrate","20190787"
"CHEMBL224867","C[C@H](CCC(=O)NCCS(=O)(=O)O)[C@H]1CC[C@H]2[C@@H]3[C@H](O)C[C@@H]4C[C@H](O)CC[C@]4(C)[C@H]3C[C@H](O)[C@]12C","inhibitor [50% of control]","12906759"
"CHEMBL495936","CCCCC\C=C/C\C=C/C=C/C=C/[C@@H](SC[C@@H](NC(=O)CC[C@H](N)C(=O)O)C(=O)NCC(=O)O)[C@@H](O)CCCC(=O)O","substrate [+]","10358072"
"CHEMBL501680","CC1=C(C=C)\C(=C\c2[nH]c(Cc3[nH]c(\C=C\4/NC(=O)C(=C4C)C=C)c(C)c3CCC(=O)O)c(CCC(=O)O)c2C)\NC1=O","transporter substrate","20190787"
"CHEMBL2074586","CC(C)C[C@@H](NC(=O)[C@H](Cc1ccccc1)NC(=O)CNC(=O)[C@@H](C)NC(=O)[C@H](N)Cc2ccc(O)cc2)C(=O)O","inhibitor [62.5% of control]","12906759"
"CHEMBL2074777","CC1=CC(=O)C(=C(CCC(C)(C)COc2ccc(CC3SC(=O)NC3=O)cc2)C1=O)C","inhibitor [20% inhibition of control]","14977862"
"CHEMBL574431","Oc1ccc(cc1S(=O)(=O)O)C2(OC(=O)c3c(Br)c(Br)c(Br)c(Br)c23)c4ccc(O)c(c4)S(=O)(=O)O","Active","21422191"
"CHEMBL548","CCCCC[C@H](O)\C=C\[C@H]1[C@H](O)CC(=O)[C@@H]1C\C=C/CCCC(=O)O","substrate [+]","10358072"
"CHEMBL502682","C[C@@H](O)[C@@H]1NC(=O)[C@H](C)NC(=O)[C@H](C[C@@](C)(O)CO)NC(=O)[C@H]2NC(=O)[C@H](C)NC(=O)[C@@H]3C[C@H](O)CN3C(=O)[C@@H](CSc4[nH]c5ccccc5c24)NC1=O","substrate [Km=39uM]","14530907"
"CHEMBL1950397","OC(=O)c1cncc(c1)c2ccc(nn2)N3CCC(CC3)Oc4cc(F)ccc4Br","Active","22047692"
"CHEMBL1624","N[C@@H](Cc1cc(I)c(Oc2cc(I)c(O)c(I)c2)c(I)c1)C(=O)O","substrate [Km=3uM]","10358072"
"CHEMBL441687","CC1(C)[C@H](CC[C@@]2(C)[C@H]1CC[C@]3(C)[C@@H]2C(=O)C=C4[C@@H]5C[C@](C)(CC[C@]5(C)CC[C@@]34C)C(=O)O)O[C@H]6O[C@@H]([C@@H](O)[C@H](O)[C@H]6O[C@@H]7O[C@@H]([C@@H](O)[C@H](O)[C@H]7O)C(=O)O)C(=O)O","inhibitor [Ki=15.9uM]","12963436"
"CHEMBL1516","CCCc1nc(c(C(=O)O)n1Cc2ccc(cc2)c3ccccc3c4nnn[nH]4)C(C)(C)O","substrate [Km=42.6+/- 28.6uM]","16501004"
"CHEMBL592676","COc1cc(ccc1O)[C@H]2Oc3ccc(cc3O[C@@H]2CO)[C@H]4Oc5cc(O)cc(O)c5C(=O)[C@@H]4O","Active","23401473"
"CHEMBL1544","N[C@@H](Cc1cc(I)c(Oc2ccc(O)c(I)c2)c(I)c1)C(=O)O","substrate [Km=2.7uM]","10358072"
"CHEMBL595","CCc1ccc(CCOc2ccc(CC3SC(=O)NC3=O)cc2)nc1","inhibitor [70% inhibition of control]","14977862"
"CHEMBL259898","C[C@]12CC[C@H]3[C@@H](CC=C4C[C@H](CC[C@]34C)OS(=O)(=O)O)[C@@H]1CCC2=O","substrate [Km=21.5uM]","11134001"
"CHEMBL29","CC1(C)S[C@@H]2[C@H](NC(=O)Cc3ccccc3)C(=O)N2[C@H]1C(=O)O","substrate [+]","10873595"
"CHEMBL1232444","C[C@]12CC[C@H]3[C@@H](CCc4cc(O[C@@H]5O[C@@H]([C@@H](O)[C@H](O)[C@H]5O)C(=O)O)ccc34)[C@@H]1CCC2=O","inhibitor [(at a rough estimate) 40 % of control]","11683238"
"CHEMBL1201373","CC[C@H](C)C(=O)O[C@H]1C[C@@H](C)C=C2C=C[C@H](C)[C@H](CC[C@@H](O)C[C@@H](O)CC(=O)O)[C@@H]12","inhibitor [IC50=4.0 +/- 1.2uM]","15616150"
"CHEMBL3542340","COc1cc(ccc1O)[C@@H]2Oc3ccc(cc3O[C@H]2CO)[C@H]4Oc5cc(O)cc(O)c5C(=O)[C@@H]4O","Active","23401473"
"CHEMBL2074778","Cc1c(C)c2OC(C)(COc3ccc(CC4SC(=O)NC4=O)cc3)CCc2c(C)c1OS(=O)(=O)O","inhibitor [5% inhibition of control]","14977862"
"CHEMBL2369946","CC(O)C[C@@H]1NC(=O)[C@@H]2Cc3c(SC[C@@H](NC(=O)[C@@H](NC(=O)[C@H](C)NC1=O)[C@@H](C)O)C(=O)N4C[C@H](O)C[C@H]4C(=O)N[C@@H](C)C(=O)N2)[nH]c5ccccc35","substrate [Km=17u M]","15238259"
"CHEMBL1269102","CC(C)C[C@@H]1NC(=O)[C@H](NC(=O)[C@@H]2CCCN2C(=O)[C@H](CC(=O)O)NC(=O)[C@@H](Cc3c[nH]c4ccccc34)NC1=O)C(C)C","substrate [+]","11159893"
"CHEMBL2074585","C[C@]12CC[C@H]3[C@@H](CCc4cc(OS(=O)(=O)O)ccc34)[C@@H]1CC[C@@H]2O[C@@H]5O[C@@H]([C@@H](O)[C@H](O)[C@H]5O)C(=O)O","inhibitor [(at a rough estimate) 40 % of control]","11683238"
"CHEMBL1790017","CC(C)c1c(C(=O)Nc2ccccc2)c(c3ccccc3)c(c4ccc(F)cc4)n1CC[C@@H](O)C[C@@H](O)CC(=O)O.CC(C)c5c(C(=O)Nc6ccccc6)c(c7ccccc7)c(c8ccc(F)cc8)n5CC[C@@H](O)C[C@@H](O)CC(=O)O","inhibitor [IC50=0.87 +/- 0.23uM]","15616150"
"CHEMBL1201753","O[C@H](C[C@H](O)\C=C\c1c(nc2ccccc2c1c3ccc(F)cc3)C4CC4)CC(=O)O","substrate []","15159445"
"CHEMBL340032","CC(C)C[C@@H](NC(=O)[C@H](Cc1ccccc1)NC(=O)CNC(=O)[C@@H](C)NC(=O)[C@@H](N)Cc2ccc(O)cc2)C(=O)O","inhibitor [35.4% of control]","12906759"
"CHEMBL1565","CC(C)c1c(C(=O)Nc2ccccc2O)c(c3ccccc3)c(c4ccc(F)cc4)n1CC[C@@H](O)C[C@@H](O)CC(=O)O","inhibitor [+]","10601278"
"CHEMBL1628111","C[C@]12CC[C@H]3[C@@H](CCc4cc(OS(=O)(=O)O)ccc34)[C@@H]1CC[C@@H]2O","inhibitor [(at a rough estimate) 10 % of control]","11683238"
"CHEMBL333687","CC(C)c1c(C(=O)Nc2ccccc2)c(c3ccccc3)c(c4ccc(F)cc4)n1CC[C@@H]5C[C@@H](O)CC(=O)O5","inhibitor [IC50=2.6 +/- 1.4uM]","15616150"
"CHEMBL499808","CCC(C)CC(C)CCCCCCCCC(=O)N[C@H]1C[C@@H](O)[C@@H](NCCN)NC(=O)[C@@H]2[C@@H](O)CCN2C(=O)[C@@H](NC(=O)[C@@H](NC(=O)[C@@H]3C[C@@H](O)CN3C(=O)[C@@H](NC1=O)[C@@H](C)O)[C@H](O)[C@@H](O)c4ccc(O)cc4)[C@H](O)CCN","substrate [+]","15716364"
"CHEMBL413","CO[C@@H]1C[C@H](C[C@@H](C)[C@@H]2CC(=O)[C@H](C)\C=C(/C)\[C@@H](O)[C@@H](OC)C(=O)[C@H](C)C[C@H](C)\C=C\C=C\C=C(/C)\[C@H](C[C@@H]3CC[C@@H](C)[C@@](O)(O3)C(=O)C(=O)N4CCCC[C@H]4C(=O)O2)OC)CC[C@H]1O","inhibitor [IC50=1.1uM]","14530907"
"CHEMBL1201391","CCC(C)(C)C(=O)O[C@H]1C[C@@H](C)C=C2C=C[C@H](C)[C@H](CC[C@@H](O)C[C@@H](O)CC(=O)O)[C@@H]12","inhibitor [IC50=3.6 +/- 1.7uM]","15616150"
"CHEMBL294616","CC1(C)SSC(C)(C)[C@@H](NC(=O)[C@@H](N)Cc2ccc(O)cc2)C(=O)NCC(=O)N[C@H](Cc3ccccc3)C(=O)N[C@H]1C(=O)O","substrate [+]","11159893"
"CHEMBL269732","CO[C@@H]1C[C@@H](CC[C@H]1O)\C=C(/C)\[C@H]2OC(=O)[C@@H]3CCCCN3C(=O)C(=O)[C@]4(O)O[C@H]([C@H](C[C@@H](C)C\C(=C\[C@@H](CC=C)C(=O)C[C@H](O)[C@H]2C)\C)OC)[C@H](C[C@H]4C)OC","inhibitor [IC50=3.7uM]","14530907"
"CHEMBL2074832","CC(C)c1c(C(=O)Nc2ccc(O)cc2)c(c3ccccc3)c(c4ccc(F)cc4)n1CC[C@H](O)C[C@H](O)CC(=O)O","inhibitor [+]","10601278"
"CHEMBL2074720","CC1=C(C=C)\C(=C\c2[nH]c(Cc3[nH]c(\C=C\4/NC(=O)C(=C4C)C=C)c(C)c3CCC(=O)O)c(CCC(=O)O[C@@H]5OC([C@@H](O)C(O)C5O)C(=O)O)c2C)\NC1=O","substrate [Km=0.1uM]","11134001"
"CHEMBL2369947","CC(C)[C@@H]1NC(=O)[C@@H](Cc2ccccc2)NC(=O)[C@H](Cc3ccccc3)NC(=O)[C@@H]4CCCN4C(=O)[C@@H]5CCCN5C(=O)[C@H](Cc6ccccc6)NC(=O)[C@@H](Cc7ccccc7)NC(=O)[C@H](C)NC(=O)[C@@H]8CCCN8C(=O)[C@@H]9CCCN9C1=O","inhibitor [IC50=1.0uM]","14530907"
"CHEMBL444092","CO[C@@H](Cc1ccccc1)[C@@H](C)\C=C(/C)\C=C\[C@@H]2NC(=O)[C@H](CCCNC(=N)N)NC(=O)[C@@H](C)[C@@H](NC(=O)[C@H](CC(C)C)NC(=O)[C@@H](C)NC(=O)C(=C)N(C)C(=O)CC[C@@H](NC(=O)[C@H]2C)C(=O)O)C(=O)O","substrate [Km=12.4uM]","15737679"
"CHEMBL1938870","OC(=O)Cn1nnc(n1)c2onc(c2)N3CCC(CC3)Oc4cc(F)ccc4Br","Active","21661758"
"CHEMBL191422","N[C@@H](Cc1ccc(O)cc1)C(=O)NCC(=O)NCC(=O)O","inhibitor [77.2% of control]","12906759"
"CHEMBL2397733","COc1cc(ccc1O)[C@@H]2[C@H]3CO[C@]4(O)[C@H]3C(=C[C@H]2C4=O)[C@H]5Oc6cc(O)cc(O)c6C(=O)[C@@H]5O","Active","23401473"
"CHEMBL461101","CC1=NN(C(=O)/C/1=N\Nc2cccc(c2O)c3cccc(c3)C(=O)O)c4ccc(C)c(C)c4","Active","21422191"
"CHEMBL501711","CC(C)C(=O)[C@@]12C(=O)C(=C(O)[C@@](CC=C(C)C)(C[C@H](CC=C(C)C)[C@@]1(C)CCC=C(C)C)C2=O)CC=C(C)C","inhibitor [(at a rough estimate) 10 % of control]","12490595"
"CHEMBL2074592","OS(=O)(=O)c1cc(NC=S)ccc1\C=C\c2ccc(cc2S(=O)(=O)O)N=C=S","inhibitor [6 % of control]","10644574"
"CHEMBL2074779","Cc1c(C)c2OC(C)(COc3ccc(CC4SC(=O)NC4=O)cc3)CCc2c(C)c1O[C@@H]5O[C@@H]([C@@H](O)[C@H](O)[C@H]5O)C(=O)O","inhibitor [30% inhibition of control]","14977862"
"CHEMBL1552426","CCCCC[C@H](O)\C=C\[C@H]1OC(O)C[C@H](O)[C@@H]1C\C=C/CCCC(=O)O","substrate [+]","10358072"
"CHEMBL3138108","","substrate [Km=10uM]","11901224"
"CHEMBL328980","C[C@H](N)C(=O)N[C@@H](C)C(=O)N[C@@H](C)C(=O)N[C@@H](C)C(=O)N[C@@H](C)C(=O)O","inhibitor [86.3% of control]","12906759"
"CHEMBL592675","COc1cc(ccc1O)[C@@H]2Oc3cc(ccc3O[C@H]2CO)[C@H]4Oc5cc(O)cc(O)c5C(=O)[C@@H]4O","Not Active","23401473"
"CHEMBL237500","CC#CCn1c(nc2N(C)C(=O)N(Cc3nc(C)c4ccccc4n3)C(=O)c12)N5CCC[C@@H](N)C5","Not Active","23073734"
"CHEMBL130493","COc1cc(ccc1O)[C@@H]2Oc3c(O)cc(cc3[C@H]2CO)[C@H]4Oc5cc(O)cc(O)c5C(=O)[C@@H]4O","Not Active","23401473"
"CHEMBL487805","O[C@@H]1[C@@H](O)[C@H](Oc2cc3OC(=CC(=O)c3c(O)c2O)c4ccc(O)cc4)O[C@@H]([C@H]1O)C(=O)O","Not Active","22822035"
"CHEMBL2165619","Cc1ccc(NC(=O)[C@H](CC2CCCC2)n3cnc(c3)C(F)(F)F)nc1","Not Active","22196621"
"CHEMBL308954","Cc1cc(cc(C)c1Oc2nc(Nc3ccc(cc3)C#N)nc(N)c2Br)C#N","Not Active","21189339"
"CHEMBL3542370","O[C@@H]1[C@@H](O)[C@H](Oc2c(O)cc3OC(=CC(=O)c3c2O)c4ccc(O)cc4)O[C@@H]([C@H]1O)C(=O)O","Not Active","22822035"
