"CHEMBL46","Cc1nccn1CC2CCc3c(C2=O)c4ccccc4n3C","","23241029"
"CHEMBL1502","COc1ccnc(C[S+]([O-])c2nc3cc(OC(F)F)ccc3[nH]2)c1OC","","23241029"
"CHEMBL30","CN\C(=N/CCSCc1nc[nH]c1C)\NC#N","","21599003"
"CHEMBL1201187","CC(C)c1nnc(C)n1[C@@H]2C[C@H]3CC[C@@H](C2)N3CC[C@H](NC(=O)C4CCC(F)(F)CC4)c5ccccc5","","23241029"
"CHEMBL58","OCCNCCNc1ccc(NCCNCCO)c2C(=O)c3c(O)ccc(O)c3C(=O)c12","","23241029"
"CHEMBL590799","CN(C)C(=O)COC(=O)Cc1ccc(OC(=O)c2ccc(NC(=N)N)cc2)cc1","","23241029"
"CHEMBL84","CC[C@@]1(O)C(=O)OCC2=C1C=C3N(Cc4cc5c(CN(C)C)c(O)ccc5nc34)C2=O","","23241029"
"CHEMBL219916","Clc1ccc2N(C3CCN(CCCN4C(=O)Nc5ccccc45)CC3)C(=O)Nc2c1","","23241029"
"CHEMBL219916","Clc1ccc2N(C3CCN(CCCN4C(=O)Nc5ccccc45)CC3)C(=O)Nc2c1","","23241029"
"CHEMBL219916","Clc1ccc2N(C3CCN(CCCN4C(=O)Nc5ccccc45)CC3)C(=O)Nc2c1","","23241029"
