"CHEMBL302326","C[n+]1ccccc1","transporter substrate","20190787"
"CHEMBL9324","CC[N+](CC)(CC)CC","transporter substrate","20190787"
"CHEMBL1294","COc1ccc2nccc([C@H](O)[C@H]3C[C@@H]4CCN3C[C@@H]4C=C)c2c1","transporter inhibitor","20190787"
"CHEMBL1431","CN(C)C(=N)NC(=N)N","transporter substrate","20190787"
"CHEMBL301265","CCCN[C@H]1CCc2nc(N)sc2C1","transporter inhibitor","20190787"
"CHEMBL723","COc1ccccc1OCCNCC(O)COc2cccc3[nH]c4ccccc4c23","Not Active","23241029"
"CHEMBL364713","COc1ccc2[C@H](OC(=O)c2c1OC)[C@@H]3N(C)CCc4cc5OCOc5c(OC)c34","Not Active","23241029"
