"Acyclovir","NC1=NC(=O)C2=C(N1)N(COCCO)C=N2","Multidrug and toxin extrusion protein 2","BE0004752","|substrate|","CHEMBL184"
"Dolutegravir","[H][C@]12CN3C=C(C(=O)NCC4=CC=C(F)C=C4F)C(=O)C(O)=C3C(=O)N1[C@H](C)CCO2","Multidrug and toxin extrusion protein 2","BE0004752","|inhibitor|","CHEMBL1229211"
"Baricitinib","CCS(=O)(=O)N1CC(CC#N)(C1)N1C=C(C=N1)C1=C2C=CNC2=NC=N1","Multidrug and toxin extrusion protein 2","BE0004752","|substrate|inhibitor|","CHEMBL2105759"
"Apalutamide","CNC(=O)C1=CC=C(C=C1F)N1C(=S)N(C(=O)C11CCC1)C1=CC(=C(N=C1)C#N)C(F)(F)F","Multidrug and toxin extrusion protein 2","BE0004752","|inhibitor|","CHEMBL3183409"
"Abemaciclib","CCN1CCN(CC2=CC=C(NC3=NC=C(F)C(=N3)C3=CC(F)=C4N=C(C)N(C(C)C)C4=C3)N=C2)CC1","Multidrug and toxin extrusion protein 2","BE0004752","|inhibitor|","CHEMBL3301610"
"Brigatinib","COC1=CC(=CC=C1NC1=NC=C(Cl)C(NC2=CC=CC=C2P(C)(C)=O)=N1)N1CCC(CC1)N1CCN(C)CC1","Multidrug and toxin extrusion protein 2","BE0004752","|inhibitor|","CHEMBL3545311"
"Rucaparib","CNCC1=CC=C(C=C1)C1=C2CCNC(=O)C3=C2C(N1)=CC(F)=C3","Multidrug and toxin extrusion protein 2","BE0004752","|inhibitor|","CHEMBL1173055"
"Copanlisib","COC1=C(OCCCN2CCOCC2)C=CC2=C1N=C(NC(=O)C1=CN=C(N)N=C1)N1CCN=C21","Multidrug and toxin extrusion protein 2","BE0004752","|inhibitor|","CHEMBL3218576"
"Plazomicin","CN[C@@H]1[C@@H](O)[C@@H](O[C@H]2[C@@H](C[C@H](N)[C@@H](O[C@H]3OC(CNCCO)=CC[C@H]3N)[C@@H]2O)NC(=O)[C@@H](O)CCN)OC[C@]1(C)O","Multidrug and toxin extrusion protein 2","BE0004752","|inhibitor|","CHEMBL1650559"
