"CHEMBL976","O=C(C1CCCCC1)N2CC3N(CCc4ccccc34)C(=O)C2","","21965623"
"CHEMBL408701","C[C@H](CCC(=O)NCCS(=O)(=O)O)[C@H]1CC[C@H]2[C@@H]3CC[C@@H]4C[C@H](O)CC[C@]4(C)[C@H]3CC[C@]12C","is not an inhibitor [-]","12739759"
"CHEMBL2074924","OC(=O)c1cc(NC(=O)CI)ccc1C2=C3C=CC(=O)C=C3Oc4cc(O)ccc24","is not a substrate [-]","12739759"
"CHEMBL3704745","CCC1NC(=O)C(C(O)C(C)C\C=C\C)N(C)C(=O)C(C(C)C)N(C)C(=O)C(CC(C)C)N(C)C(=O)C(CC(C)C)N(C)C(=O)C(C)NC(=O)C(C)NC(=O)C(CC(C)C)N(C)C(=O)C(NC(=O)C(C(C)C)N(CC)C(=O)C(C)N(C)C1=O)C(C)C","317676",""
"CHEMBL424","OC(=O)c1ccccc1O","","21965623"
"CHEMBL557555","CC(C)(Oc1ccc(cc1)C2CC2(Cl)Cl)C(=O)O","","21965623"
"CHEMBL3526716","COc1cc(OC[C@@H]2CNCC[C@H]2c3ccc(F)cc3)ccc1O[C@@H]4O[C@@H]([C@@H](O)[C@H](O)[C@H]4O)C(=O)O","Active","23303441"
"CHEMBL1552","C[C@H](CCC(=O)NCC(=O)O)[C@H]1CC[C@H]2[C@@H]3[C@H](O)C[C@@H]4C[C@H](O)CC[C@]4(C)[C@H]3CC[C@]12C","inhibitor [Ki=7uM]","12404239"
"CHEMBL386389","CCC1NC(=O)C(C(O)C(C)C\C=C\C)N(C)C(=O)C(C(C)C)N(C)C(=O)C(CC(C)C)N(C)C(=O)C(CC(C)C)N(C)C(=O)C(C)NC(=O)C(C)NC(=O)C(CC(C)C)N(C)C(=O)C(NC(=O)C(CC(C)C)N(C)C(=O)CN(C)C1=O)C(C)C","317675",""
"CHEMBL1411979","CN(C)CCN(Cc1cccs1)c2ccccn2","","21965623"
"CHEMBL1790041","CNC(=C[N+](=O)[O-])NCCSCc1oc(CN(C)C)cc1","","21965623"
"CHEMBL27","CC(C)NCC(O)COc1cccc2ccccc12","","21965623"
"CHEMBL178","COc1cccc2C(=O)c3c(O)c4C[C@](O)(C[C@H](O[C@H]5C[C@H](N)[C@H](O)[C@H](C)O5)c4c(O)c3C(=O)c12)C(=O)C","is not a substrate [-]","12739759"
"CHEMBL521","CC(C)Cc1ccc(cc1)C(C)C(=O)O","","21965623"
"CHEMBL572","[O-][N+](=O)c1oc(\C=N\N2CC(=O)NC2=O)cc1","","21965623"
"CHEMBL95","Nc1c2CCCCc2nc3ccccc13","","21965623"
"CHEMBL95","Nc1c2CCCCc2nc3ccccc13","","21965623"
"CHEMBL95","Nc1c2CCCCc2nc3ccccc13","","21965623"
"CHEMBL348000","OC(=O)c1cc(nc2ccccc12)c3ccccc3","","21965623"
"CHEMBL772","CO[C@H]1[C@@H](C[C@@H]2CN3CCc4c([nH]c5cc(OC)ccc45)[C@H]3C[C@@H]2[C@@H]1C(=O)OC)OC(=O)c6cc(OC)c(OC)c(OC)c6","is not an inhibitor [-]","12739759"
"CHEMBL772","CO[C@H]1[C@@H](C[C@@H]2CN3CCc4c([nH]c5cc(OC)ccc45)[C@H]3C[C@@H]2[C@@H]1C(=O)OC)OC(=O)c6cc(OC)c(OC)c(OC)c6","is not an inhibitor [-]","12739759"
"CHEMBL1131","COc1cc(C)c(\C=C\C(=C\C=C\C(=C\C(=O)O)\C)\C)c(C)c1C","","21965623"
"CHEMBL498","CCCNC(=O)NS(=O)(=O)c1ccc(Cl)cc1","","21965623"
"CHEMBL502","COc1cc2CC(CC3CCN(Cc4ccccc4)CC3)C(=O)c2cc1OC","","21965623"
"CHEMBL222645","Cc1onc(c1C(=O)N[C@H]2[C@H]3SC(C)(C)[C@@H](N3C2=O)C(=O)O)c4c(F)cccc4Cl","","21965623"
"CHEMBL222645","Cc1onc(c1C(=O)N[C@H]2[C@H]3SC(C)(C)[C@@H](N3C2=O)C(=O)O)c4c(F)cccc4Cl","","21965623"
"CHEMBL408","Cc1c(C)c2OC(C)(COc3ccc(CC4SC(=O)NC4=O)cc3)CCc2c(C)c1O","inhibitor [IC50 = 66.4 u M (Hill coefficient = 2.1)]","12739759"
"CHEMBL777","OC\C=C\1/O[C@@H]2CC(=O)N2[C@H]1C(=O)O","","21965623"
"CHEMBL777","OC\C=C\1/O[C@@H]2CC(=O)N2[C@H]1C(=O)O","","21965623"
"CHEMBL1542","Cn1cnc(c1Sc2ncnc3nc[nH]c23)[N+](=O)[O-]","","21965623"
"CHEMBL3104879","CC(C)N1C(=O)c2cc(C)nc(Oc3cc(NS(=O)(=O)c4ccc(Cl)cc4)ccc3F)c2C1=O","Not Active","24332491"
"CHEMBL3104879","CC(C)N1C(=O)c2cc(C)nc(Oc3cc(NS(=O)(=O)c4ccc(Cl)cc4)ccc3F)c2C1=O","Not Active","24332491"
"CHEMBL64","NNC(=O)c1ccncc1","","21965623"
"CHEMBL673","CN(CC#C)Cc1ccccc1","","21965623"
"CHEMBL673","CN(CC#C)Cc1ccccc1","","21965623"
"CHEMBL318663","CC1(C)N=C(N)N=C(N)N1c2ccc(Cc3ccccc3)cc2","","21965623"
"CHEMBL1094","NC(=O)OCC(COC(=O)N)c1ccccc1","","21965623"
"CHEMBL2074909","CC[n+]1cc(cc2ccc(\C=C\C=C\c3ccc(cc3)N(C)C)cc12)N(C)C","is not a substrate [-]","12739759"
