"CHEMBL2074907","CC(=O)OCOC(=O)CN(CC(=O)OCOC(=O)C)c1ccc(C)cc1OCCOc2cc(ccc2N(CC(=O)OCOC(=O)C)CC(=O)OCOC(=O)C)C3=C4C=C(Cl)C(=O)C=C4Oc5cc(OCOC(=O)C)c(Cl)cc35","is not a substrate [-]","12739759"
"CHEMBL297453","Oc1cc(O)c2C[C@@H](OC(=O)c3cc(O)c(O)c(O)c3)[C@H](Oc2c1)c4cc(O)c(O)c(O)c4","is not an inhibitor [-]","12739759"
"CHEMBL541167","[Br-].CN(C)c1ccc2C(=C3C=CC(=[N+](C)C)C=C3Oc2c1)c4ccc(CCl)cc4","is not a substrate [-]","12739759"
"CHEMBL408701","C[C@H](CCC(=O)NCCS(=O)(=O)O)[C@H]1CC[C@H]2[C@@H]3CC[C@@H]4C[C@H](O)CC[C@]4(C)[C@H]3CC[C@]12C","is not an inhibitor [-]","12739759"
"CHEMBL53463","COc1cccc2C(=O)c3c(O)c4C[C@](O)(C[C@H](O[C@H]5C[C@H](N)[C@H](O)[C@H](C)O5)c4c(O)c3C(=O)c12)C(=O)CO","is not a substrate [-]","12739759"
"CHEMBL2074924","OC(=O)c1cc(NC(=O)CI)ccc1C2=C3C=CC(=O)C=C3Oc4cc(O)ccc24","is not a substrate [-]","12739759"
"CHEMBL30","CN\C(=N/CCSCc1nc[nH]c1C)\NC#N","is not an inhibitor [-]","12739759"
"CHEMBL406393","C[C@H](CCC(=O)O)[C@H]1CC[C@H]2[C@@H]3CC[C@@H]4C[C@H](O)CC[C@]4(C)[C@H]3C[C@H](O)[C@]12C","inducer [+]","11509573"
"CHEMBL2074718","CC(=O)OCOC(=O)CN(CC(=O)OCOC(=O)C)Cc1c(OC(=O)C)ccc2c1Oc3c(CN(CC(=O)OCOC(=O)C)CC(=O)OCOC(=O)C)c(OC(=O)C)ccc3C24OC(=O)c5ccccc45","is not a substrate [-]","12739759"
"CHEMBL2074908","CC(C)CCCC(C)C1CC[C@H]2[C@@H]3CC=C4CC(CC[C@]4(C)[C@H]3CC[C@]12C)OC(=O)CCCCCCCCCCCC5=[N+]6C(=Cc7c(C)cc(C)n7[B-]6(F)F)C=C5","is not a substrate [-]","12739759"
"CHEMBL3704745","CCC1NC(=O)C(C(O)C(C)C\C=C\C)N(C)C(=O)C(C(C)C)N(C)C(=O)C(CC(C)C)N(C)C(=O)C(CC(C)C)N(C)C(=O)C(C)NC(=O)C(C)NC(=O)C(CC(C)C)N(C)C(=O)C(NC(=O)C(C(C)C)N(CC)C(=O)C(C)N(C)C1=O)C(C)C","317676",""
"CHEMBL3979922","CC(C)[C@@H]1\N=C(\O)/[C@H](CCC(=O)C)[C@H](O)[C@@H](C)[C@@H](O)\C=C/C=C\C[C@H](OC(=O)C2CCCN(N2)C(=O)[C@H](Cc3cc(O)cc(F)c3)\N=C/1\O)\C(=C\C=C\C(=O)N4CCCCO4)\C","317677",""
"CHEMBL223643","CC(C)[C@H]1NC(=O)[C@H](OC(=O)[C@@H](NC(=O)[C@H](C)OC(=O)[C@H](NC(=O)[C@H](OC(=O)[C@@H](NC(=O)[C@H](C)OC(=O)[C@H](NC(=O)[C@H](OC(=O)[C@@H](NC(=O)[C@H](C)OC1=O)C(C)C)C(C)C)C(C)C)C(C)C)C(C)C)C(C)C)C(C)C)C(C)C","is not an inhibitor [-]","12739759"
"CHEMBL386389","CCC1NC(=O)C(C(O)C(C)C\C=C\C)N(C)C(=O)C(C(C)C)N(C)C(=O)C(CC(C)C)N(C)C(=O)C(CC(C)C)N(C)C(=O)C(C)NC(=O)C(C)NC(=O)C(CC(C)C)N(C)C(=O)C(NC(=O)C(CC(C)C)N(C)C(=O)CN(C)C1=O)C(C)C","317675",""
"CHEMBL2074638","[I-].CCN1C(=C\C=C\c2[n+](CC)c3cc(Cl)c(Cl)cc3n2CC)N(CC)c4cc(Cl)c(Cl)cc14","is not a substrate [-]","12739759"
"CHEMBL2074923","CN(CCOC(=O)CI)c1ccc(c2nonc12)[N+](=O)[O-]","is not a substrate [-]","12739759"
"CHEMBL2074925","CC(=O)Oc1cc2Oc3cc(OC(=O)C)c(Cl)cc3C(c2cc1Cl)c4cc(ccc4C(=O)O)C(=O)O.CC(=O)Oc5cc6Oc7cc(OC(=O)C)c(Cl)cc7C(c6cc5Cl)c8c(cccc8C(=O)O)C(=O)O","is not a substrate [-]","12739759"
"CHEMBL178","COc1cccc2C(=O)c3c(O)c4C[C@](O)(C[C@H](O[C@H]5C[C@H](N)[C@H](O)[C@H](C)O5)c4c(O)c3C(=O)c12)C(=O)C","is not a substrate [-]","12739759"
"CHEMBL1294","COc1ccc2nccc([C@H](O)[C@H]3C[C@@H]4CCN3C[C@@H]4C=C)c2c1","is not an inhibitor [-]","12739759"
"CHEMBL176049","Cl.COC(=O)c1ccccc1C2=C3C=CC(=N)C=C3Oc4cc(N)ccc24","is not a substrate [-]","12739759"
"CHEMBL772","CO[C@H]1[C@@H](C[C@@H]2CN3CCc4c([nH]c5cc(OC)ccc45)[C@H]3C[C@@H]2[C@@H]1C(=O)OC)OC(=O)c6cc(OC)c(OC)c(OC)c6","is not an inhibitor [-]","12739759"
"CHEMBL318457","CC(C)c1onc(c1COc2ccc(\C=C\c3cccc(c3)C(=O)O)c(Cl)c2)c4c(Cl)cccc4Cl","inducer [+]","12052824"
"CHEMBL343002","CCOc1ccc(cc1)c2nc3cc(ccc3[nH]2)c4nc5cc(ccc5[nH]4)N6CCN(C)CC6","is not a substrate [-]","12739759"
"CHEMBL2074909","CC[n+]1cc(cc2ccc(\C=C\C=C\c3ccc(cc3)N(C)C)cc12)N(C)C","is not a substrate [-]","12739759"
