"CHEMBL472","COc1ccc(Cl)cc1C(=O)NCCc2ccc(cc2)S(=O)(=O)NC(=O)NC3CCCCC3","inhibitor [IC50 = 146.5 u M (Hill coefficient = 2.9)]","12739759"
"CHEMBL437765","CO[C@H]1\C=C\O[C@@]2(C)Oc3c(C)c(O)c4c(O)c(NC(=O)\C(=C/C=C/[C@H](C)[C@H](O)[C@@H](C)[C@@H](O)[C@@H](C)[C@H](OC(=O)C)[C@@H]1C)\C)cc(O)c4c3C2=O","inhibitor [IC50 = 206.5 u M (Hill coefficient = 2.0)]","12739759"
"CHEMBL159","CC[C@]1(O)C[C@@H]2CN(CCc3c([nH]c4ccccc34)[C@@](C2)(C(=O)OC)c5cc6c(cc5OC)N(C)[C@H]7[C@](O)([C@H](OC(=O)C)[C@]8(CC)C=CCN9CC[C@]67[C@H]89)C(=O)OC)C1","inhibitor [IC50 = 62.0 u M (Hill coefficient = 1.9)]","12739759"
"CHEMBL295698","CC(=O)N1CCN(CC1)c2ccc(OC[C@@H]3CO[C@](Cn4ccnc4)(O3)c5ccc(Cl)cc5Cl)cc2","inhibitor [IC50 = 65.4 u M (Hill coefficient = 2.6)]","12739759"
"CHEMBL224867","C[C@H](CCC(=O)NCCS(=O)(=O)O)[C@H]1CC[C@H]2[C@@H]3[C@H](O)C[C@@H]4C[C@H](O)CC[C@]4(C)[C@H]3C[C@H](O)[C@]12C","substrate [Km=4.25uM]","12404239"
"CHEMBL205596","C[C@H](CCC(=O)O)[C@H]1CC[C@H]2[C@@H]3[C@H](O)C[C@@H]4C[C@H](O)CC[C@]4(C)[C@H]3C[C@H](O)[C@]12C","Active","22464344"
"CHEMBL428647","CC(=O)O[C@H]1C(=O)[C@]2(C)[C@@H](O)C[C@H]3OC[C@@]3(OC(=O)C)[C@H]2[C@H](OC(=O)c4ccccc4)[C@]5(O)C[C@H](OC(=O)[C@H](O)[C@@H](NC(=O)c6ccccc6)c7ccccc7)C(=C1C5(C)C)C","inhibitor [IC50 = 28.9 u M (Hill coefficient = 3.0)]","12739759"
"CHEMBL1200848","CCCCCC(=O)O[C@@]1(CC[C@H]2[C@@H]3CCC4=CC(=O)CC[C@]4(C)[C@H]3CC[C@]12C)C(=O)C","Active","23129211"
"CHEMBL103","CC(=O)[C@H]1CC[C@H]2[C@@H]3CCC4=CC(=O)CC[C@]4(C)[C@H]3CC[C@]12C","inhibitor [IC50 = 224.6 u M (Hill coefficient = 3.5)]","12739759"
"CHEMBL411070","C[C@H](CCC(=O)NCC(=O)O)[C@H]1CC[C@H]2[C@@H]3[C@H](O)C[C@@H]4C[C@H](O)CC[C@]4(C)[C@H]3C[C@H](O)[C@]12C","substrate [Km=11.1uM]","12404240"
"CHEMBL272427","C[C@H](CCC(=O)NCCS(=O)(=O)O)[C@H]1CC[C@H]2[C@@H]3[C@@H](O)C[C@@H]4C[C@H](O)CC[C@]4(C)[C@H]3CC[C@]12C","substrate [Km=11.9uM]","12404240"
"CHEMBL71","CN(C)CCCN1c2ccccc2Sc3ccc(Cl)cc13","inhibitor [IC50 = 33.5 u M (Hill coefficient = 5.1)]","12739759"
"CHEMBL160","CC[C@@H]1NC(=O)[C@H]([C@H](O)[C@H](C)C\C=C\C)N(C)C(=O)[C@H](C(C)C)N(C)C(=O)[C@H](CC(C)C)N(C)C(=O)[C@H](CC(C)C)N(C)C(=O)[C@@H](C)NC(=O)[C@H](C)NC(=O)[C@H](CC(C)C)N(C)C(=O)[C@@H](NC(=O)[C@H](CC(C)C)N(C)C(=O)CN(C)C1=O)C(C)C","inhibitor [Ki=9.5uM]","12404239"
"CHEMBL1292","CC(C)\N=C\1/C=C2N(c3ccc(Cl)cc3)c4ccccc4N=C2C=C1Nc5ccc(Cl)cc5","inhibitor [IC50 = 28.7 u M (Hill coefficient = 1.4)]","12739759"
"CHEMBL1144","CC[C@H](C)C(=O)O[C@H]1C[C@H](O)C=C2C=C[C@H](C)[C@H](CC[C@@H](O)C[C@@H](O)CC(=O)O)[C@@H]12","transporter substrate","20190787"
"CHEMBL177756","OC(=O)c1ccccc1C2=C3C=CC(=O)C=C3Oc4cc(O)ccc24","substrate [+]","12739759"
"CHEMBL185878","C[C@H](CCC(=O)NCCS(=O)(=O)O)[C@H]1CC[C@H]2[C@@H]3[C@H](O)C[C@@H]4C[C@H](O)CC[C@]4(C)[C@H]3CC[C@]12C","inhibitor [Ki=28uM]","12404239"
"CHEMBL240597","C[C@H](CCC(=O)O)[C@H]1CC[C@H]2[C@@H]3[C@H](O)C[C@@H]4C[C@H](O)CC[C@]4(C)[C@H]3CC[C@]12C","Active","19102680"
"CHEMBL3526716","COc1cc(OC[C@@H]2CNCC[C@H]2c3ccc(F)cc3)ccc1O[C@@H]4O[C@@H]([C@@H](O)[C@H](O)[C@H]4O)C(=O)O","Active","23303441"
"CHEMBL1552","C[C@H](CCC(=O)NCC(=O)O)[C@H]1CC[C@H]2[C@@H]3[C@H](O)C[C@@H]4C[C@H](O)CC[C@]4(C)[C@H]3CC[C@]12C","inhibitor [Ki=7uM]","12404239"
"CHEMBL443728","[Na+].C[C@H](CCC(=O)NCCS(=O)(=O)[O-])[C@H]1CC[C@H]2[C@@H]3[C@H](O)C[C@@H]4C[C@H](O)CC[C@]4(C)[C@H]3C[C@H](O)[C@]12C","transporter substrate","20190787"
"CHEMBL1956820","COc1ccc2c(O[C@@H]3C[C@@H]4N(C3)C(=O)[C@H](CCCCCCC[C@@H]5C[C@]5(NC4=O)P(=O)(O)Cc6c(F)cccc6F)NC(=O)OC7CCCC7)cc(nc2c1Cl)c8csc(NC(C)C)n8","Active","22244938"
"CHEMBL83","CC\C(=C(/c1ccccc1)\c2ccc(OCCN(C)C)cc2)\c3ccccc3","inhibitor [IC50 = 15.4 u M (Hill coefficient = 4.1)]","12739759"
"CHEMBL1232699","OC(=O)c1ccccc1C2c3ccc(O)cc3Oc4cc(O)ccc24","substrate [+]","12739759"
"CHEMBL6966","COc1ccc(CCN(C)CCCC(C#N)(C(C)C)c2ccc(OC)c(OC)c2)cc1OC","inhibitor [IC50 = 79.1 u M (Hill coefficient = 2.7)]","12739759"
"CHEMBL408","Cc1c(C)c2OC(C)(COc3ccc(CC4SC(=O)NC4=O)cc3)CCc2c(C)c1O","inhibitor [IC50 = 66.4 u M (Hill coefficient = 2.1)]","12739759"
"CHEMBL3113002","Clc1ccc(cc1)S(=O)(=O)N2CCCc3ccc(Oc4cc(cc(Cl)n4)c5onc(n5)C6CC6)cc23","Not Active","24440299"
"CHEMBL3526778","COc1cc(OC[C@@H]2CNCC[C@H]2c3ccc(F)cc3)ccc1OS(=O)(=O)O","Not Active","23303441"
"CHEMBL3771118","COc1ncc(C)cc1CC[C@@](O)(CC(=O)O)C(=O)O","Not Active","26734723"
"CHEMBL3104879","CC(C)N1C(=O)c2cc(C)nc(Oc3cc(NS(=O)(=O)c4ccc(Cl)cc4)ccc3F)c2C1=O","Not Active","24332491"
