"CHEMBL224867","C[C@H](CCC(=O)NCCS(=O)(=O)O)[C@H]1CC[C@H]2[C@@H]3[C@H](O)C[C@@H]4C[C@H](O)CC[C@]4(C)[C@H]3C[C@H](O)[C@]12C","substrate [Km=4.25uM]","12404239"
"CHEMBL411070","C[C@H](CCC(=O)NCC(=O)O)[C@H]1CC[C@H]2[C@@H]3[C@H](O)C[C@@H]4C[C@H](O)CC[C@]4(C)[C@H]3C[C@H](O)[C@]12C","substrate [Km=11.1uM]","12404240"
"CHEMBL272427","C[C@H](CCC(=O)NCCS(=O)(=O)O)[C@H]1CC[C@H]2[C@@H]3[C@@H](O)C[C@@H]4C[C@H](O)CC[C@]4(C)[C@H]3CC[C@]12C","substrate [Km=11.9uM]","12404240"
"CHEMBL1144","CC[C@H](C)C(=O)O[C@H]1C[C@H](O)C=C2C=C[C@H](C)[C@H](CC[C@@H](O)C[C@@H](O)CC(=O)O)[C@@H]12","transporter substrate","20190787"
"CHEMBL177756","OC(=O)c1ccccc1C2=C3C=CC(=O)C=C3Oc4cc(O)ccc24","substrate [+]","12739759"
"CHEMBL443728","[Na+].C[C@H](CCC(=O)NCCS(=O)(=O)[O-])[C@H]1CC[C@H]2[C@@H]3[C@H](O)C[C@@H]4C[C@H](O)CC[C@]4(C)[C@H]3C[C@H](O)[C@]12C","transporter substrate","20190787"
"CHEMBL1232699","OC(=O)c1ccccc1C2c3ccc(O)cc3Oc4cc(O)ccc24","substrate [+]","12739759"
"CHEMBL472","COc1ccc(Cl)cc1C(=O)NCCc2ccc(cc2)S(=O)(=O)NC(=O)NC3CCCCC3","inhibitor [IC50 = 146.5 u M (Hill coefficient = 2.9)]","12739759"
"CHEMBL437765","CO[C@H]1\C=C\O[C@@]2(C)Oc3c(C)c(O)c4c(O)c(NC(=O)\C(=C/C=C/[C@H](C)[C@H](O)[C@@H](C)[C@@H](O)[C@@H](C)[C@H](OC(=O)C)[C@@H]1C)\C)cc(O)c4c3C2=O","inhibitor [IC50 = 206.5 u M (Hill coefficient = 2.0)]","12739759"
"CHEMBL159","CC[C@]1(O)C[C@@H]2CN(CCc3c([nH]c4ccccc34)[C@@](C2)(C(=O)OC)c5cc6c(cc5OC)N(C)[C@H]7[C@](O)([C@H](OC(=O)C)[C@]8(CC)C=CCN9CC[C@]67[C@H]89)C(=O)OC)C1","inhibitor [IC50 = 62.0 u M (Hill coefficient = 1.9)]","12739759"
"CHEMBL295698","CC(=O)N1CCN(CC1)c2ccc(OC[C@@H]3CO[C@](Cn4ccnc4)(O3)c5ccc(Cl)cc5Cl)cc2","inhibitor [IC50 = 65.4 u M (Hill coefficient = 2.6)]","12739759"
"CHEMBL428647","CC(=O)O[C@H]1C(=O)[C@]2(C)[C@@H](O)C[C@H]3OC[C@@]3(OC(=O)C)[C@H]2[C@H](OC(=O)c4ccccc4)[C@]5(O)C[C@H](OC(=O)[C@H](O)[C@@H](NC(=O)c6ccccc6)c7ccccc7)C(=C1C5(C)C)C","inhibitor [IC50 = 28.9 u M (Hill coefficient = 3.0)]","12739759"
"CHEMBL103","CC(=O)[C@H]1CC[C@H]2[C@@H]3CCC4=CC(=O)CC[C@]4(C)[C@H]3CC[C@]12C","inhibitor [IC50 = 224.6 u M (Hill coefficient = 3.5)]","12739759"
"CHEMBL71","CN(C)CCCN1c2ccccc2Sc3ccc(Cl)cc13","inhibitor [IC50 = 33.5 u M (Hill coefficient = 5.1)]","12739759"
"CHEMBL160","CC[C@@H]1NC(=O)[C@H]([C@H](O)[C@H](C)C\C=C\C)N(C)C(=O)[C@H](C(C)C)N(C)C(=O)[C@H](CC(C)C)N(C)C(=O)[C@H](CC(C)C)N(C)C(=O)[C@@H](C)NC(=O)[C@H](C)NC(=O)[C@H](CC(C)C)N(C)C(=O)[C@@H](NC(=O)[C@H](CC(C)C)N(C)C(=O)CN(C)C1=O)C(C)C","inhibitor [Ki=9.5uM]","12404239"
"CHEMBL1292","CC(C)\N=C\1/C=C2N(c3ccc(Cl)cc3)c4ccccc4N=C2C=C1Nc5ccc(Cl)cc5","inhibitor [IC50 = 28.7 u M (Hill coefficient = 1.4)]","12739759"
"CHEMBL185878","C[C@H](CCC(=O)NCCS(=O)(=O)O)[C@H]1CC[C@H]2[C@@H]3[C@H](O)C[C@@H]4C[C@H](O)CC[C@]4(C)[C@H]3CC[C@]12C","inhibitor [Ki=28uM]","12404239"
"CHEMBL1552","C[C@H](CCC(=O)NCC(=O)O)[C@H]1CC[C@H]2[C@@H]3[C@H](O)C[C@@H]4C[C@H](O)CC[C@]4(C)[C@H]3CC[C@]12C","inhibitor [Ki=7uM]","12404239"
"CHEMBL83","CC\C(=C(/c1ccccc1)\c2ccc(OCCN(C)C)cc2)\c3ccccc3","inhibitor [IC50 = 15.4 u M (Hill coefficient = 4.1)]","12739759"
"CHEMBL6966","COc1ccc(CCN(C)CCCC(C#N)(C(C)C)c2ccc(OC)c(OC)c2)cc1OC","inhibitor [IC50 = 79.1 u M (Hill coefficient = 2.7)]","12739759"
"CHEMBL408","Cc1c(C)c2OC(C)(COc3ccc(CC4SC(=O)NC4=O)cc3)CCc2c(C)c1O","inhibitor [IC50 = 66.4 u M (Hill coefficient = 2.1)]","12739759"
"Reserpine","[H][C@]12C[C@@H](OC(=O)C3=CC(OC)=C(OC)C(OC)=C3)[C@H](OC)[C@@H](C(=O)OC)[C@@]1([H])C[C@@]1([H])N(CCC3=C1NC1=C3C=CC(OC)=C1)C2","Bile salt export pump","BE0000703","|inhibitor|","CHEMBL772"
"Clotrimazole","ClC1=CC=CC=C1C(N1C=CN=C1)(C1=CC=CC=C1)C1=CC=CC=C1","Bile salt export pump","BE0000703","|inhibitor|","CHEMBL104"
"Digoxin","[H][C@]12CC[C@]3([H])[C@]([H])(C[C@@H](O)[C@]4(C)[C@H](CC[C@]34O)C3=CC(=O)OC3)[C@@]1(C)CC[C@@H](C2)O[C@H]1C[C@H](O)[C@H](O[C@H]2C[C@H](O)[C@H](O[C@H]3C[C@H](O)[C@H](O)[C@@H](C)O3)[C@@H](C)O2)[C@@H](C)O1","Bile salt export pump","BE0000703","|substrate|","CHEMBL1751"
"Vincristine","[H][C@@]12N3CC[C@@]11C4=CC(=C(OC)C=C4N(C=O)[C@@]1([H])[C@](O)([C@H](OC(C)=O)[C@]2(CC)C=CC3)C(=O)OC)[C@]1(C[C@]2([H])CN(C[C@](O)(CC)C2)CCC2=C1NC1=CC=CC=C21)C(=O)OC","Bile salt export pump","BE0000703","|substrate|","CHEMBL90555"
"Bosentan","COC1=CC=CC=C1OC1=C(NS(=O)(=O)C2=CC=C(C=C2)C(C)(C)C)N=C(N=C1OCCO)C1=NC=CC=N1","Bile salt export pump","BE0000703","|inhibitor|","CHEMBL957"
"Fluorescein","OC1=CC2=C(C=C1)C1(OC(=O)C3=CC=CC=C13)C1=C(O2)C=C(O)C=C1","Bile salt export pump","BE0000703","|substrate|","CHEMBL1057"
"Daunorubicin","COC1=CC=CC2=C1C(=O)C1=C(O)C3=C(C[C@](O)(C[C@@H]3O[C@H]3C[C@H](N)[C@H](O)[C@H](C)O3)C(C)=O)C(O)=C1C2=O","Bile salt export pump","BE0000703","|substrate|","CHEMBL178"
"Tipranavir","[H][C@@](CC)(C1=CC(NS(=O)(=O)C2=NC=C(C=C2)C(F)(F)F)=CC=C1)C1=C(O)C[C@@](CCC)(CCC2=CC=CC=C2)OC1=O","Bile salt export pump","BE0000703","|inhibitor|","CHEMBL222559"
"Ethinyl Estradiol","[H][C@@]12CC[C@@](O)(C#C)[C@@]1(C)CC[C@]1([H])C3=C(CC[C@@]21[H])C=C(O)C=C3","Bile salt export pump","BE0000703","|inhibitor|inducer|","CHEMBL691"
"Doxorubicin","COC1=CC=CC2=C1C(=O)C1=C(O)C3=C(C[C@](O)(C[C@@H]3O[C@H]3C[C@H](N)[C@H](O)[C@H](C)O3)C(=O)CO)C(O)=C1C2=O","Bile salt export pump","BE0000703","|substrate|","CHEMBL53463"
"Rifampicin","CO[C@H]1\C=C\O[C@@]2(C)OC3=C(C2=O)C2=C(O)C(\C=N\N4CCN(C)CC4)=C(NC(=O)\C(C)=C/C=C/[C@H](C)[C@H](O)[C@@H](C)[C@@H](O)[C@@H](C)[C@H](OC(C)=O)[C@@H]1C)C(O)=C2C(O)=C3C","Bile salt export pump","BE0000703","|inhibitor|","CHEMBL374478"
"Rosuvastatin","CC(C)C1=NC(=NC(C2=CC=C(F)C=C2)=C1\C=C\[C@@H](O)C[C@@H](O)CC(=O)O)N(C)S(C)(=O)=O","Bile salt export pump","BE0000703","|substrate|","CHEMBL1496"
"Phenobarbital","CCC1(C(=O)NC(=O)NC1=O)C1=CC=CC=C1","Bile salt export pump","BE0000703","|inducer|","CHEMBL40"
"Dexamethasone","[H][C@@]12C[C@@H](C)[C@](O)(C(=O)CO)[C@@]1(C)C[C@H](O)[C@@]1(F)[C@@]2([H])CCC2=CC(=O)C=C[C@]12C","Bile salt export pump","BE0000703","|inducer|","CHEMBL384467"
"Ursodeoxycholic acid","[H][C@@]1(CC[C@@]2([H])[C@]3([H])[C@@H](O)C[C@]4([H])C[C@H](O)CC[C@]4(C)[C@@]3([H])CC[C@]12C)[C@H](C)CCC(O)=O","Bile salt export pump","BE0000703","|substrate|inhibitor|inducer|","CHEMBL1551"
"Cholic Acid","[H][C@@](C)(CCC(O)=O)[C@@]1([H])CC[C@@]2([H])[C@]3([H])[C@]([H])(O)C[C@]4([H])C[C@]([H])(O)CC[C@]4(C)[C@@]3([H])C[C@]([H])(O)[C@]12C","Bile salt export pump","BE0000703","|substrate|inhibitor|inducer|","CHEMBL205596"
"Fusidic Acid","O[C@@H]1CC[C@@]2(C)[C@@]([H])(CC[C@@]3(C)[C@@]2([H])[C@H](O)C[C@@]2([H])\C([C@@H](OC(=O)C)C[C@]32C)=C(/CCC=C(C)C)C(O)=O)[C@@H]1C","Bile salt export pump","BE0000703","|inhibitor|","CHEMBL374975"
"Deoxycholic Acid","[H][C@@]12CC[C@H]([C@H](C)CCC(O)=O)[C@@]1(C)[C@@H](O)C[C@@]1([H])[C@@]2([H])CC[C@]2([H])C[C@H](O)CC[C@]12C","Bile salt export pump","BE0000703","|inducer|","CHEMBL406393"
"Simeprevir","[H]\C1=C([H])\[C@]2([H])C[C@]2(N=C(O)[C@]2([H])C[C@]([H])(C[C@@]2([H])C(=O)N(C)CCCC1)OC1=C2C=CC(OC)=C(C)C2=NC(=C1)C1=NC(=CS1)C(C)C)C(O)=NS(=O)(=O)C1CC1","Bile salt export pump","BE0000703","|inhibitor|","CHEMBL501849"
"Letermovir","COC1=CC=CC(=C1)N1CCN(CC1)C1=NC2=C(C=CC=C2F)[C@H](CC(O)=O)N1C1=CC(=CC=C1OC)C(F)(F)F","Bile salt export pump","BE0000703","|inhibitor|","CHEMBL1241951"
