"CHEMBL1294","COc1ccc2nccc([C@H](O)[C@H]3C[C@@H]4CCN3C[C@@H]4C=C)c2c1","inhibitor [20% of control]","15716364"
"CHEMBL170","COc1ccc2nccc([C@@H](O)[C@@H]3C[C@@H]4CCN3C[C@@H]4C=C)c2c1","transporter inhibitor","20190787"
"CHEMBL139","OC(=O)Cc1ccccc1Nc2c(Cl)cccc2Cl","","18788725"
"CHEMBL42","CN1CCN(CC1)C2=Nc3cc(Cl)ccc3Nc4ccccc24","","18788725"
"CHEMBL642","CCCC(=O)Nc1ccc(OCC(O)CNC(C)C)c(c1)C(=O)C","","18788725"
"CHEMBL9324","CC[N+](CC)(CC)CC","","18788725"
"CHEMBL86","CCN(CC)CCNC(=O)c1cc(Cl)c(N)cc1OC","","18788725"
"CHEMBL471","CC(C)NCC(O)c1ccc(NS(=O)(=O)C)cc1","","18788725"
"CHEMBL600","CC(=O)N[C@@H](CS)C(=O)O","","18788725"
"CHEMBL2074858","CC[n+]1cccc(c1)c2ccccc2","inhibitor [28.3uM]","12606755"
"CHEMBL564","CN(C)CCCN1c2ccccc2Sc3ccccc13","","18788725"
"CHEMBL564","CN(C)CCCN1c2ccccc2Sc3ccccc13","","18788725"
"CHEMBL776","CC(C)NCC(O)c1cc(O)cc(O)c1","","18788725"
"CHEMBL2074726","CCCC[N+](C)(CCCC)CCCC","substrate [Km=53uM]","11408531"
"CHEMBL55","NC(=N)c1ccc(OCCCCCOc2ccc(cc2)C(=N)N)cc1","","23241029"
"CHEMBL54126","[Br-].CN(C)C(=O)Oc1cccc(c1)[N+](C)(C)C","","18788725"
"CHEMBL1201027","[Br-].C[N+]1(C)CCC(C1)OC(=O)C(O)(C2CCCC2)c3ccccc3","","23984907"
"CHEMBL1016","CCOc1nc2cccc(C(=O)O)c2n1Cc3ccc(cc3)c4ccccc4c5nnn[nH]5","","18788725"
"CHEMBL932","OCCN(CCO)c1nc(N2CCCCC2)c3nc(nc(N4CCCCC4)c3n1)N(CCO)CCO","","21599003"
"CHEMBL22","COc1cc(Cc2cnc(N)nc2N)cc(OC)c1OC","","18788725"
"CHEMBL22","COc1cc(Cc2cnc(N)nc2N)cc(OC)c1OC","","18788725"
"CHEMBL22","COc1cc(Cc2cnc(N)nc2N)cc(OC)c1OC","","18788725"
"CHEMBL689","OC[C@@H](O)[C@@H](O)[C@H](O)[C@H](O)CO","","18788725"
"CHEMBL11978","CNC(=O)c1cccnc1","inhibitor [Ki=7700uM]","9655880"
"CHEMBL1064","CCC(C)(C)C(=O)O[C@H]1C[C@@H](C)C=C2C=C[C@H](C)[C@H](CC[C@@H]3C[C@@H](O)CC(=O)O3)[C@@H]12","","18788725"
"CHEMBL1064","CCC(C)(C)C(=O)O[C@H]1C[C@@H](C)C=C2C=C[C@H](C)[C@H](CC[C@@H]3C[C@@H](O)CC(=O)O3)[C@@H]12","","18788725"
"CHEMBL499808","CCC(C)CC(C)CCCCCCCCC(=O)N[C@H]1C[C@@H](O)[C@@H](NCCN)NC(=O)[C@@H]2[C@@H](O)CCN2C(=O)[C@@H](NC(=O)[C@@H](NC(=O)[C@@H]3C[C@@H](O)CN3C(=O)[C@@H](NC1=O)[C@@H](C)O)[C@H](O)[C@@H](O)c4ccc(O)cc4)[C@H](O)CCN","inhibitor [30% of control]","15716364"
"CHEMBL1236196","CCCC[N+](CCCC)(CCCC)CCCC","inhibitor [6.5uM]","12606755"
"CHEMBL941","CN1CCN(Cc2ccc(cc2)C(=O)Nc3ccc(C)c(Nc4nccc(n4)c5cccnc5)c3)CC1","","23241029"
"CHEMBL830","NCCCC(N)(C(F)F)C(=O)O","","18788725"
"CHEMBL374478","CO[C@H]1\C=C\O[C@@]2(C)Oc3c(C)c(O)c4c(O)c(NC(=O)\C(=C/C=C/[C@H](C)[C@H](O)[C@@H](C)[C@@H](O)[C@@H](C)[C@H](OC(=O)C)[C@@H]1C)\C)c(\C=N\N5CCN(C)CC5)c(O)c4c3C2=O","","18788725"
"CHEMBL1231","CCN(CC)CC#CCOC(=O)C(O)(C1CCCCC1)c2ccccc2","","18788725"
"CHEMBL1231","CCN(CC)CC#CCOC(=O)C(O)(C1CCCCC1)c2ccccc2","","18788725"
"CHEMBL6966","COc1ccc(CCN(C)CCCC(C#N)(C(C)C)c2ccc(OC)c(OC)c2)cc1OC","inhibitor [Ki=2.9uM]","9655880"
"CHEMBL1625192","C(c1ccccc1)[n+]2cccc(c2)c3ccccc3","inhibitor [5.5uM]","12606755"
"CHEMBL1220","CCS(=O)(=O)CCn1c(C)ncc1[N+](=O)[O-]","","18788725"
"CHEMBL3085123","[Cl-].CC(C)[N+]1(C)[C@@H]2CC[C@H]1C[C@H](C2)OC(=O)C(CO)c3ccccc3","","18788725"
"CHEMBL526","CC(C)c1cccc(C(C)C)c1O","","18788725"
"CHEMBL1751","C[C@H]1O[C@H](C[C@H](O)[C@@H]1O)O[C@H]2[C@@H](O)C[C@H](O[C@H]3[C@@H](O)C[C@H](O[C@H]4CC[C@@]5(C)[C@H](CC[C@@H]6[C@@H]5C[C@@H](O)[C@]7(C)[C@H](CC[C@]67O)C8=CC(=O)OC8)C4)O[C@@H]3C)O[C@@H]2C","","18788725"
"CHEMBL58","OCCNCCNc1ccc(NCCNCCO)c2C(=O)c3c(O)ccc(O)c3C(=O)c12","","23241029"
"CHEMBL726","OCCN1CCN(CCCN2c3ccccc3Sc4ccc(cc24)C(F)(F)F)CC1","","18788725"
"CHEMBL726","OCCN1CCN(CCCN2c3ccccc3Sc4ccc(cc24)C(F)(F)F)CC1","","18788725"
"CHEMBL15770","C[S+]([O-])c1ccc(\C=C/2\C(=C(CC(=O)O)c3cc(F)ccc23)C)cc1","","18788725"
"CHEMBL274826","C[C@]12CC[C@H]3[C@@H](CCC4=CC(=O)CC[C@]34C)[C@@H]1CCC2=O","","18788725"
"CHEMBL274826","C[C@]12CC[C@H]3[C@@H](CCC4=CC(=O)CC[C@]34C)[C@@H]1CCC2=O","","18788725"
"CHEMBL532","CC[C@H]1OC(=O)[C@H](C)[C@@H](O[C@H]2C[C@@](C)(OC)[C@@H](O)[C@H](C)O2)[C@H](C)[C@@H](O[C@@H]3O[C@H](C)C[C@@H]([C@H]3O)N(C)C)[C@](C)(O)C[C@@H](C)C(=O)[C@H](C)[C@@H](O)[C@]1(C)O","","18788725"
"CHEMBL532","CC[C@H]1OC(=O)[C@H](C)[C@@H](O[C@H]2C[C@@](C)(OC)[C@@H](O)[C@H](C)O2)[C@H](C)[C@@H](O[C@@H]3O[C@H](C)C[C@@H]([C@H]3O)N(C)C)[C@](C)(O)C[C@@H](C)C(=O)[C@H](C)[C@@H](O)[C@]1(C)O","","18788725"
"CHEMBL1794762","NC1CCCCC1","inhibitor [544uM]","12606755"
"CHEMBL49","O=C1CC2(CCCC2)CC(=O)N1CCCCN3CCN(CC3)c4ncccn4","","18788725"
"CHEMBL1619759","C[n+]1ccc(c2ccccc2)c3ccccc13","inhibitor [14uM]","12606755"
"CHEMBL159","CC[C@]1(O)C[C@@H]2CN(CCc3c([nH]c4ccccc34)[C@@](C2)(C(=O)OC)c5cc6c(cc5OC)N(C)[C@H]7[C@](O)([C@H](OC(=O)C)[C@]8(CC)C=CCN9CC[C@]67[C@H]89)C(=O)OC)C1","","18788725"
"CHEMBL643","CC(CN1c2ccccc2Sc3ccccc13)N(C)C","","18788725"
"CHEMBL11608","NCCc1ccc(O)cc1","inhibitor [107uM]","12606755"
"CHEMBL11608","NCCc1ccc(O)cc1","inhibitor [107uM]","12606755"
"CHEMBL73119","C(c1ccccc1)[n+]2ccc(cc2)c3ccccc3","inhibitor [9.3uM]","12606755"
"CHEMBL73119","C(c1ccccc1)[n+]2ccc(cc2)c3ccccc3","inhibitor [9.3uM]","12606755"
"CHEMBL73119","C(c1ccccc1)[n+]2ccc(cc2)c3ccccc3","inhibitor [9.3uM]","12606755"
"CHEMBL1502","COc1ccnc(C[S+]([O-])c2nc3cc(OC(F)F)ccc3[nH]2)c1OC","","23241029"
"CHEMBL1502","COc1ccnc(C[S+]([O-])c2nc3cc(OC(F)F)ccc3[nH]2)c1OC","","23241029"
"CHEMBL2074787","COc1ccc2nccc([C@@H](O)[C@@H]3C[C@@H]4CC[N+]3(C)C[C@@H]4C=C)c2c1","substrate [Km20uM]","11408531"
"CHEMBL1393","CC(=O)S[C@@H]1CC2=CC(=O)CC[C@]2(C)[C@H]3CC[C@@]4(C)[C@@H](CC[C@@]45CCC(=O)O5)[C@H]13","","18788725"
"CHEMBL128","CNS(=O)(=O)Cc1ccc2[nH]cc(CCN(C)C)c2c1","","23984907"
"CHEMBL1097","CCN(CC)CCNC(=O)c1ccc(NC(=O)C)cc1","","18788725"
"CHEMBL2425619","[Br-].C[14CH2][N+]([14CH2]C)([14CH2]C)[14CH2]C","Active","23984907"
"CHEMBL2425619","[Br-].C[14CH2][N+]([14CH2]C)([14CH2]C)[14CH2]C","Active","23984907"
"CHEMBL25","CC(=O)Oc1ccccc1C(=O)O","","18788725"
"CHEMBL290106","Oc1c(Cl)cc(Cl)cc1Sc2cc(Cl)cc(Cl)c2O","","23241029"
"CHEMBL44657","COc1cc(cc(OC)c1O)[C@H]2[C@@H]3[C@H](COC3=O)[C@H](O[C@@H]4O[C@@H]5CO[C@@H](C)O[C@H]5[C@H](O)[C@H]4O)c6cc7OCOc7cc26","","18788725"
"CHEMBL44657","COc1cc(cc(OC)c1O)[C@H]2[C@@H]3[C@H](COC3=O)[C@H](O[C@@H]4O[C@@H]5CO[C@@H](C)O[C@H]5[C@H](O)[C@H]4O)c6cc7OCOc7cc26","","18788725"
"CHEMBL757","C[C@]12CC[C@H]3[C@@H](CCC4=CC(=O)CC[C@H]34)[C@@H]1CC[C@@H]2O","","18788725"
"CHEMBL757","C[C@]12CC[C@H]3[C@@H](CCC4=CC(=O)CC[C@H]34)[C@@H]1CC[C@@H]2O","","18788725"
"CHEMBL596","CCC(=O)N(C1CCN(CCc2ccccc2)CC1)c3ccccc3","","18788725"
"CHEMBL2425622","NCCCOc1ccccc1c2nc(C(=O)N)c(NC(=O)N)s2","","23984907"
"CHEMBL76","CCN(CC)CCCC(C)Nc1ccnc2cc(Cl)ccc12","","18788725"
"CHEMBL76","CCN(CC)CCCC(C)Nc1ccnc2cc(Cl)ccc12","","18788725"
"CHEMBL1229211","C[C@@H]1CCO[C@H]2CN3C=C(C(=O)NCc4ccc(F)cc4F)C(=O)C(=C3C(=O)N12)O","","23132334"
"CHEMBL1229211","C[C@@H]1CCO[C@H]2CN3C=C(C(=O)NCc4ccc(F)cc4F)C(=O)C(=C3C(=O)N12)O","","23132334"
"CHEMBL1229211","C[C@@H]1CCO[C@H]2CN3C=C(C(=O)NCc4ccc(F)cc4F)C(=O)C(=C3C(=O)N12)O","","23132334"
"CHEMBL3138108","","substrate [Km=57.7uM]","11901224"
"CHEMBL3138108","","substrate [Km=57.7uM]","11901224"
"CHEMBL1624","N[C@@H](Cc1cc(I)c(Oc2cc(I)c(O)c(I)c2)c(I)c1)C(=O)O","","18788725"
"CHEMBL442","CN1C[C@@H](C=C2[C@H]1Cc3c[nH]c4cccc2c34)C(=O)N[C@]5(C)O[C@@]6(O)[C@@H]7CCCN7C(=O)[C@H](Cc8ccccc8)N6C5=O","","18788725"
"CHEMBL442","CN1C[C@@H](C=C2[C@H]1Cc3c[nH]c4cccc2c34)C(=O)N[C@]5(C)O[C@@]6(O)[C@@H]7CCCN7C(=O)[C@H](Cc8ccccc8)N6C5=O","","18788725"
"CHEMBL442","CN1C[C@@H](C=C2[C@H]1Cc3c[nH]c4cccc2c34)C(=O)N[C@]5(C)O[C@@]6(O)[C@@H]7CCCN7C(=O)[C@H](Cc8ccccc8)N6C5=O","","18788725"
"CHEMBL442","CN1C[C@@H](C=C2[C@H]1Cc3c[nH]c4cccc2c34)C(=O)N[C@]5(C)O[C@@]6(O)[C@@H]7CCCN7C(=O)[C@H](Cc8ccccc8)N6C5=O","","18788725"
"CHEMBL442","CN1C[C@@H](C=C2[C@H]1Cc3c[nH]c4cccc2c34)C(=O)N[C@]5(C)O[C@@]6(O)[C@@H]7CCCN7C(=O)[C@H](Cc8ccccc8)N6C5=O","","18788725"
"CHEMBL129","CC1=CN([C@H]2C[C@H](N=[N+]=[N-])[C@@H](CO)O2)C(=O)NC1=O","","18788725"
"CHEMBL129","CC1=CN([C@H]2C[C@H](N=[N+]=[N-])[C@@H](CO)O2)C(=O)NC1=O","","18788725"
"CHEMBL13","COCCc1ccc(OCC(O)CNC(C)C)cc1","","18788725"
"CHEMBL34259","CN(Cc1cnc2nc(N)nc(N)c2n1)c3ccc(cc3)C(=O)N[C@@H](CCC(=O)O)C(=O)O","","18788725"
"CHEMBL34259","CN(Cc1cnc2nc(N)nc(N)c2n1)c3ccc(cc3)C(=O)N[C@@H](CCC(=O)O)C(=O)O","","18788725"
"CHEMBL34259","CN(Cc1cnc2nc(N)nc(N)c2n1)c3ccc(cc3)C(=O)N[C@@H](CCC(=O)O)C(=O)O","","18788725"
"CHEMBL2074896","CC[n+]1cccc2ccccc12","inhibitor [67.6uM]","12606755"
"CHEMBL2074896","CC[n+]1cccc2ccccc12","inhibitor [67.6uM]","12606755"
"CHEMBL2074896","CC[n+]1cccc2ccccc12","inhibitor [67.6uM]","12606755"
"CHEMBL2074896","CC[n+]1cccc2ccccc12","inhibitor [67.6uM]","12606755"
"CHEMBL2074896","CC[n+]1cccc2ccccc12","inhibitor [67.6uM]","12606755"
"CHEMBL2074896","CC[n+]1cccc2ccccc12","inhibitor [67.6uM]","12606755"
"CHEMBL2074896","CC[n+]1cccc2ccccc12","inhibitor [67.6uM]","12606755"
"CHEMBL2074896","CC[n+]1cccc2ccccc12","inhibitor [67.6uM]","12606755"
"CHEMBL2074896","CC[n+]1cccc2ccccc12","inhibitor [67.6uM]","12606755"
"CHEMBL2074896","CC[n+]1cccc2ccccc12","inhibitor [67.6uM]","12606755"
"CHEMBL2074896","CC[n+]1cccc2ccccc12","inhibitor [67.6uM]","12606755"
"CHEMBL2074896","CC[n+]1cccc2ccccc12","inhibitor [67.6uM]","12606755"
"CHEMBL2074647","COc1cc(ccc1O)C(O)CNC(C)C","inhibitor [IC50>100uM]","12110607"
"CHEMBL109","CCCC(CCC)C(=O)O","","18788725"
"CHEMBL109","CCCC(CCC)C(=O)O","","18788725"
"CHEMBL109","CCCC(CCC)C(=O)O","","18788725"
"CHEMBL1490","OC(CCN1CCCCC1)(C2CCCCC2)c3ccccc3","","18788725"
"CHEMBL1490","OC(CCN1CCCCC1)(C2CCCCC2)c3ccccc3","","18788725"
"CHEMBL303722","OCC[n+]1ccc(cc1)c2ccccc2","inhibitor [16.2uM]","12606755"
"CHEMBL6437","CN1CCN2C(C1)c3ccccc3Cc4ccccc24","","18788725"
"CHEMBL806","CC(C)C(=O)Nc1ccc(c(c1)C(F)(F)F)[N+](=O)[O-]","","18788725"
"CHEMBL299613","COc1cc2[C@H]3CC[C@]4(C)[C@@H](O)CC[C@H]4[C@@H]3CCc2cc1O","","18788725"
"CHEMBL299613","COc1cc2[C@H]3CC[C@]4(C)[C@@H](O)CC[C@H]4[C@@H]3CCc2cc1O","","18788725"
"CHEMBL277474","CN1N(C(=O)C=C1C)c2ccccc2","","18788725"
"CHEMBL2425627","NC(=O)Nc1sc(cc1C(=O)N)c2ccccc2OC3CNC3","","23984907"
"CHEMBL2425627","NC(=O)Nc1sc(cc1C(=O)N)c2ccccc2OC3CNC3","","23984907"
"CHEMBL1560","C[C@H](CS)C(=O)N1CCC[C@H]1C(=O)O","","18788725"
"CHEMBL1560","C[C@H](CS)C(=O)N1CCC[C@H]1C(=O)O","","18788725"
"CHEMBL1560","C[C@H](CS)C(=O)N1CCC[C@H]1C(=O)O","","18788725"
"CHEMBL1144","CC[C@H](C)C(=O)O[C@H]1C[C@H](O)C=C2C=C[C@H](C)[C@H](CC[C@@H](O)C[C@@H](O)CC(=O)O)[C@@H]12","","18788725"
"CHEMBL1144","CC[C@H](C)C(=O)O[C@H]1C[C@H](O)C=C2C=C[C@H](C)[C@H](CC[C@@H](O)C[C@@H](O)CC(=O)O)[C@@H]12","","18788725"
"CHEMBL1144","CC[C@H](C)C(=O)O[C@H]1C[C@H](O)C=C2C=C[C@H](C)[C@H](CC[C@@H](O)C[C@@H](O)CC(=O)O)[C@@H]12","","18788725"
"CHEMBL1144","CC[C@H](C)C(=O)O[C@H]1C[C@H](O)C=C2C=C[C@H](C)[C@H](CC[C@@H](O)C[C@@H](O)CC(=O)O)[C@@H]12","","18788725"
"CHEMBL1727","CC1=C(N2[C@H](SC1)[C@H](NC(=O)[C@H](N)c3ccccc3)C2=O)C(=O)O","","18788725"
"CHEMBL1727","CC1=C(N2[C@H](SC1)[C@H](NC(=O)[C@H](N)c3ccccc3)C2=O)C(=O)O","","18788725"
"CHEMBL1727","CC1=C(N2[C@H](SC1)[C@H](NC(=O)[C@H](N)c3ccccc3)C2=O)C(=O)O","","18788725"
"CHEMBL1727","CC1=C(N2[C@H](SC1)[C@H](NC(=O)[C@H](N)c3ccccc3)C2=O)C(=O)O","","18788725"
"CHEMBL223228","FC(F)(F)[C@]1(OC(=O)Nc2ccc(Cl)cc12)C#CC3CC3","","18788725"
"CHEMBL83","CC\C(=C(/c1ccccc1)\c2ccc(OCCN(C)C)cc2)\c3ccccc3","","18788725"
"CHEMBL902","NC(=Nc1nc(CSCC\C(=N\S(=O)(=O)N)\N)cs1)N","","18788725"
"CHEMBL902","NC(=Nc1nc(CSCC\C(=N\S(=O)(=O)N)\N)cs1)N","","18788725"
"CHEMBL902","NC(=Nc1nc(CSCC\C(=N\S(=O)(=O)N)\N)cs1)N","","18788725"
"CHEMBL902","NC(=Nc1nc(CSCC\C(=N\S(=O)(=O)N)\N)cs1)N","","18788725"
"CHEMBL815","CCCCC[C@H](O)\C=C\[C@H]1[C@H](O)C[C@H](O)[C@@H]1C\C=C/CCCC(=O)O","inhibitor [68.9 % of control]","11907186"
"CHEMBL1480","CCOC(=O)C1=C(C)NC(=C(C1c2cccc(Cl)c2Cl)C(=O)OC)C","","18788725"
"CHEMBL1480","CCOC(=O)C1=C(C)NC(=C(C1c2cccc(Cl)c2Cl)C(=O)OC)C","","18788725"
"CHEMBL1480","CCOC(=O)C1=C(C)NC(=C(C1c2cccc(Cl)c2Cl)C(=O)OC)C","","18788725"
"CHEMBL1480","CCOC(=O)C1=C(C)NC(=C(C1c2cccc(Cl)c2Cl)C(=O)OC)C","","18788725"
"CHEMBL1480","CCOC(=O)C1=C(C)NC(=C(C1c2cccc(Cl)c2Cl)C(=O)OC)C","","18788725"
"CHEMBL1480","CCOC(=O)C1=C(C)NC(=C(C1c2cccc(Cl)c2Cl)C(=O)OC)C","","18788725"
"CHEMBL1480","CCOC(=O)C1=C(C)NC(=C(C1c2cccc(Cl)c2Cl)C(=O)OC)C","","18788725"
"CHEMBL1480","CCOC(=O)C1=C(C)NC(=C(C1c2cccc(Cl)c2Cl)C(=O)OC)C","","18788725"
"CHEMBL435","NS(=O)(=O)c1cc2c(NCNS2(=O)=O)cc1Cl","","18788725"
"CHEMBL435","NS(=O)(=O)c1cc2c(NCNS2(=O)=O)cc1Cl","","18788725"
"CHEMBL435","NS(=O)(=O)c1cc2c(NCNS2(=O)=O)cc1Cl","","18788725"
"CHEMBL578","CCOC(=O)[C@H](CCc1ccccc1)N[C@@H](C)C(=O)N2CCC[C@H]2C(=O)O","","18788725"
"CHEMBL578","CCOC(=O)[C@H](CCc1ccccc1)N[C@@H](C)C(=O)N2CCC[C@H]2C(=O)O","","18788725"
"CHEMBL998","CCOC(=O)N1CCC(=C2c3ccc(Cl)cc3CCc4cccnc24)CC1","","18788725"
"CHEMBL1556","OC[C@H]1O[C@H]([C@H](O)[C@@H]1O)n2cnc3C(=O)NC=Nc23","inhibitor [+]","9187257"
"CHEMBL24","CC(C)NCC(O)COc1ccc(CC(=O)N)cc1","","18788725"
"CHEMBL24","CC(C)NCC(O)COc1ccc(CC(=O)N)cc1","","18788725"
"CHEMBL1187846","CN1[C@@H]2C[C@H](C[C@H]1[C@@H]3O[C@@H]23)OC(=O)[C@H](CO)c4ccccc4","","18788725"
"CHEMBL1187846","CN1[C@@H]2C[C@H](C[C@H]1[C@@H]3O[C@@H]23)OC(=O)[C@H](CO)c4ccccc4","","18788725"
"CHEMBL1187846","CN1[C@@H]2C[C@H](C[C@H]1[C@@H]3O[C@@H]23)OC(=O)[C@H](CO)c4ccccc4","","18788725"
"CHEMBL1187846","CN1[C@@H]2C[C@H](C[C@H]1[C@@H]3O[C@@H]23)OC(=O)[C@H](CO)c4ccccc4","","18788725"
"CHEMBL95","Nc1c2CCCCc2nc3ccccc13","","21599003"
"CHEMBL95","Nc1c2CCCCc2nc3ccccc13","","21599003"
"CHEMBL1623","Cc1cccc(CN2CCN(CC2)C(c3ccccc3)c4ccc(Cl)cc4)c1","","18788725"
"CHEMBL1623","Cc1cccc(CN2CCN(CC2)C(c3ccccc3)c4ccc(Cl)cc4)c1","","18788725"
"CHEMBL190","CN1C(=O)N(C)c2nc[nH]c2C1=O","","18788725"
"CHEMBL163","CC(C)[C@H](NC(=O)N(C)Cc1csc(n1)C(C)C)C(=O)N[C@H](C[C@H](O)[C@H](Cc2ccccc2)NC(=O)OCc3cncs3)Cc4ccccc4","","23241029"
"CHEMBL163","CC(C)[C@H](NC(=O)N(C)Cc1csc(n1)C(C)C)C(=O)N[C@H](C[C@H](O)[C@H](Cc2ccccc2)NC(=O)OCc3cncs3)Cc4ccccc4","","23241029"
"CHEMBL163","CC(C)[C@H](NC(=O)N(C)Cc1csc(n1)C(C)C)C(=O)N[C@H](C[C@H](O)[C@H](Cc2ccccc2)NC(=O)OCc3cncs3)Cc4ccccc4","","23241029"
"CHEMBL163","CC(C)[C@H](NC(=O)N(C)Cc1csc(n1)C(C)C)C(=O)N[C@H](C[C@H](O)[C@H](Cc2ccccc2)NC(=O)OCc3cncs3)Cc4ccccc4","","23241029"
"CHEMBL163","CC(C)[C@H](NC(=O)N(C)Cc1csc(n1)C(C)C)C(=O)N[C@H](C[C@H](O)[C@H](Cc2ccccc2)NC(=O)OCc3cncs3)Cc4ccccc4","","23241029"
"CHEMBL163","CC(C)[C@H](NC(=O)N(C)Cc1csc(n1)C(C)C)C(=O)N[C@H](C[C@H](O)[C@H](Cc2ccccc2)NC(=O)OCc3cncs3)Cc4ccccc4","","23241029"
"CHEMBL74294","CC[n+]1ccc(cc1)c2ccccc2","inhibitor [7.1uM]","12606755"
"CHEMBL74294","CC[n+]1ccc(cc1)c2ccccc2","inhibitor [7.1uM]","12606755"
"CHEMBL74294","CC[n+]1ccc(cc1)c2ccccc2","inhibitor [7.1uM]","12606755"
"CHEMBL35","NS(=O)(=O)c1cc(C(=O)O)c(NCc2occc2)cc1Cl","","18788725"
"CHEMBL1209651","[Cl-].C[N+](C)(C)C","inhibitor [Ki=12400uM]","10688634"
