"CHEMBL500","CC(C)NCC(O)COc1cccc2[nH]ccc12","inhibitor [9.7uM]","12606755"
"CHEMBL3527524","COc1ccc2nccc([C@H](O)[C@H]3C[C@@H]4CC[N+]3(C)C[C@@H]4C=C)c2c1","inhibitor [+]","11408531"
"CHEMBL1294","COc1ccc2nccc([C@H](O)[C@H]3C[C@@H]4CCN3C[C@@H]4C=C)c2c1","inhibitor [20% of control]","15716364"
"CHEMBL59","NCCc1ccc(O)c(O)c1","inhibitor [(at a rough estimate) 30 % of control]","9655880"
"CHEMBL170","COc1ccc2nccc([C@@H](O)[C@@H]3C[C@@H]4CCN3C[C@@H]4C=C)c2c1","transporter inhibitor","20190787"
"CHEMBL170988","NC(=N)NC(=N)NCCc1ccccc1","inhibitor [IC50=10uM]","12240953"
"CHEMBL2074704","CCCCC[N+](CCCCC)(CCCCC)CCCCC","inhibitor [1.8uM]","12606755"
"CHEMBL184","Nc1nc(O)c2ncn(COCCO)c2n1","inhibitor [88.4 % of control]","11861798"
"CHEMBL1201244","CC(=O)O[C@H]1[C@H](C[C@H]2[C@@H]3CC[C@H]4C[C@H](O)[C@H](C[C@]4(C)[C@H]3CC[C@]12C)N5CCOCC5)[N+]6(CC=C)CCCC6","inhibitor [+]","11408531"
"CHEMBL311617","C[n+]1ccc(cc1)c2ccccc2","substrate [32uM]","12538837"
"CHEMBL135","C[C@]12CC[C@H]3[C@@H](CCc4cc(O)ccc34)[C@@H]1CC[C@@H]2O","inhibitor [IC50=5.73uM]","12110607"
"CHEMBL2074727","[I-].CC[N+](C)(CC)CCNC(=O)c1ccc(cc1)N=[N+]=[N-]","substrate [Km101uM]","11408531"
"CHEMBL2074837","CCCCCC[N+](CCCCCC)(CCCCCC)CCCCCC","inhibitor [IC50=3uM]","10027858"
"CHEMBL2074857","CCC[N+](CCC)(CCC)CCC","inhibitor [Ki=102uM]","10688634"
"CHEMBL548","CCCCC[C@H](O)\C=C\[C@H]1[C@H](O)CC(=O)[C@@H]1C\C=C/CCCC(=O)O","substrate [Km=0.657uM]","11907186"
"CHEMBL3","CN1CCC[C@H]1c2cccnc2","inhibitor [53.2uM]","12606755"
"CHEMBL655","Cc1ncc2CN=C(c3ccccc3F)c4cc(Cl)ccc4n12","inhibitor [Ki=3.7uM]","9655880"
"CHEMBL2074858","CC[n+]1cccc(c1)c2ccccc2","inhibitor [28.3uM]","12606755"
"CHEMBL660","NC12CC3CC(CC(C3)C1)C2","inhibitor [(at a rough estimate) 60 % of control]","9655880"
"CHEMBL2074726","CCCC[N+](C)(CCCC)CCCC","substrate [Km=53uM]","11408531"
"CHEMBL2074897","OCC[n+]1cccc2ccccc12","inhibitor [80.6uM]","12606755"
"CHEMBL2074900","CN(CCCl)C1c2ccccc2c3ccccc13","inhibitor [IC50>0.3uM]","12110607"
"CHEMBL134","Clc1cccc(Cl)c1NC2=NCCN2","inhibitor [+]","9187257"
"CHEMBL11978","CNC(=O)c1cccnc1","inhibitor [Ki=7700uM]","9655880"
"CHEMBL499808","CCC(C)CC(C)CCCCCCCCC(=O)N[C@H]1C[C@@H](O)[C@@H](NCCN)NC(=O)[C@@H]2[C@@H](O)CCN2C(=O)[C@@H](NC(=O)[C@@H](NC(=O)[C@@H]3C[C@@H](O)CN3C(=O)[C@@H](NC1=O)[C@@H](C)O)[C@H](O)[C@@H](O)c4ccc(O)cc4)[C@H](O)CCN","inhibitor [30% of control]","15716364"
"CHEMBL52609","CC1=CN([C@H]2C[C@H](O)[C@@H](CO)O2)C(=O)NC1=O","inhibitor [+]","9187257"
"CHEMBL1236196","CCCC[N+](CCCC)(CCCC)CCCC","inhibitor [6.5uM]","12606755"
"CHEMBL1201219","CC(=O)O[C@H]1C[C@@H]2CC[C@@H]3[C@H](CC[C@@]4(C)[C@H]3C[C@@H]([C@@H]4OC(=O)C)[N+]5(C)CCCCC5)[C@@]2(C)C[C@@H]1N6CCCCC6","inhibitor [Ki=232uM]","9655880"
"CHEMBL6966","COc1ccc(CCN(C)CCCC(C#N)(C(C)C)c2ccc(OC)c(OC)c2)cc1OC","inhibitor [Ki=2.9uM]","9655880"
"CHEMBL1625192","C(c1ccccc1)[n+]2cccc(c2)c3ccccc3","inhibitor [5.5uM]","12606755"
"CHEMBL182","Nc1nc(O)c2ncn(COC(CO)CO)c2n1","substrate [Km=516.2uM]","11861798"
"CHEMBL302326","C[n+]1ccccc1","transporter substrate","20190787"
"CHEMBL110739","C[C@]12C[C@H](O)[C@H]3[C@@H](CCC4=CC(=O)CC[C@]34C)[C@@H]1CC[C@@H]2C(=O)CO","inhibitor [Ki=7.02uM]","9655880"
"CHEMBL1794762","NC1CCCCC1","inhibitor [544uM]","12606755"
"CHEMBL1619759","C[n+]1ccc(c2ccccc2)c3ccccc13","inhibitor [14uM]","12606755"
"CHEMBL11608","NCCc1ccc(O)cc1","inhibitor [107uM]","12606755"
"CHEMBL73119","C(c1ccccc1)[n+]2ccc(cc2)c3ccccc3","inhibitor [9.3uM]","12606755"
"CHEMBL64894","[Cl-].CN(C)c1ccc(cc1)C(=C2C=CC(=[N+](C)C)C=C2)c3ccc(cc3)N(C)C","inhibitor [7.7uM]","12606755"
"CHEMBL2074787","COc1ccc2nccc([C@@H](O)[C@@H]3C[C@@H]4CC[N+]3(C)C[C@@H]4C=C)c2c1","substrate [Km20uM]","11408531"
"CHEMBL2425619","[Br-].C[14CH2][N+]([14CH2]C)([14CH2]C)[14CH2]C","Active","23984907"
"CHEMBL1197556","CCN1\C(=C\c2ccc3ccccc3[n+]2CC)\C=Cc4ccccc14","inhibitor [IC50=0.98uM]","12110607"
"CHEMBL224867","C[C@H](CCC(=O)NCCS(=O)(=O)O)[C@H]1CC[C@H]2[C@@H]3[C@H](O)C[C@@H]4C[C@H](O)CC[C@]4(C)[C@H]3C[C@H](O)[C@]12C","inhibitor [+]","9187257"
"CHEMBL3138108","","substrate [Km=57.7uM]","11901224"
"CHEMBL3138109","","substrate [Km=15.4uM]","11901224"
"CHEMBL2074896","CC[n+]1cccc2ccccc12","inhibitor [67.6uM]","12606755"
"CHEMBL2074647","COc1cc(ccc1O)C(O)CNC(C)C","inhibitor [IC50>100uM]","12110607"
"CHEMBL303722","OCC[n+]1ccc(cc1)c2ccccc2","inhibitor [16.2uM]","12606755"
"CHEMBL1547","Cc1ncc(C[n+]2csc(CCO)c2C)c(N)n1","inhibitor [434uM]","12606755"
"CHEMBL815","CCCCC[C@H](O)\C=C\[C@H]1[C@H](O)C[C@H](O)[C@@H]1C\C=C/CCCC(=O)O","inhibitor [68.9 % of control]","11907186"
"CHEMBL1556","OC[C@H]1O[C@H]([C@H](O)[C@@H]1O)n2cnc3C(=O)NC=Nc23","inhibitor [+]","9187257"
"CHEMBL2074767","CCC1C[N+]2(CCCC3(C)N=N3)C4CC1C5C(O)C6(CC25)C4N(C)c7ccccc67","substrate [+]","11408531"
"CHEMBL74294","CC[n+]1ccc(cc1)c2ccccc2","inhibitor [7.1uM]","12606755"
"CHEMBL414804","","transporter substrate","20190787"
"CHEMBL2074850","CC1(CCC[N+]23CCC(CC2)CC3)N=N1","substrate [+]","11408531"
"CHEMBL1209651","[Cl-].C[N+](C)(C)C","inhibitor [Ki=12400uM]","10688634"
