"CHEMBL1078442","CC(=CCC\C(=C\COc1c2C=CC(=O)Oc2cc3occc13)\C)C","is not an inhibitor [-]","15504753"
"CHEMBL3813900","Cc1cc(C)cc(c1)C(=O)N(NC(=O)c2ccc(cc2)C(F)(F)F)C(C)(C)C","Not Determined","27262425"
"CHEMBL610","NCCc1ccccc1","is not an inhibitor [-]","15176077"
"CHEMBL116","CC(C)CN(C[C@@H](O)[C@H](Cc1ccccc1)NC(=O)O[C@H]2CCOC2)S(=O)(=O)c3ccc(N)cc3","ATPase Activator: Y","11602674"
"CHEMBL553025","CCC1=C[C@@H]2CN(C1)Cc3c([nH]c4ccccc34)[C@@](C2)(C(=O)OC)c5cc6c(cc5OC)N(C)[C@H]7[C@](O)([C@H](OC(=O)C)[C@]8(CC)C=CCN9CC[C@]67[C@H]89)C(=O)OC","Effluxed: Y","11602674"
"CHEMBL1790041","CNC(=C[N+](=O)[O-])NCCSCc1oc(CN(C)C)cc1","is not a substrate [-]","12954186"
"CHEMBL183513","COc1c(O)cc2OC(=CC(=O)c2c1O)c3ccccc3","Dose-dependent effect","19739602"
"CHEMBL1717301","COc1ccc(\C=N\NC(=O)c2ccccc2F)cc1CN3CCN(CC3)c4ccc(F)cc4","active",""
"CHEMBL3609775","COc1cccc(c1)C(=O)O[C@H]2[C@@H](C)C[C@@]3(O)[C@H]2[C@@H](OC(=O)c4cccc(OC)c4)[C@]5(CC[C@H]6[C@@H](\C=C(/C)\C3=O)C6(C)C)CO5","Dose-dependent effect","26331763"
"CHEMBL3613021","COc1cc2CCN(CCc3ccc(NC(=O)c4ccccc4NC(=O)c5ccc(F)cc5[N+](=O)[O-])cc3)Cc2cc1OC","Dose-dependent effect","26197160"
"CHEMBL428647","CC(=O)O[C@H]1C(=O)[C@]2(C)[C@@H](O)C[C@H]3OC[C@@]3(OC(=O)C)[C@H]2[C@H](OC(=O)c4ccccc4)[C@]5(O)C[C@H](OC(=O)[C@H](O)[C@@H](NC(=O)c6ccccc6)c7ccccc7)C(=C1C5(C)C)C","is not an inhibitor [-]","11602674"
"CHEMBL2141192","COc1cccc(c1)c2cc3nc(cc(N4CCN(CC4)C(=O)c5occc5)n3n2)c6ccccc6","active",""
"CHEMBL2142712","COC(=O)c1cccc(c1)c2cc(N3CCN(CC3)C(=O)c4cocc4)n5nc(cc5n2)c6cccc(OC)c6","active",""
"CHEMBL21731","CNCCCC12CCC(c3ccccc13)c4ccccc24","is not a substrate [-]","12438524"
"CHEMBL54126","[Br-].CN(C)C(=O)Oc1cccc(c1)[N+](C)(C)C","Calcein-AM Inhibitor: N","11602674"
"CHEMBL384467","C[C@@H]1C[C@H]2[C@@H]3CCC4=CC(=O)C=C[C@]4(C)[C@@]3(F)[C@@H](O)C[C@]2(C)[C@@]1(O)C(=O)CO","is not a substrate [-]","11785684"
"CHEMBL386389","CCC1NC(=O)C(C(O)C(C)C\C=C\C)N(C)C(=O)C(C(C)C)N(C)C(=O)C(CC(C)C)N(C)C(=O)C(CC(C)C)N(C)C(=O)C(C)NC(=O)C(C)NC(=O)C(CC(C)C)N(C)C(=O)C(NC(=O)C(CC(C)C)N(C)C(=O)CN(C)C1=O)C(C)C","317672",""
"CHEMBL2136218","Clc1ccc(cc1)c2cc3nc(cc(N4CCN(CC4)C(=O)c5cocc5)n3n2)c6occc6","active",""
"CHEMBL660","NC12CC3CC(CC(C3)C1)C2","ATPase Activator: N","11602674"
"CHEMBL1200923","","is not a substrate [-]","15118837"
"CHEMBL311469","CC(=O)Nc1ccc2c(Cc3ccccc23)c1","inducer [+]","11960367"
"CHEMBL1091841","CS(=O)(=O)O.NC(=N)Nc1ccc(cc1)C(=O)Oc2ccc3cc(ccc3c2)C(=N)N","is not a substrate [-]","14705184"
"CHEMBL3809529","COc1ccc(\C=C\C(=O)c2ccc(Nc3nc(nc4ccccc34)c5ccc(OC)c(OC)c5)cc2)cc1OC","Not Determined","27100033"
"CHEMBL1232","[Na+].C[C@@H](O)[C@@H]1[C@H]2[C@@H](C)C(=C(N2C1=O)C(=O)O)S[C@@H]3CN[C@@H](C3)C(=O)Nc4cccc(c4)C(=O)[O-]","is not a substrate [-]","11181899"
"CHEMBL1286","CC[C@H](N1CCCC1=O)C(=O)N","is not a substrate [-]","17045309"
"CHEMBL1893675","COc1ccccc1c2cc3nc(cc(N4CCN(CC4)C(=O)c5occc5)n3n2)c6ccccc6","active",""
"CHEMBL9324","CC[N+](CC)(CC)CC","is not an inhibitor [-]","9262363"
"CHEMBL532","CC[C@H]1OC(=O)[C@H](C)[C@@H](O[C@H]2C[C@@](C)(OC)[C@@H](O)[C@H](C)O2)[C@H](C)[C@@H](O[C@@H]3O[C@H](C)C[C@@H]([C@H]3O)N(C)C)[C@](C)(O)C[C@@H](C)C(=O)[C@H](C)[C@@H](O)[C@]1(C)O","Calcein-AM Inhibitor: N","11602674"
"CHEMBL6995","CC(C)NCC(O)COc1ccc(NC(=O)C)cc1","Effluxed: N","11602674"
"CHEMBL37744","CN(C)C\C=C(\c1ccc(Br)cc1)/c2cccnc2","is not a substrate [-]","12438524"
"CHEMBL79","CCN(CC)CC(=O)Nc1c(C)cccc1C","Effluxed: N","11602674"
"CHEMBL80","Oc1ccc2C[C@H]3N(CC=C)CC[C@@]45[C@@H](Oc1c24)C(=O)CC[C@@]35O","is not a substrate [-]","12438524"
"CHEMBL488910","COc1ccc2c3C[C@@H]4N([C@@H](CC(C)C)c3[nH]c2c1)C(=O)[C@H](CCC(=O)OC(C)(C)C)NC4=O","Not Evaluated","18678495"
"CHEMBL58","OCCNCCNc1ccc(NCCNCCO)c2C(=O)c3c(O)ccc(O)c3C(=O)c12","Calcein-AM Inhibitor: N","11602674"
"CHEMBL3596583","CCC\C=C\1/OC(=O)C2CC3CCC12C4(OC(=O)C5=C4CCCC5)C3CCC","Not Determined",""
"CHEMBL3582170","COc1cc(OC)c2C[C@H](OC(=O)c3ccc(F)c(NC(=O)\C=C\c4cc(OC)c(OC)c(OC)c4)c3)[C@H](Oc2c1)c5cc(OC)c(OC)c(OC)c5","Not Determined","25985195"
"CHEMBL2181052","C[C@@H]1C[C@@]2(O)[C@@H](\C=C(\C)/[C@@H](OC(=O)C)[C@H](OC(=O)C)[C@@H](OC(=O)C)C(C)(C)\C=C\[C@H](C)C2=O)[C@H]1OC(=O)c3ccccc3","Dose-dependent effect","23098168"
"CHEMBL2144644","Fc1ccc(cc1)c2cc3nc(cc(N4CCN(CC4)C(=O)c5ccccc5)n3n2)c6ccccc6","active",""
"CHEMBL178","COc1cccc2C(=O)c3c(O)c4C[C@](O)(C[C@H](O[C@H]5C[C@H](N)[C@H](O)[C@H](C)O5)c4c(O)c3C(=O)c12)C(=O)C","is not an inhibitor [-]","11602674"
"CHEMBL2110627","CCOC(=O)[C@H](CCc1ccccc1)N[C@H]2CS[C@@H](CN(CC(=O)O)C2=O)c3cccs3","is not an inhibitor [-]","11895100"
"CHEMBL2134932","Fc1cccc(c1)c2cc3nc4CCCc4c(N5CCN(CC5)C(=O)c6occc6)n3n2","active",""
"CHEMBL2135631","Clc1cccc(c1)c2cc3nc(cc(N4CCN(CC4)C(=O)Cc5ccccc5)n3n2)c6ccccc6","active",""
"CHEMBL603438","CN1CCN(CC(=O)Nc2ccc(NC(=O)C)cc2C(=O)c3ccccc3)CC1","Not Determined","19819706"
"CHEMBL1867569","COc1ccc(cc1)c2cc3nc(cc(N4CCN(CC4)C(=O)c5cocc5)n3n2)c6ccccc6","active",""
"CHEMBL104","Clc1ccccc1C(c2ccccc2)(c3ccccc3)n4ccnc4","inducer [+]","8632764"
"CHEMBL12","CN1C(=O)CN=C(c2ccccc2)c3cc(Cl)ccc13","is not a substrate [-]","11181899"
"CHEMBL1741","CC[C@H]1OC(=O)[C@H](C)[C@@H](O[C@H]2C[C@@](C)(OC)[C@@H](O)[C@H](C)O2)[C@H](C)[C@@H](O[C@@H]3O[C@H](C)C[C@@H]([C@H]3O)N(C)C)[C@@](C)(C[C@@H](C)C(=O)[C@H](C)[C@@H](O)[C@]1(C)O)OC","is not an inhibitor [-]","11602674"
"CHEMBL475534","CCOC(=O)C1=C(C)NC(=C(C1c2cccc(c2)[N+](=O)[O-])C(=O)OC)C","Calcein-AM Inhibitor: Y","11602674"
"CHEMBL50","OC1=C(Oc2cc(O)cc(O)c2C1=O)c3ccc(O)c(O)c3","is not an inhibitor [-]","10583025"
"CHEMBL1544","N[C@@H](Cc1cc(I)c(Oc2ccc(O)c(I)c2)c(I)c1)C(=O)O","inducer [Decrease]","11897620"
"CHEMBL1628227","CN(C)CCC=C1c2ccccc2COc3ccccc13","is not a substrate [-]","12438524"
"CHEMBL1483","CCCSc1ccc2nc(NC(=O)OC)[nH]c2c1","is not an inhibitor [-]","11901088"
"CHEMBL2142058","O=C(N1CCCN(C1)c2cc(nc3cc(nn23)c4ccccc4)c5occc5)c6cocc6","active",""
"CHEMBL2142245","CNCCN(C)c1cc(nc2cc(nn12)c3ccccc3)c4occc4","active",""
"CHEMBL3355231","C[C@H]1C[C@@]2(O)[C@H]([C@H]1OC(=O)Cc3ccccc3)[C@@H](OC(=O)Cc4ccccc4)[C@]5(CC[C@H]6[C@@H](\C=C(/C)\C2=O)C6(C)C)CO5","Dose-dependent effect","25438763"
"CHEMBL3355233","CCCC(=O)O[C@H]1[C@@H](C)C[C@@]2(OC(=O)CCC)[C@H]1[C@@H](OC(=O)CCC)[C@]3(CC[C@H]4[C@@H](\C=C(/C)\C2=O)C4(C)C)CO3","Dose-dependent effect","25438763"
"CHEMBL3809541","COc1cccc(\C=C\C(=O)c2ccc(Nc3ncnc4cc(OC)c(OC)cc34)cc2)c1","Not Determined","27100033"
"CHEMBL1118","CN(C)CC(c1ccc(O)cc1)C2(O)CCCCC2","is not an inhibitor [-]","12649369"
"CHEMBL108","NC(=O)N1c2ccccc2C=Cc3ccccc13","is not an inhibitor [-]","12438524"
"CHEMBL112","CC(=O)Nc1ccc(O)cc1","is not an inhibitor [-]","11743742"
"CHEMBL2431250","CN1C[C@](C)(N(CCCc2ccc3C[C@]4(Cc3c2)C(=O)Nc5ncccc45)C(=O)C16CCCC6)c7cc(F)cc(F)c7","Not Determined","24900761"
"CHEMBL30","CN\C(=N/CCSCc1nc[nH]c1C)\NC#N","is not an inhibitor [-]","11042226"
"CHEMBL103","CC(=O)[C@H]1CC[C@H]2[C@@H]3CCC4=CC(=O)CC[C@]4(C)[C@H]3CC[C@]12C","is not a substrate [-]","11181899"
"CHEMBL1510","CN1CCC[C@@H]1Cc2c[nH]c3ccc(CCS(=O)(=O)c4ccccc4)cc23","is not an inhibitor [-]","11602674"
"CHEMBL8","OC(=O)C1=CN(C2CC2)c3cc(N4CCNCC4)c(F)cc3C1=O","is not a substrate [-]","15032316"
"CHEMBL191","CCCCc1nc(Cl)c(CO)n1Cc2ccc(cc2)c3ccccc3c4nnn[nH]4","is not an inhibitor [-]","11895100"
"CHEMBL2132001","Clc1cccc(c1)c2cc3nc(Cl)cc(N4CCN(CC4)C(=O)c5ccccc5)n3n2","active",""
"CHEMBL2134205","Clc1cccc(c1)c2cc3nc(cc(N4CCN(CC4)C(=O)c5ccccc5Cl)n3n2)c6ccccc6","active",""
"CHEMBL2135699","Cc1oc(cc1)c2cc(N3CCN(CC3)C(=O)c4cocc4)n5nc(cc5n2)c6ccccc6","active",""
"CHEMBL2136758","Cc1cc(N2CCN(CC2)C(=O)c3occc3)n4nc(cc4n1)c5ccc(F)cc5","active",""
"CHEMBL374478","CO[C@H]1\C=C\O[C@@]2(C)Oc3c(C)c(O)c4c(O)c(NC(=O)\C(=C/C=C/[C@H](C)[C@H](O)[C@@H](C)[C@@H](O)[C@@H](C)[C@H](OC(=O)C)[C@@H]1C)\C)c(\C=N\N5CCN(C)CC5)c(O)c4c3C2=O","inducer [+]","10411543"
"CHEMBL2074863","","is not a substrate [-]","12954186"
"CHEMBL2074903","CC(\C=C\C#CCC\C=C(/C)\C(=O)NCOCCOCCNC(=O)\C(=C\CCC#C\C=C\C(C)C(O)\C(=C\CCc1cccc2ccccc12)\C)\C)C(O)\C(=C\CCc3ccc4ccccc4c3)\C","is not an inhibitor [-]","14979722"
"CHEMBL3298520","O[C@H]1CCCC[C@@H]1N2Cc3c(cc(CN4CCC(CC4)(C#N)c5cccnn5)c6ccccc36)C2=O","Not Determined","24900888"
"CHEMBL350475","CC(=CCc1c(O)ccc2C=CC(=O)Oc12)C","Not Determined",""
"CHEMBL3810327","COc1ccc(\C=C\C(=O)c2cccc(Nc3ncnc4cc(OC)c(OC)cc34)c2)cc1","Not Determined","27100033"
"CHEMBL515606","CCOC(=O)[C@H](CCc1ccccc1)N[C@H]2CCCN3CCC[C@H](N3C2=O)C(=O)O","is not an inhibitor [-]","11895100"
"CHEMBL1698513","COc1ccc(\C=N\NC(=O)c2ccc(O)c(OC)c2)cc1CN3CCN(CC3)c4ccc(F)cc4","active",""
"CHEMBL2286728","Cc1ccc(cc1)C(=O)NN(C(=O)c2cc(C)cc(C)c2)C(C)(C)C","Not Determined","27262425"
"CHEMBL2131681","Cc1nc2cc(nn2c(N3CCN(CC3)C(=O)c4ccsc4)c1C)c5cccc(Cl)c5","active",""
"CHEMBL2136710","Cc1occc1C(=O)N2CCN(CC2)c3cc(nc4cc(nn34)c5ccccc5)c6occc6","active",""
"CHEMBL2137688","CC(=O)N1CCN(CC1)c2cc(nc3cc(nn23)c4ccccc4)c5ccccc5","active",""
"CHEMBL2138052","Cc1cc(N2CCN(CC2)C(=O)c3cocc3)n4nc(cc4n1)c5ccc(Br)cc5","active",""
"CHEMBL2140133","Cc1nc2ncnn2c(N3CCN(CC3)C(=O)c4occc4)c1Cc5ccccc5","active",""
"CHEMBL2074791","O=C=Nc1cccc2ccccc12","is not an inhibitor [-]","15176077"
"CHEMBL685","COC(=O)Nc1nc2ccc(cc2[nH]1)C(=O)c3ccccc3","Effluxed: N","11602674"
"CHEMBL1581971","Cc1nc2cc(nn2c(N3CCN(CC3)C(=O)c4occc4)c1C)c5cccc(Cl)c5","active",""
"CHEMBL3808612","COc1ccc(\C=C\C(=O)c2ccc(Nc3nc(nc4ccccc34)c5ccccc5)cc2)cc1OC","Not Determined","27100033"
"CHEMBL3809206","COc1cccc(\C=C\C(=O)c2ccc(Nc3nc(nc4ccccc34)c5ccccc5)cc2)c1","Not Determined","27100033"
"CHEMBL1899974","Clc1cccc(c1)c2cc3nc(cc(N4CCN(CC4)C(=O)c5cocc5)n3n2)c6ccncc6","active",""
"CHEMBL1998498","COc1cccc(c1)c2cc(N3CCN(CC3)C(=O)c4cocc4)n5nc(cc5n2)c6cccc(Cl)c6","active",""
"CHEMBL469912","COc1ccc(C[C@H](N)C(=O)N[C@@H]2[C@@H](CO)O[C@H]([C@@H]2O)n3cnc4c(ncnc34)N(C)C)cc1","Effluxed: Y","11602674"
"CHEMBL1581","CCC[C@H](N[C@@H](C)C(=O)N1[C@H]2CCCC[C@H]2C[C@H]1C(=O)O)C(=O)OCC","is not an inhibitor [-]","11895100"
"CHEMBL2286721","CC(C)(C)N(NC(=O)c1cccc(Cl)c1Cl)C(=O)c2ccccc2Cl","Not Determined","27262425"
"CHEMBL2286750","COc1cccc(c1)C(=O)NN(C(=O)c2ccccc2Cl)C(C)(C)C","Not Determined","27262425"
"CHEMBL3613020","COc1cc2CCN(CCc3ccc(NC(=O)c4ccccc4NC(=O)\C=C\c5ccccc5)cc3)Cc2cc1OC","Dose-dependent effect","26197160"
"CHEMBL2228435","CC(C)(C)N(NC(=O)c1ccccc1)C(=O)c2ccccc2Cl","Not Determined","27262425"
"CHEMBL25","CC(=O)Oc1ccccc1C(=O)O","is not a substrate [-]","12954186"
"CHEMBL24","CC(C)NCC(O)COc1ccc(CC(=O)N)cc1","is not an inhibitor [-]","11895100"
"CHEMBL2142951","Clc1cccc(c1)c2cc3nc(cc(N4CCN(CC4)C(=O)c5ccccc5)n3n2)c6ccccc6","active",""
"CHEMBL2131508","COc1ccc(cc1)c2cc3nc(C)c(C)c(N4CCN(CC4)C(=O)c5ccsc5)n3n2","active",""
"CHEMBL2132316","O=C(N1CCN(CC1)c2cc(nc3cc(nn23)c4ccccc4)c5occc5)c6coc7ccccc67","active",""
"CHEMBL2132585","Clc1cccc(c1)c2cc3nc(cc(N4CCN(CC4)C(=O)c5occc5)n3n2)c6ccccc6","active",""
"CHEMBL2132650","Fc1ccccc1c2cc(N3CCN(CC3)C(=O)c4cocc4)n5nc(cc5n2)c6ccccc6","active",""
"CHEMBL2133727","CN(CCN(C)c1cc(nc2cc(nn12)c3ccccc3)c4occc4)C(=O)c5cocc5","active",""
"CHEMBL2137365","Clc1cccc(c1)c2cc3nc(cc(N4CCN(CC4)C(=O)C5CCCCC5)n3n2)c6ccccc6","active",""
"CHEMBL19019","Oc1ccc2C[C@H]3N(CC4CC4)CC[C@@]56[C@@H](Oc1c25)C(=O)CC[C@@]36O","is not an inhibitor [-]","12438524"
"CHEMBL1210411","CCC(CC)(CCN1CCOCC1)N(CC2=Cc3ccccc3N(C)C2=O)C(=O)C4CCCCC4","Not Determined","20510609"
"CHEMBL3263829","CCOC(=O)c1csc(n1)[C@@H](NC(=O)c2csc(n2)[C@@H](NC(=O)c3ccc(OC)c(OC)c3)C(C)C)C(C)C","Dose-dependent effect","24773054"
"CHEMBL1101","OC(CCN1CCCCC1)(C2CC3CC2C=C3)c4ccccc4","is not a substrate [-]","12438524"
"CHEMBL11","CN(C)CCCN1c2ccccc2CCc3ccccc13","is not an inhibitor [-]","12438524"
"CHEMBL832","[O-][S+](CCC1C(=O)N(N(C1=O)c2ccccc2)c3ccccc3)c4ccccc4","is not an inhibitor [-]","15504753"
"CHEMBL3417569","CC1(C)CC[C@@]2(CC[C@]3(C)[C@@H]([C@@H]2C1)C(=O)C=C4[C@@]5(C)C=C(C#N)C(=O)C(C)(C)[C@@H]5CC[C@@]34C)C(=O)NCC(=O)OCC#CCOc6no[n+]([O-])c6S(=O)(=O)c7ccccc7","Dose-dependent effect","25675144"
"CHEMBL742","CNC1(CCCCC1=O)c2ccccc2Cl","is not an inhibitor [-]","12438524"
"CHEMBL2104578","OC(=O)[C@H](CCc1ccccc1)N[C@H]2CCCN3CCC[C@H](N3C2=O)C(=O)O","is not an inhibitor [-]","11895100"
"CHEMBL2133477","Cc1oc(C)c(c1)C(=O)N2CCN(CC2)c3cc(nc4cc(nn34)c5ccccc5)c6occc6","active",""
"CHEMBL2139895","O=C1CN(CCN1c2ccccc2)c3cc(nc4cc(nn34)c5ccccc5)c6occc6","active",""
"CHEMBL2074859","CCCCCCCCCCCCCCCC(=O)OCC(CO)OC(=O)CCCCCCCCCCCCCCC","is not an inhibitor [-]","15351776"
"CHEMBL2074870","CCC(C)O[C@@]12CCC(=O)O[C@@H]1[C@H]3[C@@H](OC(=O)C)[C@](C)(O)C[C@]3(OC(=O)C)C(=O)[C@@H](C)\C=C\C(C)(C)[C@H](OC(=O)C)[C@H](OC(=O)C)[C@H]2OC(=O)C(C)C","is not an inhibitor [-]","14604686"
"CHEMBL692","OCC(O)CO","is not an inhibitor [-]","15351776"
"CHEMBL593498","CN1CCN(CC(=O)Nc2ccc(NC(=O)c3ccccc3)cc2C(=O)c4ccccc4)CC1","Not Determined","19819706"
"CHEMBL1877947","Clc1cccc(c1)c2cc3nc(cc(N4CCN(CC4)C(=O)c5ccncc5)n3n2)c6ccccc6","active",""
"CHEMBL533293","CCN1\C(=C\C=C\c2oc3ccc4ccccc4c3[n+]2CC)\Oc5ccc6ccccc6c15.Cc7ccc(cc7)S(=O)(=O)[O-]","active",""
"CHEMBL221542","CC[C@H](CC[C@@H](C)[C@H]1CC[C@H]2[C@@H]3CC=C4C[C@@H](O)CC[C@]4(C)[C@H]3CC[C@]12C)C(C)C","is not a substrate [-]","12488046"
"CHEMBL76","CCN(CC)CCCC(C)Nc1ccnc2cc(Cl)ccc12","is not a substrate [-]","11602674"
"CHEMBL64","NNC(=O)c1ccncc1","Not Determined","27866817"
"CHEMBL932","OCCN(CCO)c1nc(N2CCCCC2)c3nc(nc(N4CCCCC4)c3n1)N(CCO)CCO","ATPase Activator: Y","11602674"
"CHEMBL463","Nc1ccc(cc1)C(=O)NCC(=O)O","is not an inhibitor [-]","9262363"
"CHEMBL2134839","Clc1cccc(c1)c2cc3nc(cc(N4CCN(CC4)C(=O)c5cccnc5)n3n2)c6ccccc6","active",""
"CHEMBL2136409","Fc1cccc(c1)c2cc3nc(cc(N4CCN(CC4)C(=O)c5occc5)n3n2)c6ccccc6","active",""
"CHEMBL2139288","Cl.Cc1ccc(cc1)c2cc3nc(cc(N4CCN(CC4)C(=O)c5cocc5)n3n2)c6ccccc6","active",""
"CHEMBL3263828","COc1cc(NC(=O)c2csc(n2)[C@@H](NC(=O)c3csc(n3)[C@@H](NC(=O)OC(C)(C)C)C(C)C)C(C)C)cc(OC)c1OC","Dose-dependent effect","24773054"
"CHEMBL1079119","C\C(=C/COc1c2C=CC(=O)Oc2cc3occc13)\CC[C@@H](O)C(C)(C)O","is not an inhibitor [-]","10583025"
"CHEMBL3814826","Cc1cc(C)cc(c1)C(=O)N(NC(=O)c2cc(F)c(F)cc2F)C(C)(C)C","Not Determined","27262425"
"CHEMBL585","Nc1nc(N)c2nc(c(N)nc2n1)c3ccccc3","Effluxed: N","11602674"
"CHEMBL1162","C[C@]12CC[C@H]3[C@@H](CCC4=CC(=O)CC[C@H]34)[C@@H]1CC[C@@]2(O)C#C","is not a substrate [-]","15290871"
"CHEMBL2286429","COc1ccc(cc1)C(=O)NN(C(=O)c2ccccc2Cl)C(C)(C)C","Not Determined","27262425"
"CHEMBL2286722","Cc1cccc(C(=O)NN(C(=O)c2ccccc2Cl)C(C)(C)C)c1C","Not Determined","27262425"
"CHEMBL2141802","COc1ccccc1C(=O)N2CCN(CC2)c3cc(nc4cc(nn34)c5cccc(Cl)c5)c6ccccc6","active",""
"CHEMBL2142594","Fc1ccc(cc1)c2cc(N3CCN(CC3)C(=O)c4cocc4)n5nc(cc5n2)c6cccc(Cl)c6","active",""
"CHEMBL2131666","Clc1cccc(c1)c2cc3nc(Cc4ccccc4)cc(N5CCN(CC5)C(=O)c6occc6)n3n2","active",""
"CHEMBL2137732","Clc1cccc(c1)c2cc3nc(cc(N4CCN(CC4)C(=O)c5cocc5)n3n2)c6ccccc6","active",""
"CHEMBL2074868","","is not an inhibitor [-]","15023456"
"CHEMBL1201391","CCC(C)(C)C(=O)O[C@H]1C[C@@H](C)C=C2C=C[C@H](C)[C@H](CC[C@@H](O)C[C@@H](O)CC(=O)O)[C@@H]12","is not an inhibitor [IC50=-(>100uM)]","15616150"
"CHEMBL300841","OC(=O)CN1C[C@H](SC[C@H](N[C@@H](CCc2ccccc2)C(=O)O)C1=O)c3cccs3","is not an inhibitor [-]","11895100"
"CHEMBL3704745","CCC1NC(=O)C(C(O)C(C)C\C=C\C)N(C)C(=O)C(C(C)C)N(C)C(=O)C(CC(C)C)N(C)C(=O)C(CC(C)C)N(C)C(=O)C(C)NC(=O)C(C)NC(=O)C(CC(C)C)N(C)C(=O)C(NC(=O)C(C(C)C)N(CC)C(=O)C(C)N(C)C1=O)C(C)C","317673",""
"CHEMBL256105","CC[C@]1(CC[C@@H](O1)[C@]2(C)CC[C@]3(C[C@H](O)[C@@H](C)[C@H](O3)[C@@H](C)[C@@H](OC)[C@H](C)C(=O)O)O2)[C@@H]4O[C@H](C[C@@H]4C)[C@H]5O[C@@](O)(CO)[C@H](C)C[C@@H]5C","Calcein-AM Inhibitor: Y","11602674"
"CHEMBL1014","CCOc1nc2cccc(C(=O)OC(C)OC(=O)OC3CCCCC3)c2n1Cc4ccc(cc4)c5ccccc5c6nn[nH]n6","is not an inhibitor [-]","11895100"
"CHEMBL2286720","CCc1ccc(cc1)C(=O)NN(C(=O)c2ccccc2Cl)C(C)(C)C","Not Determined","27262425"
"CHEMBL2132167","CC(C)(C)c1cc2nc(cc(N3CCN(CC3)C(=O)c4cccs4)n2n1)C(F)(F)F","active",""
"CHEMBL2133181","COc1cccc(c1)c2cc3nc(cc(N4CCN(CC4)C(=O)c5cocc5)n3n2)c6ccccc6","active",""
"CHEMBL2136603","COc1ccccc1c2cc3nc(cc(N4CCN(CC4)C(=O)c5cocc5)n3n2)c6occc6","active",""
"CHEMBL2139757","CC(C)(C)c1cc2nc(cc(N3CCN(CC3)C(=O)c4cocc4)n2n1)c5occc5","active",""
"CHEMBL2140166","CC(C)(C)c1cc(N2CCN(CC2)C(=O)c3cocc3)n4nc(cc4n1)c5ccccc5","active",""
"CHEMBL3814352","Cc1cc(C)cc(c1)C(=O)N(NC(=O)c2cccc(O)c2)C(C)(C)C","Not Determined","27262425"
"CHEMBL3815137","CC(C)(C)N(NC(=O)c1ccccc1[N+](=O)[O-])C(=O)c2ccccc2Cl","Not Determined","27262425"
"CHEMBL572573","Nc1nc(SCCc2ccccc2)nc3sc4CN(Cc5ccccc5)CCc4c13","Not Determined","19783433"
"CHEMBL3094407","CC[C@H](NC)C(=O)N[C@@H](C1CCCCC1)C(=O)N2C[C@H]3CCCN3C[C@H]2C(=O)N[C@@H]4CCOc5ccccc45","Not Determined","24169315"
"CHEMBL1790497","CC[C@H](C)[C@H](NC(=O)[C@@H](C[C@H](O)[C@H](CC(C)C)NC(=O)[C@H](Cc1c[nH]cn1)N(C)C(=O)[C@H](Cc2ccccc2)NC(=O)[C@@H]3CCCN3C(=O)OC(C)(C)C)C(C)C)C(=O)NCc4ccccn4","is not an inhibitor [-]","10617675"
"CHEMBL499808","CCC(C)CC(C)CCCCCCCCC(=O)N[C@H]1C[C@@H](O)[C@@H](NCCN)NC(=O)[C@@H]2[C@@H](O)CCN2C(=O)[C@@H](NC(=O)[C@@H](NC(=O)[C@@H]3C[C@@H](O)CN3C(=O)[C@@H](NC1=O)[C@@H](C)O)[C@H](O)[C@@H](O)c4ccc(O)cc4)[C@H](O)CCN","is not a substrate [-]","11181899"
"CHEMBL1317070","CCCCCCCCCCCCCCCC(=O)OC(CO)CO","is not an inhibitor [-]","15351776"
"CHEMBL404979","COc1ccc(CNc2ccccc2CCc3cccc(OC)c3)cc1","Not Determined","18257545"
"CHEMBL2141411","COc1ccc(cc1)C(=O)N2CCN(CC2)c3cc(nc4cc(nn34)c5cccc(Cl)c5)c6ccccc6","active",""
"CHEMBL2142216","COc1cccc(c1)c2cc(N3CCN(CC3)C(=O)c4cocc4)n5nc(cc5n2)c6ccccc6","active",""
"CHEMBL2132042","Fc1ccc(cc1)c2cc3nc(cc(N4CCN(CC4)C(=O)c5occc5)n3n2)c6ccccc6","active",""
"CHEMBL2133784","COc1cccc(c1)c2cc3nc(c(C)c(N4CCN(CC4)C(=O)c5cocc5)n3n2)c6ccccc6","active",""
"CHEMBL2136787","Cl.Cc1ccc(cc1)c2cc3nc(C)cc(N4CCN(CC4)C(=O)c5cocc5)n3n2","active",""
"CHEMBL3979922","CC(C)[C@@H]1\N=C(\O)/[C@H](CCC(=O)C)[C@H](O)[C@@H](C)[C@@H](O)\C=C/C=C\C[C@H](OC(=O)C2CCCN(N2)C(=O)[C@H](Cc3cc(O)cc(F)c3)\N=C/1\O)\C(=C\C=C\C(=O)N4CCCCO4)\C","317674",""
"CHEMBL2074873","CC(C)C[C@H](NC(=O)CNC(=O)[C@H](C)NC(=O)[C@H](CC(C)C)NC(=O)[C@H](CC(C)C)NC(=O)[C@@H]1CCCN1C(=O)[C@H](CC(C)C)NC(=O)[C@@H](N)Cc2ccccc2)C(=O)NC(C)C","is not a substrate [-]","14499271"
"CHEMBL1210241","CN1C(=O)C(=Cc2ccccc12)CN(C(=O)C3CCCCC3)C(C)(C)CCN4CCCC4","Not Determined","20510609"
"CHEMBL277474","CN1N(C(=O)C=C1C)c2ccccc2","is not a substrate [-]","12954186"
"CHEMBL16","OC1=NC(=O)C(N1)(c2ccccc2)c3ccccc3","is not a substrate [-]","17045309"
"CHEMBL40583","Cc1ccc2cc3c(ccc4ccccc34)c5CCc1c25","inducer [Decrease]","12387747"
"CHEMBL253144","C[C@]12CCC(=O)C=C1CC[C@@H]3[C@@H]2CC[C@@]4(C)[C@H]3CC[C@]4(O)C(=O)CO","is not a substrate [-]","12379510"
"CHEMBL95","Nc1c2CCCCc2nc3ccccc13","is not a substrate [-]","12438524"
"CHEMBL67166","CCCCCCCCCCCCC\C=C\[C@@H](O)[C@@H](N)CO","is not a substrate [-]","15618625"
"CHEMBL2143559","Cc1ccc(cc1)c2cc3nc(cc(N4CCN(CC4)C(=O)c5occc5)n3n2)c6ccccc6","active",""
"CHEMBL2143631","Clc1ccc(cc1)C(=O)N2CCN(CC2)c3cc(nc4cc(nn34)c5cccc(Cl)c5)c6ccccc6","active",""
"CHEMBL2134144","COc1cccc(c1)c2cc3nc(C)c(C(C)C)c(N4CCN(CC4)C(=O)c5cocc5)n3n2","active",""
"CHEMBL2134161","COc1cccc(c1)c2cc3nc(cc(N4CCN(CC4)C(=O)c5cocc5)n3n2)c6cccc(c6)C#N","active",""
"CHEMBL2137379","COc1ccc(cc1)c2cc(N3CCN(CC3)C(=O)c4cocc4)n5nc(cc5n2)c6cccc(Cl)c6","active",""
"CHEMBL2137680","CNCCCN(C)c1cc(nc2cc(nn12)c3ccccc3)c4occc4","active",""
"CHEMBL2137928","Fc1ccc(cc1)c2cc(N3CCN(CC3)C(=O)c4cocc4)n5nc(cc5n2)c6ccccc6","active",""
"CHEMBL1210412","CN1C(=O)C(=Cc2ccccc12)CN(C(=O)C3CCCCC3)C4(CCN5CCOCC5)CCCCC4","Not Determined","20510609"
"CHEMBL1187846","CN1[C@@H]2C[C@H](C[C@H]1[C@@H]3O[C@@H]23)OC(=O)[C@H](CO)c4ccccc4","is not an inhibitor [-]","12438524"
"CHEMBL629","CN(C)CCC=C1c2ccccc2CCc3ccccc13","is not a substrate [-]","12438524"
"CHEMBL1900518","COc1cccc(c1)c2cc3nc(C)c(C)c(N4CCN(CC4)C(=O)c5cocc5)n3n2","active",""
"CHEMBL1880550","COc1ccc(cc1)c2cc3nc(cc(N4CCN(CC4)C(=O)C)n3n2)c5ccccc5","active",""
"CHEMBL31184","c1ccc2c(c1)cc3ccc4cccc5ccc2c3c45","is not a substrate [-]","9473310"
"CHEMBL841","CN(C)C(=O)C(CCN1CCC(O)(CC1)c2ccc(Cl)cc2)(c3ccccc3)c4ccccc4","Effluxed: Y","11602674"
"CHEMBL2141666","CC(=O)N1CCN(CC1)c2cc(nc3cc(nn23)c4ccccc4)c5occc5","active",""
"CHEMBL2087779","Nc1ccc(cc1)c2cc(cc([te+]2)c3ccc(N)cc3)c4ccc(cc4)N5CCOCC5.F[P-](F)(F)(F)(F)F","Not Determined","22533905"
"CHEMBL2132766","Cc1cc(N2CCN(CC2)C(=O)c3cocc3)n4nc(cc4n1)c5ccccc5","active",""
"CHEMBL2138720","COc1ccc(cc1)c2cc3nc(C)cc(N4CCN(CC4)C(=O)c5cccnc5)n3n2","active",""
"CHEMBL2074877","CN1CCCC(CC1)N2NC(Cc3ccc(Cl)cc3)c4cc(O)ccc4C2=O","is not an inhibitor [-]","11231118"
"CHEMBL3298517","O[C@H]1CCCC[C@@H]1N2Cc3c(cc(CN4CCC(CC4)(C#N)c5cccnc5)c6ccccc36)C2=O","Not Determined","24900888"
"CHEMBL301370","CC[C@@H]1N(C(=O)OC(C)C)c2cc(F)ccc2NC1=O","Calcein-AM Inhibitor: Y","11602674"
"CHEMBL3813768","Cc1cc(C)cc(c1)C(=O)N(NC(=O)c2ccc(F)c(F)c2F)C(C)(C)C","Not Determined","27262425"
"CHEMBL623","CCC1=NN(CCCN2CCN(CC2)c3cccc(Cl)c3)C(=O)N1CCOc4ccccc4","inducer [+]","11452702"
"CHEMBL1237","NCCCC[C@H](N[C@@H](CCc1ccccc1)C(=O)O)C(=O)N2CCC[C@H]2C(=O)O","is not an inhibitor [-]","11895100"
"CHEMBL14130","Oc1ccc(cc1)[N+](=O)[O-]","is not an inhibitor [-]","11743742"
"CHEMBL1868233","O=C(N1CCN(CC1)c2cc(nc3cc(nn23)c4ccccc4)c5ccccc5)c6cocc6","active",""
"CHEMBL522","NCc1ccccc1","is not an inhibitor [-]","15176077"
"CHEMBL897","CCCN(CCC)S(=O)(=O)c1ccc(cc1)C(=O)O","is not an inhibitor [-]","11405287"
"CHEMBL2286723","COc1cccc(C(=O)NN(C(=O)c2ccccc2Cl)C(C)(C)C)c1C","Not Determined","27262425"
"CHEMBL2132526","CC(C)(C)OC(=O)N1CCN(CC1)c2cc(nc3cc(nn23)c4ccccc4)c5occc5","active",""
"CHEMBL2137952","Clc1cccc(c1)c2cc3nc(cc(N4CCN(CC4)C(=O)c5ccsc5)n3n2)c6ccccc6","active",""
"CHEMBL2139197","Cc1c(nc2cc(nn2c1N3CCN(CC3)C(=O)c4cocc4)c5ccccc5)c6occc6","active",""
"CHEMBL3813715","CC(C)(C)N(NC(=O)c1c(F)cccc1Cl)C(=O)c2ccccc2Cl","Not Determined","27262425"
"CHEMBL1901090","COc1ccc(cc1)c2cc3nc(C)cc(N4CCN(CC4)C(=O)c5cocc5)n3n2","active",""
"CHEMBL3596582","CC(=O)c1c(O)c(C)c(O)c(Cc2c3OC(CC(=O)c3c(O)c4C=CC(C)(C)Oc24)c5ccccc5)c1O","Not Determined",""
"CHEMBL2137042","COc1ccc(cc1)c2cc3nc(cc(N4CCN(CC4)C(=O)c5occc5)n3n2)c6ccccc6","active",""
"CHEMBL2139350","CC1CN(CCN1c2cc(nc3cc(nn23)c4ccccc4)c5occc5)C(=O)c6cocc6","active",""
"CHEMBL2074865","COC[C@@H]1O[C@H]2O[C@H]3[C@H](COC)O[C@@H](O[C@H]4[C@H](COC)O[C@@H](O[C@H]5[C@H](COC)O[C@@H](O[C@@H]6[C@@H](COC)O[C@H](O[C@H]7[C@H](COC)O[C@@H](O[C@H]8[C@H](COC)O[C@@H](O[C@@H]1[C@@H](O)[C@@H]2O)[C@@H](O)[C@@H]8O)[C@@H](O)[C@@H]7O)[C@H](O)[C@H]6OC)[C@@H](O)[C@@H]5O)[C@@H](O)[C@@H]4O)[C@@H](O)[C@@H]3O","is not an inhibitor [-]","15139519"
"CHEMBL2074867","","is not a substrate [-]","15023456"
"CHEMBL595820","CCC(=O)Nc1ccc(NC(=O)CN2CCN(C)CC2)c(c1)C(=O)c3ccccc3","Not Determined","19819706"
"CHEMBL261180","COc1cccc(CCc2ccccc2NCc3ccccc3OC)c1","Not Determined","18257545"
"CHEMBL486954","CC(=O)[C@H]1CC[C@H]2[C@@H]3CC[C@@H]4CC(=O)CC[C@]4(C)[C@H]3CC[C@]12C","inducer [+]","11297522"
"CHEMBL1453808","COc1ccc(CN2C(=O)c3ccccc3C2=O)cc1C(=O)Nc4ccccc4N5CCOCC5","active",""
"CHEMBL2132178","Brc1ccc(cc1)c2cc3nc(cc(N4CCN(CC4)C(=O)c5cocc5)n3n2)c6ccccc6","active",""
"CHEMBL2134880","CN(CCCN(C)c1cc(nc2cc(nn12)c3ccccc3)c4occc4)C(=O)c5cocc5","active",""
"CHEMBL2135992","CC(=O)N1CCN(CC1)c2cc(nc3cc(nn23)c4cccc(Cl)c4)c5ccccc5","active",""
"CHEMBL2137545","COc1cccc(c1)C(=O)N2CCN(CC2)c3cc(nc4cc(nn34)c5cccc(Cl)c5)c6ccccc6","active",""
"CHEMBL2074869","CCC(C)O[C@@]12CCC(=O)O[C@@H]1[C@H]3[C@@H](OC(=O)C)[C@@](C)(C[C@]3(OC(=O)C)C(=O)[C@@H](C)\C=C\C(C)(C)[C@H](OC(=O)C)[C@H](OC(=O)C)[C@H]2OC(=O)C(C)C)OC(=O)C","is not an inhibitor [-]","14604686"
"CHEMBL1210313","CCC(C)(CCN1CCOCC1)N(CC2=Cc3ccccc3N(C)C2=O)C(=O)C4CCCCC4","Not Determined","20510609"
"CHEMBL1231562","CCCc1oc(CCC(=O)O)c(C(=O)O)c1C","is not an inhibitor [-]","15286055"
"CHEMBL1400945","CC(=O)[C@H]1[C@@H](C[C@H]2[C@@H]3CC=C4C[C@@H](O)CC[C@]4(C)[C@H]3CC[C@]12C)C#N","inducer [+]","11297522"
"CHEMBL521","CC(C)Cc1ccc(cc1)C(C)C(=O)O","is not a substrate [-]","12954186"
"CHEMBL490121","C[N+](=C1C=CC2=C(c3ccccc3)c4cc5CCCN6CCCc(c4[Se]C2=C1)c56)C.F[P-](F)(F)(F)(F)F","Not Determined","19402665"
"CHEMBL1624","N[C@@H](Cc1cc(I)c(Oc2cc(I)c(O)c(I)c2)c(I)c1)C(=O)O","inducer [+]","12235446"
"CHEMBL57394","Nc1cccc2ccccc12","is not an inhibitor [-]","15176077"
"CHEMBL2137674","COc1ccccc1c2cc3nc(cc(N4CCN(CC4)C(=O)c5ccccc5)n3n2)c6ccccc6","active",""
"CHEMBL1210178","CC(CCN1CCCC1)N(CC2=Cc3ccccc3N(C)C2=O)C(=O)C4CCCCC4","Not Determined","20510609"
"CHEMBL2002154","CCCCCCCCCCCCCCCC(=O)OCC(COC(=O)CCCCCCCCCCCCCCC)OC(=O)CCCCCCCCCCCCCCC","is not an inhibitor [-]","15351776"
"CHEMBL1894129","COc1ccccc1c2cc3nc(cc(N4CCN(CC4)C(=O)c5cocc5)n3n2)c6ccccc6","active",""
"CHEMBL1521418","COc1ccc(cc1)c2nn(cc2\C=C\C(=O)N3CCN(CC3)c4ccccn4)c5ccccc5","active",""
"CHEMBL487603","C\C=C\c1ccc2OCOc2c1","inducer [+]","8632764"
"CHEMBL1573","COC(=O)c1c(C)nc(C)c(C(=O)OC)c1c2ccccc2[N+](=O)[O-]","is not an inhibitor [-]","11231118"
"CHEMBL2141052","C(N1CCN(CC1)c2cc(nc3cc(nn23)c4ccccc4)c5occc5)c6ccccc6","active",""
"CHEMBL2141325","COc1ccc(cc1)c2cc3nc(C)cc(N4CCN(CC4)C(=O)c5occc5)n3n2","active",""
"CHEMBL2141371","Cc1nc2cc(nn2c(N3CCN(CC3)C(=O)c4cocc4)c1C)c5ccncc5","active",""
"CHEMBL2144085","Cc1cccc(c1)c2cc3nc(cc(N4CCN(CC4)C(=O)c5occc5)n3n2)c6ccccc6","active",""
"CHEMBL2130929","CCc1c(C)nc2cc(nn2c1N3CCN(CC3)C(=O)c4cocc4)c5cccc(OC)c5","active",""
"CHEMBL2135890","COc1ccc(cc1)c2cc3nc(C)c(C)c(N4CCN(CC4)C(=O)c5cocc5)n3n2","active",""
"CHEMBL2138254","Clc1ccc(cc1)c2cc3nc(cc(N4CCN(CC4)C(=O)c5occc5)n3n2)c6ccccc6","active",""
"CHEMBL52606","CC(=O)O[C@H]1[C@@H](O)[C@H]2C(C)(C)CC[C@H](O)[C@]2(C)[C@@]3(O)C(=O)C[C@@](C)(O[C@]13C)C=C","is not an inhibitor [-]","11716514"
"CHEMBL1255855","CC[C@@H]1CC[C@@H]2O[C@]3(CC[C@H](C)[C@H](C[C@@H](C)O)O3)[C@@H](C)[C@H](OC(=O)\C=C\[C@H](C)[C@@H](O)[C@H](C)C(=O)[C@H](C)[C@@H](O)[C@H](C)C(=O)[C@](C)(O)[C@@H](O)[C@H](C)C\C=C\C=C\1)[C@@H]2C","is not an inhibitor [-]","14985103"
"CHEMBL2074862","COc1cc2cc(sc2cc1OC)C3=NNC(=O)CC3C","is not a substrate [-]","12954186"
"CHEMBL2074866","","is not a substrate [-]","15023456"
"CHEMBL2074876","Cc1ncc2C(O)N=C(c3ccccc3F)c4cc(Cl)ccc4n12","is not an inhibitor [-]","11231118"
"CHEMBL1582357","CCN(CC)P(=O)(Nc1cccc(c1)C(F)(F)F)c2ccc(cc2NC(=O)c3occc3)N(C)C","active",""
"CHEMBL968","CCN(CC)CCN1C(=O)CN=C(c2ccccc2F)c3cc(Cl)ccc13","is not a substrate [-]","12438524"
"CHEMBL972","C[C@H](Cc1ccccc1)N(C)CC#C","is not an inhibitor [-]","12438524"
"CHEMBL495936","CCCCC\C=C/C\C=C/C=C/C=C/[C@@H](SC[C@@H](NC(=O)CC[C@H](N)C(=O)O)C(=O)NCC(=O)O)[C@@H](O)CCCC(=O)O","Not Determined","19170519"
"CHEMBL65","CC[C@@]1(O)C(=O)OCC2=C1C=C3N(Cc4cc5ccccc5nc34)C2=O","is not a substrate [-]","12608535"
"CHEMBL2228859","Cc1cc(C)cc(c1)C(=O)N(NC(=O)c2ccc(Cl)cc2)C(C)(C)C","Not Determined","27262425"
"CHEMBL407","CCOC(=O)c1ncn2c1CN(C)C(=O)c3cc(F)ccc23","is not a substrate [-]","12438524"
"CHEMBL2142519","COc1ccccc1c2cc(N3CCN(CC3)C(=O)c4cocc4)n5nc(cc5n2)c6ccccc6","active",""
"CHEMBL2132529","Cc1occ(C)c1C(=O)N2CCN(CC2)c3cc(nc4cc(nn34)c5ccccc5)c6occc6","active",""
"CHEMBL364123","COc1ccc2c(c[nH]c2c1)C(=O)c3cc(OC)c(OC)c(OC)c3","is not a substrate [-]","15231674"
"CHEMBL17935","CCCCCCCCCCCCCCCCOCC(COP(=O)([O-])OCC[N+](C)(C)C)OC(=O)C","inducer [+]","12387747"
"CHEMBL139","OC(=O)Cc1ccccc1Nc2c(Cl)cccc2Cl","is not an inhibitor [-]","11743742"
"CHEMBL557217","CC(C)C[C@@H](NC(=O)CNC(=O)[C@@H](NC=O)C(C)C)C(=O)N[C@@H](C)C(=O)N[C@H](C(C)C)C(=O)N[C@@H](C(C)C)C(=O)N[C@H](C(C)C)C(=O)N[C@@H](Cc1c[nH]c2ccccc12)C(=O)N[C@H](CC(C)C)C(=O)N[C@@H](Cc3c[nH]c4ccccc34)C(=O)N[C@H](CC(C)C)C(=O)N[C@@H](Cc5c[nH]c6ccccc56)C(=O)N[C@H](CC(C)C)C(=O)N[C@@H](Cc7c[nH]c8ccccc78)C(=O)NCCO","is not an inhibitor [-]","14985103"
"CHEMBL1016","CCOc1nc2cccc(C(=O)O)c2n1Cc3ccc(cc3)c4ccccc4c5nnn[nH]5","is not an inhibitor [-]","11895100"
"CHEMBL461","OC(=O)CNC(=O)c1ccccc1","is not an inhibitor [-]","15286055"
"CHEMBL2108102","","inducer [+]","11180019"
"CHEMBL2137696","Cc1cccc(c1)c2cc3nc(cc(N4CCN(CC4)C(=O)c5cocc5)n3n2)c6occc6","active",""
"CHEMBL1276308","CC#C[C@]1(O)CC[C@H]2[C@@H]3CCC4=CC(=O)CCC4=C3[C@H](C[C@]12C)c5ccc(cc5)N(C)C","inducer [+]","11297522"
"CHEMBL82293","CCCCCCCCCCCCCCCC(=O)O","is not an inhibitor [-]","15351776"
"CHEMBL13209","[O-][N+](=O)c1ccc2NC(=O)CN=C(c3ccccc3)c2c1","is not an inhibitor [-]","12438524"
"CHEMBL260507","COc1ccc(cc1)c2ccc(cc2)C(=O)N3CCc4cc(OC)c(OC)cc4C3","Not Determined","18276145"
"CHEMBL1320506","Cc1nn2c(cc(nc2c1c3ccccc3)C(C)(C)C)N4CCN(CC4)C(=O)c5occc5","active",""
"CHEMBL2140308","Fc1ccccc1c2cc(N3CCN(CC3)C(=O)c4cocc4)n5nc(cc5n2)c6cccc(Cl)c6","active",""
"CHEMBL2131595","O=C(N1CCN(CC1)c2cc(nc3cc(nn23)c4ccccc4)c5cccs5)c6cocc6","active",""
"CHEMBL2135037","COc1ccc(cc1)c2cc3nc(cc(N4CCN(CC4)C(=O)c5ccccc5)n3n2)c6ccccc6","active",""
"CHEMBL2135979","O=C(N1CCN(CC1)c2cc(nc3cc(nn23)c4ccccc4)c5occc5)c6occc6","active",""
"CHEMBL2138113","CC(=O)N1CCN(CC1)c2cc(nc3cc(nn23)c4cccc(Cl)c4)c5occc5","active",""
"CHEMBL1271405","COc1cc(\C=C\[N+](=O)[O-])ccc1OC(=O)c2cccc(Cl)c2Cl","Dose-dependent effect","20850977"
"CHEMBL2074860","CCCCCCCCCCCCCCCC(=O)OCC(O)COC(=O)CCCCCCCCCCCCCCC","is not an inhibitor [-]","15351776"
"CHEMBL1201373","CC[C@H](C)C(=O)O[C@H]1C[C@@H](C)C=C2C=C[C@H](C)[C@H](CC[C@@H](O)C[C@@H](O)CC(=O)O)[C@@H]12","is not an inhibitor [IC50=-(>100uM)]","15616150"
"CHEMBL1898650","Clc1cccc(c1)c2cc3nc(cc(N4CCN(CC4)C(=O)c5cocc5)n3n2)c6cccnc6","active",""
"CHEMBL113","CN1C(=O)N(C)c2ncn(C)c2C1=O","is not a substrate [-]","12954186"
"CHEMBL54918","OC[C@H]1O[C@H]([C@H](O)[C@@H]1O)N2C=C(F)C(=O)NC2=O","is not a substrate [-]","12608535"
"CHEMBL2141711","Clc1cccc(c1)c2cc3nc(cc(N4CCN(CC4)C(=O)c5cocc5)n3n2)c6occc6","active",""
"CHEMBL1271196","COc1cc(\C=C\[N+](=O)[O-])ccc1OC(=O)c2ccc(cc2)C(C)(C)C","Dose-dependent effect","20850977"
"CHEMBL1880661","Clc1cccc(c1)c2cc3nc(cc(N4CCN(CC4)C(=O)c5cocc5)n3n2)C#C","active",""
"CHEMBL529","CC[C@H]1OC(=O)[C@H](C)[C@@H](O[C@H]2C[C@@](C)(OC)[C@@H](O)[C@H](C)O2)[C@H](C)[C@@H](O[C@@H]3O[C@H](C)C[C@@H]([C@H]3O)N(C)C)[C@](C)(O)C[C@@H](C)CN(C)[C@H](C)[C@@H](O)[C@]1(C)O","is not an inhibitor [-]","11743742"
"CHEMBL1560","C[C@H](CS)C(=O)N1CCC[C@H]1C(=O)O","is not an inhibitor [-]","11895100"
"CHEMBL2132333","O=C(N1CCN(CC1)c2cc(nc3cc(nn23)c4ccccc4)c5cocc5)c6cocc6","active",""
"CHEMBL2133470","Cc1cccc(c1)c2nc3nc(C)cc(N4CCN(CC4)C(=O)c5occc5)n3n2","active",""
"CHEMBL2137019","COc1ccc(cc1)c2cc3nc(cc(N4CCN(CC4)C(=O)c5ccsc5)n3n2)c6ccccc6","active",""
"CHEMBL1144","CC[C@H](C)C(=O)O[C@H]1C[C@H](O)C=C2C=C[C@H](C)[C@H](CC[C@@H](O)C[C@@H](O)CC(=O)O)[C@@H]12","is not an inhibitor [IC50=-(>100uM)]","15616150"
"CHEMBL224867","C[C@H](CCC(=O)NCCS(=O)(=O)O)[C@H]1CC[C@H]2[C@@H]3[C@H](O)C[C@@H]4C[C@H](O)CC[C@]4(C)[C@H]3C[C@H](O)[C@]12C","is not a substrate [-]","10617675"
"CHEMBL2140410","C1CN(CCN1)c2cc(nc3cc(nn23)c4ccccc4)c5occc5","active",""
"CHEMBL2143545","Fc1cccc(c1)c2cc3nc4CCCCc4c(N5CCN(CC5)C(=O)c6occc6)n3n2","active",""
"CHEMBL2130533","Clc1cccc(c1)C(=O)N2CCN(CC2)c3cc(nc4cc(nn34)c5cccc(Cl)c5)c6ccccc6","active",""
"CHEMBL2138028","Cc1nc2cc(nn2c(N3CCN(CC3)C(=O)c4cocc4)c1C)c5cccc(Cl)c5","active",""
"CHEMBL2074864","CCCC(OC(CCC)S(=O)(=O)O)S(=O)(=O)O.OC[C@H]1O[C@@H]2O[C@H]3[C@H](O)[C@@H](O)[C@H](O[C@@H]3CO)O[C@H]4[C@H](O)[C@@H](O)[C@H](O[C@@H]4CO)O[C@H]5[C@H](O)[C@@H](O)[C@H](O[C@@H]5CO)O[C@H]6[C@H](O)[C@@H](O)[C@H](O[C@@H]6CO)O[C@H]7[C@H](O)[C@@H](O)[C@H](O[C@@H]7CO)O[C@H]8[C@H](O)[C@@H](O)[C@H](O[C@@H]8CO)O[C@H]1[C@H](O)[C@H]2O","is not an inhibitor [-]","15139519"
"CHEMBL2074872","CC(C)C[C@H](NC(=O)[C@H](CC(C)C)NC(=O)[C@H](CCCCN)NC(=O)[C@H](CS)NC(=O)[C@H](CC(C)C)NC(=O)[C@H](C)NC(=O)[C@H](CCCCN)NC(=O)[C@H](Cc1ccccc1)NC(=O)[C@H](CC(C)C)NC(=O)[C@H](C)NC(=O)CNC(=O)[C@H](CC(C)C)NC(=O)[C@@H](N)Cc2ccccc2)C(=O)O","is not a substrate [-]","14499271"
"CHEMBL526546","CCC12C=CCN3CC[C@@]4([C@H]13)[C@@H](N(C)c5cc(OC)ccc45)[C@](O)([C@@H]2OC(=O)C)C(=O)OC","is not a substrate [-]","9751076"
"CHEMBL1703678","COc1ccc(\C=N\NC(=O)c2cccnc2)cc1CN3CCN(CC3)c4ccc(F)cc4","active",""
"CHEMBL424","OC(=O)c1ccccc1O","is not a substrate [-]","12954186"
"CHEMBL52440","COc1ccc2C[C@H]3[C@H]4CCCC[C@@]4(CCN3C)c2c1","is not an inhibitor [-]","11743742"
"CHEMBL1233636","OS(=O)(=O)Oc1c[nH]c2ccccc12","is not an inhibitor [-]","15286055"
"CHEMBL3814778","CC(C)(C)N(NC(=O)c1ccc(Cl)c(Cl)c1)C(=O)c2ccccc2Cl","Not Determined","27262425"
"CHEMBL1163","COC(=O)N[C@H](C(=O)N[C@@H](Cc1ccccc1)[C@@H](O)CN(Cc2ccc(cc2)c3ccccn3)NC(=O)[C@@H](NC(=O)OC)C(C)(C)C)C(C)(C)C","Dose-dependent effect","17664327"
"CHEMBL105","CO[C@]12[C@H]3N[C@H]3CN1C4=C([C@H]2COC(=O)N)C(=O)C(=C(C)C4=O)N","is not an inhibitor [-]","14985103"
"CHEMBL88","ClCCN(CCCl)P1(=O)NCCCO1","is not an inhibitor [-]","11743742"
"CHEMBL2372467","CCC[C@@H]1NC(=O)[C@H]([C@H](O)[C@H](C)C\C=C\C)N(C)C(=O)[C@H](C(C)C)N(C)C(=O)[C@H](CC(C)C)N(C)C(=O)[C@H](CC(C)C)N(C)C(=O)[C@@H](C)NC(=O)[C@H](C)NC(=O)[C@H](CC(C)C)NC(=O)[C@H](NC(=O)[C@@H](CC(C)C)N(C)C(=O)CN(C)C1=O)C(C)C","Not Determined","12361387"
"CHEMBL1629810","CC(O)COC[C@@H]1OC[C@H]2O[C@@H]3[C@@H](O)[C@H](O)[C@@H](O[C@H]3COCC(C)O)O[C@@H]4[C@@H](O)[C@H](O)[C@@H](O[C@H]4COCC(C)O)O[C@@H]5[C@@H](O)[C@H](O)[C@@H](O[C@H]5COCC(C)O)O[C@@H]6[C@@H](O)[C@H](O)[C@@H](O[C@H]6COCC(C)O)O[C@@H]7[C@@H](O)[C@H](O)[C@@H](O[C@H]7COCC(C)O)O[C@@H]8[C@@H](O)[C@H](O)[C@@H](O[C@H]8COCC(C)O)O[C@@H]9[C@@H](O)[C@H](O)[C@@H](O[C@H]9COCC(C)O)O[C@@H]1[C@H]2O","is not an inhibitor [-]","15139519"
"CHEMBL2142496","COc1ccc(cc1)c2cc3nc(cc(N4CCN(CC4)C(=O)c5cocc5)n3n2)c6occc6","active",""
"CHEMBL2136763","Clc1cccc(c1)c2cc3nc(cc(N4CCCN(CC4)C(=O)c5cocc5)n3n2)c6ccccc6","active",""
"CHEMBL2137849","COc1cccc(c1)c2cc3nc(C)c(C)c(N4CCN(CC4)C(=O)c5occc5)n3n2","active",""
"CHEMBL2074878","C[C@]12CC[C@H]3[C@@H](C[C@@H](O)C4=CC(=O)CC[C@]34C)[C@@H]1CC[C@@H]2O","is not an inhibitor [-]","11231118"
"CHEMBL1210179","CC(CCN1CCOCC1)N(CC2=Cc3ccccc3N(C)C2=O)C(=O)C4CCCCC4","Not Determined","20510609"
"CHEMBL3809957","COc1cccc(\C=C\C(=O)c2ccc(Nc3nc(nc4ccccc34)c5ccc(OC)c(OC)c5)cc2)c1","Not Determined","27100033"
"CHEMBL578","CCOC(=O)[C@H](CCc1ccccc1)N[C@@H](C)C(=O)N2CCC[C@H]2C(=O)O","is not an inhibitor [-]","11895100"
"CHEMBL2429882","CN1C[C@](C)(N(CC#Cc2ccc3C[C@]4(Cc3c2)C(=O)Nc5ncccc45)C(=O)C16CCCC6)c7cc(F)cc(F)c7","Not Determined","24900761"
"CHEMBL2431252","CN1C[C@](C)(N(C\C=C\c2ccc3C[C@]4(Cc3c2)C(=O)Nc5ncccc45)C(=O)C16CCCC6)c7cc(F)cc(F)c7","Not Determined","24900761"
"CHEMBL2074861","CCCCCCCCCCCCCCCC(=O)O.OCC(O)CO","is not an inhibitor [-]","15351776"
"CHEMBL589583","CCOC(=O)[C@H](CCc1ccccc1)N[C@@H](C)C(=O)N(CC(=O)O)C2Cc3ccccc3C2","is not an inhibitor [-]","11895100"
"CHEMBL1865934","O=C(N1CCN(CC1)c2cc(nc3cc(nn23)c4ccccc4)c5occc5)c6cocc6","active",""
"CHEMBL1605568","CCOC(=O)c1c2CCN(Cc3ccccc3)Cc2sc1NC(=O)CSc4ncccn4","active",""
"CHEMBL2142391","COc1cccc(c1)c2cc(N3CCN(CC3)C(=O)c4cocc4)n5nc(cc5n2)c6cccc(OC)c6","active",""
"CHEMBL2136204","O=C(N1CCN(CC1)c2cc(nc3cc(nn23)c4ccccc4)c5occc5)c6ccccc6","active",""
"CHEMBL573942","Cc1sc2nc(SCCO)nc(N)c2c1C","Not Determined","19783433"
"CHEMBL39263","CN1C(=O)C(NC(=O)c2cc3ccccc3[nH]2)N=C(c4ccccc4)c5ccccc15","is not a substrate [-]","11181899"
"CHEMBL523","Clc1ccc2NC(=O)CN=C(c3ccccc3)c2c1","is not an inhibitor [-]","12438524"
"CHEMBL1790017","CC(C)c1c(C(=O)Nc2ccccc2)c(c3ccccc3)c(c4ccc(F)cc4)n1CC[C@@H](O)C[C@@H](O)CC(=O)O.CC(C)c5c(C(=O)Nc6ccccc6)c(c7ccccc7)c(c8ccc(F)cc8)n5CC[C@@H](O)C[C@@H](O)CC(=O)O","is not an inhibitor [IC50=-(>100uM)]","15616150"
"CHEMBL38","C\C(=C/C=C/C(=C/C(=O)O)/C)\C=C\C1=C(C)CCCC1(C)C","is not a substrate [-]","9473310"
"CHEMBL2143465","O=C(N1CCN(CC1)c2cc(nc3cc(nn23)c4ccccc4)c5occc5)c6ccsc6","active",""
"CHEMBL2135227","Fc1cccc(c1)c2cc3nc4CCCCc4c(N5CCN(CC5)C(=O)C6CCCO6)n3n2","active",""
"CHEMBL3349338","CC(C)C[C@H](NC(=O)[C@H](CC(C)C)NC(=O)[C@H](CCCCN)NC(=O)[C@H](CO)NC(=O)[C@H](CC(C)C)NC(=O)CNC(=O)[C@H](CCCCN)NC(=O)[C@H](Cc1ccccc1)NC(=O)[C@H](CC(C)C)NC(=O)[C@H](C)NC(=O)CNC(=O)[C@H](CC(C)C)NC(=O)[C@@H](N)Cc2ccccc2)C(=O)O","is not a substrate [-]","14499271"
"CHEMBL2074904","CC(\C=C\C#CCC\C=C(/C)\C(=O)NCNC(=O)\C(=C\CCC#C\C=C\C(C)C(O)\C(=C\CCc1cccc2ccccc12)\C)\C)C(O)\C(=C\CCc3ccc4ccccc4c3)\C","is not an inhibitor [-]","14979722"
"CHEMBL979","CCCC(C)(COC(=O)N)COC(=O)N","is not a substrate [-]","12438524"
"CHEMBL1331662","CN(C)c1ccc(c(NC(=O)c2cccs2)c1)P(=O)(Nc3cccc(c3)C(F)(F)F)N4CCOCC4","active",""
"CHEMBL2141998","O=C(N1CCN(CC1)c2cc(nc3cc(nn23)c4ccncc4)c5ccccc5)c6cocc6","active",""
"CHEMBL1201368","CCC[C@H](N[C@@H](C)C(=O)N1[C@H]2CCCC[C@H]2C[C@H]1C(=O)O)C(=O)O","is not an inhibitor [-]","11895100"
"CHEMBL621","Clc1cccc(c1)N2CCN(CCCN3N=C4C=CC=CN4C3=O)CC2","inducer [+]","11452702"
"CHEMBL40","CCC1(C(=O)NC(=O)NC1=O)c2ccccc2","inducer [+]","8632764"
"CHEMBL2144131","COc1cccc(c1)c2cc3nc(cc(N4CCN(CC4)C(=O)c5cocc5)n3n2)c6occc6","active",""
"CHEMBL2139627","Fc1cccc(c1)c2cc3nc(cc(N4CCN(CC4)C(=O)c5ccccc5)n3n2)c6ccccc6","active",""
"CHEMBL2074871","O=C=NCCc1ccccc1","is not an inhibitor [-]","15176077"
"CHEMBL2074905","CC(\C=C\C#CCC\C=C(/C)\C(=O)NCCOCCOCCOCCOCCOCCO)C(O)\C(=C\CCc1cccc2ccccc12)\C","is not an inhibitor [-]","14979722"
"CHEMBL36506","CO[C@@H]1[C@@H](OC(=O)N)[C@@H](O)[C@H](Oc2ccc3C(=C(NC(=O)c4ccc(O)c(CC=C(C)C)c4)C(=O)Oc3c2C)O)OC1(C)C","Not Evaluated","18678495"
"CHEMBL2145384","Cc1nc2cc(nn2c(N3CCN(CC3)C(=O)c4cocc4)c1C)c5ccc(Br)cc5","active",""
"CHEMBL19215","CN1C[C@H](CNC(=O)OCc2ccccc2)C[C@H]3[C@H]1Cc4cn(C)c5cccc3c45","is not a substrate [-]","12438524"
