"CHEMBL45830","CC(C)C1=Cc2ccc3c(CCCC3(C)C)c2C(=O)C1=O","Active","26339922"
"CHEMBL306601","CCCCCC(=O)N[C@H]([C@@H](O)C(=O)O[C@H]1C[C@@]2(O)[C@@H](OC(=O)c3ccccc3)[C@@H]4[C@@]5(CO[C@@H]5C[C@H](O)[C@@]4(C)C(=O)[C@H](OC(=O)C)C(=C1C)C2(C)C)OC(=O)C)c6ccccc6","Active","16289636"
"CHEMBL1935205","COc1ccc(C(=O)\C=C\c2ccc(OC)c(OC)c2)c(OC)c1","Active","22112540"
"CHEMBL44657","COc1cc(cc(OC)c1O)[C@H]2[C@@H]3[C@H](COC3=O)[C@H](O[C@@H]4O[C@@H]5CO[C@@H](C)O[C@H]5[C@H](O)[C@H]4O)c6cc7OCOc7cc26","substrate [+]","12948019"
"CHEMBL564085","CO[C@H]1C[C@H](O[C@H]2[C@H](C)[C@@H](O[C@@H]3O[C@H](C)C[C@@H]([C@H]3OC(=O)C)N(C)C)[C@@H](C)C[C@@]4(CO4)C(=O)[C@H](C)[C@@H](OC(=O)C)[C@@H](C)[C@@H](C)OC(=O)[C@@H]2C)O[C@@H](C)[C@@H]1OC(=O)C","inhibitor [Ki=483.3uM]","11961113"
"CHEMBL1064","CCC(C)(C)C(=O)O[C@H]1C[C@@H](C)C=C2C=C[C@H](C)[C@H](CC[C@@H]3C[C@@H](O)CC(=O)O3)[C@@H]12","inhibitor [IC50=26.1uM]","11716514"
"CHEMBL226507","COc1ccc(cc1OC)C2=CC(=O)c3c(OC)c(OC)c(OC)cc3O2","inhibitor [IC50=3.2uM]","15240100"
"CHEMBL1751","C[C@H]1O[C@H](C[C@H](O)[C@@H]1O)O[C@H]2[C@@H](O)C[C@H](O[C@H]3[C@@H](O)C[C@H](O[C@H]4CC[C@@]5(C)[C@H](CC[C@@H]6[C@@H]5C[C@@H](O)[C@]7(C)[C@H](CC[C@]67O)C8=CC(=O)OC8)C4)O[C@@H]3C)O[C@@H]2C","substrate [+]","12948010"
"CHEMBL480","Cc1c(OCC(F)(F)F)ccnc1C[S+]([O-])c2nc3ccccc3[nH]2","substrate [+]","11770010"
"CHEMBL1726","COC(=O)C1=C(C)NC(=C(C1c2ccccc2[N+](=O)[O-])C(=O)OCC(C)C)C","inhibitor [IC50=44.1uM]","12128170"
"CHEMBL2325888","CCOC(=O)C1=CN(Cc2ccc(C)cc2)C=CC1c3ccccc3","Active","23199479"
"CHEMBL105310","Oc1ccc(C(=O)\C=C\c2ccccc2)c(O)c1","Active","22112540"
"CHEMBL3612981","COc1cc2CCN(CCc3ccc(NC(=O)c4cc(OC)c(OC)cc4NS(=O)(=O)c5ccc(cc5)C(C)(C)C)cc3)Cc2cc1OC","Active","26197160"
"CHEMBL445022","CC[C@H]1C[C@@H]2CN3CCC4C(Nc5cc([C@H]6C[C@H]7C(C/C/7=C/C)[C@@H](C(Cc8c6[nH]c9ccccc89)NC)C(=O)OC)c(OC)cc45)[C@](C2)([C@H]13)C(=O)OC","Active","24720452"
"CHEMBL772","CO[C@H]1[C@@H](C[C@@H]2CN3CCc4c([nH]c5cc(OC)ccc45)[C@H]3C[C@@H]2[C@@H]1C(=O)OC)OC(=O)c6cc(OC)c(OC)c(OC)c6","inhibitor [Ki=2.31 +/- 0.35uM]","12636153"
"CHEMBL1491","CCOC(=O)C1=C(COCCN)NC(=C(C1c2ccccc2Cl)C(=O)OC)C","inhibitor [IC50=22uM]","11145223"
"CHEMBL723","COc1ccccc1OCCNCC(O)COc2cccc3[nH]c4ccccc4c23","inhibitor [+]","11895100"
"CHEMBL53463","COc1cccc2C(=O)c3c(O)c4C[C@](O)(C[C@H](O[C@H]5C[C@H](N)[C@H](O)[C@H](C)O5)c4c(O)c3C(=O)c12)C(=O)CO","substrate [+]","14499271"
"CHEMBL2074612","","inhibitor [+]","12751630"
"CHEMBL2074615","","inhibitor [+]","12880295"
"CHEMBL2074634","C[C@H](C[C@](O)(CC(=O)O)C1OC1(C)C)C2=C3C[C@H](O)[C@@H]4[C@H](CCC5C(C)(C)C(=O)CC[C@]45C)[C@@]3(C)CC2","inhibitor [+]","15294447"
"CHEMBL2074671","CCC(C)O[C@@]12CCC(=O)O[C@@H]1[C@H]3[C@@H](O)[C@@](C)(C[C@]3(OC(=O)C)C(=O)[C@@H](C)\C=C\C(C)(C)[C@H](OC(=O)C)[C@H](OC(=O)C)[C@H]2OC(=O)C(C)C)OC(=O)C","inhibitor [+]","14604686"
"CHEMBL2074677","","inhibitor [+]","15248030"
"CHEMBL2074678","COc1cc(OC[C@@H]2CNCC[C@H]2c3ccc(F)cc3)ccc1O","inhibitor [+]","12649369"
"CHEMBL2074730","Cl.COc1cccc2C(=O)c3cccc(C(=O)Nc4ccc(CCN5CCc6cc(OC)c(OC)cc6C5)cc4)c3Nc12","inhibitor [+]","11303953"
"CHEMBL2074775","CC(=O)O[C@H]1CC2(O)[C@@H](OCc3ccccc3)C4[C@@]5(CO[C@@H]5C[C@H](OC(=O)\C=C\c6ccc(cc6)C(=O)c7ccccc7)[C@@]4(C)C(=O)[C@H](OC(=O)C)C(=C1C)C2(C)C)OC(=O)C","inhibitor [+]","15060738"
"CHEMBL2074918","COc1ccc(cc1O)[C@](CCCN(C)CCc2ccc(OC)c(OC)c2)(C#N)C(C)C","inhibitor [IC50=1.6uM]","10773005"
"CHEMBL2074951","COc1ccc(CCN(C)CCC[C@@]2(CCc3c(OC)c(OC)ccc23)C#N)cc1OC","inhibitor [IC50=3.11uM]","12569305"
"CHEMBL163","CC(C)[C@H](NC(=O)N(C)Cc1csc(n1)C(C)C)C(=O)N[C@H](C[C@H](O)[C@H](Cc2ccccc2)NC(=O)OCc3cncs3)Cc4ccccc4","substrate [+]","11785684"
"CHEMBL3237953","COc1ccc(COc2ccccc2CCc3cc(OC)c(OC)c(OC)c3)cc1OC","Active","24607999"
"CHEMBL159","CC[C@]1(O)C[C@@H]2CN(CCc3c([nH]c4ccccc34)[C@@](C2)(C(=O)OC)c5cc6c(cc5OC)N(C)[C@H]7[C@](O)([C@H](OC(=O)C)[C@]8(CC)C=CCN9CC[C@]67[C@H]89)C(=O)OC)C1","inhibitor [Ki=2.1uM]","9751076"
"CHEMBL668","CNCCCC1c2ccccc2C=Cc3ccccc13","inhibitor [(at a rough estimate) 80 % inhibition]","11082465"
"CHEMBL17157","CC(C)(C)c1ccc(cc1)C(O)CCCN2CCC(CC2)C(O)(c3ccccc3)c4ccccc4","inhibitor [+]","8094615"
"CHEMBL655","Cc1ncc2CN=C(c3ccccc3F)c4cc(Cl)ccc4n12","inhibitor [IC50>50uM]","12699389"
"CHEMBL298734","NC(=O)N1CCC(CC(=O)N2CCC(CC2)[C@H]3c4ncc(Br)cc4CCc5cc(Cl)cc(Br)c35)CC1","inhibitor [IC50=2.7uM]","11606389"
"CHEMBL15177","CN(C)C(=O)CCSC(SCCC(=O)O)c1cccc(\C=C\c2ccc3ccc(Cl)cc3n2)c1","inhibitor [+]","15504753"
"CHEMBL1086218","C\C=C\C[C@@H](C)C(=O)[C@@H]1N(C)C(=O)[C@H](C(C)C)N(C)C(=O)[C@H](CC(C)C)N(C)C(=O)[C@H](CC(C)C)N(C)C(=O)[C@@H](C)NC(=O)[C@H](C)NC(=O)[C@H](CC(C)C)N(C)C(=O)[C@@H](NC(=O)[C@H](CC(C)C)N(C)C(=O)CN(C)C(=O)[C@@H](NC1=O)C(C)C)C(C)C","inhibitor [EC50=0.11uM]","8862725"
"CHEMBL278172","CCOC(=O)c1ccc(N)cc1","inhibitor [+]","14985103"
"CHEMBL107","COC1=CC=C2C(=CC1=O)[C@H](CCc3cc(OC)c(OC)c(OC)c23)NC(=O)C","inhibitor [IC50>50uM]","12699389"
"CHEMBL73930","COc1ccc(cc1)C2=CC(=O)c3c(OC)c(OC)c(OC)c(OC)c3O2","inhibitor [+]","15504753"
"CHEMBL215010","C(Cc1ccccc1OCc2ccccc2)c3ccccc3","Active","18257545"
"CHEMBL83","CC\C(=C(/c1ccccc1)\c2ccc(OCCN(C)C)cc2)\c3ccccc3","inhibitor [+]","14985103"
"CHEMBL499","CC(C)(C)NC[C@H](O)COc1nsnc1N2CCOCC2","substrate [+]","8953513"
"CHEMBL490","Fc1ccc(cc1)[C@@H]2CCNC[C@H]2COc3ccc4OCOc4c3","inhibitor [IC50=29.8uM]","12649369"
"CHEMBL914","CC(C)(C(=O)O)c1ccc(cc1)C(O)CCCN2CCC(CC2)C(O)(c3ccccc3)c4ccccc4","substrate [+]","10421612"
"CHEMBL1732","CN1C[C@@H](C[C@H]2[C@H]1Cc3c[nH]c4cccc2c34)C(=O)N[C@]5(C)O[C@@]6(O)[C@@H]7CCCN7C(=O)[C@H](Cc8ccccc8)N6C5=O","inhibitor [Ki>1000uM]","11961113"
"CHEMBL422","CN1CCN(CCCN2c3ccccc3Sc4ccc(cc24)C(F)(F)F)CC1","inhibitor [IC50=7.2uM]","11716514"
"CHEMBL1484","COC(=O)C1=C(C)NC(=C(C1c2cccc(c2)[N+](=O)[O-])C(=O)OCCN(C)Cc3ccccc3)C","inhibitor [IC50>25.8uM]","11716514"
"CHEMBL22587","CCC(C)N1N=CN(C1=O)c2ccc(cc2)N3CCN(CC3)c4ccc(OC[C@H]5CO[C@@](Cn6cncn6)(O5)c7ccc(Cl)cc7Cl)cc4","inhibitor [+]","10746169"
"CHEMBL55285","S=C=NCc1ccccc1","inhibitor [2.5-fold]","12425469"
"CHEMBL2105555","COC(=O)C1=C(C)NC(=C([C@@H]1c2cccc(c2)[N+](=O)[O-])C(=O)O[C@@H]3CCCN(Cc4ccccc4)C3)C","inhibitor [IC50=9.5uM]","11145223"
"CHEMBL2074729","COc1cc(cc(OC)c1OC)C(=O)C(=O)N2CCCC[C@H]2C(=O)O","inhibitor [+]","10917553"
"CHEMBL2074735","C[C@@H]1CCC[C@@H](O)CCC(=O)O[C@]23[C@@H](\C=C\C1)[C@H](O)C(=C)[C@@H](C)[C@H]2[C@H](Cc4ccccc4)NC3=O","inhibitor [257 % of control]","8835287"
"CHEMBL2074898","CC[C@H](C)[C@@H]1N(C)C(=O)[C@H]([C@@H](C)CC)N(C)C(=O)[C@H](CC(=O)OC(C)(C)C)N(C)C(=O)[C@H](NC(=O)[C@@H](C(C)C)N(C)C(=O)[C@H]2CCCCN2C(=O)[C@@H](C)OC(=O)[C@H](Cc3ccc(OC)cc3)NC(=O)[C@H](C(C)C)N(C)C(=O)CNC1=O)C(C)C","inhibitor [EC50=0.06uM]","8862725"
"CHEMBL2074899","C[C@@H](NC(=O)Nc1ccc(S[C@@H]2CC3=CC(=O)CC[C@]3(C)[C@H]4CC[C@@]5(C)[C@@H](CCC5C(=O)C)[C@H]24)cc1)c6ccccc6","inhibitor [EC50=0.7uM]","11784143"
"CHEMBL2075027","CCCCCCCCCCCCC\C=C\[C@@H](O)[C@H](CO[C@@H]1O[C@H](CC)[C@H](O)[C@H](O)[C@H]1O)NC(=O)CCCCCC","inhibitor [+]","10600530"
"CHEMBL2","COc1cc2nc(nc(N)c2cc1OC)N3CCN(CC3)C(=O)c4occc4","inhibitor [+]","11602674"
"CHEMBL3220345","Nc1nc(NC2CC2)c3ncn([C@@H]4C[C@H](COC(=O)CCCCCCCCC(=O)OC[C@H]5C[C@H](C=C5)n6cnc7c(NC8CC8)nc(N)nc67)C=C4)c3n1","Active","24273637"
"CHEMBL1371","Clc1ccc2OC(=O)Nc2c1","inhibitor [24 % inhibition]","10213372"
"CHEMBL1935218","COc1ccc(\C=C\C(=O)c2c(O)ccc3ccccc23)cc1OC","Active","22112540"
"CHEMBL573943","CCOC(=O)CSc1nc(N)c2c(C)c(C)sc2n1","Active","19783433"
"CHEMBL3098560","CO[C@H]1C[C@H]2OC[C@@]2(OC(=O)C)[C@H]3[C@H](OC(=O)c4ccccc4)[C@]56OC(=O)O[C@H]5[C@H](OC(=O)[C@H](O)[C@@H](NC(=O)OC(C)(C)C)c7ccccc7)C(=C([C@@H](OC(=O)N(C)C)C(=O)[C@]13C)C6(C)C)C","Active","24332858"
"CHEMBL223643","CC(C)[C@H]1NC(=O)[C@H](OC(=O)[C@@H](NC(=O)[C@H](C)OC(=O)[C@H](NC(=O)[C@H](OC(=O)[C@@H](NC(=O)[C@H](C)OC(=O)[C@H](NC(=O)[C@H](OC(=O)[C@@H](NC(=O)[C@H](C)OC1=O)C(C)C)C(C)C)C(C)C)C(C)C)C(C)C)C(C)C)C(C)C)C(C)C","substrate [Km=1uM]","8621716"
"CHEMBL36584","COc1ccc(\C=C\C(=O)c2ccc(OC)cc2OC)cc1","Active","22112540"
"CHEMBL35228","COc1ccc2nc3cc(Cl)ccc3c(Nc4cc(CN5CCCC5)c(O)c(CN6CCCC6)c4)c2n1","inhibitor [+]","15194484"
"CHEMBL1686","OC(=O)CCC(=O)C(=O)O","substrate [+]","11284449"
"CHEMBL131921","COc1ccc(cc1)C2=COc3cc(O)cc(O)c3C2=O","inhibitor [+]","12604704"
"CHEMBL450343","COc1ccc2[C@H]3[C@@H](OCc2c1)C(C)(C)OC4=C3C(=O)C5=C([C@@H]6[C@@H](COc7cc(OC)ccc67)C(C)(C)O5)C4=O","Active","18954040"
"CHEMBL1554","CC(C)[C@H]1NC(=O)[C@@H](NC(=O)C2=C(N)C(=O)C(=C3Oc4c(C)ccc(C(=O)N[C@H]5[C@@H](C)OC(=O)[C@H](C(C)C)N(C)C(=O)CN(C)C(=O)[C@@H]6CCCN6C(=O)[C@H](NC5=O)C(C)C)c4N=C23)C)[C@@H](C)OC(=O)[C@H](C(C)C)N(C)C(=O)CN(C)C(=O)[C@@H]7CCCN7C1=O","substrate [Km=10uM]","1356264"
"CHEMBL406861","COc1ccc(C(=O)\C=C\c2ccc(Cl)cc2)c(O)c1","Active","22112540"
"CHEMBL408701","C[C@H](CCC(=O)NCCS(=O)(=O)O)[C@H]1CC[C@H]2[C@@H]3CC[C@@H]4C[C@H](O)CC[C@]4(C)[C@H]3CC[C@]12C","inhibitor [40 % of control]","7912687"
"CHEMBL372351","CC(=O)O[C@@H]1C(=O)[C@]2(C)[C@@H](O)C[C@H]3OC[C@@]3(OC(=O)C)[C@H]2[C@H](OC(=O)c4ccccc4)[C@]5(O)C[C@H](OC(=O)[C@H](O)[C@@H](NC(=O)c6ccccc6)c7ccccc7)C(=C1C5(C)C)C","Active","16289636"
"CHEMBL2042913","COc1ccc2nccc([C@@H](OC(=O)CCCCCCc3cn(CCCCCCC(=O)O[C@@H]([C@@H]4C[C@@H]5CCN4C[C@@H]5C=C)c6ccnc7ccc(OC)cc67)nn3)[C@@H]8C[C@@H]9CCN8C[C@@H]9C=C)c2c1","Active","22632934"
"CHEMBL2074689","Cl.Cl.Cl.O[C@@H](COc1cccc2ncccc12)CN3CCN(CC3)[C@H]4c5ccccc5[C@H]6[C@@H](c7ccccc47)C6(F)F","inhibitor [IC50=0.18uM]","12649369"
"CHEMBL2074922","CC1=C(C(C(=C(C)N1)P2(=O)OCC(C)(C)CO2)c3cccc(c3)[N+](=O)[O-])C(=O)OCCN(Cc4ccccc4)c5ccccc5","inhibitor [IC50=20.6uM]","11145223"
"CHEMBL1204187","Cl.CC1(C)CC(=O)N(CCCCN2CCN(CC2)c3ncccn3)C(=O)C1","substrate [+]","12954186"
"CHEMBL1236356","CC(C)(C)CC(C)(C)c1ccc(OCCOCCO)cc1","inhibitor [+]","14985103"
"CHEMBL2018634","COC(=O)c1cc(OC)c2OCOc2c1c3c(\C=C\C(=O)c4cc(C)ccc4C)cc(OC)c5OCOc35","Active","22429509"
"CHEMBL3237962","COc1cccc(CCc2ccccc2NC(=O)c3cccnc3)c1","Active","24607999"
"CHEMBL90555","CC[C@]1(O)C[C@H]2CN(CCc3c([nH]c4ccccc34)[C@@](C2)(C(=O)OC)c5cc6c(cc5OC)N(C=O)[C@H]7[C@](O)([C@H](OC(=O)C)[C@]8(CC)C=CCN9CC[C@]67[C@H]89)C(=O)OC)C1","substrate [+]","15231674"
"CHEMBL333687","CC(C)c1c(C(=O)Nc2ccccc2)c(c3ccccc3)c(c4ccc(F)cc4)n1CC[C@@H]5C[C@@H](O)CC(=O)O5","inhibitor [IC50=14 +/- 1uM]","15616150"
"CHEMBL634","CCN1N=NN(CCN2CCC(COC)(CC2)N(C(=O)CC)c3ccccc3)C1=O","inhibitor [IC50=112uM]","11964599"
"CHEMBL583","CC1CN(CCN1)c2cc3N(C=C(C(=O)O)C(=O)c3c(C)c2F)C4CC4","substrate [+]","11370709"
"CHEMBL115","CC(C)(C)NC(=O)[C@@H]1CN(Cc2cccnc2)CCN1C[C@@H](O)C[C@@H](Cc3ccccc3)C(=O)N[C@@H]4[C@H](O)Cc5ccccc45","substrate [+]","10604964"
"CHEMBL243830","COc1cc(O)c(C(=O)\C=C\c2ccc(OC)c(OC)c2)c(OC)c1","Active","22112540"
"CHEMBL1829528","C[C@@H]1C[C@@H](OC(=O)C)[C@H](OC(=O)c2cocc2)[C@@]3(C)[C@H](C[C@@H]4C[C@]13OC4(C)C)OC(=O)c5ccccc5","Active","21856049"
"CHEMBL36148","COc1ccc(CCN(C)CCC[C@](C#N)(C(C)C)c2ccc(OC)c(OC)c2)cc1OC","inhibitor [IC50=2.44uM]","12569305"
"CHEMBL503","CC[C@H](C)C(=O)O[C@H]1C[C@@H](C)C=C2C=C[C@H](C)[C@H](CC[C@@H]3C[C@@H](O)CC(=O)O3)[C@@H]12","substrate [+]","10213372"
"CHEMBL486059","COc1cc(\C=C\C(=O)O[C@H]2CC3C[C@@H](CC2N3C)OC(=O)c4cc(OC)c(OC)c(OC)c4)cc(OC)c1OC","Active","11754602"
"CHEMBL44","Oc1ccc(cc1)C2=COc3cc(O)cc(O)c3C2=O","inhibitor [+]","8980395"
"CHEMBL448741","CCCCCCCCCCCCCCC[C@@H](O)[C@@H](N)CO","substrate [+]","15618625"
"CHEMBL450747","COc1ccc2[C@H]3[C@@H](OCc2c1)C(C)(C)OC4=C3C(=O)C5=C([C@H]6[C@H](COc7cc(OC)ccc67)C(C)(C)O5)C4=O","Active","18954040"
"CHEMBL3609779","C[C@H]1C[C@@]2(O)[C@H]([C@H]1OC(=O)c3cccs3)[C@@H](OC(=O)c4cccs4)[C@]5(CC[C@H]6[C@@H](\C=C(/C)\C2=O)C6(C)C)CO5","Active","26331763"
"CHEMBL41","CNCCC(Oc1ccc(cc1)C(F)(F)F)c2ccccc2","inhibitor [IC50=115.5uM]","12649369"
"CHEMBL2205641","CN1\C(=C/c2cc[n+](CCCCCC(=O)N[C@@H](CC3CCCCC3)C(=O)N[C@H](CCCNC(=N)N)C(=O)N[C@@H](CC4CCCCC4)C(=O)N[C@H](CCCNC(=N)N)C(=O)N[C@@H](CC5CCCCC5)C(=O)N[C@H](CCCNC(=N)N)C(=O)N[C@@H](CCCCNC(=O)CCCc6ccc(cc6)N(CCCl)CCCl)C(=O)N)c7ccccc27)\Sc8ccccc18","Active","24900323"
"CHEMBL728","CN1CCN(CCCN2c3ccccc3Sc4ccc(Cl)cc24)CC1","inhibitor [(at a rough estimate) 80 % inhibition]","11082465"
"CHEMBL2074665","CC(C)C(=O)O[C@@H]1[C@@H](OC(=O)C)[C@@H](OC(=O)C)C(C)(C)\C=C\[C@@](C)(O)C(=O)[C@]2(C[C@@](C)(OC(=O)C)[C@H](OC(=O)C)[C@@H]2[C@H]3OC(=O)CC[C@@]13OC(=O)C)OC(=O)C","inhibitor [+]","14604686"
"CHEMBL2074728","CCn1nc(Cc2ccccc2)cc1C3CCN(Cc4ccc(cc4F)C5(CCCC5)N(C)[C@H](C(C)C)C(=O)O)CC3","substrate [+]","12604693"
"CHEMBL2074767","CCC1C[N+]2(CCCC3(C)N=N3)C4CC1C5C(O)C6(CC25)C4N(C)c7ccccc67","substrate [+]","10188979"
"CHEMBL2074971","COc1ccc(CCNCCCC(C#N)(C(C)C)c2cc(OC)c(OC)c(OC)c2)cc1OC","inhibitor [IC50=8.6uM]","11716514"
"CHEMBL3317923","COc1cc(OC)c(cc1OC)C(=O)Nc2ccc(cc2F)c3cccnc3","Active","25093931"
"CHEMBL350445","O[C@@H](COc1cccc2ncccc12)CN3CCN(CC3)C(=O)C(c4ccccc4)c5ccccc5","inhibitor [Ki=0.4uM]","11914912"
"CHEMBL1182234","c1ccc(cc1)[P+](c2ccccc2)(c3ccccc3)c4ccccc4","inhibitor [IC50=426.6uM]","11716514"
"CHEMBL1966436","CC(C)(O)CCc1ccc(O)c2C(=O)c3c(O)c4c(O[C@H]5OC=C[C@@]45O)cc3Oc12","Active","21348461"
"CHEMBL650","C[C@H]1C[C@H]2[C@@H]3CC[C@](O)(C(=O)CO)[C@@]3(C)C[C@H](O)[C@@H]2[C@@]4(C)C=CC(=O)C=C14","substrate [+]","12948019"
"CHEMBL637","COc1ccc(cc1)C(CN(C)C)C2(O)CCCCC2","inhibitor [+]","12649369"
"CHEMBL292714","OC(COc1cccc2ncccc12)CN3CCN(CC3)C4c5ccccc5CCc6ccccc46","inhibitor [+]","10463589"
"CHEMBL262597","COc1ccc(C(=O)\C=C\c2ccc(OC)c(OC)c2)c(O)c1","Active","22112540"
"CHEMBL76447","COc1ccc(cc1OC)C2=CC(=O)c3c(OC)c(OC)c(OC)c(OC)c3O2","inhibitor [IC50=11.5uM]","11743742"
"CHEMBL217425","C(Cc1ccccc1OCc2cccnc2)c3ccccc3","Active","18257545"
"CHEMBL223228","FC(F)(F)[C@]1(OC(=O)Nc2ccc(Cl)cc12)C#CC3CC3","Active","21189339"
"CHEMBL2398095","C[C@](O)(CCCNCc1ccncc1)[C@H]2CC[C@]3(C)[C@@H]2[C@H](O)C[C@@H]4[C@@]5(C)CC[C@H](O)C(C)(C)[C@@H]5CC[C@@]34C","Active","23683834"
"CHEMBL2398176","C[C@](O)(CCCNCc1ccc(Cl)cc1)[C@H]2CC[C@]3(C)[C@@H]2[C@H](O)C[C@@H]4[C@@]5(C)CC[C@H](O)C(C)(C)[C@@H]5CC[C@@]34C","Active","23683834"
"CHEMBL176049","Cl.COC(=O)c1ccccc1C2=C3C=CC(=N)C=C3Oc4cc(N)ccc24","inhibitor [Ki1=0.11uM]","9862789"
"CHEMBL110739","C[C@]12C[C@H](O)[C@H]3[C@@H](CCC4=CC(=O)CC[C@]34C)[C@@H]1CC[C@@H]2C(=O)CO","inhibitor [+]","8713080"
"CHEMBL451532","C[C@@H]1O[C@@H](O[C@@H]2[C@@H](O)[C@H](O)[C@@H](CO)O[C@H]2Oc3cc(O)c4C(=O)C[C@H](Oc4c3)c5ccc(O)cc5)[C@H](O)[C@H](O)[C@H]1O","inhibitor [+]","10583025"
"CHEMBL413","CO[C@@H]1C[C@H](C[C@@H](C)[C@@H]2CC(=O)[C@H](C)\C=C(/C)\[C@@H](O)[C@@H](OC)C(=O)[C@H](C)C[C@H](C)\C=C\C=C\C=C(/C)\[C@H](C[C@@H]3CC[C@@H](C)[C@@](O)(O3)C(=O)C(=O)N4CCCC[C@H]4C(=O)O2)OC)CC[C@H]1O","inhibitor [+]","14985103"
"CHEMBL193","COC(=O)C1=C(C)NC(=C(C1c2ccccc2[N+](=O)[O-])C(=O)OC)C","inhibitor [56 % inhibition]","10213372"
"CHEMBL1502","COc1ccnc(C[S+]([O-])c2nc3cc(OC(F)F)ccc3[nH]2)c1OC","inhibitor [IC50=17.9uM]","11770010"
"CHEMBL2103761","COC(=O)C1=C(C)NC(=C([C@H]1c2cccc(c2)[N+](=O)[O-])C(=O)O[C@H]3CCN(Cc4ccccc4)C3)C","inhibitor [IC50=12.6uM]","12128170"
"CHEMBL372311","CC(=O)O[C@@]12CO[C@@H]1CC[C@]3(C)[C@@H]2[C@H](OC(=O)c4ccccc4)[C@]5(O)C[C@H](OC(=O)[C@H](O)[C@@H](NC(=O)c6ccccc6)c7ccccc7)C(=C(CC3=O)C5(C)C)C","Active","16271474"
"CHEMBL2057255","COC(=O)c1cc(OC)c2OCOc2c1c3c4OCOc4c(OC)cc3C(=O)N[C@@H](C)C(=O)OCCOCCOc5no[n+]([O-])c5S(=O)(=O)c6ccccc6","Active","22209486"
"CHEMBL2074626","","inhibitor [+]","1976341"
"CHEMBL2074636","","substrate [+]","15331656"
"CHEMBL2074638","[I-].CCN1C(=C\C=C\c2[n+](CC)c3cc(Cl)c(Cl)cc3n2CC)N(CC)c4cc(Cl)c(Cl)cc14","substrate [+]","9205004"
"CHEMBL2074673","CC(C)C(=O)O[C@@H]1[C@@H](OC(=O)C)[C@@H](OC(=O)C)C(C)(C)\C=C\[C@H](C)C(=O)[C@]2(C[C@@](C)(O)[C@H](OC(=O)C)[C@@H]2[C@H]3OC(=O)CC[C@@]13OC(=O)C)OC(=O)C","inhibitor [+]","14604686"
"CHEMBL2074723","C[C@]12CCC(=O)C=C1[C@@H](O)C[C@H]3[C@@H]4CC[C@](O)(C(=O)CO)[C@@]4(C)C[C@H](O)[C@H]23","substrate [+]","14661924"
"CHEMBL2075031","","inhibitor [+]","15322237"
"CHEMBL2075032","CCCCCCCCC\C(=C\CC\C=C\C(O)C(N)CO)\C","substrate [+]","15618625"
"CHEMBL3317932","COc1cc(OC)c(cc1OC)C(=O)Nc2ccc(cc2F)c3ccncc3","Active","25093931"
"CHEMBL50588","CC[C@H]1CN2CCc3cc(OC)c(OC)cc3[C@@H]2C[C@@H]1C[C@H]4NCCc5cc(OC)c(OC)cc45","inhibitor [+]","14985103"
"CHEMBL51149","COc1ccc(CCN(C)CCCC(C#N)(C(C)C)c2cc(OC)c(OC)c(OC)c2)cc1OC","inhibitor [IC50=3.2uM]","11743742"
"CHEMBL1201139","CC(=O)O[C@@]1(CC[C@H]2[C@@H]3C=C(C)C4=CC(=O)CC[C@]4(C)[C@H]3CC[C@]12C)C(=O)C","inhibitor [+]","8194172"
"CHEMBL632","C[C@H]1C[C@H]2[C@@H]3CCC4=CC(=O)C=C[C@]4(C)[C@@]3(F)[C@@H](O)C[C@]2(C)[C@@]1(O)C(=O)CO","substrate [+]","14661924"
"CHEMBL43185","O=C(\C=C\C=C\c1ccc2OCOc2c1)N3CCCCC3","inhibitor [IC50=74.1uM]","12130727"
"CHEMBL2398094","C[C@](O)(CCCNCc1cccnc1)[C@H]2CC[C@]3(C)[C@@H]2[C@H](O)C[C@@H]4[C@@]5(C)CC[C@H](O)C(C)(C)[C@@H]5CC[C@@]34C","Active","23683834"
"CHEMBL2398177","COc1ccc(CNCCC[C@](C)(O)[C@H]2CC[C@]3(C)[C@@H]2[C@H](O)C[C@@H]4[C@@]5(C)CC[C@H](O)C(C)(C)[C@@H]5CC[C@@]34C)cc1OC","Active","23683834"
"CHEMBL487805","O[C@@H]1[C@@H](O)[C@H](Oc2cc3OC(=CC(=O)c3c(O)c2O)c4ccc(O)cc4)O[C@@H]([C@H]1O)C(=O)O","Active","22822035"
"CHEMBL888","NC1=NC(=O)N(C=C1)[C@@H]2O[C@H](CO)[C@@H](O)C2(F)F","substrate [+]","12799644"
"CHEMBL2325887","CCOC(=O)C1=CN(Cc2ccc(OC)cc2)C=CC1c3ccccc3","Active","23199479"
"CHEMBL451845","COc1cc(\C=C\C(=O)O[C@H]2CC3C[C@H](OC(=O)\C=C\c4cc(OC)c(OC)c(OC)c4)C(C2)N3C)cc(OC)c1OC","Active","11754602"
"CHEMBL418134","CC(C)(C)NCC(O)COc1ccccc1C#N","substrate [+]","10206323"
"CHEMBL3360244","CCC(C)C(=O)O[C@@H]1[C@@H](OC(=O)C)[C@]2(C)[C@H](CC[C@@]23O[C@]34CC[C@H]5CC(=O)CC[C@]5(C)[C@@H]14)C(=O)C","Active","25215856"
"CHEMBL2074618","","inhibitor [+]","12636154"
"CHEMBL2074623","COc1ccc(Cl)cc1C(=O)NCCc2ccc(cc2)S(=O)(=O)N\C(=N\C#N)\NC3CCCCC3","inhibitor [+]","10087141"
"CHEMBL2074630","FC(F)(F)c1ccc2N(CCCN3CCN(CC3)C(c4ccccc4)c5ccccc5)C(=O)c6cc(Cl)nnc6Oc2c1","substrate [+]","15317472"
"CHEMBL2074669","CC(C)C(=O)O[C@H]1[C@@H](OC(=O)C)[C@@H](OC(=O)C)C(C)(C)\C=C\[C@H](C)C(=O)[C@]2(C[C@@](C)(OC(=O)C)[C@H](OC(=O)C)[C@@H]2[C@H]3OC(=O)CC[C@@]13OC(=O)C)OC(=O)C","inhibitor [+]","14604686"
"CHEMBL2074727","[I-].CC[N+](C)(CC)CCNC(=O)c1ccc(cc1)N=[N+]=[N-]","substrate [+]","9655875"
"CHEMBL2075038","CCCCCC\C=C/CCCCCCCC(=O)OCC(O)CO","inhibitor [+]","15351776"
"CHEMBL358043","CO[C@H]1C=C[C@H]2[C@H]3Cc4ccc(O)c5O[C@@H]1[C@]2(CCN3C)c45","Active","18311899"
"CHEMBL1253372","CC(C)(C)OC(=O)[C@H](CCCCNC(=O)OCc1ccccc1)NC[C@@H]2C[C@H](CN2C(=O)OC(C)(C)C)OCc3ccccc3","Active","20731360"
"CHEMBL308954","Cc1cc(cc(C)c1Oc2nc(Nc3ccc(cc3)C#N)nc(N)c2Br)C#N","Active","21189339"
"CHEMBL1935211","COc1ccc(\C=C\C(=O)c2ccc3ccccc3c2O)cc1OC","Active","22112540"
"CHEMBL1935213","Oc1c(ccc2ccccc12)C(=O)\C=C\c3ccccc3Cl","Active","22112540"
"CHEMBL1403281","CC(C)C[C@@H]1N2C(=O)[C@](NC(=O)[C@H]3CN(C)[C@@H]4Cc5c[nH]c6cccc(C4=C3)c56)(O[C@@]2(O)[C@@H]7CCCN7C1=O)C(C)C","inhibitor [Ki=6.43uM]","11961113"
"CHEMBL42055","OCCN1CCN(CC\C=C\2/c3ccccc3Sc4ccc(cc24)C(F)(F)F)CC1","inhibitor [+]","8094615"
"CHEMBL1829525","CC(=O)O[C@@H]1C[C@](C)(O)[C@@]23C[C@@H](C[C@H](OC(=O)c4ccccc4)[C@]2(C)[C@H]1OC(=O)c5cocc5)C(C)(C)O3","Active","21856049"
"CHEMBL169901","NC(=N)N1CCc2ccccc2C1","substrate [+]","10213372"
"CHEMBL489","CC\C(=C(/c1ccc(O)cc1)\c2ccc(OCCN(C)C)cc2)\c3ccccc3","substrate [+]","7914405"
"CHEMBL1600","CCCCc1oc2ccccc2c1C(=O)c3cc(I)c(OCCNCC)c(I)c3","inhibitor [IC50=15.4uM]","11231118"
"CHEMBL446465","COc1cc(\C=C\C(=O)O[C@H]2CC3[C@H](O)[C@H](OC(=O)\C=C\c4cc(OC)c(OC)c(OC)c4)C(C2)N3C)cc(OC)c1OC","Active","11754602"
"CHEMBL1480","CCOC(=O)C1=C(C)NC(=C(C1c2cccc(Cl)c2Cl)C(=O)OC)C","inhibitor [IC50=26.3uM]","11716514"
"CHEMBL2074617","","inhibitor [+]","12636154"
"CHEMBL2074635","","inhibitor [+]","15350632"
"CHEMBL2074726","CCCC[N+](C)(CCCC)CCCC","substrate [+]","9655875"
"CHEMBL2074806","COc1cccc2C(=O)c3c(O)c4C[C@](O)(C[C@H](O[C@H]5C[C@H](O)[C@H](O)[C@H](C)O5)c4c(O)c3C(=O)c12)C(=O)CO","substrate [Km=2uM]","7805856"
"CHEMBL2074921","Clc1ccc(CC2=NN(C3CCCNCC3)C(=O)c4ccccc24)cc1","inhibitor [IC50=41.8uM]","11231118"
"CHEMBL91153","COc1ccc(cc1OC)C2=CC(=O)c3ccccc3O2","inhibitor [IC50=1.2uM]","15240100"
"CHEMBL45816","COCC(=O)O[C@]1(CCN(C)CCCc2nc3ccccc3[nH]2)CCc4cc(F)ccc4[C@@H]1C(C)C","inhibitor [IC50=1.2uM]","11961113"
"CHEMBL239691","COc1ccc(\C=C\C(=O)c2ccc(cc2)N3CCNCC3)c(OC)c1","Active","17964170"
"CHEMBL2430934","Cl.COc1cc(OC)c2C(=O)c3c(OC)cc(CNCCCNCCCN)cc3C(=O)c2c1","Active",""
"CHEMBL1829519","CC(=O)OC[C@]12[C@H](C[C@@H]3[C@@H](OC(=O)C)[C@]1(OC3(C)C)[C@@](C)(O)C[C@H](OC(=O)C)[C@@H]2OC(=O)C)OC(=O)c4cocc4","Active","21856049"
"CHEMBL1743350","CC\C(=C(/c1ccccc1)\c2ccc(OCCN)cc2)\c3ccccc3","substrate [+]","7914405"
"CHEMBL472","COc1ccc(Cl)cc1C(=O)NCCc2ccc(cc2)S(=O)(=O)NC(=O)NC3CCCCC3","inhibitor [+]","10087141"
"CHEMBL716","OCCOCCN1CCN(CC1)C2=Nc3ccccc3Sc4ccccc24","substrate [Km=12.3uM]","12031686"
"CHEMBL2074622","","substrate [+]","7903200"
"CHEMBL2074632","FC(F)(F)c1ccc2Oc3nnc(Cl)cc3C(=O)N(CCCN4CCN(CC4)c5ccccc5)c2c1","substrate [+]","15317472"
"CHEMBL2074668","CC(C)C(=O)O[C@@H]1[C@H]2[C@@H](OC(=O)C)[C@](C)(O)C[C@@](O)([C@@H](C)\C=C\C(C)(C)[C@H](OC(=O)C)[C@H](OC(=O)C)[C@@H](OC(=O)c3ccccc3)C1=C)C2=O","inhibitor [+]","14604686"
"CHEMBL2074682","","inhibitor [+]","15504753"
"CHEMBL2074685","COc1ccc2C[C@]3(C)N(C)CCc4c(Br)c(OC)c(OC)c(Oc5cc6c(CCN(C)[C@@]6(C)Cc7ccc(Oc1c2)cc7)cc5OC)c34","inhibitor [+]","15378274"
"CHEMBL2074718","CC(=O)OCOC(=O)CN(CC(=O)OCOC(=O)C)Cc1c(OC(=O)C)ccc2c1Oc3c(CN(CC(=O)OCOC(=O)C)CC(=O)OCOC(=O)C)c(OC(=O)C)ccc3C24OC(=O)c5ccccc45","substrate [+]","10617675"
"CHEMBL595816","COc1ccc(\C=C\C(=O)c2ccc(OC)c(OC)c2)cc1OC","Active","22112540"
"CHEMBL1172","Clc1ccc2C(=C3CCNCC3)c4ncccc4CCc2c1","inhibitor [IC50=43uM]","11454724"
"CHEMBL2398098","C[C@H](NCCC[C@](C)(O)[C@H]1CC[C@]2(C)[C@@H]1[C@H](O)C[C@@H]3[C@@]4(C)CC[C@H](O)C(C)(C)[C@@H]4CC[C@@]23C)c5ccccc5","Active","23683834"
"CHEMBL152067","CC(C)(C)NCC(O)COc1ccc(NC(=O)NC2CCCCC2)cc1","substrate [+]","15180340"
"CHEMBL850","C[C@@H]1CN(C[C@H](C)N1)c2c(F)c(N)c3C(=O)C(=CN(C4CC4)c3c2F)C(=O)O","substrate [+]","9756763"
"CHEMBL3613015","COc1cc2CCN(CCc3ccc(NC(=O)c4ccccc4N(S(=O)(=O)c5ccccc5)S(=O)(=O)c6ccccc6)cc3)Cc2cc1OC","Active","26197160"
"CHEMBL3398371","CC(=O)O[C@H]1C[C@H](OC\C=C\c2ccccc2)C(=C)[C@H]3[C@H](OC(=O)C)[C@@H]4CC(=O)[C@@]5(C)OC[C@@]4(C)[C@@]5(O)[C@@H](OC(=O)C)[C@H](OC(=O)C)[C@]13OC(=O)c6ccccc6","Active","25682561"
"CHEMBL3354748","C[C@H]1C[C@@]2(OC(=O)C)[C@H]([C@H]1OC(=O)c3ccccc3)[C@@H](OC(=O)C)[C@]4(CC[C@H]5[C@@H](\C=C(/C)\C2=O)C5(C)C)CO4","Active","25438763"
"CHEMBL2068237","","substrate [+]","15211078"
"CHEMBL2074952","COc1ccc(CCN(C)CCCC2(CCc3c(OC)c(OC)ccc23)C#N)cc1OC","inhibitor [IC50=3.2uM]","12569305"
"CHEMBL2075035","CCCCCCCCC\C=C\CCCCC(O)C(N)CO","substrate [+]","15618625"
"CHEMBL2075047","COc1cc2nc(NCCc3cccc(OC)c3OC)nc(NCCc4cccc(OC)c4OC)c2cc1OC","inhibitor [+]","10463589"
"CHEMBL698","CCCCNc1ccc(cc1)C(=O)OCCN(C)C","inhibitor [+]","14985103"
"CHEMBL343002","CCOc1ccc(cc1)c2nc3cc(ccc3[nH]2)c4nc5cc(ccc5[nH]4)N6CCN(C)CC6","substrate [+]","15067695"
"CHEMBL3237958","COc1cccc(CCc2ccccc2OCc3ccc4OCOc4c3)c1","Active","24607999"
"CHEMBL642","CCCC(=O)Nc1ccc(OCC(O)CNC(C)C)c(c1)C(=O)C","substrate [+]","8953513"
"CHEMBL658","CCC(=O)N(c1ccccc1)C2(COC)CCN(CCc3cccs3)CC2","inhibitor [IC50=4.5uM]","11964599"
"CHEMBL635","C[C@]12CC(=O)[C@H]3[C@@H](CCC4=CC(=O)C=C[C@]34C)[C@@H]1CC[C@]2(O)C(=O)CO","substrate [+]","14661924"
"CHEMBL270688","C(Cc1ccccc1OCc2ccncc2)c3ccccc3","Active","18257545"
"CHEMBL596","CCC(=O)N(C1CCN(CCc2ccccc2)CC1)c3ccccc3","inhibitor [IC50=6.5uM]","11964599"
"CHEMBL1119","CNCC(c1ccc(OC)cc1)C2(O)CCCCC2","inhibitor [+]","12649369"
"CHEMBL259076","CCN1CCC(CC1)c2cc(C(=O)\C=C\c3ccccc3Cl)c(OC)cc2OC","Active","17964170"
"CHEMBL261048","CN1CC[C@]23[C@@H]4CCC[C@H]2[C@H]1Cc5cccc(O4)c35","Active","18311899"
"CHEMBL570402","COC(=O)c1cccc(NC(=O)COc2ccc(cc2)C34CC5CC(CC(C5)(C3)C(=O)N6CCN(Cc7ccc(OC)cc7)CC6)C4)c1","Active","19679475"
"CHEMBL9352","Oc1ccc(cc1)[C@@H]2CC(=O)c3c(O)cc(O)cc3O2","inhibitor [+]","14980703"
"CHEMBL242711","Oc1c2C=CC(=O)Oc2cc3occc13","inhibitor [EC200=0.3uM]","10903978"
"CHEMBL255696","CCCCCCCCCCCCCCCCCC(=O)OCC(O)CO","inhibitor [+]","15351776"
"CHEMBL2396671","C[C@](O)(CCCNCCc1ccc2OCOc2c1)[C@H]3CC[C@]4(C)[C@@H]3[C@H](O)C[C@@H]5[C@@]6(C)CC[C@H](O)C(C)(C)[C@@H]6CC[C@@]45C","Active","23683834"
"CHEMBL112570","CC(C)CCC[C@@H](C)[C@H]1CC[C@H]2[C@@H]3CC=C4C[C@@H](O)CC[C@]4(C)[C@H]3CC[C@]12C","inhibitor [IC50=8.2uM]","11027568"
"CHEMBL462576","ClC1(Cl)C2(Cl)C3(Cl)C4(Cl)C(=O)C5(Cl)C(Cl)(C1(Cl)C35Cl)C24Cl","inhibitor [>80 % inhibition]","8917702"
"CHEMBL428971","[Cl-].CCN(CC)c1ccc2C(=C3C=CC(=[N+](CC)CC)C=C3Oc2c1)c4ccccc4C(=O)O","substrate [+]","12948019"
"CHEMBL809","CN[C@H]1CC[C@@H](c2ccc(Cl)c(Cl)c2)c3ccccc13","inhibitor [IC50=31.8uM]","12649369"
"CHEMBL1477","COCc1c(nc(C(C)C)c(\C=C\[C@@H](O)C[C@@H](O)CC(=O)O)c1c2ccc(F)cc2)C(C)C","substrate [+]","15322734"
"CHEMBL2074597","COC(=O)[C@H]1[C@H](CCC2CN3CCc4c([nH]c5ccccc45)C3CC12)OC(=O)c6cc(OC)c(OC)c(OC)c6","inhibitor [Ki=2.1uM]","9751076"
"CHEMBL2074667","CC(C)CO[C@@H]1[C@H]2[C@@H](OC(=O)C)[C@](C)(O)C[C@](O)([C@@H](C)\C=C\C(C)(C)[C@H](OC(=O)C)[C@H](OC(=O)C)[C@@H](OC(=O)c3ccccc3)C1=C)C2=O","inhibitor [+]","14604686"
"CHEMBL2074679","CNCCC[C@@]1(OCc2cc(ccc12)C#N)c3ccc(F)cc3","inhibitor [+]","12649369"
"CHEMBL2075034","CCCCCCCCC\C=C/CC\C=C\C(O)C(N)CO","substrate [+]","15618625"
"CHEMBL2022837","CC1=CC(=O)c2c(C)cc3OC(C)(C)[C@H](OC(=O)[C@@]45CCC(C)(C(=O)O4)C5(C)C)[C@H](OC(=O)[C@@]67CCC(C)(C(=O)O6)C7(C)C)c3c2O1","Active","22465634"
"CHEMBL45068","Oc1ccc(CCC(=O)c2c(O)cc(O)cc2O)cc1","inhibitor [+]","12604704"
"CHEMBL1935220","Oc1ccc2ccccc2c1C(=O)\C=C\c3ccccc3Cl","Active","22112540"
"CHEMBL1292","CC(C)\N=C\1/C=C2N(c3ccc(Cl)cc3)c4ccccc4N=C2C=C1Nc5ccc(Cl)cc5","inhibitor [IC50=1uM]","11716514"
"CHEMBL219916","Clc1ccc2N(C3CCN(CCCN4C(=O)Nc5ccccc45)CC3)C(=O)Nc2c1","substrate [+]","12954186"
"CHEMBL1829523","CC(=O)O[C@@H]1[C@H](OC(=O)C)[C@](C)(O)[C@@]23C[C@@H](C[C@H](OC(=O)c4ccccc4)[C@]2(C)[C@H]1OC(=O)c5cocc5)C(C)(C)O3","Active","21856049"
"CHEMBL194399","ClC1=C(Cl)C2(Cl)C3COS(=O)OCC3C1(Cl)C2(Cl)Cl","substrate [+]","8917702"
"CHEMBL510533","CCCCCCCCCCCC(=O)OCC(O)CO","inhibitor [+]","15351776"
"CHEMBL501498","CC1(C)OC2=C([C@H]3[C@@H]1COc4ccc5ccccc5c34)C(=O)C(=O)C6=C2OC(C)(C)[C@H]7COc8ccc9ccccc9c8[C@@H]67","Active","18954040"
"CHEMBL32147","Oc1ccccc1C(=O)\C=C\c2ccccc2","Active","22112540"
"CHEMBL485486","COc1cc(\C=C\C(=O)O[C@H]2CC3C[C@@H](CC2N3C)OC(=O)Cc4ccccc4)cc(OC)c1OC","Active","11754602"
"CHEMBL119443","C[C@@H](CO)NC(=O)[C@H]1CN(C)[C@@H]2Cc3c[nH]c4cccc(C2=C1)c34","inhibitor [Ki=115.5uM]","11961113"
"CHEMBL461242","S=C=NCCCCCCc1ccccc1","inhibitor [10-fold]","12425469"
"CHEMBL416956","OC(C1CCCCN1)c2cc(nc3c(cccc23)C(F)(F)F)C(F)(F)F","inhibitor [+]","11031728"
"CHEMBL1487","CC(C)c1c(C(=O)Nc2ccccc2)c(c3ccccc3)c(c4ccc(F)cc4)n1CC[C@@H](O)C[C@@H](O)CC(=O)O","inhibitor [IC50=271uM]","11474784"
"CHEMBL370963","COc1cc(cc(OC)c1OC)C2=CC(=O)c3c(OC)c(OC)c(OC)cc3O2","inhibitor [IC50=0.9uM]","15240100"
"CHEMBL2074639","Oc1c(Cl)c(Cl)c(O)c(Cl)c1Cl","inhibitor [>80 % inhibition]","8917702"
"CHEMBL2074675","C[C@H](N)c1ccc(cc1)N2CCC(CC2)c3nc(c4cccc(c4)C(F)(F)F)c(c5ccncc5)n3C.OCl(=O)(=O)=O","substrate [+]","11181899"
"CHEMBL2074687","","inhibitor [+]","12748986"
"CHEMBL2074773","OCCNC(=S)NCc1cccc(Cl)c1F","substrate [+]","14567628"
"CHEMBL2074901","COc1cc(OC)c2C(=O)C=C(Oc2c1)c3cc(OC)c(OC)c(OC)c3","inhibitor [IC50=0.4uM]","15240100"
"CHEMBL2075049","","inhibitor [+]","12210046"
"CHEMBL1423","Fc1ccc(cc1)C(CCCN2CCC(CC2)N3C(=O)Nc4ccccc34)c5ccc(F)cc5","inhibitor [37 % of control]","12699389"
"CHEMBL287889","COc1cc(Nc2c3ccccc3nc4ccccc24)ccc1NS(=O)(=O)C","inhibitor [+]","14985103"
"CHEMBL260597","COc1cccc(\C=C\C(=O)c2ccc(OC)cc2O)c1","Active","22112540"
"CHEMBL39541","CC[C@H](C)[C@@H]([C@@H](CC(=O)N1CCC[C@H]1[C@H](OC)[C@@H](C)C(=O)N[C@@H](Cc2ccccc2)c3nccs3)OC)N(C)C(=O)[C@@H](NC(=O)[C@H](C(C)C)N(C)C)C(C)C","substrate [Km=0.9uM]","8621716"
"CHEMBL1829526","CC(=O)O[C@@H]1C[C@](C)(O)[C@@]23C[C@@H](C[C@H](OC(=O)c4cocc4)[C@]2(C)[C@H]1OC(=O)c5cocc5)C(C)(C)O3","Active","21856049"
"CHEMBL193482","C[C@]12CC[C@H]3[C@@H](CCc4cc(O)ccc34)[C@@H]1C[C@@H](O)[C@@H]2O","substrate [+]","15290871"
"CHEMBL498466","CCN(CC)CCSCC(=O)O[C@@H]1C[C@@](C)(C=C)[C@@H](O)[C@H](C)[C@@]23CC[C@@H](C)[C@]1(C)[C@H]2C(=O)CC3","inhibitor [+]","9802334"
"CHEMBL1742477","OC[C@H]1COc2c(O1)cccc2N3CCN(CCNC(=O)c4ccc(F)cc4)CC3","substrate [+]","11457654"
"CHEMBL463210","CCOP(=S)(OCC)Oc1nc(Cl)c(Cl)cc1Cl","substrate [+]","8600291"
"CHEMBL2333120","CC(C)Nc1c(nnc2cc(ccc12)N3CCOCC3)C(=O)N","Active","23219325"
"CHEMBL442","CN1C[C@@H](C=C2[C@H]1Cc3c[nH]c4cccc2c34)C(=O)N[C@]5(C)O[C@@]6(O)[C@@H]7CCCN7C(=O)[C@H](Cc8ccccc8)N6C5=O","inhibitor [Ki=98.9uM]","11961113"
"CHEMBL1494","NCCC(Oc1ccc(cc1)C(F)(F)F)c2ccccc2","inhibitor [+]","12649369"
"CHEMBL2158551","Brc1cccc(Nc2nc(nc3ccccc23)c4ccccc4)c1","Active","23017888"
"CHEMBL33","C[C@H]1COc2c(N3CCN(C)CC3)c(F)cc4C(=O)C(=CN1c24)C(=O)O","substrate [+]","15032316"
"CHEMBL389328","COc1ccc(\C=C\C(=O)c2ccccc2O)cc1OC","Active","22112540"
"CHEMBL2051956","COC(=O)C1=C(C)NC(=C([C@@H]1c2cccc(c2)[N+](=O)[O-])C(=O)OCCCN3CCC(CC3)(c4ccccc4)c5ccccc5)C","inhibitor [Ki=2.3uM]","10198227"
"CHEMBL2074603","","inhibitor [+]","15351776"
"CHEMBL2074619","COC[C@H]1O[C@@H]2O[C@@H]3[C@@H](COC)O[C@H](O[C@@H]4[C@@H](COC)O[C@H](O[C@@H]5[C@@H](COC)O[C@H](O[C@@H]6[C@@H](COC)O[C@H](O[C@@H]7[C@@H](COC)O[C@H](O[C@@H]8[C@@H](COC)O[C@H](O[C@H]1[C@H](O)[C@H]2OC)[C@H](OC)[C@H]8O)[C@H](OC)[C@H]7O)[C@H](OC)[C@H]6O)[C@H](OC)[C@H]5O)[C@H](OC)[C@H]4O)[C@H](OC)[C@H]3O","inhibitor [+]","15139519"
"CHEMBL2074670","CC(C)C(=O)O[C@@H]1[C@@H](OC(=O)C)[C@@H](OC(=O)C)C(C)(C)\C=C\[C@H](C)C(=O)[C@]2(C[C@@](C)(OC(=O)C)[C@H](O)[C@@H]2[C@H]3OC(=O)CC[C@@]13OC(=O)C)OC(=O)C","inhibitor [+]","14604686"
"CHEMBL2074833","O=C1c2ccccc2N(CCCN3c4ccccc4C(=O)c5ccccc35)c6ccccc16","inhibitor [800-900 % inhibition]","9415704"
"CHEMBL2074838","CCCCCC(O)CCCCC(O)C1CCC(O1)C2CCC(O2)C(O)CCCCCCCCCCC3=CC(C)OC3=O","inhibitor [3.28-fold]","10678092"
"CHEMBL2074919","COC1=C(Oc2ccc(OC)cc2C1=O)c3ccc(OC)c(OC)c3","inhibitor [IC50=1.9uM]","15240100"
"CHEMBL2074950","COc1ccc(CCN(C)CCC[C@]2(CCc3c(OC)c(OC)ccc23)C#N)cc1OC","inhibitor [IC50=3.04uM]","12569305"
"CHEMBL644","CC(CN(C)C)CN1c2ccccc2CCc3ccccc13","inhibitor [+]","14985103"
"CHEMBL310982","COc1cc(cc(OC)c1OC)C2=CC(=O)c3c(OC)c(OC)c(OC)c(OC)c3O2","inhibitor [+]","15504753"
"CHEMBL1935203","Oc1ccc(C(=O)\C=C\c2ccccc2Cl)c(O)c1","Active","22112540"
"CHEMBL1188","OCc1ncc2CN=C(c3ccccc3F)c4cc(Cl)ccc4n12","inhibitor [63]","10213372"
"CHEMBL1381098","S=C=Nc1cccc2ccccc12","inhibitor [+]","15176077"
"CHEMBL36619","COc1ccc(\C=C\C(=O)c2ccc(OC)c(OC)c2)cc1","Active","22112540"
"CHEMBL1823872","C[C@@H](O)[C@@H]1NC(=O)[C@H](Cc2ccccc2)NC(=O)[C@@H](NC(=O)[C@H](CCCCN)NC(=O)[C@H](Cc3c[nH]c4ccccc34)NC(=O)[C@H](Cc5ccccc5)NC(=O)[C@H](Cc6ccccc6)NC(=O)[C@H](CC(=O)N)NC(=O)[C@H](CCCCN)NC(=O)[C@H](CSSC[C@H](NC(=O)[C@H](CO)NC1=O)C(=O)O)NC(=O)CNC(=O)[C@H](C)N)[C@@H](C)O","substrate [+]","15358539"
"CHEMBL203365","CC(=O)O[C@H]1C(=O)[C@]2(C)CC[C@H]3OC[C@@]3(OC(=O)C)[C@H]2[C@H](OC(=O)c4ccccc4)[C@]5(O)C[C@H](OC(=O)[C@H](O)[C@@H](NC(=O)c6ccccc6)c7ccccc7)C(=C1C5(C)C)C","Active","16271474"
"CHEMBL2398181","COc1ccc(CCNCCC[C@](C)(O)[C@H]2CC[C@]3(C)[C@@H]2[C@H](O)C[C@@H]4[C@@]5(C)CC[C@H](O)C(C)(C)[C@@H]5CC[C@@]34C)cc1OC","Active","23683834"
"CHEMBL498","CCCNC(=O)NS(=O)(=O)c1ccc(Cl)cc1","inhibitor [at a rough estimate 90 % inhibition]","11082465"
"CHEMBL941","CN1CCN(Cc2ccc(cc2)C(=O)Nc3ccc(C)c(Nc4nccc(n4)c5cccnc5)c3)CC1","substrate [+]","15315971"
"CHEMBL70","CN1CC[C@]23[C@H]4Oc5c(O)ccc(C[C@@H]1[C@@H]2C=C[C@@H]4O)c35","Active","18311899"
"CHEMBL151649","S=C=NCCc1ccccc1","inhibitor [+]","15176077"
"CHEMBL1642","CN1CCN(Cc2ccc(cc2)C(=O)Nc3ccc(C)c(Nc4nccc(n4)c5cccnc5)c3)CC1.CS(=O)(=O)O","substrate [+]","12975485"
"CHEMBL28211","COc1ccc2C(=C(CCc2c1)c3ccccc3)c4ccc(OCCN5CCCC5)cc4","substrate [+]","7914405"
"CHEMBL29188","COc1ccc(CN2CCN(CC2)C(c3ccc(F)cc3)c4ccc(F)cc4)c(OC)c1OC","inhibitor [+]","11379779"
"CHEMBL408422","COc1ccc2C[C@@H]3[C@@H]4C=CC[C@@H]5Oc1c2[C@]45CCN3C","Active","18311899"
"CHEMBL1313005","CCOP(=O)(NC(C)C)Oc1ccc(SC)c(C)c1","inhibitor [51-80 % inhibition]","8917702"
"CHEMBL2074625","","inhibitor [+]","10673984"
"CHEMBL2074721","","inhibitor [+]","15258108"
"CHEMBL2034993","Cl.COc1ccc(cc1)c2cc([C@H](O)[C@@H]3CCCCN3)c4ccccc4n2","Active","22400811"
"CHEMBL3237959","COc1cccc(CCc2ccccc2OCc3cccs3)c1","Active","24607999"
"CHEMBL13473","COc1ccc2C(=O)C=C(Oc2c1)c3ccc(OC)c(OC)c3","inhibitor [IC50=1.2uM]","15240100"
"CHEMBL269732","CO[C@@H]1C[C@@H](CC[C@H]1O)\C=C(/C)\[C@H]2OC(=O)[C@@H]3CCCCN3C(=O)C(=O)[C@]4(O)O[C@H]([C@H](C[C@@H](C)C\C(=C\[C@@H](CC=C)C(=O)C[C@H](O)[C@H]2C)\C)OC)[C@H](C[C@H]4C)OC","substrate [+]","15180340"
"CHEMBL1401508","COc1cc(ccc1O)C2Oc3cc(ccc3OC2CO)C4Oc5cc(O)cc(O)c5C(=O)C4O","inhibitor [(at a rough estimate) 420 % of control]","12604704"
"CHEMBL261919","CCOP(=S)(OCC)Oc1ccc(cc1)[N+](=O)[O-]","inhibitor [>80 % inhibition]","8917702"
"CHEMBL189669","CCCOc1cc2OC(=CC(=O)c2c(OC)c1OCCC)c3ccccc3","inhibitor [IC50=0.9uM]","15481991"
"CHEMBL72","CNCCCN1c2ccccc2CCc3ccccc13","inhibitor [12.8 % max inhibition]","12438524"
"CHEMBL2333113","C[C@@H](Nc1c(nnc2cc(ccc12)c3ccncc3)C(=O)N)C4CC4","Active","23219325"
"CHEMBL3613011","COc1cc2CCN(CCc3ccc(NC(=O)c4ccccc4N(S(=O)(=O)c5ccc(Br)cc5)S(=O)(=O)c6ccc(Br)cc6)cc3)Cc2cc1OC","Active","26197160"
"CHEMBL814","COCCCC\C(=N/OCCN)\c1ccc(cc1)C(F)(F)F","inhibitor [+]","12649369"
"CHEMBL715","CN1CCN(CC1)C2=Nc3ccccc3Nc4sc(C)cc24","substrate [Km=8.3uM]","12031686"
"CHEMBL2074881","","inhibitor [+]","12210046"
"CHEMBL2074949","COc1ccc(CCCN2CCC(Cc3ccccc3)CC2)cc1OC","inhibitor [IC50=2.3uM]","11961113"
"CHEMBL3237954","COc1cc(CCc2ccccc2OCc3cc(OC)c(OC)c(OC)c3)cc(OC)c1OC","Active","24607999"
"CHEMBL651","CCC(=O)C(CC(C)N(C)C)(c1ccccc1)c2ccccc2","inhibitor [IC50=7.5uM]","11408360"
"CHEMBL85156","Fc1ccc(cc1)C(CNC2CCN(CC2)c3nc(NCC=C)nc(NCC=C)n3)c4ccc(F)cc4","inhibitor [+]","9205004"
"CHEMBL1935210","COc1ccc(\C=C\C(=O)c2ccc3ccccc3c2O)cc1","Active","22112540"
"CHEMBL601773","CC(C)[C@@]1(NC(=O)[C@@H]2C[C@H]3[C@@H](Cc4c[nH]c5cccc3c45)N(C)C2)O[C@@]6(O)[C@@H]7CCCN7C(=O)[C@H](Cc8ccccc8)N6C1=O","inhibitor [Ki=511uM]","11961113"
"CHEMBL38874","C[C@@H](NC(=O)[C@@H](N)Cc1ccc(O)cc1)C(=O)NCC(=O)N(C)[C@@H](Cc2ccccc2)C(=O)NCCO","substrate [Km=43uM]","11786185"
"CHEMBL191573","CC(=O)OC[C@]12[C@H](C[C@@H]3[C@@H](OC(=O)C)[C@]1(OC3(C)C)[C@@](C)(O)C[C@H](OC(=O)C)[C@@H]2OC(=O)C)OC(=O)c4ccccc4","Active","21856049"
"CHEMBL493","CC(C)C[C@@H]1N2C(=O)[C@](NC(=O)[C@H]3CN(C)[C@@H]4Cc5c(Br)[nH]c6cccc(C4=C3)c56)(O[C@@]2(O)[C@@H]7CCCN7C1=O)C(C)C","inhibitor [Ki=3.96uM]","11961113"
"CHEMBL485","COc1ccc2C[C@@H]3[C@@H]4C=C[C@H](O)[C@@H]5Oc1c2[C@]45CCN3C","Active","18311899"
"CHEMBL2074674","O.Cl.Cl.CC1=CN=C(NCCc2ccccc2)C(=O)N1CC(=O)NCc3ccc(N)nc3C","substrate [+]","11181899"
"CHEMBL2074764","CCCCCCCCCCCC(=O)OCCOCCOCCOCCOCCOCCOCCOCCOCCOCCOCCOCCOCCOCCOCCOCCOCCOCCOCCOCCOCC(OCCOCCOCCOCCOCCOCCOCCOCCOCCOCCOCCOCCOCCOCCOCCOCCOCCOCCOCCOCCO)C1OCC(OCCOCCOCCOCCOCCOCCOCCOCCOCCOCCOCCOCCOCCOCCOCCOCCOCCOCCOCCOCCO)C1OCCOCCOCCOCCOCCOCCOCCOCCOCCOCCOCCOCCOCCOCCOCCOCCOCCOCCOCCOCCO","inhibitor [+]","14985103"
"CHEMBL2074766","Cl.COc1cc(cc(OC)c1OC)C(CCCN(CCc2cccc(c2)N=[N+]=[N-])C(C)(C)C)(C#N)C(C)C","substrate [+]","9531525"
"CHEMBL2075033","CCCCCCCCC\C=C\CC\C=C\C(O)C(N)CO","substrate [+]","15618625"
"CHEMBL2075042","","inhibitor [+]","15359586"
"CHEMBL2075043","CCCC(C)C[C@@H](CC=C)C(=O)CC(O)C(C)C1OC(=O)C2C(CCCN2C(=O)C(=O)[C@]3(O)O[C@H]([C@H](CC)OC)[C@H](C[C@H]3C)OC)/C/1=C\[C@@H]4CC[C@@H](O)[C@@H](C4)OC","inhibitor [+]","10463589"
"CHEMBL1233797","COc1ccc2SCCN(Cc2c1)C(=O)CCN3CCC(Cc4ccccc4)CC3","inhibitor [+]","12359358"
"CHEMBL2012358","COc1cc2CN(Cc3ccccc3)Cc4cc(OC)c5OCOc5c4c2c6OCOc16","Active","22405646"
"CHEMBL294616","CC1(C)SSC(C)(C)[C@@H](NC(=O)[C@@H](N)Cc2ccc(O)cc2)C(=O)NCC(=O)N[C@H](Cc3ccccc3)C(=O)N[C@H]1C(=O)O","inhibitor [0 % of control]","12699389"
"CHEMBL1935222","Oc1ccc2ccccc2c1C(=O)\C=C\c3ccc(Cl)c(Cl)c3","Active","22112540"
"CHEMBL280164","Cc1nnc2CN=C(c3ccccc3Cl)c4cc(CCC(=O)N5CCOCC5)sc4n12","substrate [+]","12128165"
"CHEMBL75258","COc1cc(cc(OC)c1OC)C2=C(O)C(=O)c3c(O)cc(O)cc3O2","inhibitor [IC50=3.2uM]","15240100"
"CHEMBL494856","C[C@H]1C\C=C\[C@H]2[C@@H]3O[C@]3(C)[C@@H](C)[C@H]4[C@H](Cc5ccccc5)NC(=O)[C@@]24OC(=O)O\C=C\[C@@](C)(O)C1=O","inhibitor [190 % of control]","8835287"
"CHEMBL2336636","CCCCCCCCCC(=O)O[C@H]1[C@H](O[C@H]2[C@H](C)O[C@@H](O[C@@H]3[C@@H](O)[C@H](O)[C@@H](CO)O[C@H]3O[C@@H](CCCCC)CCCCCCCCCC(=O)O[C@H]4[C@H](O)[C@@H](O)[C@H](O[C@@H]5[C@@H](O[C@@H]6O[C@@H](C)[C@H](OC(=O)[C@@H](C)CC)[C@@H](OC(=O)\C=C\c7ccccc7)[C@H]6O)[C@H](C)O[C@@H](O[C@H]8[C@H](C)O[C@H]9O[C@@H]%10[C@@H](O)[C@H](O)[C@@H](CO)O[C@H]%10O[C@@H](CCCCC)CCCCCCCCCC(=O)O[C@@H]9[C@@H]8O)[C@@H]5OC(=O)CCCCCCCCC)O[C@@H]4CO)[C@H](O)[C@@H]2O)O[C@@H](C)[C@H](O[C@@H]%11O[C@@H](C)[C@H](OC(=O)[C@@H](C)CC)[C@@H](OC(=O)\C=C\c%12ccccc%12)[C@H]%11O)[C@H]1O[C@@H]%13O[C@H](CO)[C@@H](O)[C@H](O)[C@H]%13O","Active","23273047"
"CHEMBL1575","C[C@]12CC[C@H]3[C@@H](CCc4cc(OC(=O)N(CCCl)CCCl)ccc34)[C@@H]1CC[C@@H]2O","inhibitor [+]","7908991"
"CHEMBL27769","C[C@]12CC[C@H]3[C@@H](CC[C@H]4CC(=O)CC[C@]34C)[C@@H]1CC[C@@H]2O","substrate [+]","14991868"
"CHEMBL43","COc1cc(NS(=O)(=O)C)ccc1Nc2c3ccccc3nc4ccccc24","inhibitor [+]","14985103"
"CHEMBL446315","CC(C)[C@@]1(NC(=O)[C@H]2CN(C)[C@@H]3Cc4c[nH]c5cccc(C3=C2)c45)O[C@@]6(O)[C@@H]7CCCN7C(=O)[C@H](Cc8ccccc8)N6C1=O","inhibitor [Ki=42.8uM]","11961113"
"CHEMBL410907","CN1CC[C@]23[C@@H]4CC=C[C@H]2[C@H]1Cc5ccc(O)c(O4)c35","Active","18311899"
"CHEMBL2074666","CC(C)C(=O)O[C@@H]1[C@@H](OC(=O)C)[C@@H](OC(=O)C)C(C)(C)\C=C\[C@@](C)(O)C(=O)[C@@]2(O)C[C@@](C)(OC(=O)C)[C@H](OC(=O)C)[C@@H]2[C@H]3OC(=O)CC[C@@]13OC(=O)C","inhibitor [+]","14604686"
"CHEMBL2075037","CCCCCCCCCCCCCCCC(=O)OCC(O)CC","inhibitor [+]","15351776"
"CHEMBL2075045","COc1ccc(CCNc2nc(N(C)Cc3ccccc3)c4c(C)cccc4n2)cc1OC","inhibitor [+]","10463589"
"CHEMBL1106","NC1=NCC2N1c3ccccc3Cc4ccccc24","substrate [+]","15100174"
"CHEMBL241781","COc1ccc(C(=O)\C=C\c2ccccc2Cl)c(OC)c1","Active","22112540"
"CHEMBL254219","C[C@H]1O[C@H](C[C@H](O)[C@@H]1O)O[C@H]2[C@@H](O)C[C@H](O[C@H]3[C@@H](O)C[C@H](O[C@H]4CC[C@@]5(C)[C@H](CC[C@@H]6[C@@H]5CC[C@]7(C)[C@H](CC[C@]67O)C8=CC(=O)OC8)C4)O[C@@H]3C)O[C@@H]2C","substrate [+]","11284449"
"CHEMBL541167","[Br-].CN(C)c1ccc2C(=C3C=CC(=[N+](C)C)C=C3Oc2c1)c4ccc(CCl)cc4","inhibitor [+]","15466210"
"CHEMBL517427","COC(=O)C1=C(NC(=C(C1c2cccc(c2)[N+](=O)[O-])C(=O)OC(C)C)C)C#N","inhibitor [IC50=18uM]","12128170"
"CHEMBL176045","COc1ccc2C[C@@H]3N(C)CCc4cc(OC)c(OC)c(Oc5cc6[C@H](Cc7ccc(Oc1c2)cc7)N(C)CCc6cc5OC)c34","inhibitor [2.5-fold]","9625436"
"CHEMBL707","COc1cc2nc(nc(N)c2cc1OC)N3CCN(CC3)C(=O)C4COc5ccccc5O4","inhibitor [+]","11895100"
"CHEMBL2074620","[11CH3]n1cc(nn1)c2ccc3c(c2)c(cn3c4ccc(F)cc4)C5CCN(CCN6CCNC6=O)CC5","substrate [+]","15028245"
"CHEMBL2075025","CCCOC1C(Oc2cc(OCCC)cc(O)c2C1=O)c3ccc(OCCC)c(OCCC)c3","inhibitor [(at a rough estimate) 620 % of control]","11809535"
"CHEMBL2075028","CCCCCCCCCCCCC\C=C\[C@@H](O)[C@H](CO[C@@H]1O[C@H](CC)[C@@H](O)[C@H](O)[C@H]1O)NC(=O)CCCCCC","inhibitor [+]","10600530"
"CHEMBL2036069","Cl.COc1ccc(cc1)c2cc([C@@H](O)[C@H]3CCCCN3)c4ccccc4n2","Active","22400811"
"CHEMBL319118","COc1ccc(OC(F)(F)F)cc1CN[C@H]2CCCN[C@H]2c3ccccc3","substrate [Km=34.4uM]","11504828"
"CHEMBL1935208","COc1ccc(cc1OC)C(=O)\C=C\c2ccc(Cl)cc2","Active","22112540"
"CHEMBL1935216","Oc1ccc2ccccc2c1C(=O)\C=C\c3ccccc3","Active","22112540"
"CHEMBL273453","C[C@]12CCC(=O)C=C1CC[C@H]3[C@@H]4CC[C@H](C(=O)CO)[C@]4(C[C@H](O)[C@H]23)C=O","substrate [+]","1360010"
"CHEMBL276558","Oc1ccc(Cc2nc3c(Cc4ccccc4)nc(cn3c2O)c5ccc(O)cc5)cc1","substrate [EC50=147nM]","14755051"
"CHEMBL279433","Clc1cccc(c1)N2CCN(Cc3cncn3Cc4ccc(cc4)C#N)CC2=O","substrate [+]","11181899"
"CHEMBL235363","CSCC[C@H](NC(=O)[C@H](CC(C)C)NC(=O)CNC(=O)[C@H](Cc1ccccc1)NC(=O)[C@H](Cc2ccccc2)NC(=O)[C@H](CCC(=O)N)NC(=O)[C@H](CCC(=O)N)NC(=O)[C@@H]3CCCN3C(=O)[C@H](CCCCN)NC(=O)[C@@H]4CCCN4C(=O)[C@@H](N)CCCN=C(N)N)C(=O)N","substrate [+]","15358539"
"CHEMBL73648","CCOC1=C(Oc2cc(OCC)cc(O)c2C1=O)c3ccc(OCC)cc3OCC","inhibitor [(at a rough estimate) 1430 % of control]","11809535"
"CHEMBL481","CCc1c2CN3C(=O)C4=C(C=C3c2nc5ccc(OC(=O)N6CCC(CC6)N7CCCCC7)cc15)[C@@](O)(CC)C(=O)OC4","transporter substrate","20190787"
"CHEMBL463092","CCCCCCCCCCCCCC(=O)OCC(O)CO","inhibitor [+]","15351776"
"CHEMBL111861","C[C@]12CC[C@@H](O)C=C1CC[C@H]3[C@@H]4CC[C@](O)(C(=O)CO)[C@@]4(C)CC(=O)[C@H]23","substrate [+]","14661924"
"CHEMBL96172","C[C@H]1CCC\C(=C/C[C@H](OC(=O)C[C@H](O)C(C)(C)C(=O)[C@H](C)[C@H]1O)\C(=C\c2csc(C)n2)\C)\C","Active","24992153"
"CHEMBL2074611","Cl.FC(F)(F)c1ccc(nc1Cl)N2CCNCC2","substrate [+]","12954186"
"CHEMBL2074629","","substrate [+]","15118837"
"CHEMBL2074681","","inhibitor [+]","15504753"
"CHEMBL2074768","","inhibitor [+]","15466210"
"CHEMBL2074948","COc1ccc2C[C@H]3N(C)CCc4cc(OC)c(Oc5c6OCOc6cc7CCN(C)[C@@H](Cc8cccc(Oc1c2)c8)c57)cc34","inhibitor [IC50=2.06uM]","7562598"
"CHEMBL1405","C[C@]12CC[C@H]3[C@@H](CCc4cc(O)ccc34)[C@@H]1CCC2=O","substrate [+]","15290871"
"CHEMBL241862","COc1ccc(\C=C\C(=O)c2ccccc2O)cc1","Active","22112540"
"CHEMBL106","OC(Cn1cncn1)(Cn2cncn2)c3ccc(F)cc3F","inhibitor [Ki>1000uM]","11961113"
"CHEMBL505000","CCCCC[C@H]1CCCCCCCCCC(=O)O[C@H]2[C@@H](O)[C@@H](O[C@@H](C)[C@@H]2O[C@@H]3O[C@@H](C)[C@H](O[C@@H]4O[C@@H](C)[C@H](OC(=O)[C@@H](C)CC)[C@@H](O)[C@H]4O)[C@@H](O[C@@H]5O[C@H](CO)[C@@H](O)[C@H](O)[C@H]5O)[C@H]3OC(=O)[C@@H](C)CC)O[C@@H]6[C@@H](O)[C@@H](O)[C@@H](C)O[C@H]6O1","Active","22148475"
"CHEMBL65067","OC(COc1cccc2ncccc12)CN3CCN(CC3)C(=O)C(c4ccccc4)c5ccccc5","inhibitor [+]","10463589"
"CHEMBL49","O=C1CC2(CCCC2)CC(=O)N1CCCCN3CCN(CC3)c4ncccn4","inhibitor [24.1 % max inhibition]","12438524"
"CHEMBL28626","OC1=C(Oc2cc(O)cc(O)c2C1=O)c3ccc(O)cc3O","inhibitor [+]","12604704"
"CHEMBL2297450","COc1cc(ccc1O)C2Oc3ccc4C(=O)c5ccccc5Oc4c3OC2CO","Active",""
"CHEMBL2074680","C\C=C\C[C@@H](C)C(=O)[C@@H]1N(C)C(=O)[C@H](C(C)C)N(C)C(=O)[C@H](CC(C)C)N(C)C(=O)[C@H](CC(C)C)N(C)C(=O)[C@@H](C)NC(=O)[C@@H](C)NC(=O)[C@H](CC(C)C)N(C)C(=O)[C@@H](NC(=O)[C@H](CC(C)C)N(C)C(=O)CN(C)C(=O)[C@@H](NC1=O)C(C)C)C(C)C","inhibitor [+]","12649369"
"CHEMBL2074686","CC(=O)O[C@H]1C[C@]2(C)CC[C@H](OC(=O)CCc3ccccc3)C(=C)[C@H]2[C@H](OC(=O)C)[C@@H]4CC(=O)C(=C1C4(C)C)C","inhibitor [+]","15324905"
"CHEMBL2074769","","substrate [+]","14998330"
"CHEMBL2074774","","inhibitor [+]","14999785"
"CHEMBL2075029","CCCCCCCCCCCCC\C=C\[C@@H](O)[C@H](CO[C@@H]1O[C@H](CC)[C@@H](O[C@@H]2O[C@H](CO)[C@@H](O)[C@H](O)[C@H]2O)[C@H](O)[C@H]1O)NC(=O)CCCCCC","inhibitor [+]","10600530"
"CHEMBL2075040","CCCCC\C=C\C\C=C\CCCCCCCC(=O)OCC(O)CO","inhibitor [+]","15351776"
"CHEMBL2018631","COC(=O)c1cc(OC)c2OCOc2c1c3c(\C=C\C(=O)c4ccccc4OC)cc(OC)c5OCOc35","Active","22429509"
"CHEMBL151","Oc1cc(O)c2C(=O)C=C(Oc2c1)c3ccc(O)c(O)c3","inhibitor [IC50=19.6uM]","15240100"
"CHEMBL285518","COC(=O)[C@H](Cc1ccccc1)NC(=O)[C@H](CC(C)C)NC(=O)[C@H](CCSC)NC=O","substrate [Km>100uM]","8621716"
"CHEMBL257557","COc1cc2nc(cc(N)c2c(c1OC)c3ccc(F)cc3)N4CCCN(CC4)C(=O)N5CCOCC5","substrate [+]","14744941"
"CHEMBL40733","N[C@H]1CC[C@@H](c2ccc(Cl)c(Cl)c2)c3ccccc13","inhibitor [+]","12649369"
"CHEMBL1008","CC(C)COCC(CN(Cc1ccccc1)c2ccccc2)N3CCCC3","inhibitor [100 % inhibition]","11082465"
"CHEMBL2398093","C[C@](O)(CCCNCc1ccccn1)[C@H]2CC[C@]3(C)[C@@H]2[C@H](O)C[C@@H]4[C@@]5(C)CC[C@H](O)C(C)(C)[C@@H]5CC[C@@]34C","Active","23683834"
"CHEMBL487","CC\C(=C(\c1ccc(OCCN(C)C)cc1)/c2cccc(O)c2)\c3ccccc3","substrate [+]","7914405"
"CHEMBL160555","COP(=S)(OC)Oc1ccc(cc1Cl)[N+](=O)[O-]","inhibitor [>80 % inhibition]","8917702"
"CHEMBL464812","CC1(C)CNC(=NN=C(\C=C\c2ccc(cc2)C(F)(F)F)\C=C\c3ccc(cc3)C(F)(F)F)NC1","inhibitor [>80 % inhibition]","8917702"
"CHEMBL27810","CCN(CC)C(=O)Nc1ccc(OCC(O)CNC(C)(C)C)c(c1)C(=O)C","substrate [+]","8953513"
"CHEMBL726","OCCN1CCN(CCCN2c3ccccc3Sc4ccc(cc24)C(F)(F)F)CC1","inhibitor [IC50=10.4uM]","11716514"
"CHEMBL2074627","CCCCCCCC\C=C/CCCCCCCC(=O)OCCOCC(OCCO)C1OCC(OCCO)C1OCCO","inhibitor [+]","12210046"
"CHEMBL2074684","[Cl-].CN1\C(=C\C=C\c2[n+](Cc3ccc(CCl)cc3)c4cc(Cl)c(Cl)cc4n2Cc5ccc(CCl)cc5)\Oc6ccccc16","substrate [+]","14763437"
"CHEMBL2075030","CCCCCCCCCCCCCCCC(O)C(CO)NC(=O)CCCCCC","inhibitor [+]","10600530"
"CHEMBL2022841","COc1cc2OC(C)(C)[C@H](OC(=O)[C@@]34CCC(C)(C(=O)O3)C4(C)C)[C@H](OC(=O)[C@@]56CCC(C)(C(=O)O5)C6(C)C)c2c7Oc8ccccc8C(=O)c17","Active","22465634"
"CHEMBL327624","O=C(N[C@@H](CCc1ccccc1)\C=C\S(=O)(=O)c2ccccc2)[C@H](Cc3ccccc3)NC(=O)N4CCOCC4","inhibitor [74 % inhibition]","9531525"
"CHEMBL1570482","CCCCCCCC(=O)OCC(O)CO","inhibitor [+]","15351776"
"CHEMBL306786","CC(=O)O[C@@]12CO[C@@H]1C[C@H](O)[C@]3(C)[C@@H]2[C@H](OC(=O)c4ccccc4)[C@]5(O)C[C@H](OC(=O)[C@H](O)[C@@H](NC(=O)c6ccccc6)c7ccccc7)C(=C(CC3=O)C5(C)C)C","Active","16271474"
"CHEMBL289498","CN1C(=O)C(NC(=O)Nc2cccc(C)c2)N=C(c3ccccc3)c4ccccc14","substrate [+]","11181899"
"CHEMBL1935204","COc1ccc(C(=O)\C=C\c2ccc(Cl)c(Cl)c2)c(O)c1","Active","22112540"
"CHEMBL1935209","Oc1c(ccc2ccccc12)C(=O)\C=C\c3ccccc3","Active","22112540"
"CHEMBL573523","COc1cccc(\C=C\C(=O)c2ccc(O)cc2O)c1","Active","22112540"
"CHEMBL1993397","CCOC(=O)C1=C(C)NC(=C(C1c2ccccc2C(F)(F)F)C(=O)OCCNC(=O)c3ccc(cc3)N=[N+]=[N-])C","substrate [+]","8099333"
"CHEMBL243829","COc1ccc(\C=C\C(=O)c2c(O)cc(OC)cc2OC)cc1","Active","22112540"
"CHEMBL194400","ClC1C=CC2C1C3(Cl)C(=C(Cl)C2(Cl)C3(Cl)Cl)Cl","inhibitor [>80 % inhibition]","8917702"
"CHEMBL33943","COc1ccc(\C=C\C(=O)c2ccccc2)cc1OC","Active","22112540"
"CHEMBL170458","C=CCSCC=C","inhibitor [+]","14729595"
"CHEMBL24171","COc1c2C=CC(=O)Oc2cc3occc13","inhibitor [EC200=0.05uM]","10903978"
"CHEMBL2074614","","inhibitor [+]","12751630"
"CHEMBL2074624","COc1ccc(Cl)cc1C(=O)NCCc2ccc(cc2)S(=O)(=O)N\C(=N\C#N)\NC3CCC(C)CC3","inhibitor [+]","10087141"
"CHEMBL2074672","CCC(C)O[C@@]12CCC(=O)O[C@@H]1[C@H]3[C@@H](OC(=O)C)[C@@](C)(C[C@]3(O)C(=O)[C@@H](C)\C=C\C(C)(C)[C@H](OC(=O)C)[C@H](OC(=O)C)[C@H]2OC(=O)C(C)C)OC(=O)C","inhibitor [+]","14604686"
"CHEMBL2074725","C[C@H]1O[C@H](C[C@H](OC(=O)C)[C@@H]1O)O[C@H]2[C@@H](O)C[C@H](O[C@H]3[C@@H](O)C[C@H](O[C@H]4CC[C@@]5(C)[C@H](CC[C@@H]6[C@@H]5C[C@@H](O)[C@]7(C)[C@H](CC[C@]67O)C8=CC(=O)OC8)C4)O[C@@H]3C)O[C@@H]2C","substrate [+]","11284449"
"CHEMBL2075046","COc1ccc(CCNc2nc(N3CCc4cc(OC)c(OC)cc4C3)c5cc(ccc5n2)N(C)C)cc1OC","inhibitor [+]","10463589"
"CHEMBL3237961","COc1cccc(CCc2ccccc2NC(=O)c3cccc(OC)c3)c1","Active","24607999"
"CHEMBL12089","[Cl-].COc1ccc2cc3c4cc5OCOc5cc4CC[n+]3cc2c1OC","transporter substrate","20190787"
"CHEMBL575072","COc1ccc(cc1OC)C2=C(O)C(=O)c3ccc(O)cc3O2","inhibitor [IC50=6.3uM]","15240100"
"CHEMBL1385840","CC(C)[C@@H]1N2C(=O)[C@](NC(=O)[C@H]3CN(C)[C@@H]4Cc5c[nH]c6cccc(C4=C3)c56)(O[C@@]2(O)[C@@H]7CCCN7C1=O)C(C)C","inhibitor [Ki=105.2uM]","11961113"
"CHEMBL185878","C[C@H](CCC(=O)NCCS(=O)(=O)O)[C@H]1CC[C@H]2[C@@H]3[C@H](O)C[C@@H]4C[C@H](O)CC[C@]4(C)[C@H]3CC[C@]12C","inhibitor [66 % of control]","7912687"
"CHEMBL415","CN(C)CCCN1c2ccccc2CCc3ccc(Cl)cc13","inhibitor [48.2 % max inhibition]","12438524"
"CHEMBL3350680","CCCCCCCC\C=C/CCCCCCCC(=O)OC(COC(=O)CCCCCCC\C=C\CCCCCCCC)COP(=O)(O)OC[C@H](Nc1ccc(c2nonc12)[N+](=O)[O-])C(=O)O","substrate []","12946267"
"CHEMBL2074607","OC(=O)\C=C(/N1CCN2C[C@H](c3ccc(Cl)cc3)c4ccccc4C12)\C(=O)O","substrate [+]","12954186"
"CHEMBL2074664","COc1ccc(cc1OC)C(O)CN2CCN(CC2)C(c3ccccc3)c4ccccc4","inhibitor [+]","10887958"
"CHEMBL2074676","CC(C)(C)NC(=O)[C@@H]1CN(Cc2oc3ccccc3c2)CCN1[C@@H](Cc4ccccc4)[C@@H](O)C[C@@H](Cc5ccccc5)C(=O)NC6[C@H](O)Cc7ccccc67","substrate [+]","11181899"
"CHEMBL2022838","CCC1=CC(=O)c2c(C)cc3OC(C)(C)[C@H](OC(=O)[C@@]45CCC(C)(C(=O)O4)C5(C)C)[C@H](OC(=O)[C@@]67CCC(C)(C(=O)O6)C7(C)C)c3c2O1","Active","22465634"
"CHEMBL131","C[C@]12C[C@H](O)[C@H]3[C@@H](CCC4=CC(=O)C=C[C@]34C)[C@@H]1CC[C@]2(O)C(=O)CO","substrate [+]","14661924"
"CHEMBL134","Clc1cccc(Cl)c1NC2=NCCN2","substrate [+]","12954186"
"CHEMBL1935217","COc1ccc(\C=C\C(=O)c2c(O)ccc3ccccc23)cc1","Active","22112540"
"CHEMBL1935219","COc1cccc(\C=C\C(=O)c2c(O)ccc3ccccc23)c1","Active","22112540"
"CHEMBL1903207","ClC1C2OC2C3C1C4(Cl)C(=C(Cl)C3(Cl)C4(Cl)Cl)Cl","inhibitor [>80 % inhibition]","8917702"
"CHEMBL252869","COc1cc(O)c(C(=O)\C=C\c2ccccc2Cl)c(OC)c1","Active","22112540"
"CHEMBL1743263","CC(C)C[C@@H]1N2C(=O)[C@](NC(=O)[C@@H]3C[C@H]4[C@@H](Cc5c[nH]c6cccc4c56)N(C)C3)(O[C@@]2(O)[C@@H]7CCCN7C1=O)C(C)C","inhibitor [Ki=19.82uM]","11961113"
"CHEMBL1697724","C[C@]12CC[C@H]3[C@@H](CCc4cc(O)ccc34)[C@@H]1CC[C@@H]2O[C@@H]5O[C@@H]([C@@H](O)[C@H](O)[C@H]5O)C(=O)O","substrate [Km=62uM]","9794924"
"CHEMBL405022","COc1ccc(C(=O)\C=C\c2ccccc2Cl)c(O)c1","Active","22112540"
"CHEMBL388978","CN[C@@H]1C[C@H]2O[C@@](C)([C@@H]1OC)n3c4ccccc4c5c6CNC(=O)c6c7c8ccccc8n2c7c35","inhibitor [140 % of control]","8624264"
"CHEMBL1256399","CC[C@H]1NC(=O)[C@@H](NC(=O)c2ncccc2O)[C@@H](C)OC(=O)[C@@H](NC(=O)[C@@H]3CC(=O)CCN3C(=O)[C@H](Cc4ccc(cc4)N(C)C)N(C)C(=O)[C@@H]5CCCN5C1=O)c6ccccc6","inhibitor [55 % inhibition]","7720780"
"CHEMBL2074662","","substrate [+]","15450947"
"CHEMBL2074765","CCCCCCCCC\C=C\C=C\C(=O)NCC(=O)N[C@@H]1C(O)[C@H](O)C(Nc2ncnc3[nH]cnc23)OC1[C@H](O)CO","inhibitor [+]","10761713"
"CHEMBL2074800","CCOP(=S)(OCC)Oc1cc(Cl)c(SC)cc1Cl","inhibitor [51-80 % inhibition]","8917702"
"CHEMBL2074843","CSCC[C@H](NC(=O)[C@H](CC(C)C)NC(=O)[C@H](CC(C)C)NC(=O)C)C(=O)O","substrate [Km>100uM]","8621716"
"CHEMBL2075024","Oc1cc(OCC=C)cc2OC(=C(OCC=C)C(=O)c12)c3ccc(OCC=C)cc3OCC=C","inhibitor [(at a rough estimate) 500 % of control]","11809535"
"CHEMBL2075044","COc1ccc(CC(C)NCCC=C2c3ccccc3CCc4ccccc24)cc1OC","inhibitor [+]","10463589"
"CHEMBL2398175","C[C@](O)(CCCNCc1ccc(F)cc1)[C@H]2CC[C@]3(C)[C@@H]2[C@H](O)C[C@@H]4[C@@]5(C)CC[C@H](O)C(C)(C)[C@@H]5CC[C@@]34C","Active","23683834"
"CHEMBL84","CC[C@@]1(O)C(=O)OCC2=C1C=C3N(Cc4cc5c(CN(C)C)c(O)ccc5nc34)C2=O","substrate [+]","15180340"
"CHEMBL480687","COc1ccc(cc1OC)c2c3c(COc4cc(O)c(OC)cc34)n5CCc6c(OC)c(OC)c(OC)cc6c25","inhibitor [+]","8795567"
"CHEMBL139679","Oc1ccc(C(=O)\C=C\c2ccc(Cl)cc2)c(O)c1","Active","22112540"
"CHEMBL446323","Oc1ccc2C(=O)c3ccccc3Oc2c1O","Active",""
"CHEMBL371975","CCCCCC(=O)N[C@H]([C@@H](O)C(=O)O[C@H]1C[C@@]2(O)[C@@H](OC(=O)c3ccccc3)[C@@H]4[C@@]5(CO[C@@H]5C[C@H](O)[C@@]4(C)C(=O)[C@@H](OC(=O)C)C(=C1C)C2(C)C)OC(=O)C)c6ccccc6","Active","16289636"
"CHEMBL2074606","CS(=O)(=O)O.Fc1ccc(cc1)C(=C2CCN(CCCC(=O)N3CCCC3)CC2)c4ccc(F)cc4","substrate [+]","12954186"
"CHEMBL2074722","","inhibitor [+]","10917553"
"CHEMBL304784","CCCC[C@H](NC(=O)[C@H](CC(C)C)NC(=O)[C@H](CC(C)C)NC(=O)C)C=O","substrate [Km>100uM]","8621716"
"CHEMBL1935206","COc1cc(OO)ccc1C(=O)\C=C\c2ccc(Cl)c(Cl)c2","Active","22112540"
"CHEMBL3098547","CO[C@H]1C(=O)[C@]2(C)[C@H](C[C@H]3OC[C@@]3(OC(=O)C)[C@H]2[C@H](OC(=O)c4ccccc4)[C@]5(O)C[C@H](OC(=O)[C@H](O)[C@@H](NC(=O)OC(C)(C)C)c6ccccc6)C(=C1C5(C)C)C)OC(=O)N(C)C","Active","24332858"
"CHEMBL549","CN(C)CCCC1(OCc2cc(ccc12)C#N)c3ccc(F)cc3","inhibitor [+]","12649369"
"CHEMBL1643895","Cn1cc(C(=O)[C@@H]2CCc3[nH]cnc3C2)c4ccccc14","substrate [+]","12195819"
"CHEMBL3542370","O[C@@H]1[C@@H](O)[C@H](Oc2c(O)cc3OC(=CC(=O)c3c2O)c4ccc(O)cc4)O[C@@H]([C@H]1O)C(=O)O","Active","22822035"
"CHEMBL2108463","","substrate [+]","11466175"
"CHEMBL2074613","","inhibitor [+]","12751630"
"CHEMBL2074616","","inhibitor [+]","12880295"
"CHEMBL2074801","COP(=S)(Oc1cc(Cl)c(Br)cc1Cl)c2ccccc2","inhibitor [51-80 % inhibition]","8917702"
"CHEMBL2074844","CCCC[C@H](NC(=O)[C@H](CCSC)NC=O)C(=O)N[C@@H](Cc1ccccc1)C(=O)OC","substrate [Km>80uM]","8621716"
"CHEMBL317469","COc1ccc(C(=O)\C=C\c2ccccc2)c(O)c1","Active","22112540"
"CHEMBL1393","CC(=O)S[C@@H]1CC2=CC(=O)CC[C@]2(C)[C@H]3CC[C@@]4(C)[C@@H](CC[C@@]45CCC(=O)O5)[C@H]13","inhibitor [IC50=23.6uM]","11743742"
"CHEMBL1935221","Oc1ccc2ccccc2c1C(=O)\C=C\c3ccc(Cl)cc3","Active","22112540"
"CHEMBL1829517","CC(=O)OC[C@]12[C@H](C[C@@H]3[C@@H](OC(=O)c4ccccc4)[C@]1(OC3(C)C)[C@@](C)(O)C[C@H](O)[C@@H]2OC(=O)C)OC(=O)c5cocc5","Active","21856049"
"CHEMBL1793802","CC[C@@H](C)[C@@H]1NC(=O)[C@@H]2CCCN2C(=O)[C@H](Cc3ccccc3)N(C)C(=O)[C@H](Cc4ccccc4)NC(=O)[C@H](C(C)C)N(C)C(=O)[C@H](OC(=O)[C@@H](N(C)C(=O)[C@H](CC(C)C)NC(=O)[C@H](C(C)C)N(C)C1=O)C(C)(C)O)[C@H](C)CC","inhibitor [IC50=2.27uM]","10891114"
"CHEMBL2333129","CS(=O)(=O)c1ccc(cc1)c2ccc3c(NC4CCC4)c(nnc3c2)C(=O)N","Active","23219325"
"CHEMBL382300","CC(C)C[C@H](NC(=O)OC(C)(C)C)[C@@H](O)C(=O)O[C@H]1[C@@H]2OC(=O)O[C@@]23[C@@H](OC(=O)c4ccccc4)[C@@H]5[C@@]6(CO[C@@H]6C[C@H](O)[C@@]5(C)C(=O)[C@H](OC(=O)C)C(=C1C)C3(C)C)OC(=O)C","inhibitor [+]","15060738"
"CHEMBL365613","NS(=O)(=O)N1CCN(CC1)C2CN(CC[C@@]3(CCC(=O)N(CC4CC4)C3)c5ccc(Cl)c(Cl)c5)C2","substrate [+]","15180340"
"CHEMBL2074604","Cl.NC(CC=C)c1ccccc1c2noc3ccccc23","substrate [+]","12954186"
"CHEMBL2074770","CC(=O)O[C@H]1C(=O)[C@]2(C)[C@@H](O)C[C@H]3OC[C@@]3(OC(=O)C)C2[C@H](OC(=O)c4ccccc4)[C@]5(O)C[C@H](OC(=O)[C@H](O)[C@@H](NC(=O)CCC6=[N+]7C(=Cc8c(C)cc(C)n8[B-]7(F)F)C=C6)c9ccccc9)C(=C1C5(C)C)C","substrate [+]","14562035"
"CHEMBL1201219","CC(=O)O[C@H]1C[C@@H]2CC[C@@H]3[C@H](CC[C@@]4(C)[C@H]3C[C@@H]([C@@H]4OC(=O)C)[N+]5(C)CCCCC5)[C@@]2(C)C[C@@H]1N6CCCCC6","substrate [+]","9655875"
"CHEMBL135","C[C@]12CC[C@H]3[C@@H](CCc4cc(O)ccc34)[C@@H]1CC[C@@H]2O","substrate [+]","7914405"
"CHEMBL1085699","COC(=O)C1=C(C)NC(=C(C1c2cccc(c2)[N+](=O)[O-])C(=O)OCCN3CCN(CC3)C(c4ccccc4)c5ccccc5)C","inhibitor [IC50=4.6uM]","11145223"
"CHEMBL1389133","C[C@]12CCC(=O)C=C1[C@H](O)C[C@H]3[C@@H]4CC[C@](O)(C(=O)CO)[C@@]4(C)C[C@H](O)[C@H]23","substrate [+]","14661924"
"CHEMBL8260","Oc1cc2OC(=CC(=O)c2c(O)c1O)c3ccccc3","inhibitor [IC50=41uM]","15481991"
"CHEMBL85","CC1=C(CCN2CCC(CC2)c3noc4cc(F)ccc34)C(=O)N5CCCCC5=N1","substrate [+]","12954186"
"CHEMBL2398174","COc1ccc(CNCCC[C@](C)(O)[C@H]2CC[C@]3(C)[C@@H]2[C@H](O)C[C@@H]4[C@@]5(C)CC[C@H](O)C(C)(C)[C@@H]5CC[C@@]34C)cc1","Active","23683834"
"CHEMBL182653","COc1ccc(\C=C\C(=O)c2ccc(O)cc2O)cc1","Active","22112540"
"CHEMBL3612980","COc1cc2CCN(CCc3ccc(NC(=O)c4ccccc4NS(=O)(=O)c5ccc(cc5)C(C)(C)C)cc3)Cc2cc1OC","Active","26197160"
"CHEMBL411","CC\C(=C(\CC)/c1ccc(O)cc1)\c2ccc(O)cc2","substrate [+]","7914405"
"CHEMBL2074663","","substrate [+]","15450947"
"CHEMBL2074732","CC(\C=C\C#CCC\C=C(/C)\C(=O)NCOCCOCCOCCOCCOCCOCCOCCOCCNC(=O)\C(=C\CCC#C\C=C\C(C)C(O)\C(=C\CCc1cccc2ccccc12)\C)\C)C(O)\C(=C\CCc3ccc4ccccc4c3)\C","inhibitor [+]","14979722"
"CHEMBL2074772","","inhibitor [+]","15476303"
"CHEMBL2074997","CCOC1C(Oc2cc(OCC)cc(O)c2C1=O)c3ccc(OCC)c(OCC)c3","inhibitor [(at a rough estimate) 1060 % of control]","11809535"
"CHEMBL2075017","COC1=C(Oc2cc(OC)cc(O)c2C1=O)c3ccc(OC)cc3OC","inhibitor [(at a rough estimate) 470 % of control]","11809535"
"CHEMBL342696","Clc1ccc(cc1Cl)c2cc(Cl)c(Cl)c(Cl)c2","substrate [+]","15472471"
"CHEMBL1200667","CCN(CC)CCOc1ccc(cc1)\C(=C(\Cl)/c2ccccc2)\c3ccccc3.OC(=O)CC(O)(CC(=O)O)C(=O)O","substrate [+]","7914405"
"CHEMBL1829529","CC1(C)O[C@]23C[C@H]1C[C@H](OC(=O)c4ccccc4)[C@]2(C)[C@H](CC[C@]3(C)O)OC(=O)c5cocc5","Active","21856049"
"CHEMBL1655","CN(C)CCOc1ccc(cc1)\C(=C(\CCCl)/c2ccccc2)\c3ccccc3","substrate [+]","7914405"
"CHEMBL42","CN1CCN(CC1)C2=Nc3cc(Cl)ccc3Nc4ccccc24","substrate [Km=58uM]","12031686"
"CHEMBL1498","C[C@]12CC[C@H]3[C@@H](CCC4=CC(=O)CC[C@]34C)[C@@H]1CC[C@@H]2C(=O)CO","substrate [+]","8713080"
"CHEMBL2074605","NC[C@H]1O[C@H](CO)[C@@H](N[C@H]2O[C@H](CO)[C@@H](O)[C@H](O)[C@@H]2O)[C@@H](O)[C@@H]1O","substrate [+]","12954186"
"CHEMBL2074608","OC(=O)\C=C\C(=O)O.FC(F)(F)c1ccnc(c1)N2CCN(CCCCN3CCCC3=O)CC2","substrate [+]","12954186"
"CHEMBL2074621","[11CH3]n1nnc(n1)c2ccc3c(c2)c(cn3c4ccc(F)cc4)C5CCN(CCN6CCNC6=O)CC5","substrate [+]","15028245"
"CHEMBL2074637","C[C@H]1\C=C\C(C)(C)[C@H](OC(=O)c2cccnc2)[C@H](OC(=O)C)[C@H](OC(=O)C)C(=C)[C@H](OC(=O)C)[C@H]3[C@@H](OC(=O)c4ccccc4)[C@@](C)(C[C@]3(O)[C@H]1OC(=O)C)OC(=O)C","inhibitor [+]","14761200"
"CHEMBL691","C[C@]12CC[C@H]3[C@@H](CCc4cc(O)ccc34)[C@@H]1CC[C@@]2(O)C#C","substrate [+]","15290871"
"CHEMBL329007","COc1ccc(cc1CN[C@H]2CCCN[C@H]2c3ccccc3)N(C)S(=O)(=O)C","substrate [Km=36.4uM]","11504828"
"CHEMBL1190199","CN([C@H](CN1CC[C@H](O)C1)c2ccccc2)C(=O)C(c3ccccc3)c4ccccc4","substrate [+]","10369454"
"CHEMBL289159","COc1ccc2c(C[C@@H]3NC(=O)[C@@H]4CCCN4C3=O)c(CC=C(C)C)[nH]c2c1","inhibitor []","12946267"
"CHEMBL1087720","COc1ccc(cc1)C2=CC(=O)c3c(OC)cc(OC)cc3O2","inhibitor [IC50=1.4uM]","15240100"
"CHEMBL1935215","Oc1c(ccc2ccccc12)C(=O)\C=C\c3ccc(Cl)c(Cl)c3","Active","22112540"
"CHEMBL229907","COc1ccc(\C=C\C(=O)c2ccc(OC)cc2O)cc1","Active","22112540"
"CHEMBL7568","CCN(CC)CCCC(C)Nc1c2ccc(Cl)cc2nc3ccc(OC)cc13","inhibitor [EC50=14.4uM]","8862725"
"CHEMBL2387036","CC1(C)CCc2cc3C(=O)c4ccccc4Oc3c(O)c2O1","Active",""
"CHEMBL1743357","C\C(=C/COc1c2C=CC(=O)Oc2cc3occc13)\CCC(O)C(C)(C)OC(CC\C(=C\COc4c5C=CC(=O)Oc5cc6occc46)\C)C(C)(C)O","inhibitor [EC200=0.035uM]","10903978"
"CHEMBL474682","Clc1ccccc1\C=C\C(=O)c2ccccc2","Active","22112540"
"CHEMBL3544974","CN1CC2C(C1)c3cc(Cl)ccc3Oc4ccccc24.OC(=O)\C=C/C(=O)O","substrate [+]","12954186"
"CHEMBL2074631","FC(F)(F)c1ccc2Oc3nnc(Cl)cc3C(=O)N(CCCN4CCN(Cc5ccccc5)CC4)c2c1","substrate [+]","15317472"
"CHEMBL2074650","C[C@@H]1C[C@@H](C)OP(=O)(O1)c2c(C)nc(C)c(C(=O)OCCN3CCN(CC3)C(c4ccccc4)c5ccccc5)c2c6cccc(c6)[N+](=O)[O-]","inhibitor [Ki=0.21uM]","10729360"
"CHEMBL2074688","","inhibitor [+]","12722138"
"CHEMBL2074998","Oc1cc(OCC=C)cc2OC(C(OCC=C)C(=O)c12)c3ccc(OCC=C)c(OCC=C)c3","inhibitor [(at a rough estimate) 1070 % of control]","11809535"
"CHEMBL350775","COc1cc(cc(OC)c1OC)C(=O)C(=O)N2CCCC[C@H]2C(=O)OC(CCCc3cccnc3)CCCc4cccnc4","inhibitor [+]","15014037"
"CHEMBL639","CN1CCCC(CC1)N2N=C(Cc3ccc(Cl)cc3)c4ccccc4C2=O","inhibitor [IC50=30uM]","11231118"
"CHEMBL1164679","CC(C)[C@H](Nc1ccc(cc1Cl)C(F)(F)F)C(=O)OC(C#N)c2cccc(Oc3ccccc3)c2","inhibitor [31-50 % inhibition]","8917702"
"CHEMBL1935207","COc1ccc(cc1OC)C(=O)\C=C\c2ccccc2Cl","Active","22112540"
"CHEMBL908","CN(C)CC\C=C/1\c2ccccc2Sc3ccc(Cl)cc13","inhibitor [57.5 % max inhibition]","12438524"
"CHEMBL2297451","Oc1ccc2Oc3ccccc3C(=O)c2c1O","Active",""
"CHEMBL25336","C1CN=C(N\N=C\c2c3ccccc3c(\C=N\NC4=NCCN4)c5ccccc25)N1","substrate [+]","7865904"
"CHEMBL2074609","Cl.CC1(C)CC(=O)N(CCCCN2CCN(CC2)c3ncccn3)C(=O)C1O","substrate [+]","12954186"
"CHEMBL2074724","COc1ccc(cc1OC)[C@](CCCN)(C#N)C(C)C","substrate [+]","10773005"
"CHEMBL2075041","CC\C=C\C\C=C\C\C=C\CCCCCCCC(=O)OCC(O)CO","inhibitor [+]","15351776"
"CHEMBL2018633","COC(=O)c1cc(OC)c2OCOc2c1c3c4OCOc4c(OC)cc3\C=C\C(=O)c5cc(OC)ccc5OC","Active","22429509"
"CHEMBL296468","CC(C)(C)c1oc(CSc2cnc(NC(=O)C3CCNCC3)s2)nc1","substrate [+]","15338193"
"CHEMBL1935212","COc1cccc(\C=C\C(=O)c2ccc3ccccc3c2O)c1","Active","22112540"
"CHEMBL240163","C[C@H]1COc2c3N1C=C(C(=O)O)C(=O)c3cc(F)c2C4(N)CC4","substrate [+]","15464074"
"CHEMBL504256","COc1ccc2C[C@@H]3N(C)CCc4cc(OC)c(O)c(Oc5cc6[C@H](Cc7ccc(Oc1c2)cc7)N(C)CCc6cc5OC)c34","inhibitor [2.4-fold]","9625436"
"CHEMBL2074731","CC(\C=C\C#CCC\C=C(/C)\C(=O)NCOCCOCCOCCOCCOCCOCCOCCOCCOCCOCCOCCOCCNC(=O)\C(=C\CCC#C\C=C\C(C)C(O)\C(=C\CCc1cccc2ccccc12)\C)\C)C(O)\C(=C\CCc3ccc4ccccc4c3)\C","inhibitor [+]","14979722"
"CHEMBL2075015","CCCOC1=C(Oc2cc(OCCC)cc(O)c2C1=O)c3ccc(OCCC)cc3OCCC","inhibitor [(at a rough estimate) 390 % of control]","11809535"
"CHEMBL2075026","COC1C(Oc2cc(OC)cc(O)c2C1=O)c3ccc(OC)c(OC)c3","inhibitor [(at a rough estimate) 890 % of control]","11809535"
"CHEMBL2075036","CCCCCCCCC\C=C/CCCCC(O)C(N)CO","substrate [+]","15618625"
"CHEMBL2075039","CCCCCCCC\C=C/CCCCCCCC(=O)OCC(O)CC","inhibitor [+]","15351776"
"CHEMBL2075048","COc1ccc(CCNc2nc(N3CCc4cc(OC)c(OC)cc4C3)c5cc(OC)c(OC)cc5n2)cc1OC","inhibitor [+]","10463589"
"CHEMBL643","CC(CN1c2ccccc2Sc3ccccc13)N(C)C","inhibitor [(at a rough estimate) 80 % inhibition]","11082465"
"CHEMBL1935214","Oc1c(ccc2ccccc12)C(=O)\C=C\c3ccc(Cl)cc3","Active","22112540"
"CHEMBL14370","CCOc1ccccc1OC(C2CNCCO2)c3ccccc3","inhibitor [+]","12649369"
"CHEMBL258669","CN1CC[C@@]23[C@H]4CC[C@H](O)[C@@H]2Oc5cccc(C[C@@H]14)c35","Active","18311899"
"CHEMBL573524","COc1ccc(\C=C\C(=O)c2ccc(O)cc2O)cc1OC","Active","22112540"
"CHEMBL1743264","CC[C@]1(NC(=O)N(C)C1=O)c2ccccc2","inhibitor [42 % inhibition]","10213372"
"CHEMBL1743342","CNCCCC(C#N)(C(C)C)c1ccc(OC)c(OC)c1","substrate [+]","10773005"
"CHEMBL3545252","O.O.O.CC(=O)O[C@@]12CO[C@@H]1C[C@H](O)[C@]3(C)[C@@H]2[C@H](OC(=O)c4ccccc4)[C@]5(O)C[C@H](OC(=O)[C@H](O)[C@@H](NC(=O)OC(C)(C)C)c6ccccc6)C(=C([C@@H](O)C3=O)C5(C)C)C","substrate [+]","7945455"
"CHEMBL1595008","CCCCCCCCCC(=O)OCC(O)CO","inhibitor [+]","15351776"
"CHEMBL2074610","CN1CCC(=C(c2ccc(F)cc2)c3cc(Cl)cs3)CC1","substrate [+]","12954186"
"CHEMBL2074633","Cc1cc(C)c2Oc3nnc(Cl)cc3C(=O)N(CCCN4CCN(CC4)c5ccccc5)c2c1","substrate [+]","15317472"
"CHEMBL2074763","CC(\C=C\C#CCC\C=C(/C)\C(=O)NCCOCCOCCOCCOCCOCCNC(=O)\C(=C\CCC#C\C=C\C(C)C(O)\C(=C\CCc1cccc2ccccc12)\C)\C)C(O)\C(=C\CCc3ccc4ccccc4c3)\C","inhibitor [+]","14979722"
"CHEMBL1418494","Cc1cc(N2CCN(CC2)C(=O)c3occc3)n4nc(cc4n1)c5cccc(Cl)c5","inactive",""
"CHEMBL270557","COc1cc(COc2ccccc2CCc3ccccc3)cc(OC)c1","Not Active","18257545"
"CHEMBL3765272","COc1cc(OC)c2C(=O)C=C(NCCCN3CCOCC3)Oc2c1","Not Active","26774038"
"CHEMBL3763441","COc1cc(OC)c2C(=O)C=C(Oc2c1)N3CCN(CC3)c4ccc(cc4)[N+](=O)[O-]","Not Active","26774038"
"CHEMBL560526","COc1cc(OC)c2c(O[C@]3([C@@H](C[C@@H](O)[C@@]23O)c4ccccc4)c5ccccc5)c1","Not Active","19655762"
"CHEMBL521025","COc1cccc(CCc2ccccc2OCCN3CCc4ccccc4C3)c1","Not Active","19053888"
"CHEMBL515853","COc1cccc(CCc2ccccc2OCCN3CCN(CC3)c4cccc(Cl)c4)c1","Not Active","19053888"
"CHEMBL2398186","CC(C)(C)NCCC[C@](C)(O)[C@H]1CC[C@]2(C)[C@@H]1[C@H](O)C[C@@H]3[C@@]4(C)CC[C@H](O)C(C)(C)[C@@H]4CC[C@@]23C","Not Active","23683834"
"CHEMBL2398188","C[C@](O)(CCCNCCCn1ccnc1)[C@H]2CC[C@]3(C)[C@@H]2[C@H](O)C[C@@H]4[C@@]5(C)CC[C@H](O)C(C)(C)[C@@H]5CC[C@@]34C","Not Active","23683834"
"CHEMBL466326","[Na+].CC(C)c1nc(nc(c1\C=C\[C@@H](O)C[C@@H](O)CC(=O)[O-])c2ccc(F)cc2)N(C)c3ncnn3C","Not Active","18412317"
"CHEMBL2331725","COC(=O)c1ccc(cc1NC(=O)c2ccc3ccccc3n2)c4ccc(CN5CCc6ccccc6C5)cc4","Not Active","24900683"
"CHEMBL405348","COc1ccc(COc2ccccc2CCc3ccccc3)cc1","Not Active","18257545"
"CHEMBL1182714","CNCCCOc1cc(F)c(c(F)c1)c2c(Cl)nc3ncnn3c2N[C@@H](C)C(F)(F)F","Not Active","24992153"
"CHEMBL1096044","CCCCCCC\C(=C\C(=O)\C=C\c1ccc(O)c(OC)c1)\O","Not Active","20363635"
"CHEMBL3764329","COc1cc(OC)c2C(=O)C=C(Oc2c1)N3CCN(C)CC3","Not Active","26774038"
"CHEMBL555195","CCCCCC(=O)\C=C(/O)\C=C\c1ccc(O)c(OC)c1","Not Active","20363635"
"CHEMBL485918","COc1cccc(CCc2ccccc2OCCCCN3CCc4ccccc4C3)c1","Not Active","19053888"
"CHEMBL2331723","COC(=O)c1ccc(cc1NC(=O)c2ccc3ccccc3n2)c4ccc(CCN5CCc6ccccc6C5)cc4","Not Active","24900683"
"CHEMBL459158","COc1cccc(CCc2ccccc2OCCCCN3CCN(CC3)c4cccc(c4)C(F)(F)F)c1","Not Active","19053888"
"CHEMBL24226","CCCCCCCCC\C=C\C(=O)CCc1ccc(O)c(OC)c1","Not Active","20363635"
"CHEMBL2146883","OC1(CN(C1)C(=O)c2ccc(F)c(F)c2Nc3ccc(I)cc3F)[C@@H]4CCCCN4","Not Active","22315332"
"CHEMBL2131986","Cc1nc2cc(nn2c(N3CCN(CC3)C(=O)c4occc4)c1C)c5ccc(F)cc5","inactive",""
"CHEMBL3237955","COc1cc(COc2ccccc2CCc3cc(OC)c(OC)c(OC)c3)cc(OC)c1","Not Active","24607999"
"CHEMBL3763435","COc1cc(OC)c2C(=O)C=C(Oc2c1)N3CCN(Cc4ccc(NC(=O)C)cc4)CC3","Not Active","26774038"
"CHEMBL572576","CCOC(=O)CSc1nc(N)c2c3CCCCc3sc2n1","Not Active","19783433"
"CHEMBL6","COc1ccc2c(c1)c(CC(=O)O)c(C)n2C(=O)c3ccc(Cl)cc3","Not Active","18707884"
"CHEMBL487761","COc1cccc(CCc2ccccc2OCCCCCN3CCN(CC3)c4ncccn4)c1","Not Active","19053888"
"CHEMBL455275","COC(=O)c1ccc(cc1NC(=O)c2ccc3ncccc3c2)C(=O)Nc4ccc(CCN5CCc6cc(OC)c(OC)cc6C5)cc4","Not Active","19170519"
"CHEMBL708","Clc1cc2NC(=O)Cc2cc1CCN3CCN(CC3)c4nsc5ccccc45","Not Active","21341745"
"CHEMBL2012362","COc1cc2CN(CCc3ccccc3)Cc4cc(OC)c5OCOc5c4c2c6OCOc16","Not Active","22405646"
"CHEMBL1380","Nc1nc(NC2CC2)c3ncn([C@@H]4C[C@H](CO)C=C4)c3n1","Not Active","24273637"
"CHEMBL260505","COc1cc2CCN(Cc3ccc(cc3)c4ccc(O)cc4)Cc2cc1OC","Not Active","18276145"
"CHEMBL1834568","COc1ccc2c(c1)c(cn2C)C(=O)\C=C\c3c(OC)cc(OC)cc3OC","Not Active","22449016"
"CHEMBL1651099","CCOC(=O)O[C@H](C)[C@H]1CN2CC[C@@]34[C@@H]2C[C@@H]1C(=C3Nc5ccccc45)C(=O)OC","Not Active","25419978"
"CHEMBL2139052","COc1cccc(c1)c2cc3nc(C)cc(N4CCN(CC4)C(=O)c5cocc5)n3n2","inactive",""
"CHEMBL2057254","COC(=O)c1cc(OC)c2OCOc2c1c3c4OCOc4c(OC)cc3C(=O)N[C@@H](C)C(=O)OCCCCOc5no[n+]([O-])c5S(=O)(=O)c6ccccc6","Not Active","22209486"
"CHEMBL3220761","CC(C)[C@@H]1NC(=O)[C@H](CCC(=O)C)[C@H](O)[C@@H](C)[C@@H](O)\C=C\C=C\C[C@H](OC(=O)C2CCCN(N2)C(=O)[C@H](Cc3cccc(O)c3)NC1=O)\C(=C\C=C\C(=O)N4CCCCO4)\C","Not Active",""
"CHEMBL1417986","Cc1cc(N2CCN(CC2)C(=O)c3occc3)n4nc(C)c(c5ccc(Cl)cc5)c4n1","inactive",""
"CHEMBL3110291","CN(CCc1c[nH]c2ccccc12)C(=O)C3=CC(=O)c4c(OCc5ccc(Br)cc5)cccc4O3","Not Active","24304387"
"CHEMBL3763290","COc1cc(OC)c2C(=O)C=C(Oc2c1)N3CCN(CC3)C(=O)c4ccc(cc4)[N+](=O)[O-]","Not Active","26774038"
"CHEMBL448297","COc1cc(O)c2C(=O)C[C@H](Oc2c1)c3ccc(O)cc3","Not Active","23137376"
"CHEMBL457899","COc1cccc(CCc2ccccc2OCCCN3CCN(CC3)c4cccc(c4)C(F)(F)F)c1","Not Active","19053888"
"CHEMBL1651104","COC(=O)C1=C2Nc3ccccc3[C@@]24CCN5C[C@@H]([C@@H]1C[C@@H]45)C(=O)C","Not Active","25419978"
"CHEMBL1608805","CCOC(=O)c1cccc(NC(=O)c2cnc3ccccc3n2)c1","inactive",""
"CHEMBL406618","COc1ccc(COc2ccccc2CCc3cccc(OC)c3)cc1","Not Active","18257545"
"CHEMBL406837","COc1cccc(\C=C\C(=O)c2c(O)cc(OC)cc2OC)c1","Not Active","22449016"
"CHEMBL3215924","Cl.Cl.COc1cc(OC)c2C(=O)c3c(OC)cc(CNCCCN)cc3C(=O)c2c1","Not Active",""
"CHEMBL272036","COc1cccc(CCc2ccccc2NCc3ccc(OC)c(OC)c3)c1","Not Active","18257545"
"CHEMBL2331724","COC(=O)c1ccc(cc1NC(=O)c2ccc3ccccc3n2)c4ccc(CCN5CCc6cc(OC)c(OC)cc6C5)cc4","Not Active","24900683"
"CHEMBL3596578","C\C=C(/C)\C(=O)OC1C(OC(=O)\C(=C\C)\C)C(C)(C)Oc2ccc3C=CC(=O)Oc3c12","Not Active",""
"CHEMBL406597","COc1cccc(CCc2ccccc2NCc3cccc(OC)c3)c1","Not Active","18257545"
"CHEMBL2133413","Cc1cc(N2CCN(CC2)C(=O)c3cocc3)n4nc(cc4n1)c5ccncc5","inactive",""
"CHEMBL3110289","COc1ccc2c(CCNC(=O)C3=CC(=O)c4c(OCc5ccc(Br)cc5)cccc4O3)c[nH]c2c1","Not Active","24304387"
"CHEMBL518931","COc1cccc(CCc2ccccc2OCCCN3CCN(C)CC3)c1","Not Active","19053888"
"CHEMBL1360562","Oc1cccc(Nc2nc(nc3ccccc23)c4ccccc4)c1","Not Active","24184213"
"CHEMBL2338111","COc1cc2CCN(Cc3coc(n3)c4ccc5cc(O)ccc5c4)Cc2cc1OC","Not Active","23347803"
"CHEMBL2331717","COC(=O)c1ccc(cc1NC(=O)c2ccc3ccccc3n2)c4ccc(CN5CCc6cc(OC)c(OC)cc6C5)cc4","Not Active","24900683"
"CHEMBL1651100","COC(=O)C1=C2Nc3ccccc3[C@@]24CCN5C[C@H]([C@@H]1C[C@@H]45)C(=O)C","Not Active","25419978"
"CHEMBL2137394","COc1cccc(c1)c2cc3nc(cc(N4CCN(CC4)C(=O)c5cocc5)n3n2)c6cccc(c6)C(F)(F)F","inactive",""
"CHEMBL3765802","COc1ccc(CN2CCN(CC2)C3=CC(=O)c4c(OC)cc(OC)cc4O3)cc1","Not Active","26774038"
"CHEMBL593","CC(C)Nc1cccnc1N2CCN(CC2)C(=O)c3cc4cc(NS(=O)(=O)C)ccc4[nH]3","Not Active","21189339"
"CHEMBL3110292","COc1ccc2[nH]cc(CCN(C)C(=O)C3=CC(=O)c4c(OCc5ccc(Br)cc5)cccc4O3)c2c1","Not Active","24304387"
"CHEMBL549368","COc1ccc(cc1)[C@@H]2C[C@@H](O)[C@@]3(O)c4c(OC)cc(OC)cc4O[C@@]23c5ccccc5","Not Active","19655762"
"CHEMBL510556","OC(=O)c1ccc(NC2=Nc3sc4CCCCc4c3C(=O)S2)cc1","Not Active","18707884"
"CHEMBL2398190","C[C@](O)(CCCNCCCO)[C@H]1CC[C@]2(C)[C@@H]1[C@H](O)C[C@@H]3[C@@]4(C)CC[C@H](O)C(C)(C)[C@@H]4CC[C@@]23C","Not Active","23683834"
"CHEMBL462762","CSCC[C@H]1NC(=O)c2csc(n2)[C@@H](C)NC(=O)c3nc(oc3C)[C@@H](C)NC(=O)c4csc1n4","Not Active","8786364"
"CHEMBL3596580","CC(=CCc1c(O)cc(O)c2C=CC(=O)Oc12)C","Not Active",""
"CHEMBL2140364","COc1ccc(cc1)c2cc3nc(C)c(C)c(N4CCN(CC4)C(=O)c5occc5)n3n2","inactive",""
"CHEMBL89768","[Na+].CN(C)C(=O)CCSC(SCCC(=O)[O-])c1cccc(\C=C\c2ccc3ccc(Cl)cc3n2)c1","Not Active","18707884"
"CHEMBL1528996","O=C(COc1ccc(cc1)c2ccc(cc2)C#N)NCCc3ccccc3","inactive",""
"CHEMBL251088","C\C=C(\C)/C(=O)OC[C@@]1(O)[C@@H]2CC[C@]3(C)[C@H](OC(=O)\C(=C\C)\C)[C@@H]4O[C@@H]4C(=C)[C@H]3[C@@H]2OC1=O","Not Active","18052129"
"CHEMBL519228","COc1cccc(CCc2ccccc2OCCCCCN3CCc4ccccc4C3)c1","Not Active","19053888"
"CHEMBL2140595","COc1cc(OC)cc(c1)c2cc3nc(C)c(C)c(N4CCN(CC4)C(=O)c5cocc5)n3n2","inactive",""
"CHEMBL2143184","Cc1cc(N2CCN(CC2)C(=O)c3occc3)n4nc(nc4n1)c5ccccc5","inactive",""
"CHEMBL2158556","[O-][N+](=O)c1ccc(Nc2nc(nc3ccccc23)c4ccccc4)cc1","Not Active","23017888"
"CHEMBL1314","CC(S)C(=O)NCC(=O)O","Not Active","21657271"
"CHEMBL1272","CCOc1cc(CC(=O)N[C@@H](CC(C)C)c2ccccc2N3CCCCC3)ccc1C(=O)O","Not Active","21341745"
"CHEMBL272423","COc1cccc(CCc2ccccc2NCc3cccc(OC)c3OC)c1","Not Active","18257545"
"CHEMBL3763285","COc1cc(OC)c2C(=O)C=C(Oc2c1)N3CCN(Cc4ccc5nonc5c4)CC3","Not Active","26774038"
"CHEMBL3764296","COc1cc(OC)c2C(=O)C=C(Oc2c1)N3CCN(Cc4ccc(cc4)[N+](=O)[O-])CC3","Not Active","26774038"
"CHEMBL258611","COc1cccc(COc2ccccc2CCc3ccccc3)c1OC","Not Active","18257545"
"CHEMBL260321","COc1ccc2cc(ccc2c1)C(=O)N3CCc4cc(OC)c(OC)cc4C3","Not Active","18276145"
"CHEMBL260508","COc1cc2CCN(Cc2cc1OC)C(=O)c3ccc(cc3)c4ccc(O)cc4","Not Active","18276145"
"CHEMBL2138693","O=C(N1CCN(CC1)c2cc(nc3cc(nn23)c4occc4)c5occc5)c6cocc6","inactive",""
"CHEMBL2139235","Cc1ccc(cc1)c2nc3nc(C)cc(N4CCN(CC4)C(=O)c5occc5)n3n2","inactive",""
"CHEMBL3352985","COc1cc2CCN(CCCCOc3ccc(cc3)c4ccc(O)cc4)Cc2cc1OC","Not Active","25379609"
"CHEMBL259791","COc1cc2CCN(Cc3ccccc3c4ccccc4)Cc2cc1OC","Not Active","18276145"
"CHEMBL2398096","COc1ccc(NCCC[C@](C)(O)[C@H]2CC[C@]3(C)[C@@H]2[C@H](O)C[C@@H]4[C@@]5(C)CC[C@H](O)C(C)(C)[C@@H]5CC[C@@]34C)cc1","Not Active","23683834"
"CHEMBL2398184","CCCNCCC[C@](C)(O)[C@H]1CC[C@]2(C)[C@@H]1[C@H](O)C[C@@H]3[C@@]4(C)CC[C@H](O)C(C)(C)[C@@H]4CC[C@@]23C","Not Active","23683834"
"CHEMBL485720","COc1cccc(CCc2ccccc2OCCCN3CCc4ccccc4C3)c1","Not Active","19053888"
"CHEMBL2331719","COCCOCCOCCOc1cc2CCN(Cc3ccc(cc3)c4ccc(C(=O)OC)c(NC(=O)c5ccc6ccccc6n5)c4)Cc2cc1OC","Not Active","24900683"
"CHEMBL3596581","CC(C)(C=C)C1=Cc2cc3C=CC(C)(C)Oc3cc2OC1=O","Not Active",""
"CHEMBL1325873","Cc1cc(N2CCN(CC2)C(=O)c3occc3)n4ncc(c5ccccc5)c4n1","inactive",""
"CHEMBL2142690","CC(=O)N1CCN(CC1)c2c(C)c(C)nc3cc(nn23)c4cccc(F)c4","inactive",""
"CHEMBL2133411","CN(C)c1cc(nc2cc(nn12)c3ccccc3)c4occc4","inactive",""
"CHEMBL1488169","Cc1cc(N2CCN(CC2)C(=O)c3occc3)n4nc(C)c(c5ccccc5)c4n1","inactive",""
"CHEMBL452312","CCOC(=O)c1c2CCCCc2sc1NC(=S)Nc3ccc(cc3)C(=O)O","Not Active","18707884"
"CHEMBL452751","COc1c2C=CC(=O)Oc2c(OCC=C(C)C)c3occc13","Not Active",""
"CHEMBL457890","COc1cccc(CCc2ccccc2OCCCCCN3CCN(CC3)c4cccc(Cl)c4)c1","Not Active","19053888"
"CHEMBL1449","CC1(C)S[C@@H]2[C@H](NC(=O)[C@H](C(=O)O)c3ccsc3)C(=O)N2[C@H]1C(=O)O","Not Active","21341745"
"CHEMBL2011288","COc1ccc2[nH]cc(CCNC(=O)C3=CC(=O)c4c(OCc5ccc(Br)cc5)cccc4O3)c2c1","Not Active","24304387"
"CHEMBL1834565","COc1cccc(OC)c1\C=C\C(=O)c2cn(C)c3ccccc23","Not Active","22449016"
"CHEMBL516542","CC(C)[C@H]1NC(=O)c2nc(oc2C)[C@@H](C)NC(=O)c3csc(n3)[C@@H](C)NC(=O)c4csc1n4","Not Active","8786364"
"CHEMBL2338105","COc1cc2CCN(Cc3oc(cc3)c4ccc5ccccc5c4)Cc2cc1OC","Not Active","23347803"
"CHEMBL2133117","CC1CN(CCN1c2cc(nc3cc(nn23)c4ccccc4)c5occc5)C(=O)OC(C)(C)C","inactive",""
"CHEMBL2046690","COC(=O)c1cc(c2OCOc2c1OC)c3c4OCOc4c(OC)cc3C(=O)OC","Not Active","22209486"
"CHEMBL3238330","COc1cccc(OC)c1\C=C\C(=O)c2ccc(cc2)C(=O)\C=C\c3c(OC)cccc3OC","Not Active","24611893"
"CHEMBL3238340","COc1cc(OC)cc(c1)C(=O)\C=C\c2ccc(\C=C\C(=O)c3cc(OC)cc(OC)c3)cc2","Not Active","24611893"
"CHEMBL270559","COc1ccc(COc2ccccc2CCc3ccccc3)cc1OC","Not Active","18257545"
"CHEMBL3763583","COc1cc(OC)c2C(=O)C=C(Oc2c1)N3CCN(CCc4ccccc4)CC3","Not Active","26774038"
"CHEMBL3763734","COc1cc(O)c2C(=O)C=C(Oc2c1)C(=O)N3CCN(Cc4ccccc4[N+](=O)[O-])CC3","Not Active","26774038"
"CHEMBL259370","COc1cc2CCN(Cc3cccc(c3)c4ccccc4)Cc2cc1OC","Not Active","18276145"
"CHEMBL452313","O=C(NC1=Nc2sc3CCCCc3c2C(=O)S1)c4ccccc4","Not Active","18707884"
"CHEMBL25893","CCCCCCC\C=C\C(=O)CCc1ccc(O)c(OC)c1","Not Active","20363635"
"CHEMBL406088","COc1ccc2cc(CN3CCc4cc(OC)c(OC)cc4C3)ccc2c1","Not Active","18276145"
"CHEMBL1608504","[O-][N+](=O)c1cc(ccc1N2CCCC2)C(=O)OCc3ccc(cc3)C#N","inactive",""
"CHEMBL402978","CCCCC[C@H](O)CC(=O)CCc1ccc(O)c(OC)c1","Not Active","20363635"
"CHEMBL3417347","OB(O)c1ccc(OCCCCc2ccccc2)nc1","Not Active","25817769"
"CHEMBL2135811","COc1ccc(cc1)c2cc(N3CCN(CC3)C(=O)c4cocc4)n5nc(cc5n2)c6ccccc6","inactive",""
"CHEMBL1971465","Fc1cccc(c1)c2cc(N3CCN(CC3)C(=O)c4cocc4)n5nc(cc5n2)c6cccc(Cl)c6","inactive",""
"CHEMBL2036070","Cl.COc1ccc(cc1)c2cc([C@@H](O)[C@@H]3CCCCN3)c4ccccc4n2","Not Active","22400811"
"CHEMBL9323","O[C@@H]1[C@H](Oc2cc(O)cc(O)c2C1=O)c3ccc(O)cc3","Not Active","23137376"
"CHEMBL2398182","CNCCC[C@](C)(O)[C@H]1CC[C@]2(C)[C@@H]1[C@H](O)C[C@@H]3[C@@]4(C)CC[C@H](O)C(C)(C)[C@@H]4CC[C@@]23C","Not Active","23683834"
"CHEMBL453805","CC(=CCOc1c2OC(=O)C=Cc2cc3ccoc13)C","Not Active",""
"CHEMBL2140567","O=C(OCc1ccccc1)N2CCN(CC2)c3cc(nc4cc(nn34)c5ccccc5)c6occc6","inactive",""
"CHEMBL1213033","CCN(CC)CCCN(C1Cc2ccccc2C1)c3ccccc3","Not Active","21341745"
"CHEMBL3216139","Cl.Cl.COc1cc(OC)c2C(=O)c3c(OC)cc(CNCCCCN)cc3C(=O)c2c1","Not Active",""
"CHEMBL1884699","COc1ccc(cc1)c2[nH]nc3nc(cc(c23)C(F)(F)F)N4CCN(CC4)C(=O)c5cocc5","inactive",""
"CHEMBL458131","COc1c(ccc2occc12)C(=O)\C=C(/O)\c3ccccc3","Not Active",""
"CHEMBL458792","COc1cccc(CCc2ccccc2OCCCN3CCN(CC3)c4cccc(Cl)c4)c1","Not Active","19053888"
"CHEMBL460981","C[C@H](Nc1nc(nc(Cl)c1c2c(F)cc(F)cc2F)c3cnccn3)C(F)(F)F","Not Active","24992153"
"CHEMBL1095671","CCCCCCC[C@H](O)CC(=O)CCc1ccc(O)c(OC)c1","Not Active","20363635"
"CHEMBL3108796","CN(CCc1cn(C)c2ccccc12)C(=O)C3=CC(=O)c4c(OCc5ccc(Br)cc5)cccc4O3","Not Active","24304387"
"CHEMBL2398187","C[C@](O)(CCCNC1CC1)[C@H]2CC[C@]3(C)[C@@H]2[C@H](O)C[C@@H]4[C@@]5(C)CC[C@H](O)C(C)(C)[C@@H]5CC[C@@]34C","Not Active","23683834"
"CHEMBL118812","[O-][N+](=O)c1cccc(Nc2nc(nc3ccccc23)c4ccccc4)c1","Not Active","23017888"
"CHEMBL259094","COc1cc2CCN(Cc3ccc4ccccc4c3)Cc2cc1OC","Not Active","18276145"
"CHEMBL260654","COc1cc(O)c(C(=O)\C=C\c2c(OC)cccc2OC)c(OC)c1","Not Active","22449016"
"CHEMBL1526865","Cc1cc(C)n(n1)c2ccc(Cl)c(n2)C(=O)Nc3cc(ccc3Cl)C(F)(F)F","inactive",""
"CHEMBL25948","CCCCC\C=C\C(=O)CCc1ccc(O)c(OC)c1","Not Active","20363635"
"CHEMBL2143182","Cc1nc2cc(nn2c(N3CCN(CC3)C(=O)c4cocc4)c1C)c5ccc6OCOc6c5","inactive",""
"CHEMBL2138719","Cc1ccc(cc1)c2cc3nc(cc(N4CCN(CC4)C(=O)c5cocc5)n3n2)c6occc6","inactive",""
"CHEMBL375563","CC(=CCC[C@](C)(O)[C@H]1CC[C@]2(C)[C@@H]1[C@H](O)C[C@@H]3[C@@]4(C)CC[C@H](O)C(C)(C)[C@@H]4CC[C@@]23C)C","Not Active","23683834"
"CHEMBL2135201","O=C(N1CCN(CC1)c2cc(nc3cc(nn23)c4cccc(c4)c5occc5)c6occc6)c7cocc7","inactive",""
"CHEMBL3110293","COc1ccc2[nH]cc(CCNC(=O)C3=CC(=O)c4cc(OCc5ccc(Br)cc5)ccc4O3)c2c1","Not Active","24304387"
"CHEMBL2205645","COC(=O)CCOc1no[n+]([O-])c1S(=O)(=O)c2ccccc2","Not Active","24900337"
"CHEMBL2087549","CCc1nn2c(cccc2c1N(CC3CC3)CC4CCOCC4)c5c(OC)cc(COC)cc5OC.Cc6ccc(cc6)S(=O)(=O)O","Not Active","22587443"
"CHEMBL261391","COc1cccc(CCc2ccccc2OCc3cc(OC)cc(OC)c3)c1","Not Active","18257545"
"CHEMBL3237950","COc1cccc(CCc2ccccc2OCc3cc(OC)c(OC)c(OC)c3)c1","Not Active","24607999"
"CHEMBL3216140","Cl.Cl.COc1cc(OC)c2C(=O)c3c(OC)cc(CNCCN)cc3C(=O)c2c1","Not Active",""
"CHEMBL1916113","COc1cc(F)cc2c1nc(C)c3c(C)nc(c4ccncc4C)n23","Not Active","21988093"
"CHEMBL3764262","COc1cc(OC)c2C(=O)C=C(Oc2c1)N3CCN(Cc4ccc(cc4)S(=O)(=O)C)CC3","Not Active","26774038"
"CHEMBL1762621","COC(=O)[C@]12CCC(C)(C)C[C@H]1[C@H]3C(=O)C=C4[C@@](C)(CC[C@H]5C(C)(C)C(=O)C(=C[C@]45C)C#N)[C@]3(C)CC2","Not Active","25675144"
"CHEMBL2158542","FC(F)(F)c1cccc(Nc2nc(nc3ccccc23)c4ccccc4)c1","Not Active","23017888"
"CHEMBL3763735","COc1cc(O)c2C(=O)C=C(Oc2c1)C(=O)N3CCN(Cc4ccc(cc4)[N+](=O)[O-])CC3","Not Active","26774038"
"CHEMBL3764042","COc1cc(OC)c2C(=O)C=C(Oc2c1)N3CCN(Cc4ccccc4)CC3","Not Active","26774038"
"CHEMBL3764599","COc1cccc2OC(=CC(=O)c12)N3CCN(Cc4ccc(cc4)[N+](=O)[O-])CC3","Not Active","26774038"
"CHEMBL549472","CCCCCCCCC[C@H](O)CC(=O)CCc1ccc(O)c(OC)c1","Not Active","20363635"
"CHEMBL1510913","[O-][N+](=O)c1ccccc1c2onc(n2)c3oc(Br)cc3","inactive",""
"CHEMBL2398183","CCNCCC[C@](C)(O)[C@H]1CC[C@]2(C)[C@@H]1[C@H](O)C[C@@H]3[C@@]4(C)CC[C@H](O)C(C)(C)[C@@H]4CC[C@@]23C","Not Active","23683834"
"CHEMBL2331722","COCCOCCOCCOc1cc2CCN(Cc3ccc(cc3)c4ccc(C(=O)OC)c(NC(=O)c5ccc6ccccc6n5)c4)Cc2cc1OCCOCCOCCOC","Not Active","24900683"
"CHEMBL2138501","COc1cccc(c1)c2cc3nc(cc(N4CCN(CC4)C(=O)C)n3n2)c5occc5","inactive",""
"CHEMBL3764821","COc1cc(OC)c2C(=O)C=C(Oc2c1)N3CCN(Cc4ccc(N)cc4)CC3","Not Active","26774038"
"CHEMBL2133585","O=C(N1CCN(CC1)c2cc(nc3cc(nn23)c4cccs4)c5occc5)c6cocc6","inactive",""
"CHEMBL2138767","Fc1cccc(c1)c2cc(N3CCN(CC3)C(=O)c4cocc4)n5nc(cc5n2)c6ccccc6","inactive",""
"CHEMBL1094100","CCCCCCCCC\C(=C\C(=O)\C=C\c1ccc(O)c(OC)c1)\O","Not Active","20363635"
"CHEMBL1834566","COc1cc(OC)c(\C=C\C(=O)c2cn(C)c3ccccc23)c(OC)c1","Not Active","22449016"
"CHEMBL2398185","CC(C)NCCC[C@](C)(O)[C@H]1CC[C@]2(C)[C@@H]1[C@H](O)C[C@@H]3[C@@]4(C)CC[C@H](O)C(C)(C)[C@@H]4CC[C@@]23C","Not Active","23683834"
"CHEMBL468454","COc1ccc(cc1)[C@@]23Oc4cc(OC)cc(OC)c4[C@]2(O)[C@H](O)C[C@H]3c5ccccc5","Not Active","19655762"
"CHEMBL1716049","CCCCn1c(O)c(N=Nc2ccccn2)c3ccccc13","inactive",""
"CHEMBL404782","COc1cc(OC)cc(\C=C\C(=O)c2c(O)cc(OC)cc2OC)c1","Not Active","22449016"
"CHEMBL2130718","CC(=O)N1CCN(CC1)c2cc(C)nc3cc(nn23)c4cccc(F)c4","inactive",""
"CHEMBL2138502","COc1ccc(cc1)c2cc3nc(C)c(C)c(N4CCN(CC4)C(=O)C)n3n2","inactive",""
"CHEMBL2138737","Cc1ccc(cc1)c2cc3nc(cc(N4CCN(Cc5cocc5)CC4)n3n2)c6occc6","inactive",""
"CHEMBL1182213","C[C@H](Nc1c(c(Cl)nc2ncnn12)c3c(F)cc(OCCCN(C)C)cc3F)C(F)(F)F","Not Active","24992153"
"CHEMBL3110290","Cn1cc(CCNC(=O)C2=CC(=O)c3c(OCc4ccc(Br)cc4)cccc3O2)c5ccccc15","Not Active","24304387"
"CHEMBL2398189","C[C@](O)(CCCNCCN1CCNCC1)[C@H]2CC[C@]3(C)[C@@H]2[C@H](O)C[C@@H]4[C@@]5(C)CC[C@H](O)C(C)(C)[C@@H]5CC[C@@]34C","Not Active","23683834"
"CHEMBL57","Cc1ccnc2N(C3CC3)c4ncccc4C(=O)Nc12","Not Active","21189339"
"CHEMBL405615","COc1cc2CCN(Cc3ccc(cc3)c4ccccc4)Cc2cc1OC","Not Active","18276145"
"CHEMBL2135657","Cc1nc2cc(nn2c(N3CCN(CC3)C(=O)c4cocc4)c1C)c5ccccc5","inactive",""
"CHEMBL517602","C[C@H]1NC(=O)c2csc(n2)[C@@H](CC[S+](C)[O-])NC(=O)c3csc(n3)[C@@H](C)NC(=O)c4nc1oc4C","Not Active","8786364"
"CHEMBL2164944","COc1ccc(cc1)[C@@H]2CC(=O)c3c(O)cc(OC)cc3O2","Not Active","23137376"
"CHEMBL1565753","Cc1nc2cc(nn2c(N3CCN(CC3)C(=O)c4occc4)c1C)c5cccc(F)c5","inactive",""
"CHEMBL1483406","CCOc1ccc(NC(=O)c2cccc3CN(CCOC)C(=O)c23)cc1","inactive",""
"CHEMBL2203373","OC(=O)CCOc1no[n+]([O-])c1S(=O)(=O)c2ccccc2","Not Active","24900337"
"CHEMBL399290","C\C=C(/C)\C(=O)O[C@@H]1C=CC(=C)[C@H]2[C@@H]3OC(=O)C(=C)[C@@H]3CC[C@]12C","Not Active","18052129"
"CHEMBL3417346","OB(O)c1ccc(OCCCc2ccccc2)nc1","Not Active","25817769"
"CHEMBL2133979","Fc1ccc(cc1)c2cc3nc4CCCc4c(N5CCN(CC5)C(=O)c6occc6)n3n2","inactive",""
"CHEMBL2134695","O=C(Nc1ccccc1)C2CCN(CC2)c3cc(nc4cc(nn34)c5ccccc5)c6occc6","inactive",""
"CHEMBL3765286","COc1cc(OC)c2C(=O)C=C(NCCc3ccc(OC)c(OC)c3)Oc2c1","Not Active","26774038"
"CHEMBL556074","COc1cc(OC)c2c(O[C@]3([C@@H](C[C@@H](O)[C@@]23O)c4ccccc4)c5ccc(Br)cc5)c1","Not Active","19655762"
"CHEMBL2134322","Cc1cc(N2CCN(CC2)C(=O)C3CCCO3)n4nc(cc4n1)c5cccc(F)c5","inactive",""
