"Duplicates"
"CHEMBL44657","COc1cc(cc(OC)c1O)[C@H]2[C@@H]3[C@H](COC3=O)[C@H](O[C@@H]4O[C@@H]5CO[C@@H](C)O[C@H]5[C@H](O)[C@H]4O)c6cc7OCOc7cc26","substrate [+]","12948019"
"Etoposide","[H][C@]12COC(=O)[C@]1([H])[C@H](C1=CC(OC)=C(O)C(OC)=C1)C1=CC3=C(OCO3)C=C1[C@H]2O[C@@H]1O[C@]2([H])CO[C@@H](C)O[C@@]2([H])[C@H](O)[C@H]1O","Multidrug resistance protein 1","BE0001032","|substrate|inhibitor|","CHEMBL44657"
"Duplicates"
"CHEMBL1751","C[C@H]1O[C@H](C[C@H](O)[C@@H]1O)O[C@H]2[C@@H](O)C[C@H](O[C@H]3[C@@H](O)C[C@H](O[C@H]4CC[C@@]5(C)[C@H](CC[C@@H]6[C@@H]5C[C@@H](O)[C@]7(C)[C@H](CC[C@]67O)C8=CC(=O)OC8)C4)O[C@@H]3C)O[C@@H]2C","substrate [+]","12948010"
"Digoxin","[H][C@]12CC[C@]3([H])[C@]([H])(C[C@@H](O)[C@]4(C)[C@H](CC[C@]34O)C3=CC(=O)OC3)[C@@]1(C)CC[C@@H](C2)O[C@H]1C[C@H](O)[C@H](O[C@H]2C[C@H](O)[C@H](O[C@H]3C[C@H](O)[C@H](O)[C@@H](C)O3)[C@@H](C)O2)[C@@H](C)O1","Multidrug resistance protein 1","BE0001032","|substrate|inhibitor|inducer|","CHEMBL1751"
"Duplicates"
"CHEMBL53463","COc1cccc2C(=O)c3c(O)c4C[C@](O)(C[C@H](O[C@H]5C[C@H](N)[C@H](O)[C@H](C)O5)c4c(O)c3C(=O)c12)C(=O)CO","substrate [+]","14499271"
"Doxorubicin","COC1=CC=CC2=C1C(=O)C1=C(O)C3=C(C[C@](O)(C[C@@H]3O[C@H]3C[C@H](N)[C@H](O)[C@H](C)O3)C(=O)CO)C(O)=C1C2=O","Multidrug resistance protein 1","BE0001032","|substrate|inhibitor|inducer|","CHEMBL53463"
"Duplicates"
"CHEMBL163","CC(C)[C@H](NC(=O)N(C)Cc1csc(n1)C(C)C)C(=O)N[C@H](C[C@H](O)[C@H](Cc2ccccc2)NC(=O)OCc3cncs3)Cc4ccccc4","substrate [+]","11785684"
"Ritonavir","CC(C)[C@H](NC(=O)N(C)CC1=CSC(=N1)C(C)C)C(=O)N[C@H](C[C@H](O)[C@H](CC1=CC=CC=C1)NC(=O)OCC1=CN=CS1)CC1=CC=CC=C1","Multidrug resistance protein 1","BE0001032","|substrate|inhibitor|inducer|","CHEMBL163"
"Duplicates"
"CHEMBL499","CC(C)(C)NC[C@H](O)COc1nsnc1N2CCOCC2","substrate [+]","8953513"
"Timolol","[H][C@](O)(CNC(C)(C)C)COC1=NSN=C1N1CCOCC1","Multidrug resistance protein 1","BE0001032","|substrate|","CHEMBL499"
"Duplicates"
"CHEMBL914","CC(C)(C(=O)O)c1ccc(cc1)C(O)CCCN2CCC(CC2)C(O)(c3ccccc3)c4ccccc4","substrate [+]","10421612"
"Fexofenadine","CC(C)(C(O)=O)C1=CC=C(C=C1)C(O)CCCN1CCC(CC1)C(O)(C1=CC=CC=C1)C1=CC=CC=C1","Multidrug resistance protein 1","BE0001032","|substrate|inhibitor|","CHEMBL914"
"Duplicates"
"CHEMBL1554","CC(C)[C@H]1NC(=O)[C@@H](NC(=O)C2=C(N)C(=O)C(=C3Oc4c(C)ccc(C(=O)N[C@H]5[C@@H](C)OC(=O)[C@H](C(C)C)N(C)C(=O)CN(C)C(=O)[C@@H]6CCCN6C(=O)[C@H](NC5=O)C(C)C)c4N=C23)C)[C@@H](C)OC(=O)[C@H](C(C)C)N(C)C(=O)CN(C)C(=O)[C@@H]7CCCN7C1=O","substrate [Km=10uM]","1356264"
"Dactinomycin","[H][C@@]12CCCN1C(=O)[C@H](NC(=O)[C@@H](NC(=O)C1=C3N=C4C(OC3=C(C)C=C1)=C(C)C(=O)C(N)=C4C(=O)N[C@H]1[C@@H](C)OC(=O)[C@H](C(C)C)N(C)C(=O)CN(C)C(=O)[C@]3([H])CCCN3C(=O)[C@H](NC1=O)C(C)C)[C@@H](C)OC(=O)[C@H](C(C)C)N(C)C(=O)CN(C)C2=O)C(C)C","Multidrug resistance protein 1","BE0001032","|substrate|inhibitor|","CHEMBL1554"
"Duplicates"
"CHEMBL90555","CC[C@]1(O)C[C@H]2CN(CCc3c([nH]c4ccccc34)[C@@](C2)(C(=O)OC)c5cc6c(cc5OC)N(C=O)[C@H]7[C@](O)([C@H](OC(=O)C)[C@]8(CC)C=CCN9CC[C@]67[C@H]89)C(=O)OC)C1","substrate [+]","15231674"
"Vincristine","[H][C@@]12N3CC[C@@]11C4=CC(=C(OC)C=C4N(C=O)[C@@]1([H])[C@](O)([C@H](OC(C)=O)[C@]2(CC)C=CC3)C(=O)OC)[C@]1(C[C@]2([H])CN(C[C@](O)(CC)C2)CCC2=C1NC1=CC=CC=C21)C(=O)OC","Multidrug resistance protein 1","BE0001032","|substrate|inhibitor|inducer|","CHEMBL90555"
"Duplicates"
"CHEMBL583","CC1CN(CCN1)c2cc3N(C=C(C(=O)O)C(=O)c3c(C)c2F)C4CC4","substrate [+]","11370709"
"Grepafloxacin","CC1CN(CCN1)C1=C(F)C(C)=C2C(=O)C(=CN(C3CC3)C2=C1)C(O)=O","Multidrug resistance protein 1","BE0001032","|substrate|inhibitor|","CHEMBL583"
"Duplicates"
"CHEMBL115","CC(C)(C)NC(=O)[C@@H]1CN(Cc2cccnc2)CCN1C[C@@H](O)C[C@@H](Cc3ccccc3)C(=O)N[C@@H]4[C@H](O)Cc5ccccc45","substrate [+]","10604964"
"Indinavir","CC(C)(C)NC(=O)[C@@H]1CN(CC2=CN=CC=C2)CCN1C[C@@H](O)C[C@@H](CC1=CC=CC=C1)C(=O)N[C@@H]1[C@H](O)CC2=CC=CC=C12","Multidrug resistance protein 1","BE0001032","|substrate|inhibitor|inducer|","CHEMBL115"
"Duplicates"
"CHEMBL503","CC[C@H](C)C(=O)O[C@H]1C[C@@H](C)C=C2C=C[C@H](C)[C@H](CC[C@@H]3C[C@@H](O)CC(=O)O3)[C@@H]12","substrate [+]","10213372"
"Lovastatin","[H][C@]12[C@H](C[C@@H](C)C=C1C=C[C@H](C)[C@@H]2CC[C@@H]1C[C@@H](O)CC(=O)O1)OC(=O)[C@@H](C)CC","Multidrug resistance protein 1","BE0001032","|inhibitor|","CHEMBL503"
"Duplicates"
"CHEMBL650","C[C@H]1C[C@H]2[C@@H]3CC[C@](O)(C(=O)CO)[C@@]3(C)C[C@H](O)[C@@H]2[C@@]4(C)C=CC(=O)C=C14","substrate [+]","12948019"
"Methylprednisolone","[H][C@@]12CC[C@](O)(C(=O)CO)[C@@]1(C)C[C@H](O)[C@@]1([H])[C@@]2([H])C[C@H](C)C2=CC(=O)C=C[C@]12C","Multidrug resistance protein 1","BE0001032","|substrate|","CHEMBL650"
"Duplicates"
"CHEMBL632","C[C@H]1C[C@H]2[C@@H]3CCC4=CC(=O)C=C[C@]4(C)[C@@]3(F)[C@@H](O)C[C@]2(C)[C@@]1(O)C(=O)CO","substrate [+]","14661924"
"Betamethasone","[H][C@@]12C[C@H](C)[C@](O)(C(=O)CO)[C@@]1(C)C[C@H](O)[C@@]1(F)[C@@]2([H])CCC2=CC(=O)C=C[C@]12C","Multidrug resistance protein 1","BE0001032","|substrate|","CHEMBL632"
"Duplicates"
"CHEMBL632","C[C@H]1C[C@H]2[C@@H]3CCC4=CC(=O)C=C[C@]4(C)[C@@]3(F)[C@@H](O)C[C@]2(C)[C@@]1(O)C(=O)CO","substrate [+]","14661924"
"Dexamethasone","[H][C@@]12C[C@@H](C)[C@](O)(C(=O)CO)[C@@]1(C)C[C@H](O)[C@@]1(F)[C@@]2([H])CCC2=CC(=O)C=C[C@]12C","Multidrug resistance protein 1","BE0001032","|substrate|inhibitor|inducer|","CHEMBL384467"
"Duplicates"
"CHEMBL888","NC1=NC(=O)N(C=C1)[C@@H]2O[C@H](CO)[C@@H](O)C2(F)F","substrate [+]","12799644"
"Gemcitabine","NC1=NC(=O)N(C=C1)[C@@H]1O[C@H](CO)[C@@H](O)C1(F)F","Multidrug resistance protein 1","BE0001032","|substrate|","CHEMBL888"
"Duplicates"
"CHEMBL169901","NC(=N)N1CCc2ccccc2C1","substrate [+]","10213372"
"Debrisoquin","NC(=N)N1CCC2=CC=CC=C2C1","Multidrug resistance protein 1","BE0001032","|substrate|","CHEMBL169901"
"Duplicates"
"CHEMBL489","CC\C(=C(/c1ccc(O)cc1)\c2ccc(OCCN(C)C)cc2)\c3ccccc3","substrate [+]","7914405"
"Tamoxifen","CC\C(=C(/C1=CC=CC=C1)C1=CC=C(OCCN(C)C)C=C1)C1=CC=CC=C1","Multidrug resistance protein 1","BE0001032","|substrate|inhibitor|inducer|","CHEMBL83"
"Duplicates"
"CHEMBL716","OCCOCCN1CCN(CC1)C2=Nc3ccccc3Sc4ccccc24","substrate [Km=12.3uM]","12031686"
"Quetiapine","OCCOCCN1CCN(CC1)C1=NC2=CC=CC=C2SC2=CC=CC=C12","Multidrug resistance protein 1","BE0001032","|substrate|","CHEMBL716"
"Duplicates"
"CHEMBL850","C[C@@H]1CN(C[C@H](C)N1)c2c(F)c(N)c3C(=O)C(=CN(C4CC4)c3c2F)C(=O)O","substrate [+]","9756763"
"Sparfloxacin","C[C@H]1CN(C[C@@H](C)N1)C1=C(F)C(N)=C2C(=O)C(=CN(C3CC3)C2=C1F)C(O)=O","Multidrug resistance protein 1","BE0001032","|substrate|","CHEMBL850"
"Duplicates"
"CHEMBL642","CCCC(=O)Nc1ccc(OCC(O)CNC(C)C)c(c1)C(=O)C","substrate [+]","8953513"
"Acebutolol","CCCC(=O)NC1=CC(C(C)=O)=C(OCC(O)CNC(C)C)C=C1","Multidrug resistance protein 1","BE0001032","|substrate|","CHEMBL642"
"Duplicates"
"CHEMBL635","C[C@]12CC(=O)[C@H]3[C@@H](CCC4=CC(=O)C=C[C@]34C)[C@@H]1CC[C@]2(O)C(=O)CO","substrate [+]","14661924"
"Prednisone","[H][C@@]12CC[C@](O)(C(=O)CO)[C@@]1(C)CC(=O)[C@@]1([H])[C@@]2([H])CCC2=CC(=O)C=C[C@]12C","Multidrug resistance protein 1","BE0001032","|substrate|","CHEMBL635"
"Duplicates"
"CHEMBL1477","COCc1c(nc(C(C)C)c(\C=C\[C@@H](O)C[C@@H](O)CC(=O)O)c1c2ccc(F)cc2)C(C)C","substrate [+]","15322734"
"Cerivastatin","COCC1=C(C2=CC=C(F)C=C2)C(\C=C\[C@@H](O)C[C@@H](O)CC(O)=O)=C(C(C)C)N=C1C(C)C","Multidrug resistance protein 1","BE0001032","|substrate|","CHEMBL1477"
"Duplicates"
"CHEMBL219916","Clc1ccc2N(C3CCN(CCCN4C(=O)Nc5ccccc45)CC3)C(=O)Nc2c1","substrate [+]","12954186"
"Domperidone","ClC1=CC2=C(C=C1)N(C1CCN(CCCN3C(=O)NC4=CC=CC=C34)CC1)C(=O)N2","Multidrug resistance protein 1","BE0001032","|substrate|","CHEMBL219916"
"Duplicates"
"CHEMBL193482","C[C@]12CC[C@H]3[C@@H](CCc4cc(O)ccc34)[C@@H]1C[C@@H](O)[C@@H]2O","substrate [+]","15290871"
"Estriol","[H][C@@]12C[C@@H](O)[C@H](O)[C@@]1(C)CC[C@]1([H])C3=C(CC[C@@]21[H])C=C(O)C=C3","Multidrug resistance protein 1","BE0001032","|substrate|inducer|","CHEMBL193482"
"Duplicates"
"CHEMBL33","C[C@H]1COc2c(N3CCN(C)CC3)c(F)cc4C(=O)C(=CN1c24)C(=O)O","substrate [+]","15032316"
"Levofloxacin","C[C@H]1COC2=C3N1C=C(C(O)=O)C(=O)C3=CC(F)=C2N1CCN(C)CC1","Multidrug resistance protein 1","BE0001032","|substrate|inhibitor|","CHEMBL33"
"Duplicates"
"CHEMBL1823872","C[C@@H](O)[C@@H]1NC(=O)[C@H](Cc2ccccc2)NC(=O)[C@@H](NC(=O)[C@H](CCCCN)NC(=O)[C@H](Cc3c[nH]c4ccccc34)NC(=O)[C@H](Cc5ccccc5)NC(=O)[C@H](Cc6ccccc6)NC(=O)[C@H](CC(=O)N)NC(=O)[C@H](CCCCN)NC(=O)[C@H](CSSC[C@H](NC(=O)[C@H](CO)NC1=O)C(=O)O)NC(=O)CNC(=O)[C@H](C)N)[C@@H](C)O","substrate [+]","15358539"
"Somatostatin","C[C@@H](O)[C@@H]1NC(=O)[C@H](CC2=CC=CC=C2)NC(=O)[C@@H](NC(=O)[C@H](CCCCN)NC(=O)[C@H](CC2=CNC3=C2C=CC=C3)NC(=O)[C@H](CC2=CC=CC=C2)NC(=O)[C@H](CC2=CC=CC=C2)NC(=O)[C@H](CC(N)=O)NC(=O)[C@H](CCCCN)NC(=O)[C@H](CSSC[C@H](NC(=O)[C@H](CO)NC1=O)C(O)=O)NC(=O)CNC(=O)[C@H](C)N)[C@@H](C)O","Multidrug resistance protein 1","BE0001032","|substrate|","CHEMBL1823872"
"Duplicates"
"CHEMBL941","CN1CCN(Cc2ccc(cc2)C(=O)Nc3ccc(C)c(Nc4nccc(n4)c5cccnc5)c3)CC1","substrate [+]","15315971"
"Imatinib","CN1CCN(CC2=CC=C(C=C2)C(=O)NC2=CC(NC3=NC=CC(=N3)C3=CN=CC=C3)=C(C)C=C2)CC1","Multidrug resistance protein 1","BE0001032","|substrate|inhibitor|","CHEMBL941"
"Duplicates"
"CHEMBL269732","CO[C@@H]1C[C@@H](CC[C@H]1O)\C=C(/C)\[C@H]2OC(=O)[C@@H]3CCCCN3C(=O)C(=O)[C@]4(O)O[C@H]([C@H](C[C@@H](C)C\C(=C\[C@@H](CC=C)C(=O)C[C@H](O)[C@H]2C)\C)OC)[C@H](C[C@H]4C)OC","substrate [+]","15180340"
"Tacrolimus","CO[C@@H]1C[C@@H](CC[C@H]1O)\C=C(/C)[C@H]1OC(=O)[C@@H]2CCCCN2C(=O)C(=O)[C@]2(O)O[C@@H]([C@H](C[C@H]2C)OC)[C@H](C[C@@H](C)C\C(C)=C\[C@@H](CC=C)C(=O)C[C@H](O)[C@H]1C)OC","Multidrug resistance protein 1","BE0001032","|substrate|inhibitor|inducer|","CHEMBL269732"
"Duplicates"
"CHEMBL715","CN1CCN(CC1)C2=Nc3ccccc3Nc4sc(C)cc24","substrate [Km=8.3uM]","12031686"
"Olanzapine","CN1CCN(CC1)C1=NC2=CC=CC=C2NC2=C1C=C(C)S2","Multidrug resistance protein 1","BE0001032","|substrate|","CHEMBL715"
"Duplicates"
"CHEMBL27769","C[C@]12CC[C@H]3[C@@H](CC[C@H]4CC(=O)CC[C@]34C)[C@@H]1CC[C@@H]2O","substrate [+]","14991868"
"Stanolone","[H][C@@]12CC[C@H](O)[C@@]1(C)CC[C@@]1([H])[C@@]2([H])CC[C@@]2([H])CC(=O)CC[C@]12C","Multidrug resistance protein 1","BE0001032","|substrate|","CHEMBL27769"
"Duplicates"
"CHEMBL1106","NC1=NCC2N1c3ccccc3Cc4ccccc24","substrate [+]","15100174"
"Epinastine","NC1=NCC2N1C1=CC=CC=C1CC1=CC=CC=C21","Multidrug resistance protein 1","BE0001032","|substrate|","CHEMBL1106"
"Duplicates"
"CHEMBL254219","C[C@H]1O[C@H](C[C@H](O)[C@@H]1O)O[C@H]2[C@@H](O)C[C@H](O[C@H]3[C@@H](O)C[C@H](O[C@H]4CC[C@@]5(C)[C@H](CC[C@@H]6[C@@H]5CC[C@]7(C)[C@H](CC[C@]67O)C8=CC(=O)OC8)C4)O[C@@H]3C)O[C@@H]2C","substrate [+]","11284449"
"Digitoxin","[H][C@]12CC[C@]3([H])[C@]([H])(CC[C@]4(C)[C@H](CC[C@]34O)C3=CC(=O)OC3)[C@@]1(C)CC[C@@H](C2)O[C@H]1C[C@H](O)[C@H](O[C@H]2C[C@H](O)[C@H](O[C@H]3C[C@H](O)[C@H](O)[C@@H](C)O3)[C@@H](C)O2)[C@@H](C)O1","Multidrug resistance protein 1","BE0001032","|substrate|","CHEMBL254219"
"Duplicates"
"CHEMBL273453","C[C@]12CCC(=O)C=C1CC[C@H]3[C@@H]4CC[C@H](C(=O)CO)[C@]4(C[C@H](O)[C@H]23)C=O","substrate [+]","1360010"
"Aldosterone","[H][C@@]1(CC[C@@]2([H])[C@]3([H])CCC4=CC(=O)CC[C@]4(C)[C@@]3([H])[C@@]([H])(O)C[C@]12C=O)C(=O)CO","Multidrug resistance protein 1","BE0001032","|substrate|inducer|","CHEMBL273453"
"Duplicates"
"CHEMBL481","CCc1c2CN3C(=O)C4=C(C=C3c2nc5ccc(OC(=O)N6CCC(CC6)N7CCCCC7)cc15)[C@@](O)(CC)C(=O)OC4","transporter substrate","20190787"
"Irinotecan","CCC1=C2CN3C(=CC4=C(COC(=O)[C@]4(O)CC)C3=O)C2=NC2=C1C=C(OC(=O)N1CCC(CC1)N1CCCCC1)C=C2","Multidrug resistance protein 1","BE0001032","|substrate|","CHEMBL481"
"Duplicates"
"CHEMBL1405","C[C@]12CC[C@H]3[C@@H](CCc4cc(O)ccc34)[C@@H]1CCC2=O","substrate [+]","15290871"
"Estrone","[H][C@@]12CCC(=O)[C@@]1(C)CC[C@]1([H])C3=C(CC[C@@]21[H])C=C(O)C=C3","Multidrug resistance protein 1","BE0001032","|substrate|inducer|","CHEMBL1405"
"Duplicates"
"CHEMBL131","C[C@]12C[C@H](O)[C@H]3[C@@H](CCC4=CC(=O)C=C[C@]34C)[C@@H]1CC[C@]2(O)C(=O)CO","substrate [+]","14661924"
"Prednisolone","[H][C@@]12CC[C@](O)(C(=O)CO)[C@@]1(C)C[C@H](O)[C@@]1([H])[C@@]2([H])CCC2=CC(=O)C=C[C@]12C","Multidrug resistance protein 1","BE0001032","|substrate|","CHEMBL131"
"Duplicates"
"CHEMBL134","Clc1cccc(Cl)c1NC2=NCCN2","substrate [+]","12954186"
"Clonidine","ClC1=CC=CC(Cl)=C1NC1=NCCN1","Multidrug resistance protein 1","BE0001032","|substrate|","CHEMBL134"
"Duplicates"
"CHEMBL84","CC[C@@]1(O)C(=O)OCC2=C1C=C3N(Cc4cc5c(CN(C)C)c(O)ccc5nc34)C2=O","substrate [+]","15180340"
"Topotecan","CC[C@@]1(O)C(=O)OCC2=C1C=C1N(CC3=CC4=C(C=CC(O)=C4CN(C)C)N=C13)C2=O","Multidrug resistance protein 1","BE0001032","|substrate|","CHEMBL84"
"Duplicates"
"CHEMBL1201219","CC(=O)O[C@H]1C[C@@H]2CC[C@@H]3[C@H](CC[C@@]4(C)[C@H]3C[C@@H]([C@@H]4OC(=O)C)[N+]5(C)CCCCC5)[C@@]2(C)C[C@@H]1N6CCCCC6","substrate [+]","9655875"
"Vecuronium","[H][C@@]12C[C@@H]([C@H](OC(C)=O)[C@@]1(C)CC[C@@]1([H])[C@@]2([H])CC[C@@]2([H])C[C@H](OC(C)=O)[C@H](C[C@]12C)N1CCCCC1)[N+]1(C)CCCCC1","Multidrug resistance protein 1","BE0001032","|substrate|","CHEMBL1201219"
"Duplicates"
"CHEMBL135","C[C@]12CC[C@H]3[C@@H](CCc4cc(O)ccc34)[C@@H]1CC[C@@H]2O","substrate [+]","7914405"
"Estradiol","[H][C@@]12CC[C@H](O)[C@@]1(C)CC[C@]1([H])C3=C(CC[C@@]21[H])C=C(O)C=C3","Multidrug resistance protein 1","BE0001032","|substrate|","CHEMBL135"
"Duplicates"
"CHEMBL411","CC\C(=C(\CC)/c1ccc(O)cc1)\c2ccc(O)cc2","substrate [+]","7914405"
"Diethylstilbestrol","CCC(=C(CC)C1=CC=C(O)C=C1)C1=CC=C(O)C=C1","Multidrug resistance protein 1","BE0001032","|substrate|","CHEMBL411"
"Duplicates"
"CHEMBL1655","CN(C)CCOc1ccc(cc1)\C(=C(\CCCl)/c2ccccc2)\c3ccccc3","substrate [+]","7914405"
"Toremifene","CN(C)CCOC1=CC=C(C=C1)C(=C(\CCCl)C1=CC=CC=C1)\C1=CC=CC=C1","Multidrug resistance protein 1","BE0001032","|substrate|","CHEMBL1655"
"Duplicates"
"CHEMBL42","CN1CCN(CC1)C2=Nc3cc(Cl)ccc3Nc4ccccc24","substrate [Km=58uM]","12031686"
"Clozapine","CN1CCN(CC1)C1=NC2=CC(Cl)=CC=C2NC2=CC=CC=C12","Multidrug resistance protein 1","BE0001032","|substrate|","CHEMBL42"
"Duplicates"
"CHEMBL691","C[C@]12CC[C@H]3[C@@H](CCc4cc(O)ccc34)[C@@H]1CC[C@@]2(O)C#C","substrate [+]","15290871"
"Ethinyl Estradiol","[H][C@@]12CC[C@@](O)(C#C)[C@@]1(C)CC[C@]1([H])C3=C(CC[C@@]21[H])C=C(O)C=C3","Multidrug resistance protein 1","BE0001032","|substrate|","CHEMBL691"
"Duplicates"
"CHEMBL3545252","O.O.O.CC(=O)O[C@@]12CO[C@@H]1C[C@H](O)[C@]3(C)[C@@H]2[C@H](OC(=O)c4ccccc4)[C@]5(O)C[C@H](OC(=O)[C@H](O)[C@@H](NC(=O)OC(C)(C)C)c6ccccc6)C(=C([C@@H](O)C3=O)C5(C)C)C","substrate [+]","7945455"
"Docetaxel","[H][C@@]12C[C@H](O)[C@@]3(C)C(=O)[C@H](O)C4=C(C)[C@H](C[C@@](O)([C@@H](OC(=O)C5=CC=CC=C5)[C@]3([H])[C@@]1(CO2)OC(C)=O)C4(C)C)OC(=O)[C@H](O)[C@@H](NC(=O)OC(C)(C)C)C1=CC=CC=C1","Multidrug resistance protein 1","BE0001032","|substrate|","CHEMBL92"
"Duplicates"
"CHEMBL564085","CO[C@H]1C[C@H](O[C@H]2[C@H](C)[C@@H](O[C@@H]3O[C@H](C)C[C@@H]([C@H]3OC(=O)C)N(C)C)[C@@H](C)C[C@@]4(CO4)C(=O)[C@H](C)[C@@H](OC(=O)C)[C@@H](C)[C@@H](C)OC(=O)[C@@H]2C)O[C@@H](C)[C@@H]1OC(=O)C","inhibitor [Ki=483.3uM]","11961113"
"Troleandomycin","CO[C@H]1C[C@H](O[C@H]2[C@H](C)[C@@H](O[C@@H]3O[C@H](C)C[C@@H]([C@H]3OC(C)=O)N(C)C)[C@@H](C)C[C@@]3(CO3)C(=O)[C@H](C)[C@@H](OC(C)=O)[C@@H](C)[C@@H](C)OC(=O)[C@@H]2C)O[C@@H](C)[C@@H]1OC(C)=O","Multidrug resistance protein 1","BE0001032","|inhibitor|","CHEMBL564085"
"Duplicates"
"CHEMBL1064","CCC(C)(C)C(=O)O[C@H]1C[C@@H](C)C=C2C=C[C@H](C)[C@H](CC[C@@H]3C[C@@H](O)CC(=O)O3)[C@@H]12","inhibitor [IC50=26.1uM]","11716514"
"Simvastatin","[H][C@]12[C@H](C[C@@H](C)C=C1C=C[C@H](C)[C@@H]2CC[C@@H]1C[C@@H](O)CC(=O)O1)OC(=O)C(C)(C)CC","Multidrug resistance protein 1","BE0001032","|inhibitor|","CHEMBL1064"
"Duplicates"
"CHEMBL1726","COC(=O)C1=C(C)NC(=C(C1c2ccccc2[N+](=O)[O-])C(=O)OCC(C)C)C","inhibitor [IC50=44.1uM]","12128170"
"Nisoldipine","COC(=O)C1=C(C)NC(C)=C(C1C1=CC=CC=C1[N+]([O-])=O)C(=O)OCC(C)C","Multidrug resistance protein 1","BE0001032","|inhibitor|","CHEMBL1726"
"Duplicates"
"CHEMBL772","CO[C@H]1[C@@H](C[C@@H]2CN3CCc4c([nH]c5cc(OC)ccc45)[C@H]3C[C@@H]2[C@@H]1C(=O)OC)OC(=O)c6cc(OC)c(OC)c(OC)c6","inhibitor [Ki=2.31 +/- 0.35uM]","12636153"
"Reserpine","[H][C@]12C[C@@H](OC(=O)C3=CC(OC)=C(OC)C(OC)=C3)[C@H](OC)[C@@H](C(=O)OC)[C@@]1([H])C[C@@]1([H])N(CCC3=C1NC1=C3C=CC(OC)=C1)C2","Multidrug resistance protein 1","BE0001032","|substrate|inhibitor|inducer|","CHEMBL772"
"Duplicates"
"CHEMBL1491","CCOC(=O)C1=C(COCCN)NC(=C(C1c2ccccc2Cl)C(=O)OC)C","inhibitor [IC50=22uM]","11145223"
"Amlodipine","CCOC(=O)C1=C(COCCN)NC(C)=C(C1C1=CC=CC=C1Cl)C(=O)OC","Multidrug resistance protein 1","BE0001032","|inhibitor|","CHEMBL1491"
"Duplicates"
"CHEMBL723","COc1ccccc1OCCNCC(O)COc2cccc3[nH]c4ccccc4c23","inhibitor [+]","11895100"
"Carvedilol","COC1=CC=CC=C1OCCNCC(O)COC1=CC=CC2=C1C1=CC=CC=C1N2","Multidrug resistance protein 1","BE0001032","|inhibitor|","CHEMBL723"
"Duplicates"
"CHEMBL159","CC[C@]1(O)C[C@@H]2CN(CCc3c([nH]c4ccccc34)[C@@](C2)(C(=O)OC)c5cc6c(cc5OC)N(C)[C@H]7[C@](O)([C@H](OC(=O)C)[C@]8(CC)C=CCN9CC[C@]67[C@H]89)C(=O)OC)C1","inhibitor [Ki=2.1uM]","9751076"
"Vinblastine","[H][C@@]12N(C)C3=CC(OC)=C(C=C3[C@@]11CCN3CC=C[C@](CC)([C@@]13[H])[C@@]([H])(OC(C)=O)[C@]2(O)C(=O)OC)[C@]1(C[C@@]2([H])CN(C[C@](O)(CC)C2)CCC2=C1NC1=CC=CC=C21)C(=O)OC","Multidrug resistance protein 1","BE0001032","|substrate|inhibitor|inducer|","CHEMBL159"
"Duplicates"
"CHEMBL668","CNCCCC1c2ccccc2C=Cc3ccccc13","inhibitor [(at a rough estimate) 80 % inhibition]","11082465"
"Protriptyline","CNCCCC1C2=CC=CC=C2C=CC2=CC=CC=C12","Multidrug resistance protein 1","BE0001032","|inhibitor|","CHEMBL668"
"Duplicates"
"CHEMBL17157","CC(C)(C)c1ccc(cc1)C(O)CCCN2CCC(CC2)C(O)(c3ccccc3)c4ccccc4","inhibitor [+]","8094615"
"Terfenadine","CC(C)(C)C1=CC=C(C=C1)C(O)CCCN1CCC(CC1)C(O)(C1=CC=CC=C1)C1=CC=CC=C1","Multidrug resistance protein 1","BE0001032","|inhibitor|","CHEMBL17157"
"Duplicates"
"CHEMBL655","Cc1ncc2CN=C(c3ccccc3F)c4cc(Cl)ccc4n12","inhibitor [IC50>50uM]","12699389"
"Midazolam","CC1=NC=C2CN=C(C3=CC=CC=C3F)C3=C(C=CC(Cl)=C3)N12","Multidrug resistance protein 1","BE0001032","|substrate|inhibitor|inducer|","CHEMBL655"
"Duplicates"
"CHEMBL278172","CCOC(=O)c1ccc(N)cc1","inhibitor [+]","14985103"
"Benzocaine","CCOC(=O)C1=CC=C(N)C=C1","Multidrug resistance protein 1","BE0001032","|inhibitor|","CHEMBL278172"
"Duplicates"
"CHEMBL107","COC1=CC=C2C(=CC1=O)[C@H](CCc3cc(OC)c(OC)c(OC)c23)NC(=O)C","inhibitor [IC50>50uM]","12699389"
"Colchicine","COC1=CC2=C(C(OC)=C1OC)C1=CC=C(OC)C(=O)C=C1C(CC2)NC(C)=O","Multidrug resistance protein 1","BE0001032","|substrate|inhibitor|","CHEMBL87"
"Duplicates"
"CHEMBL490","Fc1ccc(cc1)[C@@H]2CCNC[C@H]2COc3ccc4OCOc4c3","inhibitor [IC50=29.8uM]","12649369"
"Paroxetine","FC1=CC=C(C=C1)[C@@H]1CCNC[C@H]1COC1=CC2=C(OCO2)C=C1","Multidrug resistance protein 1","BE0001032","|inhibitor|","CHEMBL490"
"Duplicates"
"CHEMBL1732","CN1C[C@@H](C[C@H]2[C@H]1Cc3c[nH]c4cccc2c34)C(=O)N[C@]5(C)O[C@@]6(O)[C@@H]7CCCN7C(=O)[C@H](Cc8ccccc8)N6C5=O","inhibitor [Ki>1000uM]","11961113"
"Dihydroergotamine","[H][C@@]12CCCN1C(=O)[C@H](CC1=CC=CC=C1)N1C(=O)[C@](C)(NC(=O)[C@H]3CN(C)[C@]4([H])CC5=CNC6=CC=CC(=C56)[C@@]4([H])C3)O[C@@]21O","Multidrug resistance protein 1","BE0001032","|inhibitor|","CHEMBL1732"
"Duplicates"
"CHEMBL422","CN1CCN(CCCN2c3ccccc3Sc4ccc(cc24)C(F)(F)F)CC1","inhibitor [IC50=7.2uM]","11716514"
"Trifluoperazine","CN1CCN(CCCN2C3=CC=CC=C3SC3=C2C=C(C=C3)C(F)(F)F)CC1","Multidrug resistance protein 1","BE0001032","|inhibitor|","CHEMBL422"
"Duplicates"
"CHEMBL1484","COC(=O)C1=C(C)NC(=C(C1c2cccc(c2)[N+](=O)[O-])C(=O)OCCN(C)Cc3ccccc3)C","inhibitor [IC50>25.8uM]","11716514"
"Nicardipine","COC(=O)C1=C(C)NC(C)=C(C1C1=CC(=CC=C1)[N+]([O-])=O)C(=O)OCCN(C)CC1=CC=CC=C1","Multidrug resistance protein 1","BE0001032","|substrate|inhibitor|","CHEMBL1484"
"Duplicates"
"CHEMBL22587","CCC(C)N1N=CN(C1=O)c2ccc(cc2)N3CCN(CC3)c4ccc(OC[C@H]5CO[C@@](Cn6cncn6)(O5)c7ccc(Cl)cc7Cl)cc4","inhibitor [+]","10746169"
"Itraconazole","CCC(C)N1N=CN(C1=O)C1=CC=C(C=C1)N1CCN(CC1)C1=CC=C(OC[C@H]2CO[C@@](CN3C=NC=N3)(O2)C2=C(Cl)C=C(Cl)C=C2)C=C1","Multidrug resistance protein 1","BE0001032","|inhibitor|","CHEMBL22587"
"Duplicates"
"CHEMBL2","COc1cc2nc(nc(N)c2cc1OC)N3CCN(CC3)C(=O)c4occc4","inhibitor [+]","11602674"
"Prazosin","COC1=C(OC)C=C2C(N)=NC(=NC2=C1)N1CCN(CC1)C(=O)C1=CC=CO1","Multidrug resistance protein 1","BE0001032","|substrate|inhibitor|","CHEMBL2"
"Duplicates"
"CHEMBL634","CCN1N=NN(CCN2CCC(COC)(CC2)N(C(=O)CC)c3ccccc3)C1=O","inhibitor [IC50=112uM]","11964599"
"Alfentanil","CCN1N=NN(CCN2CCC(COC)(CC2)N(C(=O)CC)C2=CC=CC=C2)C1=O","Multidrug resistance protein 1","BE0001032","|inhibitor|","CHEMBL634"
"Duplicates"
"CHEMBL36148","COc1ccc(CCN(C)CCC[C@](C#N)(C(C)C)c2ccc(OC)c(OC)c2)cc1OC","inhibitor [IC50=2.44uM]","12569305"
"Verapamil","COC1=C(OC)C=C(CCN(C)CCCC(C#N)(C(C)C)C2=CC(OC)=C(OC)C=C2)C=C1","Multidrug resistance protein 1","BE0001032","|substrate|inhibitor|inducer|","CHEMBL6966"
"Duplicates"
"CHEMBL44","Oc1ccc(cc1)C2=COc3cc(O)cc(O)c3C2=O","inhibitor [+]","8980395"
"Genistein","OC1=CC=C(C=C1)C1=COC2=C(C(O)=CC(O)=C2)C1=O","Multidrug resistance protein 1","BE0001032","|inhibitor|","CHEMBL44"
"Duplicates"
"CHEMBL41","CNCCC(Oc1ccc(cc1)C(F)(F)F)c2ccccc2","inhibitor [IC50=115.5uM]","12649369"
"Fluoxetine","CNCCC(OC1=CC=C(C=C1)C(F)(F)F)C1=CC=CC=C1","Multidrug resistance protein 1","BE0001032","|inhibitor|","CHEMBL41"
"Duplicates"
"CHEMBL637","COc1ccc(cc1)C(CN(C)C)C2(O)CCCCC2","inhibitor [+]","12649369"
"Venlafaxine","COC1=CC=C(C=C1)C(CN(C)C)C1(O)CCCCC1","Multidrug resistance protein 1","BE0001032","|substrate|inhibitor|","CHEMBL637"
"Duplicates"
"CHEMBL413","CO[C@@H]1C[C@H](C[C@@H](C)[C@@H]2CC(=O)[C@H](C)\C=C(/C)\[C@@H](O)[C@@H](OC)C(=O)[C@H](C)C[C@H](C)\C=C\C=C\C=C(/C)\[C@H](C[C@@H]3CC[C@@H](C)[C@@](O)(O3)C(=O)C(=O)N4CCCC[C@H]4C(=O)O2)OC)CC[C@H]1O","inhibitor [+]","14985103"
"Sirolimus","[H][C@@]1(C[C@@H](C)[C@]2([H])CC(=O)[C@H](C)\C=C(C)\[C@@H](O)[C@@H](OC)C(=O)[C@H](C)C[C@H](C)\C=C\C=C\C=C(C)\[C@H](C[C@]3([H])CC[C@@H](C)[C@@](O)(O3)C(=O)C(=O)N3CCCC[C@@]3([H])C(=O)O2)OC)CC[C@@H](O)[C@@H](C1)OC","Multidrug resistance protein 1","BE0001032","|inhibitor|inducer|","CHEMBL413"
"Duplicates"
"CHEMBL193","COC(=O)C1=C(C)NC(=C(C1c2ccccc2[N+](=O)[O-])C(=O)OC)C","inhibitor [56 % inhibition]","10213372"
"Nifedipine","COC(=O)C1=C(C)NC(C)=C(C1C1=CC=CC=C1[N+]([O-])=O)C(=O)OC","Multidrug resistance protein 1","BE0001032","|substrate|inhibitor|inducer|","CHEMBL193"
"Duplicates"
"CHEMBL1201139","CC(=O)O[C@@]1(CC[C@H]2[C@@H]3C=C(C)C4=CC(=O)CC[C@]4(C)[C@H]3CC[C@]12C)C(=O)C","inhibitor [+]","8194172"
"Megestrol acetate","[H][C@@]12CC[C@](OC(C)=O)(C(C)=O)[C@@]1(C)CC[C@@]1([H])[C@@]2([H])C=C(C)C2=CC(=O)CC[C@]12C","Multidrug resistance protein 1","BE0001032","|inhibitor|","CHEMBL1201139"
"Duplicates"
"CHEMBL42055","OCCN1CCN(CC\C=C\2/c3ccccc3Sc4ccc(cc24)C(F)(F)F)CC1","inhibitor [+]","8094615"
"Flupentixol","[H]\C(CCN1CCN(CCO)CC1)=C1/C2=CC=CC=C2SC2=C1C=C(C=C2)C(F)(F)F","Multidrug resistance protein 1","BE0001032","|inhibitor|","CHEMBL54661"
"Duplicates"
"CHEMBL1480","CCOC(=O)C1=C(C)NC(=C(C1c2cccc(Cl)c2Cl)C(=O)OC)C","inhibitor [IC50=26.3uM]","11716514"
"Felodipine","CCOC(=O)C1=C(C)NC(C)=C(C1C1=C(Cl)C(Cl)=CC=C1)C(=O)OC","Multidrug resistance protein 1","BE0001032","|inhibitor|","CHEMBL1480"
"Duplicates"
"CHEMBL45816","COCC(=O)O[C@]1(CCN(C)CCCc2nc3ccccc3[nH]2)CCc4cc(F)ccc4[C@@H]1C(C)C","inhibitor [IC50=1.2uM]","11961113"
"Mibefradil","COCC(=O)O[C@]1(CCN(C)CCCC2=NC3=CC=CC=C3N2)CCC2=C(C=CC(F)=C2)[C@@H]1C(C)C","Multidrug resistance protein 1","BE0001032","|inhibitor|","CHEMBL45816"
"Duplicates"
"CHEMBL472","COc1ccc(Cl)cc1C(=O)NCCc2ccc(cc2)S(=O)(=O)NC(=O)NC3CCCCC3","inhibitor [+]","10087141"
"Glyburide","COC1=C(C=C(Cl)C=C1)C(=O)NCCC1=CC=C(C=C1)S(=O)(=O)NC(=O)NC1CCCCC1","Multidrug resistance protein 1","BE0001032","|inhibitor|","CHEMBL472"
"Duplicates"
"CHEMBL1172","Clc1ccc2C(=C3CCNCC3)c4ncccc4CCc2c1","inhibitor [IC50=43uM]","11454724"
"Desloratadine","ClC1=CC2=C(C=C1)C(=C1CCNCC1)C1=C(CC2)C=CC=N1","Multidrug resistance protein 1","BE0001032","|inhibitor|","CHEMBL1172"
"Duplicates"
"CHEMBL596","CCC(=O)N(C1CCN(CCc2ccccc2)CC1)c3ccccc3","inhibitor [IC50=6.5uM]","11964599"
"Fentanyl","CCC(=O)N(C1CCN(CCC2=CC=CC=C2)CC1)C1=CC=CC=C1","Multidrug resistance protein 1","BE0001032","|inhibitor|","CHEMBL596"
"Duplicates"
"CHEMBL9352","Oc1ccc(cc1)[C@@H]2CC(=O)c3c(O)cc(O)cc3O2","inhibitor [+]","14980703"
"Naringenin","[H][C@]1(CC(=O)C2=C(O1)C=C(O)C=C2O)C1=CC=C(O)C=C1","Multidrug resistance protein 1","BE0001032","|downregulator|","CHEMBL9352"
"Duplicates"
"CHEMBL112570","CC(C)CCC[C@@H](C)[C@H]1CC[C@H]2[C@@H]3CC=C4C[C@@H](O)CC[C@]4(C)[C@H]3CC[C@]12C","inhibitor [IC50=8.2uM]","11027568"
"Cholesterol","[H][C@@]1(CC[C@@]2([H])[C@]3([H])CC=C4C[C@@H](O)CC[C@]4(C)[C@@]3([H])CC[C@]12C)[C@H](C)CCCC(C)C","Multidrug resistance protein 1","BE0001032","|inhibitor|","CHEMBL112570"
"Duplicates"
"CHEMBL809","CN[C@H]1CC[C@@H](c2ccc(Cl)c(Cl)c2)c3ccccc13","inhibitor [IC50=31.8uM]","12649369"
"Sertraline","CN[C@H]1CC[C@@H](C2=CC(Cl)=C(Cl)C=C2)C2=CC=CC=C12","Multidrug resistance protein 1","BE0001032","|inhibitor|","CHEMBL809"
"Duplicates"
"CHEMBL1292","CC(C)\N=C\1/C=C2N(c3ccc(Cl)cc3)c4ccccc4N=C2C=C1Nc5ccc(Cl)cc5","inhibitor [IC50=1uM]","11716514"
"Clofazimine","CC(C)N=C1C=C2N(C3=CC=C(Cl)C=C3)C3=C(C=CC=C3)N=C2C=C1NC1=CC=C(Cl)C=C1","Multidrug resistance protein 1","BE0001032","|inhibitor|","CHEMBL1292"
"Duplicates"
"CHEMBL119443","C[C@@H](CO)NC(=O)[C@H]1CN(C)[C@@H]2Cc3c[nH]c4cccc(C2=C1)c34","inhibitor [Ki=115.5uM]","11961113"
"Ergonovine","[H][C@@]12CC3=CNC4=CC=CC(=C34)C1=C[C@H](CN2C)C(=O)N[C@@H](C)CO","Multidrug resistance protein 1","BE0001032","|inhibitor|","CHEMBL119443"
"Duplicates"
"CHEMBL416956","OC(C1CCCCN1)c2cc(nc3c(cccc23)C(F)(F)F)C(F)(F)F","inhibitor [+]","11031728"
"Mefloquine","OC(C1CCCCN1)C1=CC(=NC2=C1C=CC=C2C(F)(F)F)C(F)(F)F","Multidrug resistance protein 1","BE0001032","|inhibitor|","CHEMBL416956"
"Duplicates"
"CHEMBL1487","CC(C)c1c(C(=O)Nc2ccccc2)c(c3ccccc3)c(c4ccc(F)cc4)n1CC[C@@H](O)C[C@@H](O)CC(=O)O","inhibitor [IC50=271uM]","11474784"
"Atorvastatin","CC(C)C1=C(C(=O)NC2=CC=CC=C2)C(=C(N1CC[C@@H](O)C[C@@H](O)CC(O)=O)C1=CC=C(F)C=C1)C1=CC=CC=C1","Multidrug resistance protein 1","BE0001032","|inhibitor|","CHEMBL1487"
"Duplicates"
"CHEMBL1423","Fc1ccc(cc1)C(CCCN2CCC(CC2)N3C(=O)Nc4ccccc34)c5ccc(F)cc5","inhibitor [37 % of control]","12699389"
"Pimozide","FC1=CC=C(C=C1)C(CCCN1CCC(CC1)N1C(=O)NC2=CC=CC=C12)C1=CC=C(F)C=C1","Multidrug resistance protein 1","BE0001032","|inhibitor|","CHEMBL1423"
"Duplicates"
"CHEMBL442","CN1C[C@@H](C=C2[C@H]1Cc3c[nH]c4cccc2c34)C(=O)N[C@]5(C)O[C@@]6(O)[C@@H]7CCCN7C(=O)[C@H](Cc8ccccc8)N6C5=O","inhibitor [Ki=98.9uM]","11961113"
"Ergotamine","[H][C@@]12CCCN1C(=O)[C@H](CC1=CC=CC=C1)N1C(=O)[C@](C)(NC(=O)[C@H]3CN(C)[C@]4([H])CC5=CNC6=CC=CC(=C56)C4=C3)O[C@@]21O","Multidrug resistance protein 1","BE0001032","|inhibitor|","CHEMBL442"
"Duplicates"
"CHEMBL644","CC(CN(C)C)CN1c2ccccc2CCc3ccccc13","inhibitor [+]","14985103"
"Trimipramine","CC(CN(C)C)CN1C2=CC=CC=C2CCC2=CC=CC=C12","Multidrug resistance protein 1","BE0001032","|substrate|","CHEMBL644"
"Duplicates"
"CHEMBL72","CNCCCN1c2ccccc2CCc3ccccc13","inhibitor [12.8 % max inhibition]","12438524"
"Desipramine","CNCCCN1C2=CC=CC=C2CCC2=CC=CC=C12","Multidrug resistance protein 1","BE0001032","|inhibitor|","CHEMBL72"
"Duplicates"
"CHEMBL814","COCCCC\C(=N/OCCN)\c1ccc(cc1)C(F)(F)F","inhibitor [+]","12649369"
"Fluvoxamine","COCCCCC(=NOCCN)C1=CC=C(C=C1)C(F)(F)F","Multidrug resistance protein 1","BE0001032","|inhibitor|","CHEMBL814"
"Duplicates"
"CHEMBL651","CCC(=O)C(CC(C)N(C)C)(c1ccccc1)c2ccccc2","inhibitor [IC50=7.5uM]","11408360"
"Methadone","CCC(=O)C(CC(C)N(C)C)(C1=CC=CC=C1)C1=CC=CC=C1","Multidrug resistance protein 1","BE0001032","|inhibitor|","CHEMBL651"
"Duplicates"
"CHEMBL493","CC(C)C[C@@H]1N2C(=O)[C@](NC(=O)[C@H]3CN(C)[C@@H]4Cc5c(Br)[nH]c6cccc(C4=C3)c56)(O[C@@]2(O)[C@@H]7CCCN7C1=O)C(C)C","inhibitor [Ki=3.96uM]","11961113"
"Bromocriptine","[H][C@@]12CCCN1C(=O)[C@H](CC(C)C)N1C(=O)[C@](NC(=O)[C@H]3CN(C)[C@]4([H])CC5=C(Br)NC6=CC=CC(=C56)C4=C3)(O[C@@]21O)C(C)C","Multidrug resistance protein 1","BE0001032","|substrate|inhibitor|","CHEMBL493"
"Duplicates"
"CHEMBL1575","C[C@]12CC[C@H]3[C@@H](CCc4cc(OC(=O)N(CCCl)CCCl)ccc34)[C@@H]1CC[C@@H]2O","inhibitor [+]","7908991"
"Estramustine","[H][C@@]12CC[C@H](O)[C@@]1(C)CC[C@]1([H])C3=CC=C(OC(=O)N(CCCl)CCCl)C=C3CC[C@@]21[H]","Multidrug resistance protein 1","BE0001032","|inhibitor|","CHEMBL1575"
"Duplicates"
"CHEMBL43","COc1cc(NS(=O)(=O)C)ccc1Nc2c3ccccc3nc4ccccc24","inhibitor [+]","14985103"
"Amsacrine","COC1=C(NC2=C3C=CC=CC3=NC3=CC=CC=C23)C=CC(NS(C)(=O)=O)=C1","Multidrug resistance protein 1","BE0001032","|inhibitor|","CHEMBL43"
"Duplicates"
"CHEMBL707","COc1cc2nc(nc(N)c2cc1OC)N3CCN(CC3)C(=O)C4COc5ccccc5O4","inhibitor [+]","11895100"
"Doxazosin","COC1=C(OC)C=C2C(N)=NC(=NC2=C1)N1CCN(CC1)C(=O)C1COC2=CC=CC=C2O1","Multidrug resistance protein 1","BE0001032","|inhibitor|","CHEMBL707"
"Duplicates"
"CHEMBL106","OC(Cn1cncn1)(Cn2cncn2)c3ccc(F)cc3F","inhibitor [Ki>1000uM]","11961113"
"Fluconazole","OC(CN1C=NC=N1)(CN1C=NC=N1)C1=C(F)C=C(F)C=C1","Multidrug resistance protein 1","BE0001032","|inhibitor|","CHEMBL106"
"Duplicates"
"CHEMBL49","O=C1CC2(CCCC2)CC(=O)N1CCCCN3CCN(CC3)c4ncccn4","inhibitor [24.1 % max inhibition]","12438524"
"Buspirone","O=C1CC2(CCCC2)CC(=O)N1CCCCN1CCN(CC1)C1=NC=CC=N1","Multidrug resistance protein 1","BE0001032","|inhibitor|","CHEMBL49"
"Duplicates"
"CHEMBL1008","CC(C)COCC(CN(Cc1ccccc1)c2ccccc2)N3CCCC3","inhibitor [100 % inhibition]","11082465"
"Bepridil","CC(C)COCC(CN(CC1=CC=CC=C1)C1=CC=CC=C1)N1CCCC1","Multidrug resistance protein 1","BE0001032","|inhibitor|","CHEMBL1008"
"Duplicates"
"CHEMBL726","OCCN1CCN(CCCN2c3ccccc3Sc4ccc(cc24)C(F)(F)F)CC1","inhibitor [IC50=10.4uM]","11716514"
"Fluphenazine","OCCN1CCN(CCCN2C3=CC=CC=C3SC3=C2C=C(C=C3)C(F)(F)F)CC1","Multidrug resistance protein 1","BE0001032","|inhibitor|","CHEMBL726"
"Duplicates"
"CHEMBL415","CN(C)CCCN1c2ccccc2CCc3ccc(Cl)cc13","inhibitor [48.2 % max inhibition]","12438524"
"Clomipramine","CN(C)CCCN1C2=CC=CC=C2CCC2=C1C=C(Cl)C=C2","Multidrug resistance protein 1","BE0001032","|inhibitor|","CHEMBL415"
"Duplicates"
"CHEMBL388978","CN[C@@H]1C[C@H]2O[C@@](C)([C@@H]1OC)n3c4ccccc4c5c6CNC(=O)c6c7c8ccccc8n2c7c35","inhibitor [140 % of control]","8624264"
"Staurosporine","[H][C@]1(C[C@@]2([H])O[C@](C)(N3C4=CC=CC=C4C4=C5CNC(=O)C5=C5C6=CC=CC=C6N2C5=C34)[C@]1([H])OC)NC","Multidrug resistance protein 1","BE0001032","|inhibitor|","CHEMBL388978"
"Duplicates"
"CHEMBL549","CN(C)CCCC1(OCc2cc(ccc12)C#N)c3ccc(F)cc3","inhibitor [+]","12649369"
"Citalopram","CN(C)CCCC1(OCC2=C1C=CC(=C2)C#N)C1=CC=C(F)C=C1","Multidrug resistance protein 1","BE0001032","|substrate|inhibitor|","CHEMBL549"
"Duplicates"
"CHEMBL1393","CC(=O)S[C@@H]1CC2=CC(=O)CC[C@]2(C)[C@H]3CC[C@@]4(C)[C@@H](CC[C@@]45CCC(=O)O5)[C@H]13","inhibitor [IC50=23.6uM]","11743742"
"Spironolactone","[H][C@@]12CC[C@@]3(CCC(=O)O3)[C@@]1(C)CC[C@@]1([H])[C@@]2([H])[C@@]([H])(CC2=CC(=O)CC[C@]12C)SC(C)=O","Multidrug resistance protein 1","BE0001032","|inducer|","CHEMBL1393"
"Duplicates"
"CHEMBL7568","CCN(CC)CCCC(C)Nc1c2ccc(Cl)cc2nc3ccc(OC)cc13","inhibitor [EC50=14.4uM]","8862725"
"Quinacrine","CCN(CC)CCCC(C)NC1=C2C=C(OC)C=CC2=NC2=C1C=CC(Cl)=C2","Multidrug resistance protein 1","BE0001032","|inhibitor|","CHEMBL7568"
"Duplicates"
"CHEMBL639","CN1CCCC(CC1)N2N=C(Cc3ccc(Cl)cc3)c4ccccc4C2=O","inhibitor [IC50=30uM]","11231118"
"Azelastine","CN1CCCC(CC1)N1N=C(CC2=CC=C(Cl)C=C2)C2=CC=CC=C2C1=O","Multidrug resistance protein 1","BE0001032","|inhibitor|","CHEMBL639"
"Duplicates"
"CHEMBL908","CN(C)CC\C=C/1\c2ccccc2Sc3ccc(Cl)cc13","inhibitor [57.5 % max inhibition]","12438524"
"Chlorprothixene","[H]C(CCN(C)C)=C1C2=CC(Cl)=CC=C2SC2=C1C=CC=C2","Multidrug resistance protein 1","BE0001032","|inhibitor|","CHEMBL90125"
"Duplicates"
"CHEMBL643","CC(CN1c2ccccc2Sc3ccccc13)N(C)C","inhibitor [(at a rough estimate) 80 % inhibition]","11082465"
"Promethazine","CC(CN1C2=CC=CC=C2SC2=CC=CC=C12)N(C)C","Multidrug resistance protein 1","BE0001032","|inhibitor|","CHEMBL643"
"Duplicates"
"CHEMBL14370","CCOc1ccccc1OC(C2CNCCO2)c3ccccc3","inhibitor [+]","12649369"
"Reboxetine","[H][C@@](OC1=CC=CC=C1OCC)(C1=CC=CC=C1)[C@@]1([H])CNCCO1","Multidrug resistance protein 1","BE0001032","|inhibitor|","CHEMBL383921"
