"Gramicidin D","CC(C)C[C@@H](NC(=O)CNC(=O)[C@@H](NC=O)C(C)C)C(=O)N[C@@H](C)C(=O)N[C@H](C(C)C)C(=O)N[C@@H](C(C)C)C(=O)N[C@H](C(C)C)C(=O)N[C@@H](CC1=CNC2=C1C=CC=C2)C(=O)N[C@H](CC(C)C)C(=O)N[C@@H](CC1=CNC2=C1C=CC=C2)C(=O)N[C@H](CC(C)C)C(=O)N[C@@H](CC1=CNC2=C1C=CC=C2)C(=O)N[C@H](CC(C)C)C(=O)N[C@@H](CC1=CNC2=C1C=CC=C2)C(=O)NCCO","Multidrug resistance protein 1","BE0001032","|inhibitor|","CHEMBL557217"
"Cyclosporine","CC[C@@H]1NC(=O)[C@H]([C@H](O)[C@H](C)C\C=C\C)N(C)C(=O)[C@H](C(C)C)N(C)C(=O)[C@H](CC(C)C)N(C)C(=O)[C@H](CC(C)C)N(C)C(=O)[C@@H](C)NC(=O)[C@H](C)NC(=O)[C@H](CC(C)C)N(C)C(=O)[C@@H](NC(=O)[C@H](CC(C)C)N(C)C(=O)CN(C)C1=O)C(C)C","Multidrug resistance protein 1","BE0001032","|substrate|inhibitor|inducer|","CHEMBL160"
"Pravastatin","[H][C@]12[C@H](C[C@H](O)C=C1C=C[C@H](C)[C@@H]2CC[C@@H](O)C[C@@H](O)CC(O)=O)OC(=O)[C@@H](C)CC","Multidrug resistance protein 1","BE0001032","|substrate|","CHEMBL1144"
"Fluvoxamine","COCCCCC(=NOCCN)C1=CC=C(C=C1)C(F)(F)F","Multidrug resistance protein 1","BE0001032","|inhibitor|","CHEMBL814"
"Fluconazole","OC(CN1C=NC=N1)(CN1C=NC=N1)C1=C(F)C=C(F)C=C1","Multidrug resistance protein 1","BE0001032","|inhibitor|","CHEMBL106"
"Erythromycin","CC[C@H]1OC(=O)[C@H](C)[C@@H](O[C@H]2C[C@@](C)(OC)[C@@H](O)[C@H](C)O2)[C@H](C)[C@@H](O[C@@H]2O[C@H](C)C[C@@H]([C@H]2O)N(C)C)[C@](C)(O)C[C@@H](C)C(=O)[C@H](C)[C@@H](O)[C@]1(C)O","Multidrug resistance protein 1","BE0001032","|inhibitor|","CHEMBL532"
"Caffeine","CN1C=NC2=C1C(=O)N(C)C(=O)N2C","Multidrug resistance protein 1","BE0001032","|substrate|inhibitor|","CHEMBL113"
"Reserpine","[H][C@]12C[C@@H](OC(=O)C3=CC(OC)=C(OC)C(OC)=C3)[C@H](OC)[C@@H](C(=O)OC)[C@@]1([H])C[C@@]1([H])N(CCC3=C1NC1=C3C=CC(OC)=C1)C2","Multidrug resistance protein 1","BE0001032","|substrate|inhibitor|inducer|","CHEMBL772"
"Azithromycin","CC[C@H]1OC(=O)[C@H](C)[C@@H](O[C@H]2C[C@@](C)(OC)[C@@H](O)[C@H](C)O2)[C@H](C)[C@@H](O[C@@H]2O[C@H](C)C[C@@H]([C@H]2O)N(C)C)[C@](C)(O)C[C@@H](C)CN(C)[C@H](C)[C@@H](O)[C@]1(C)O","Multidrug resistance protein 1","BE0001032","|inhibitor|","CHEMBL529"
"Pantoprazole","COC1=C(OC)C(CS(=O)C2=NC3=C(N2)C=C(OC(F)F)C=C3)=NC=C1","Multidrug resistance protein 1","BE0001032","|inhibitor|","CHEMBL1502"
"Citalopram","CN(C)CCCC1(OCC2=C1C=CC(=C2)C#N)C1=CC=C(F)C=C1","Multidrug resistance protein 1","BE0001032","|substrate|inhibitor|","CHEMBL549"
"Eletriptan","CN1CCC[C@@H]1CC1=CNC2=C1C=C(CCS(=O)(=O)C1=CC=CC=C1)C=C2","Multidrug resistance protein 1","BE0001032","|substrate|","CHEMBL1510"
"Nelfinavir","[H][C@@]12CCCC[C@]1([H])CN(C[C@@H](O)[C@H](CSC1=CC=CC=C1)NC(=O)C1=C(C)C(O)=CC=C1)[C@@H](C2)C(=O)NC(C)(C)C","Multidrug resistance protein 1","BE0001032","|substrate|inhibitor|inducer|","CHEMBL584"
"Indinavir","CC(C)(C)NC(=O)[C@@H]1CN(CC2=CN=CC=C2)CCN1C[C@@H](O)C[C@@H](CC1=CC=CC=C1)C(=O)N[C@@H]1[C@H](O)CC2=CC=CC=C12","Multidrug resistance protein 1","BE0001032","|substrate|inhibitor|inducer|","CHEMBL115"
"Lovastatin","[H][C@]12[C@H](C[C@@H](C)C=C1C=C[C@H](C)[C@@H]2CC[C@@H]1C[C@@H](O)CC(=O)O1)OC(=O)[C@@H](C)CC","Multidrug resistance protein 1","BE0001032","|inhibitor|","CHEMBL503"
"Reboxetine","[H][C@@](OC1=CC=CC=C1OCC)(C1=CC=CC=C1)[C@@]1([H])CNCCO1","Multidrug resistance protein 1","BE0001032","|inhibitor|","CHEMBL383921"
"Phenytoin","O=C1NC(=O)C(N1)(C1=CC=CC=C1)C1=CC=CC=C1","Multidrug resistance protein 1","BE0001032","|substrate|","CHEMBL16"
"Diethylstilbestrol","CCC(=C(CC)C1=CC=C(O)C=C1)C1=CC=C(O)C=C1","Multidrug resistance protein 1","BE0001032","|substrate|","CHEMBL411"
"Clotrimazole","ClC1=CC=CC=C1C(N1C=CN=C1)(C1=CC=CC=C1)C1=CC=CC=C1","Multidrug resistance protein 1","BE0001032","|inhibitor|inducer|","CHEMBL104"
"Metoprolol","COCCC1=CC=C(OCC(O)CNC(C)C)C=C1","Multidrug resistance protein 1","BE0001032","|substrate|","CHEMBL13"
"Amsacrine","COC1=C(NC2=C3C=CC=CC3=NC3=CC=CC=C23)C=CC(NS(C)(=O)=O)=C1","Multidrug resistance protein 1","BE0001032","|inhibitor|","CHEMBL43"
"Liothyronine","N[C@@H](CC1=CC(I)=C(OC2=CC(I)=C(O)C=C2)C(I)=C1)C(O)=O","Multidrug resistance protein 1","BE0001032","|inducer|","CHEMBL1544"
"Lidocaine","CCN(CC)CC(=O)NC1=C(C)C=CC=C1C","Multidrug resistance protein 1","BE0001032","|inhibitor|","CHEMBL79"
"Venlafaxine","COC1=CC=C(C=C1)C(CN(C)C)C1(O)CCCCC1","Multidrug resistance protein 1","BE0001032","|substrate|inhibitor|","CHEMBL637"
"Morphine","[H][C@@]12OC3=C(O)C=CC4=C3[C@@]11CCN(C)[C@]([H])(C4)[C@]1([H])C=C[C@@H]2O","Multidrug resistance protein 1","BE0001032","|substrate|","CHEMBL70"
"Acetaminophen","CC(=O)NC1=CC=C(O)C=C1","Multidrug resistance protein 1","BE0001032","|substrate|inhibitor|","CHEMBL112"
"Gefitinib","COC1=C(OCCCN2CCOCC2)C=C2C(NC3=CC(Cl)=C(F)C=C3)=NC=NC2=C1","Multidrug resistance protein 1","BE0001032","|substrate|inhibitor|","CHEMBL939"
"Dihydroergotamine","[H][C@@]12CCCN1C(=O)[C@H](CC1=CC=CC=C1)N1C(=O)[C@](C)(NC(=O)[C@H]3CN(C)[C@]4([H])CC5=CNC6=CC=CC(=C56)[C@@]4([H])C3)O[C@@]21O","Multidrug resistance protein 1","BE0001032","|inhibitor|","CHEMBL1732"
"Amitriptyline","CN(C)CCC=C1C2=CC=CC=C2CCC2=CC=CC=C12","Multidrug resistance protein 1","BE0001032","|substrate|inhibitor|","CHEMBL629"
"Indomethacin","COC1=CC2=C(C=C1)N(C(=O)C1=CC=C(Cl)C=C1)C(C)=C2CC(O)=O","Multidrug resistance protein 1","BE0001032","|substrate|inhibitor|","CHEMBL6"
"Methadone","CCC(=O)C(CC(C)N(C)C)(C1=CC=CC=C1)C1=CC=CC=C1","Multidrug resistance protein 1","BE0001032","|inhibitor|","CHEMBL651"
"Olanzapine","CN1CCN(CC1)C1=NC2=CC=CC=C2NC2=C1C=C(C)S2","Multidrug resistance protein 1","BE0001032","|substrate|","CHEMBL715"
"Atenolol","CC(C)NCC(O)COC1=CC=C(CC(N)=O)C=C1","Multidrug resistance protein 1","BE0001032","|substrate|","CHEMBL24"
"Omeprazole","COC1=CC2=C(C=C1)N=C(N2)S(=O)CC1=NC=C(C)C(OC)=C1C","Multidrug resistance protein 1","BE0001032","|inhibitor|","CHEMBL1503"
"Terfenadine","CC(C)(C)C1=CC=C(C=C1)C(O)CCCN1CCC(CC1)C(O)(C1=CC=CC=C1)C1=CC=CC=C1","Multidrug resistance protein 1","BE0001032","|inhibitor|","CHEMBL17157"
"Diltiazem","COC1=CC=C(C=C1)[C@@H]1SC2=C(C=CC=C2)N(CCN(C)C)C(=O)[C@@H]1OC(C)=O","Multidrug resistance protein 1","BE0001032","|substrate|inhibitor|","CHEMBL23"
"Protriptyline","CNCCCC1C2=CC=CC=C2C=CC2=CC=CC=C12","Multidrug resistance protein 1","BE0001032","|inhibitor|","CHEMBL668"
"Clobazam","CN1C2=C(C=C(Cl)C=C2)N(C2=CC=CC=C2)C(=O)CC1=O","Multidrug resistance protein 1","BE0001032","|substrate|","CHEMBL70418"
"Megestrol acetate","[H][C@@]12CC[C@](OC(C)=O)(C(C)=O)[C@@]1(C)CC[C@@]1([H])[C@@]2([H])C=C(C)C2=CC(=O)CC[C@]12C","Multidrug resistance protein 1","BE0001032","|inhibitor|","CHEMBL1201139"
"Mefloquine","OC(C1CCCCN1)C1=CC(=NC2=C1C=CC=C2C(F)(F)F)C(F)(F)F","Multidrug resistance protein 1","BE0001032","|inhibitor|","CHEMBL416956"
"Vinorelbine","[H][C@@]12N(C)C3=CC(OC)=C(C=C3[C@@]11CCN3CC=C[C@](CC)([C@@]13[H])[C@@]([H])(OC(C)=O)[C@]2(O)C(=O)OC)[C@]1(C[C@@]2([H])CN(CC(CC)=C2)CC2=C1NC1=CC=CC=C21)C(=O)OC","Multidrug resistance protein 1","BE0001032","|substrate|","CHEMBL553025"
"Clozapine","CN1CCN(CC1)C1=NC2=CC(Cl)=CC=C2NC2=CC=CC=C12","Multidrug resistance protein 1","BE0001032","|substrate|","CHEMBL42"
"Grepafloxacin","CC1CN(CCN1)C1=C(F)C(C)=C2C(=O)C(=CN(C3CC3)C2=C1)C(O)=O","Multidrug resistance protein 1","BE0001032","|substrate|inhibitor|","CHEMBL583"
"Timolol","[H][C@](O)(CNC(C)(C)C)COC1=NSN=C1N1CCOCC1","Multidrug resistance protein 1","BE0001032","|substrate|","CHEMBL499"
"Amlodipine","CCOC(=O)C1=C(COCCN)NC(C)=C(C1C1=CC=CC=C1Cl)C(=O)OC","Multidrug resistance protein 1","BE0001032","|inhibitor|","CHEMBL1491"
"Tacrine","NC1=C2CCCCC2=NC2=CC=CC=C12","Multidrug resistance protein 1","BE0001032","|substrate|","CHEMBL95"
"Digoxin","[H][C@]12CC[C@]3([H])[C@]([H])(C[C@@H](O)[C@]4(C)[C@H](CC[C@]34O)C3=CC(=O)OC3)[C@@]1(C)CC[C@@H](C2)O[C@H]1C[C@H](O)[C@H](O[C@H]2C[C@H](O)[C@H](O[C@H]3C[C@H](O)[C@H](O)[C@@H](C)O3)[C@@H](C)O2)[C@@H](C)O1","Multidrug resistance protein 1","BE0001032","|substrate|inhibitor|inducer|","CHEMBL1751"
"Progesterone","[H][C@@]12CC[C@H](C(C)=O)[C@@]1(C)CC[C@@]1([H])[C@@]2([H])CCC2=CC(=O)CC[C@]12C","Multidrug resistance protein 1","BE0001032","|substrate|inhibitor|inducer|","CHEMBL103"
"Sorafenib","CNC(=O)C1=NC=CC(OC2=CC=C(NC(=O)NC3=CC(=C(Cl)C=C3)C(F)(F)F)C=C2)=C1","Multidrug resistance protein 1","BE0001032","|substrate|inhibitor|","CHEMBL1336"
"Nisoldipine","COC(=O)C1=C(C)NC(C)=C(C1C1=CC=CC=C1[N+]([O-])=O)C(=O)OCC(C)C","Multidrug resistance protein 1","BE0001032","|inhibitor|","CHEMBL1726"
"Spironolactone","[H][C@@]12CC[C@@]3(CCC(=O)O3)[C@@]1(C)CC[C@@]1([H])[C@@]2([H])[C@@]([H])(CC2=CC(=O)CC[C@]12C)SC(C)=O","Multidrug resistance protein 1","BE0001032","|inducer|","CHEMBL1393"
"Streptozocin","CN(N=O)C(=O)N[C@H]1[C@@H](O)O[C@H](CO)[C@@H](O)[C@@H]1O","Multidrug resistance protein 1","BE0001032","|inducer|","CHEMBL1603"
"Cerivastatin","COCC1=C(C2=CC=C(F)C=C2)C(\C=C\[C@@H](O)C[C@@H](O)CC(O)=O)=C(C(C)C)N=C1C(C)C","Multidrug resistance protein 1","BE0001032","|substrate|","CHEMBL1477"
"Trimethoprim","COC1=CC(CC2=CN=C(N)N=C2N)=CC(OC)=C1OC","Multidrug resistance protein 1","BE0001032","|inhibitor|inducer|","CHEMBL22"
"Gemcitabine","NC1=NC(=O)N(C=C1)[C@@H]1O[C@H](CO)[C@@H](O)C1(F)F","Multidrug resistance protein 1","BE0001032","|substrate|","CHEMBL888"
"Betamethasone","[H][C@@]12C[C@H](C)[C@](O)(C(=O)CO)[C@@]1(C)C[C@H](O)[C@@]1(F)[C@@]2([H])CCC2=CC(=O)C=C[C@]12C","Multidrug resistance protein 1","BE0001032","|substrate|","CHEMBL632"
"Lansoprazole","CC1=C(OCC(F)(F)F)C=CN=C1CS(=O)C1=NC2=CC=CC=C2N1","Multidrug resistance protein 1","BE0001032","|substrate|inhibitor|","CHEMBL480"
"Levothyroxine","N[C@@H](CC1=CC(I)=C(OC2=CC(I)=C(O)C(I)=C2)C(I)=C1)C(O)=O","Multidrug resistance protein 1","BE0001032","|inducer|","CHEMBL1624"
"Loratadine","CCOC(=O)N1CCC(CC1)=C1C2=C(CCC3=C1N=CC=C3)C=C(Cl)C=C2","Multidrug resistance protein 1","BE0001032","|inhibitor|","CHEMBL998"
"Prazosin","COC1=C(OC)C=C2C(N)=NC(=NC2=C1)N1CCN(CC1)C(=O)C1=CC=CO1","Multidrug resistance protein 1","BE0001032","|substrate|inhibitor|","CHEMBL2"
"Imipramine","CN(C)CCCN1C2=CC=CC=C2CCC2=CC=CC=C12","Multidrug resistance protein 1","BE0001032","|substrate|","CHEMBL11"
"Quinine","[H][C@]1(C[C@@H]2CC[N@]1C[C@@H]2C=C)[C@H](O)C1=CC=NC2=CC=C(OC)C=C12","Multidrug resistance protein 1","BE0001032","|substrate|inhibitor|","CHEMBL170"
"Dronabinol","[H][C@@]12C=C(C)CC[C@@]1([H])C(C)(C)OC1=C2C(O)=CC(CCCCC)=C1","Multidrug resistance protein 1","BE0001032","|inhibitor|","CHEMBL465"
"Fluoxetine","CNCCC(OC1=CC=C(C=C1)C(F)(F)F)C1=CC=CC=C1","Multidrug resistance protein 1","BE0001032","|inhibitor|","CHEMBL41"
"Chlorpromazine","CN(C)CCCN1C2=CC=CC=C2SC2=C1C=C(Cl)C=C2","Multidrug resistance protein 1","BE0001032","|substrate|inhibitor|","CHEMBL71"
"Lenalidomide","NC1=CC=CC2=C1CN(C1CCC(=O)NC1=O)C2=O","Multidrug resistance protein 1","BE0001032","|substrate|","CHEMBL848"
"Buspirone","O=C1CC2(CCCC2)CC(=O)N1CCCCN1CCN(CC1)C1=NC=CC=N1","Multidrug resistance protein 1","BE0001032","|inhibitor|","CHEMBL49"
"Zidovudine","CC1=CN([C@H]2C[C@H](N=[N+]=[N-])[C@@H](CO)O2)C(=O)NC1=O","Multidrug resistance protein 1","BE0001032","|substrate|","CHEMBL129"
"Cimetidine","C\N=C(\NCCSCC1=C(C)NC=N1)NC#N","Multidrug resistance protein 1","BE0001032","|substrate|inducer|","CHEMBL30"
"Haloperidol","OC1(CCN(CCCC(=O)C2=CC=C(F)C=C2)CC1)C1=CC=C(Cl)C=C1","Multidrug resistance protein 1","BE0001032","|substrate|inhibitor|","CHEMBL54"
"Ritonavir","CC(C)[C@H](NC(=O)N(C)CC1=CSC(=N1)C(C)C)C(=O)N[C@H](C[C@H](O)[C@H](CC1=CC=CC=C1)NC(=O)OCC1=CN=CS1)CC1=CC=CC=C1","Multidrug resistance protein 1","BE0001032","|substrate|inhibitor|inducer|","CHEMBL163"
"Triflupromazine","CN(C)CCCN1C2=CC=CC=C2SC2=C1C=C(C=C2)C(F)(F)F","Multidrug resistance protein 1","BE0001032","|inhibitor|","CHEMBL570"
"Cisplatin","N[Pt](N)(Cl)Cl","Multidrug resistance protein 1","BE0001032","|substrate|","CHEMBL2068237"
"Albendazole","CCCSC1=CC2=C(C=C1)N=C(NC(=O)OC)N2","Multidrug resistance protein 1","BE0001032","|inhibitor|","CHEMBL1483"
"Caspofungin","CCC(C)CC(C)CCCCCCCCC(=O)N[C@H]1C[C@@H](O)[C@@H](NCCN)NC(=O)[C@@H]2[C@@H](O)CCN2C(=O)[C@@H](NC(=O)[C@@H](NC(=O)[C@@H]2C[C@@H](O)CN2C(=O)[C@@H](NC1=O)[C@@H](C)O)[C@H](O)[C@@H](O)C1=CC=C(O)C=C1)[C@H](O)CCN","Multidrug resistance protein 1","BE0001032","|inhibitor|","CHEMBL499808"
"Alitretinoin","C\C(\C=C\C1=C(C)CCCC1(C)C)=C\C=C\C(\C)=C\C(O)=O","Multidrug resistance protein 1","BE0001032","|substrate|","CHEMBL705"
"Erlotinib","COCCOC1=CC2=C(C=C1OCCOC)C(NC1=CC(=CC=C1)C#C)=NC=N2","Multidrug resistance protein 1","BE0001032","|substrate|","CHEMBL553"
"Ciprofloxacin","OC(=O)C1=CN(C2CC2)C2=CC(N3CCNCC3)=C(F)C=C2C1=O","Multidrug resistance protein 1","BE0001032","|substrate|","CHEMBL8"
"Toremifene","CN(C)CCOC1=CC=C(C=C1)C(=C(\CCCl)C1=CC=CC=C1)\C1=CC=CC=C1","Multidrug resistance protein 1","BE0001032","|substrate|","CHEMBL1655"
"Vincristine","[H][C@@]12N3CC[C@@]11C4=CC(=C(OC)C=C4N(C=O)[C@@]1([H])[C@](O)([C@H](OC(C)=O)[C@]2(CC)C=CC3)C(=O)OC)[C@]1(C[C@]2([H])CN(C[C@](O)(CC)C2)CCC2=C1NC1=CC=CC=C21)C(=O)OC","Multidrug resistance protein 1","BE0001032","|substrate|inhibitor|inducer|","CHEMBL90555"
"Lamotrigine","NC1=NC(N)=C(N=N1)C1=C(Cl)C(Cl)=CC=C1","Multidrug resistance protein 1","BE0001032","|substrate|","CHEMBL741"
"Methotrexate","CN(CC1=CN=C2N=C(N)N=C(N)C2=N1)C1=CC=C(C=C1)C(=O)N[C@@H](CCC(O)=O)C(O)=O","Multidrug resistance protein 1","BE0001032","|substrate|","CHEMBL34259"
"Carbamazepine","NC(=O)N1C2=CC=CC=C2C=CC2=CC=CC=C12","Multidrug resistance protein 1","BE0001032","|inducer|","CHEMBL108"
"Vinblastine","[H][C@@]12N(C)C3=CC(OC)=C(C=C3[C@@]11CCN3CC=C[C@](CC)([C@@]13[H])[C@@]([H])(OC(C)=O)[C@]2(O)C(=O)OC)[C@]1(C[C@@]2([H])CN(C[C@](O)(CC)C2)CCC2=C1NC1=CC=CC=C21)C(=O)OC","Multidrug resistance protein 1","BE0001032","|substrate|inhibitor|inducer|","CHEMBL159"
"Propranolol","CC(C)NCC(O)COC1=CC=CC2=CC=CC=C12","Multidrug resistance protein 1","BE0001032","|substrate|","CHEMBL27"
"Clonidine","ClC1=CC=CC(Cl)=C1NC1=NCCN1","Multidrug resistance protein 1","BE0001032","|substrate|","CHEMBL134"
"Enalapril","CCOC(=O)[C@H](CCC1=CC=CC=C1)N[C@@H](C)C(=O)N1CCC[C@H]1C(O)=O","Multidrug resistance protein 1","BE0001032","|inhibitor|","CHEMBL578"
"Nizatidine","CNC(NCCSCC1=CSC(CN(C)C)=N1)=C[N+]([O-])=O","Multidrug resistance protein 1","BE0001032","|substrate|","CHEMBL3183075"
"Diclofenac","OC(=O)CC1=CC=CC=C1NC1=C(Cl)C=CC=C1Cl","Multidrug resistance protein 1","BE0001032","|inhibitor|","CHEMBL139"
"Doxazosin","COC1=C(OC)C=C2C(N)=NC(=NC2=C1)N1CCN(CC1)C(=O)C1COC2=CC=CC=C2O1","Multidrug resistance protein 1","BE0001032","|inhibitor|","CHEMBL707"
"Ivermectin","CO[C@H]1C[C@@H](O[C@@H](C)[C@@H]1O)O[C@H]1[C@H](C)O[C@H](C[C@@H]1OC)O[C@H]1[C@@H](C)\C=C\C=C2/CO[C@@H]3[C@H](O)C(C)=C[C@@H](C(=O)O[C@H]4C[C@@H](C\C=C1/C)O[C@@]1(CC[C@H](C)[C@@H](C(C)C)O1)C4)[C@]23O.CC[C@@H](C)[C@H]1O[C@@]2(CC[C@@H]1C)O[C@@H]1C\C=C(C)\[C@@H](O[C@@H]3O[C@@H](C)[C@H](O[C@@H]4O[C@@H](C)[C@H](O)[C@@H](OC)C4)[C@@H](OC)C3)[C@@H](C)\C=C\C=C3/CO[C@@H]4[C@H](O)C(C)=C[C@@H](C(=O)O[C@@H](C1)C2)[C@]34O","Multidrug resistance protein 1","BE0001032","|substrate|inhibitor|","CHEMBL1200633"
"Imatinib","CN1CCN(CC2=CC=C(C=C2)C(=O)NC2=CC(NC3=NC=CC(=N3)C3=CN=CC=C3)=C(C)C=C2)CC1","Multidrug resistance protein 1","BE0001032","|substrate|inhibitor|","CHEMBL941"
"Nicardipine","COC(=O)C1=C(C)NC(C)=C(C1C1=CC(=CC=C1)[N+]([O-])=O)C(=O)OCCN(C)CC1=CC=CC=C1","Multidrug resistance protein 1","BE0001032","|substrate|inhibitor|","CHEMBL1484"
"Fluphenazine","OCCN1CCN(CCCN2C3=CC=CC=C3SC3=C2C=C(C=C3)C(F)(F)F)CC1","Multidrug resistance protein 1","BE0001032","|inhibitor|","CHEMBL726"
"Testosterone","[H][C@@]12CC[C@H](O)[C@@]1(C)CC[C@@]1([H])[C@@]2([H])CCC2=CC(=O)CC[C@]12C","Multidrug resistance protein 1","BE0001032","|inhibitor|","CHEMBL386630"
"Prednisone","[H][C@@]12CC[C@](O)(C(=O)CO)[C@@]1(C)CC(=O)[C@@]1([H])[C@@]2([H])CCC2=CC(=O)C=C[C@]12C","Multidrug resistance protein 1","BE0001032","|substrate|","CHEMBL635"
"Astemizole","COC1=CC=C(CCN2CCC(CC2)NC2=NC3=CC=CC=C3N2CC2=CC=C(F)C=C2)C=C1","Multidrug resistance protein 1","BE0001032","|inhibitor|","CHEMBL296419"
"Simvastatin","[H][C@]12[C@H](C[C@@H](C)C=C1C=C[C@H](C)[C@@H]2CC[C@@H]1C[C@@H](O)CC(=O)O1)OC(=O)C(C)(C)CC","Multidrug resistance protein 1","BE0001032","|inhibitor|","CHEMBL1064"
"Estrone","[H][C@@]12CCC(=O)[C@@]1(C)CC[C@]1([H])C3=C(CC[C@@]21[H])C=C(O)C=C3","Multidrug resistance protein 1","BE0001032","|substrate|inducer|","CHEMBL1405"
"Trazodone","ClC1=CC=CC(=C1)N1CCN(CCCN2N=C3C=CC=CN3C2=O)CC1","Multidrug resistance protein 1","BE0001032","|inducer|","CHEMBL621"
"Verapamil","COC1=C(OC)C=C(CCN(C)CCCC(C#N)(C(C)C)C2=CC(OC)=C(OC)C=C2)C=C1","Multidrug resistance protein 1","BE0001032","|substrate|inhibitor|inducer|","CHEMBL6966"
"Sumatriptan","CNS(=O)(=O)CC1=CC2=C(NC=C2CCN(C)C)C=C1","Multidrug resistance protein 1","BE0001032","|substrate|","CHEMBL128"
"Tamoxifen","CC\C(=C(/C1=CC=CC=C1)C1=CC=C(OCCN(C)C)C=C1)C1=CC=CC=C1","Multidrug resistance protein 1","BE0001032","|substrate|inhibitor|inducer|","CHEMBL83"
"Losartan","CCCCC1=NC(Cl)=C(CO)N1CC1=CC=C(C=C1)C1=CC=CC=C1C1=NNN=N1","Multidrug resistance protein 1","BE0001032","|substrate|inhibitor|","CHEMBL191"
"Midazolam","CC1=NC=C2CN=C(C3=CC=CC=C3F)C3=C(C=CC(Cl)=C3)N12","Multidrug resistance protein 1","BE0001032","|substrate|inhibitor|inducer|","CHEMBL655"
"Mycophenolate mofetil","COC1=C(C\C=C(/C)CCC(=O)OCCN2CCOCC2)C(O)=C2C(=O)OCC2=C1C","Multidrug resistance protein 1","BE0001032","|substrate|","CHEMBL1456"
"Flurazepam","CCN(CC)CCN1C2=C(C=C(Cl)C=C2)C(=NCC1=O)C1=CC=CC=C1F","Multidrug resistance protein 1","BE0001032","|inhibitor|","CHEMBL968"
"Daunorubicin","COC1=CC=CC2=C1C(=O)C1=C(O)C3=C(C[C@](O)(C[C@@H]3O[C@H]3C[C@H](N)[C@H](O)[C@H](C)O3)C(C)=O)C(O)=C1C2=O","Multidrug resistance protein 1","BE0001032","|substrate|inhibitor|inducer|","CHEMBL178"
"Ergotamine","[H][C@@]12CCCN1C(=O)[C@H](CC1=CC=CC=C1)N1C(=O)[C@](C)(NC(=O)[C@H]3CN(C)[C@]4([H])CC5=CNC6=CC=CC(=C56)C4=C3)O[C@@]21O","Multidrug resistance protein 1","BE0001032","|inhibitor|","CHEMBL442"
"Amprenavir","CC(C)CN(C[C@@H](O)[C@H](CC1=CC=CC=C1)NC(=O)O[C@H]1CCOC1)S(=O)(=O)C1=CC=C(N)C=C1","Multidrug resistance protein 1","BE0001032","|substrate|inducer|","CHEMBL116"
"Lamivudine","NC1=NC(=O)N(C=C1)[C@@H]1CS[C@H](CO)O1","Multidrug resistance protein 1","BE0001032","|substrate|","CHEMBL141"
"Paroxetine","FC1=CC=C(C=C1)[C@@H]1CCNC[C@H]1COC1=CC2=C(OCO2)C=C1","Multidrug resistance protein 1","BE0001032","|inhibitor|","CHEMBL490"
"Norethisterone","[H][C@@]12CC[C@@](O)(C#C)[C@@]1(C)CC[C@]1([H])[C@@]3([H])CCC(=O)C=C3CC[C@@]21[H]","Multidrug resistance protein 1","BE0001032","|inducer|","CHEMBL1162"
"Trimipramine","CC(CN(C)C)CN1C2=CC=CC=C2CCC2=CC=CC=C12","Multidrug resistance protein 1","BE0001032","|substrate|","CHEMBL644"
"Hydrocortisone","[H][C@@]12CC[C@](O)(C(=O)CO)[C@@]1(C)C[C@H](O)[C@@]1([H])[C@@]2([H])CCC2=CC(=O)CC[C@]12C","Multidrug resistance protein 1","BE0001032","|substrate|","CHEMBL389621"
"Mannitol","OC[C@@H](O)[C@@H](O)[C@H](O)[C@H](O)CO","Multidrug resistance protein 1","BE0001032","|substrate|","CHEMBL689"
"Scopolamine","CN1[C@H]2C[C@@H](C[C@@H]1[C@H]1O[C@@H]21)OC(=O)[C@H](CO)C1=CC=CC=C1","Multidrug resistance protein 1","BE0001032","|inhibitor|","CHEMBL569713"
"Epinastine","NC1=NCC2N1C1=CC=CC=C1CC1=CC=CC=C21","Multidrug resistance protein 1","BE0001032","|substrate|","CHEMBL1106"
"Clopidogrel","[H][C@@](N1CCC2=C(C1)C=CS2)(C(=O)OC)C1=CC=CC=C1Cl","Multidrug resistance protein 1","BE0001032","|substrate|","CHEMBL1771"
"Irinotecan","CCC1=C2CN3C(=CC4=C(COC(=O)[C@]4(O)CC)C3=O)C2=NC2=C1C=C(OC(=O)N1CCC(CC1)N1CCCCC1)C=C2","Multidrug resistance protein 1","BE0001032","|substrate|","CHEMBL481"
"Etoposide","[H][C@]12COC(=O)[C@]1([H])[C@H](C1=CC(OC)=C(O)C(OC)=C1)C1=CC3=C(OCO3)C=C1[C@H]2O[C@@H]1O[C@]2([H])CO[C@@H](C)O[C@@]2([H])[C@H](O)[C@H]1O","Multidrug resistance protein 1","BE0001032","|substrate|inhibitor|","CHEMBL44657"
"Estradiol","[H][C@@]12CC[C@H](O)[C@@]1(C)CC[C@]1([H])C3=C(CC[C@@]21[H])C=C(O)C=C3","Multidrug resistance protein 1","BE0001032","|substrate|","CHEMBL135"
"Candesartan cilexetil","CCOC1=NC2=C(N1CC1=CC=C(C=C1)C1=CC=CC=C1C1=NN=NN1)C(=CC=C2)C(=O)OC(C)OC(=O)OC1CCCCC1","Multidrug resistance protein 1","BE0001032","|inhibitor|","CHEMBL1014"
"Alfentanil","CCN1N=NN(CCN2CCC(COC)(CC2)N(C(=O)CC)C2=CC=CC=C2)C1=O","Multidrug resistance protein 1","BE0001032","|inhibitor|","CHEMBL634"
"Fentanyl","CCC(=O)N(C1CCN(CCC2=CC=CC=C2)CC1)C1=CC=CC=C1","Multidrug resistance protein 1","BE0001032","|inhibitor|","CHEMBL596"
"Diazepam","CN1C2=C(C=C(Cl)C=C2)C(=NCC1=O)C1=CC=CC=C1","Multidrug resistance protein 1","BE0001032","|substrate|","CHEMBL12"
"Trifluoperazine","CN1CCN(CCCN2C3=CC=CC=C3SC3=C2C=C(C=C3)C(F)(F)F)CC1","Multidrug resistance protein 1","BE0001032","|inhibitor|","CHEMBL422"
"Mifepristone","[H][C@@]12CC[C@@](O)(C#CC)[C@@]1(C)C[C@H](C1=CC=C(C=C1)N(C)C)C1=C3CCC(=O)C=C3CC[C@@]21[H]","Multidrug resistance protein 1","BE0001032","|inhibitor|inducer|","CHEMBL1276308"
"Loperamide","CN(C)C(=O)C(CCN1CCC(O)(CC1)C1=CC=C(Cl)C=C1)(C1=CC=CC=C1)C1=CC=CC=C1","Multidrug resistance protein 1","BE0001032","|substrate|","CHEMBL841"
"Clofazimine","CC(C)N=C1C=C2N(C3=CC=C(Cl)C=C3)C3=C(C=CC=C3)N=C2C=C1NC1=CC=C(Cl)C=C1","Multidrug resistance protein 1","BE0001032","|inhibitor|","CHEMBL1292"
"Prednisolone","[H][C@@]12CC[C@](O)(C(=O)CO)[C@@]1(C)C[C@H](O)[C@@]1([H])[C@@]2([H])CCC2=CC(=O)C=C[C@]12C","Multidrug resistance protein 1","BE0001032","|substrate|","CHEMBL131"
"Ranitidine","CN\C(NCCSCC1=CC=C(CN(C)C)O1)=C/[N+]([O-])=O","Multidrug resistance protein 1","BE0001032","|substrate|inhibitor|","CHEMBL512"
"Tacrolimus","CO[C@@H]1C[C@@H](CC[C@H]1O)\C=C(/C)[C@H]1OC(=O)[C@@H]2CCCCN2C(=O)C(=O)[C@]2(O)O[C@@H]([C@H](C[C@H]2C)OC)[C@H](C[C@@H](C)C\C(C)=C\[C@@H](CC=C)C(=O)C[C@H](O)[C@H]1C)OC","Multidrug resistance protein 1","BE0001032","|substrate|inhibitor|inducer|","CHEMBL269732"
"Flupentixol","[H]\C(CCN1CCN(CCO)CC1)=C1/C2=CC=CC=C2SC2=C1C=C(C=C2)C(F)(F)F","Multidrug resistance protein 1","BE0001032","|inhibitor|","CHEMBL54661"
"Sirolimus","[H][C@@]1(C[C@@H](C)[C@]2([H])CC(=O)[C@H](C)\C=C(C)\[C@@H](O)[C@@H](OC)C(=O)[C@H](C)C[C@H](C)\C=C\C=C\C=C(C)\[C@H](C[C@]3([H])CC[C@@H](C)[C@@](O)(O3)C(=O)C(=O)N3CCCC[C@@]3([H])C(=O)O2)OC)CC[C@@H](O)[C@@H](C1)OC","Multidrug resistance protein 1","BE0001032","|inhibitor|inducer|","CHEMBL413"
"Clomifene","CCN(CC)CCOC1=CC=C(C=C1)C(=C(Cl)C1=CC=CC=C1)C1=CC=CC=C1","Multidrug resistance protein 1","BE0001032","|substrate|","CHEMBL2355051"
"Quinidine","[H][C@@]12CCN(C[C@@H]1C=C)[C@]([H])(C2)[C@@H](O)C1=C2C=C(OC)C=CC2=NC=C1","Multidrug resistance protein 1","BE0001032","|substrate|inhibitor|","CHEMBL1294"
"Buprenorphine","CO[C@]12CC[C@@]3(C[C@@H]1[C@](C)(O)C(C)(C)C)[C@H]1CC4=C5C(O[C@@H]2[C@@]35CCN1CC1CC1)=C(O)C=C4","Multidrug resistance protein 1","BE0001032","|inhibitor|","CHEMBL560511"
"Acetylsalicylic acid","CC(=O)OC1=CC=CC=C1C(O)=O","Multidrug resistance protein 1","BE0001032","|substrate|","CHEMBL25"
"Fexofenadine","CC(C)(C(O)=O)C1=CC=C(C=C1)C(O)CCCN1CCC(CC1)C(O)(C1=CC=CC=C1)C1=CC=CC=C1","Multidrug resistance protein 1","BE0001032","|substrate|inhibitor|","CHEMBL914"
"Methylprednisolone","[H][C@@]12CC[C@](O)(C(=O)CO)[C@@]1(C)C[C@H](O)[C@@]1([H])[C@@]2([H])C[C@H](C)C2=CC(=O)C=C[C@]12C","Multidrug resistance protein 1","BE0001032","|substrate|","CHEMBL650"
"Telmisartan","CCCC1=NC2=C(C=C(C=C2C)C2=NC3=CC=CC=C3N2C)N1CC1=CC=C(C=C1)C1=CC=CC=C1C(O)=O","Multidrug resistance protein 1","BE0001032","|inhibitor|","CHEMBL1017"
"Desloratadine","ClC1=CC2=C(C=C1)C(=C1CCNCC1)C1=C(CC2)C=CC=N1","Multidrug resistance protein 1","BE0001032","|inhibitor|","CHEMBL1172"
"Dactinomycin","[H][C@@]12CCCN1C(=O)[C@H](NC(=O)[C@@H](NC(=O)C1=C3N=C4C(OC3=C(C)C=C1)=C(C)C(=O)C(N)=C4C(=O)N[C@H]1[C@@H](C)OC(=O)[C@H](C(C)C)N(C)C(=O)CN(C)C(=O)[C@]3([H])CCCN3C(=O)[C@H](NC1=O)C(C)C)[C@@H](C)OC(=O)[C@H](C(C)C)N(C)C(=O)CN(C)C2=O)C(C)C","Multidrug resistance protein 1","BE0001032","|substrate|inhibitor|","CHEMBL1554"
"Azelastine","CN1CCCC(CC1)N1N=C(CC2=CC=C(Cl)C=C2)C2=CC=CC=C2C1=O","Multidrug resistance protein 1","BE0001032","|inhibitor|","CHEMBL639"
"Ezetimibe","O[C@@H](CC[C@@H]1[C@H](N(C1=O)C1=CC=C(F)C=C1)C1=CC=C(O)C=C1)C1=CC=C(F)C=C1","Multidrug resistance protein 1","BE0001032","|substrate|","CHEMBL1138"
"Dipyridamole","OCCN(CCO)C1=NC2=C(N=C(N=C2N2CCCCC2)N(CCO)CCO)C(=N1)N1CCCCC1","Multidrug resistance protein 1","BE0001032","|substrate|inhibitor|","CHEMBL932"
"Ethinyl Estradiol","[H][C@@]12CC[C@@](O)(C#C)[C@@]1(C)CC[C@]1([H])C3=C(CC[C@@]21[H])C=C(O)C=C3","Multidrug resistance protein 1","BE0001032","|substrate|","CHEMBL691"
"Doxorubicin","COC1=CC=CC2=C1C(=O)C1=C(O)C3=C(C[C@](O)(C[C@@H]3O[C@H]3C[C@H](N)[C@H](O)[C@H](C)O3)C(=O)CO)C(O)=C1C2=O","Multidrug resistance protein 1","BE0001032","|substrate|inhibitor|inducer|","CHEMBL53463"
"Glyburide","COC1=C(C=C(Cl)C=C1)C(=O)NCCC1=CC=C(C=C1)S(=O)(=O)NC(=O)NC1CCCCC1","Multidrug resistance protein 1","BE0001032","|inhibitor|","CHEMBL472"
"Felodipine","CCOC(=O)C1=C(C)NC(C)=C(C1C1=C(Cl)C(Cl)=CC=C1)C(=O)OC","Multidrug resistance protein 1","BE0001032","|inhibitor|","CHEMBL1480"
"Ketoconazole","CC(=O)N1CCN(CC1)C1=CC=C(OCC2COC(CN3C=CN=C3)(O2)C2=CC=C(Cl)C=C2Cl)C=C1","Multidrug resistance protein 1","BE0001032","|substrate|inhibitor|","CHEMBL157101"
"Topotecan","CC[C@@]1(O)C(=O)OCC2=C1C=C1N(CC3=CC4=C(C=CC(O)=C4CN(C)C)N=C13)C2=O","Multidrug resistance protein 1","BE0001032","|substrate|","CHEMBL84"
"Selegiline","C[C@H](CC1=CC=CC=C1)N(C)CC#C","Multidrug resistance protein 1","BE0001032","|inhibitor|","CHEMBL972"
"Rifampicin","CO[C@H]1\C=C\O[C@@]2(C)OC3=C(C2=O)C2=C(O)C(\C=N\N4CCN(C)CC4)=C(NC(=O)\C(C)=C/C=C/[C@H](C)[C@H](O)[C@@H](C)[C@@H](O)[C@@H](C)[C@H](OC(C)=O)[C@@H]1C)C(O)=C2C(O)=C3C","Multidrug resistance protein 1","BE0001032","|substrate|inducer|","CHEMBL374478"
"Ibuprofen","CC(C)CC1=CC=C(C=C1)C(C)C(O)=O","Multidrug resistance protein 1","BE0001032","|substrate|","CHEMBL521"
"Nitrendipine","CCOC(=O)C1=C(C)NC(C)=C(C1C1=CC(=CC=C1)[N+]([O-])=O)C(=O)OC","Multidrug resistance protein 1","BE0001032","|inhibitor|","CHEMBL475534"
"Promethazine","CC(CN1C2=CC=CC=C2SC2=CC=CC=C12)N(C)C","Multidrug resistance protein 1","BE0001032","|inhibitor|","CHEMBL643"
"Atazanavir","COC(=O)N[C@H](C(=O)N[C@@H](CC1=CC=CC=C1)[C@@H](O)CN(CC1=CC=C(C=C1)C1=CC=CC=N1)NC(=O)[C@@H](NC(=O)OC)C(C)(C)C)C(C)(C)C","Multidrug resistance protein 1","BE0001032","|substrate|inhibitor|","CHEMBL1163"
"Atorvastatin","CC(C)C1=C(C(=O)NC2=CC=CC=C2)C(=C(N1CC[C@@H](O)C[C@@H](O)CC(O)=O)C1=CC=C(F)C=C1)C1=CC=CC=C1","Multidrug resistance protein 1","BE0001032","|inhibitor|","CHEMBL1487"
"Benzocaine","CCOC(=O)C1=CC=C(N)C=C1","Multidrug resistance protein 1","BE0001032","|inhibitor|","CHEMBL278172"
"Pimozide","FC1=CC=C(C=C1)C(CCCN1CCC(CC1)N1C(=O)NC2=CC=CC=C12)C1=CC=C(F)C=C1","Multidrug resistance protein 1","BE0001032","|inhibitor|","CHEMBL1423"
"Quinacrine","CCN(CC)CCCC(C)NC1=C2C=C(OC)C=CC2=NC2=C1C=CC(Cl)=C2","Multidrug resistance protein 1","BE0001032","|inhibitor|","CHEMBL7568"
"Sertraline","CN[C@H]1CC[C@@H](C2=CC(Cl)=C(Cl)C=C2)C2=CC=CC=C12","Multidrug resistance protein 1","BE0001032","|inhibitor|","CHEMBL809"
"Miconazole","ClC1=CC(Cl)=C(COC(CN2C=CN=C2)C2=C(Cl)C=C(Cl)C=C2)C=C1","Multidrug resistance protein 1","BE0001032","|inhibitor|","CHEMBL91"
"Nifedipine","COC(=O)C1=C(C)NC(C)=C(C1C1=CC=CC=C1[N+]([O-])=O)C(=O)OC","Multidrug resistance protein 1","BE0001032","|substrate|inhibitor|inducer|","CHEMBL193"
"Amiodarone","CCCCC1=C(C(=O)C2=CC(I)=C(OCCN(CC)CC)C(I)=C2)C2=C(O1)C=CC=C2","Multidrug resistance protein 1","BE0001032","|inhibitor|inducer|","CHEMBL633"
"Carvedilol","COC1=CC=CC=C1OCCNCC(O)COC1=CC=CC2=C1C1=CC=CC=C1N2","Multidrug resistance protein 1","BE0001032","|inhibitor|","CHEMBL723"
"Levofloxacin","C[C@H]1COC2=C3N1C=C(C(O)=O)C(=O)C3=CC(F)=C2N1CCN(C)CC1","Multidrug resistance protein 1","BE0001032","|substrate|inhibitor|","CHEMBL33"
"Doxepin","[H]C(CCN(C)C)=C1C2=CC=CC=C2COC2=CC=CC=C12","Multidrug resistance protein 1","BE0001032","|inhibitor|","CHEMBL101740"
"Nefazodone","CCC1=NN(CCCN2CCN(CC2)C2=CC(Cl)=CC=C2)C(=O)N1CCOC1=CC=CC=C1","Multidrug resistance protein 1","BE0001032","|inducer|","CHEMBL623"
"Desipramine","CNCCCN1C2=CC=CC=C2CCC2=CC=CC=C12","Multidrug resistance protein 1","BE0001032","|inhibitor|","CHEMBL72"
"Terazosin","COC1=C(OC)C=C2C(N)=NC(=NC2=C1)N1CCN(CC1)C(=O)C1CCCO1","Multidrug resistance protein 1","BE0001032","|inhibitor|","CHEMBL611"
"Itraconazole","CCC(C)N1N=CN(C1=O)C1=CC=C(C=C1)N1CCN(CC1)C1=CC=C(OC[C@H]2CO[C@@](CN3C=NC=N3)(O2)C2=C(Cl)C=C(Cl)C=C2)C=C1","Multidrug resistance protein 1","BE0001032","|inhibitor|","CHEMBL22587"
"Arsenic trioxide","O=[As]O[As]=O","Multidrug resistance protein 1","BE0001032","|substrate|","CHEMBL1200978"
"Phenobarbital","CCC1(C(=O)NC(=O)NC1=O)C1=CC=CC=C1","Multidrug resistance protein 1","BE0001032","|substrate|inducer|","CHEMBL40"
"Propafenone","CCCNCC(O)COC1=CC=CC=C1C(=O)CCC1=CC=CC=C1","Multidrug resistance protein 1","BE0001032","|inhibitor|","CHEMBL631"
"Naloxone","OC1=CC=C2C[C@H]3N(CC=C)CC[C@@]45[C@@H](OC1=C24)C(=O)CC[C@@]35O","Multidrug resistance protein 1","BE0001032","|substrate|","CHEMBL80"
"Domperidone","ClC1=CC2=C(C=C1)N(C1CCN(CCCN3C(=O)NC4=CC=CC=C34)CC1)C(=O)N2","Multidrug resistance protein 1","BE0001032","|substrate|","CHEMBL219916"
"Acebutolol","CCCC(=O)NC1=CC(C(C)=O)=C(OCC(O)CNC(C)C)C=C1","Multidrug resistance protein 1","BE0001032","|substrate|","CHEMBL642"
"Estramustine","[H][C@@]12CC[C@H](O)[C@@]1(C)CC[C@]1([H])C3=CC=C(OC(=O)N(CCCl)CCCl)C=C3CC[C@@]21[H]","Multidrug resistance protein 1","BE0001032","|inhibitor|","CHEMBL1575"
"Captopril","C[C@H](CS)C(=O)N1CCC[C@H]1C(O)=O","Multidrug resistance protein 1","BE0001032","|inhibitor|","CHEMBL1560"
"Bromocriptine","[H][C@@]12CCCN1C(=O)[C@H](CC(C)C)N1C(=O)[C@](NC(=O)[C@H]3CN(C)[C@]4([H])CC5=C(Br)NC6=CC=CC(=C56)C4=C3)(O[C@@]21O)C(C)C","Multidrug resistance protein 1","BE0001032","|substrate|inhibitor|","CHEMBL493"
"Levetiracetam","CC[C@H](N1CCCC1=O)C(N)=O","Multidrug resistance protein 1","BE0001032","|substrate|","CHEMBL1286"
"Nadolol","CC(C)(C)NCC(O)COC1=CC=CC2=C1C[C@H](O)[C@H](O)C2","Multidrug resistance protein 1","BE0001032","|substrate|","CHEMBL649"
"Mitoxantrone","OCCNCCNC1=C2C(=O)C3=C(O)C=CC(O)=C3C(=O)C2=C(NCCNCCO)C=C1","Multidrug resistance protein 1","BE0001032","|substrate|inhibitor|inducer|","CHEMBL58"
"Sparfloxacin","C[C@H]1CN(C[C@@H](C)N1)C1=C(F)C(N)=C2C(=O)C(=CN(C3CC3)C2=C1F)C(O)=O","Multidrug resistance protein 1","BE0001032","|substrate|","CHEMBL850"
"Clarithromycin","[H][C@@]1(C[C@@](C)(OC)[C@@H](O)[C@H](C)O1)O[C@H]1[C@H](C)[C@@H](O[C@]2([H])O[C@H](C)C[C@@H]([C@H]2O)N(C)C)[C@@](C)(C[C@@H](C)C(=O)[C@H](C)[C@@H](O)[C@](C)(O)[C@@H](CC)OC(=O)[C@@H]1C)OC","Multidrug resistance protein 1","BE0001032","|substrate|inhibitor|","CHEMBL1741"
"Quetiapine","OCCOCCN1CCN(CC1)C1=NC2=CC=CC=C2SC2=CC=CC=C12","Multidrug resistance protein 1","BE0001032","|substrate|","CHEMBL716"
"Paclitaxel","[H][C@]12[C@H](OC(=O)C3=CC=CC=C3)[C@]3(O)C[C@H](OC(=O)[C@H](O)[C@@H](NC(=O)C4=CC=CC=C4)C4=CC=CC=C4)C(C)=C([C@@H](OC(C)=O)C(=O)[C@]1(C)[C@@H](O)C[C@H]1OC[C@@]21OC(C)=O)C3(C)C","Multidrug resistance protein 1","BE0001032","|substrate|inhibitor|","CHEMBL428647"
"Saquinavir","[H][C@@](O)(CN1C[C@@]2([H])CCCC[C@@]2([H])C[C@@]1([H])C(O)=NC(C)(C)C)[C@]([H])(CC1=CC=CC=C1)N=C(O)[C@]([H])(CC(O)=N)NC(=O)C1=NC2=CC=CC=C2C=C1","Multidrug resistance protein 1","BE0001032","|substrate|inhibitor|inducer|","CHEMBL114"
"Dexamethasone","[H][C@@]12C[C@@H](C)[C@](O)(C(=O)CO)[C@@]1(C)C[C@H](O)[C@@]1(F)[C@@]2([H])CCC2=CC(=O)C=C[C@]12C","Multidrug resistance protein 1","BE0001032","|substrate|inhibitor|inducer|","CHEMBL384467"
"Chlorprothixene","[H]C(CCN(C)C)=C1C2=CC(Cl)=CC=C2SC2=C1C=CC=C2","Multidrug resistance protein 1","BE0001032","|inhibitor|","CHEMBL90125"
"Clomipramine","CN(C)CCCN1C2=CC=CC=C2CCC2=C1C=C(Cl)C=C2","Multidrug resistance protein 1","BE0001032","|inhibitor|","CHEMBL415"
"Bepridil","CC(C)COCC(CN(CC1=CC=CC=C1)C1=CC=CC=C1)N1CCCC1","Multidrug resistance protein 1","BE0001032","|inhibitor|","CHEMBL1008"
"Docetaxel","[H][C@@]12C[C@H](O)[C@@]3(C)C(=O)[C@H](O)C4=C(C)[C@H](C[C@@](O)([C@@H](OC(=O)C5=CC=CC=C5)[C@]3([H])[C@@]1(CO2)OC(C)=O)C4(C)C)OC(=O)[C@H](O)[C@@H](NC(=O)OC(C)(C)C)C1=CC=CC=C1","Multidrug resistance protein 1","BE0001032","|substrate|","CHEMBL92"
"Ergonovine","[H][C@@]12CC3=CNC4=CC=CC(=C34)C1=C[C@H](CN2C)C(=O)N[C@@H](C)CO","Multidrug resistance protein 1","BE0001032","|inhibitor|","CHEMBL119443"
"Dasatinib","CC1=NC(NC2=NC=C(S2)C(=O)NC2=C(C)C=CC=C2Cl)=CC(=N1)N1CCN(CCO)CC1","Multidrug resistance protein 1","BE0001032","|substrate|inhibitor|","CHEMBL1421"
"Lapatinib","CS(=O)(=O)CCNCC1=CC=C(O1)C1=CC2=C(C=C1)N=CN=C2NC1=CC(Cl)=C(OCC2=CC(F)=CC=C2)C=C1","Multidrug resistance protein 1","BE0001032","|inhibitor|","CHEMBL554"
"Sitagliptin","N[C@@H](CC(=O)N1CCN2C(C1)=NN=C2C(F)(F)F)CC1=CC(F)=C(F)C=C1F","Multidrug resistance protein 1","BE0001032","|substrate|","CHEMBL1422"
"Posaconazole","[H][C@@](C)(O)[C@]([H])(CC)N1N=CN(C1=O)C1=CC=C(C=C1)N1CCN(CC1)C1=CC=C(OC[C@]2([H])CO[C@](CN3C=NC=N3)(C2)C2=C(F)C=C(F)C=C2)C=C1","Multidrug resistance protein 1","BE0001032","|inhibitor|","CHEMBL1397"
"Sunitinib","CCN(CC)CCNC(=O)C1=C(C)NC(\C=C2/C(=O)NC3=C2C=C(F)C=C3)=C1C","Multidrug resistance protein 1","BE0001032","|inhibitor|","CHEMBL535"
"Vecuronium","[H][C@@]12C[C@@H]([C@H](OC(C)=O)[C@@]1(C)CC[C@@]1([H])[C@@]2([H])CC[C@@]2([H])C[C@H](OC(C)=O)[C@H](C[C@]12C)N1CCCCC1)[N+]1(C)CCCCC1","Multidrug resistance protein 1","BE0001032","|substrate|","CHEMBL1201219"
"Cilazapril","CCOC(=O)[C@H](CCC1=CC=CC=C1)N[C@H]1CCCN2CCC[C@H](N2C1=O)C(O)=O","Multidrug resistance protein 1","BE0001032","|inhibitor|","CHEMBL515606"
"Mibefradil","COCC(=O)O[C@]1(CCN(C)CCCC2=NC3=CC=CC=C3N2)CCC2=C(C=CC(F)=C2)[C@@H]1C(C)C","Multidrug resistance protein 1","BE0001032","|inhibitor|","CHEMBL45816"
"Colchicine","COC1=CC2=C(C(OC)=C1OC)C1=CC=C(OC)C(=O)C=C1C(CC2)NC(C)=O","Multidrug resistance protein 1","BE0001032","|substrate|inhibitor|","CHEMBL87"
"Digitoxin","[H][C@]12CC[C@]3([H])[C@]([H])(CC[C@]4(C)[C@H](CC[C@]34O)C3=CC(=O)OC3)[C@@]1(C)CC[C@@H](C2)O[C@H]1C[C@H](O)[C@H](O[C@H]2C[C@H](O)[C@H](O[C@H]3C[C@H](O)[C@H](O)[C@@H](C)O3)[C@@H](C)O2)[C@@H](C)O1","Multidrug resistance protein 1","BE0001032","|substrate|","CHEMBL254219"
"Testosterone propionate","[H][C@@]12CC[C@H](OC(=O)CC)[C@@]1(C)CC[C@@]1([H])[C@@]2([H])CCC2=CC(=O)CC[C@]12C","Multidrug resistance protein 1","BE0001032","|substrate|","CHEMBL1170"
"Liotrix","[Na+].[Na+].N[C@@H](CC1=CC(I)=C(OC2=CC(I)=C(O)C=C2)C(I)=C1)C([O-])=O.N[C@@H](CC1=CC(I)=C(OC2=CC(I)=C(O)C(I)=C2)C(I)=C1)C([O-])=O","Multidrug resistance protein 1","BE0001032","|inducer|",""
"Ketazolam","CN1C2=C(C=C(Cl)C=C2)C2(OC(C)=CC(=O)N2CC1=O)C1=CC=CC=C1","Multidrug resistance protein 1","BE0001032","|substrate|","CHEMBL2104356"
"Lopinavir","CC(C)[C@H](N1CCCNC1=O)C(=O)N[C@H](C[C@H](O)[C@H](CC1=CC=CC=C1)NC(=O)COC1=C(C)C=CC=C1C)CC1=CC=CC=C1","Multidrug resistance protein 1","BE0001032","|inhibitor|","CHEMBL729"
"Genistein","OC1=CC=C(C=C1)C1=COC2=C(C(O)=CC(O)=C2)C1=O","Multidrug resistance protein 1","BE0001032","|inhibitor|","CHEMBL44"
"Staurosporine","[H][C@]1(C[C@@]2([H])O[C@](C)(N3C4=CC=CC=C4C4=C5CNC(=O)C5=C5C6=CC=CC=C6N2C5=C34)[C@]1([H])OC)NC","Multidrug resistance protein 1","BE0001032","|inhibitor|","CHEMBL388978"
"Platelet Activating Factor","CCCCCCCCCCCCCCCCOC[C@H](CO[P@@]([O-])(=O)OCC[N+](C)(C)C)OC(C)=O","Multidrug resistance protein 1","BE0001032","|inducer|","CHEMBL1235246"
"Colforsin","[H][C@]1(O)CCC(C)(C)[C@]2([H])[C@]([H])(O)[C@]([H])(OC(C)=O)[C@@]3(C)O[C@](C)(CC(=O)[C@]3(O)[C@@]12C)C=C","Multidrug resistance protein 1","BE0001032","|inhibitor|","CHEMBL52606"
"Cholic Acid","[H][C@@](C)(CCC(O)=O)[C@@]1([H])CC[C@@]2([H])[C@]3([H])[C@]([H])(O)C[C@]4([H])C[C@]([H])(O)CC[C@]4(C)[C@@]3([H])C[C@]([H])(O)[C@]12C","Multidrug resistance protein 1","BE0001032","|inducer|","CHEMBL205596"
"Stanolone","[H][C@@]12CC[C@H](O)[C@@]1(C)CC[C@@]1([H])[C@@]2([H])CC[C@@]2([H])CC(=O)CC[C@]12C","Multidrug resistance protein 1","BE0001032","|substrate|","CHEMBL27769"
"Sphingosine","[H]\C(CCCCCCCCCCCCC)=C(\[H])[C@@]([H])(O)[C@@]([H])(N)CO","Multidrug resistance protein 1","BE0001032","|substrate|","CHEMBL67166"
"Naringenin","[H][C@]1(CC(=O)C2=C(O1)C=C(O)C=C2O)C1=CC=C(O)C=C1","Multidrug resistance protein 1","BE0001032","|downregulator|","CHEMBL9352"
"Quercetin","OC1=CC2=C(C(O)=C1)C(=O)C(O)=C(O2)C1=CC=C(O)C(O)=C1","Multidrug resistance protein 1","BE0001032","|inhibitor|","CHEMBL50"
"Taurocholic Acid","[H][C@@]1(CC[C@@]2([H])[C@]3([H])[C@H](O)C[C@]4([H])C[C@H](O)CC[C@]4(C)[C@@]3([H])C[C@H](O)[C@]12C)[C@H](C)CCC(=O)NCCS(O)(=O)=O","Multidrug resistance protein 1","BE0001032","|substrate|inhibitor|","CHEMBL224867"
"Cholesterol","[H][C@@]1(CC[C@@]2([H])[C@]3([H])CC=C4C[C@@H](O)CC[C@]4(C)[C@@]3([H])CC[C@]12C)[C@H](C)CCCC(C)C","Multidrug resistance protein 1","BE0001032","|inhibitor|","CHEMBL112570"
"Estriol","[H][C@@]12C[C@@H](O)[C@H](O)[C@@]1(C)CC[C@]1([H])C3=C(CC[C@@]21[H])C=C(O)C=C3","Multidrug resistance protein 1","BE0001032","|substrate|inducer|","CHEMBL193482"
"Aldosterone","[H][C@@]1(CC[C@@]2([H])[C@]3([H])CCC4=CC(=O)CC[C@]4(C)[C@@]3([H])[C@@]([H])(O)C[C@]12C=O)C(=O)CO","Multidrug resistance protein 1","BE0001032","|substrate|inducer|","CHEMBL273453"
"Camptothecin","CC[C@@]1(O)C(=O)OCC2=C1C=C1N(CC3=CC4=CC=CC=C4N=C13)C2=O","Multidrug resistance protein 1","BE0001032","|substrate|","CHEMBL65"
"Zimelidine","CN(C)CC=C(C1=CC=C(Br)C=C1)C1=CN=CC=C1","Multidrug resistance protein 1","BE0001032","|inhibitor|","CHEMBL37744"
"Debrisoquin","NC(=N)N1CCC2=CC=CC=C2C1","Multidrug resistance protein 1","BE0001032","|substrate|","CHEMBL169901"
"Dronedarone","CCCCN(CCCC)CCCOC1=CC=C(C=C1)C(=O)C1=C(CCCC)OC2=C1C=C(NS(C)(=O)=O)C=C2","Multidrug resistance protein 1","BE0001032","|inhibitor|","CHEMBL184412"
"Nilotinib","CC1=CN(C=N1)C1=CC(=CC(NC(=O)C2=CC(NC3=NC=CC(=N3)C3=CN=CC=C3)=C(C)C=C2)=C1)C(F)(F)F","Multidrug resistance protein 1","BE0001032","|substrate|inhibitor|","CHEMBL255863"
"Belinostat","ONC(=O)\C=C\C1=CC=CC(=C1)S(=O)(=O)NC1=CC=CC=C1","Multidrug resistance protein 1","BE0001032","|substrate|","CHEMBL408513"
"Indacaterol","CCC1=C(CC)C=C2CC(CC2=C1)NC[C@H](O)C1=C2C=CC(=O)NC2=C(O)C=C1","Multidrug resistance protein 1","BE0001032","|substrate|","CHEMBL1095777"
"Telaprevir","[H][C@@]12CCC[C@]1([H])[C@H](N(C2)C(=O)[C@@H](NC(=O)[C@@H](NC(=O)C1=NC=CN=C1)C1CCCCC1)C(C)(C)C)C(=O)N[C@@H](CCC)C(=O)C(=O)NC1CC1","Multidrug resistance protein 1","BE0001032","|substrate|inhibitor|","CHEMBL231813"
"Romidepsin","[H]\C(C)=C1\N=C(O)[C@@]2([H])CSSCCC([H])=C([H])[C@]([H])(CC(O)=N[C@]([H])(C(C)C)C(O)=N2)OC(=O)[C@@]([H])(N=C1O)C(C)C","Multidrug resistance protein 1","BE0001032","|substrate|","CHEMBL1998981"
"Silodosin","C[C@H](CC1=CC2=C(N(CCCO)CC2)C(=C1)C(N)=O)NCCOC1=CC=CC=C1OCC(F)(F)F","Multidrug resistance protein 1","BE0001032","|substrate|","CHEMBL24778"
"Tolvaptan","CC1=CC=CC=C1C(=O)NC1=CC(C)=C(C=C1)C(=O)N1CCC[C@@H](O)C2=C1C=CC(Cl)=C2","Multidrug resistance protein 1","BE0001032","|substrate|inhibitor|","CHEMBL344159"
"Rivaroxaban","ClC1=CC=C(S1)C(=O)NC[C@H]1CN(C(=O)O1)C1=CC=C(C=C1)N1CCOCC1=O","Multidrug resistance protein 1","BE0001032","|substrate|","CHEMBL198362"
"Temsirolimus","OCC(C)(CO)C(=O)O[C@@H]1CC[C@@H](C[C@@H](C)[C@]2([H])CC(=O)[C@H](C)\C=C(C)\[C@@H](O)[C@@H](OC)C(=O)[C@H](C)C[C@H](C)\C=C\C=C\C=C(C)\[C@@H](OC)C[C@]3([H])CC[C@@H](C)[C@@](O)(O3)C(=O)C(=O)N3CCCC[C@H]3C(=O)O2)C[C@H]1OC","Multidrug resistance protein 1","BE0001032","|substrate|inhibitor|","CHEMBL1201182"
"Simeprevir","[H]\C1=C([H])\[C@]2([H])C[C@]2(N=C(O)[C@]2([H])C[C@]([H])(C[C@@]2([H])C(=O)N(C)CCCC1)OC1=C2C=CC(OC)=C(C)C2=NC(=C1)C1=NC(=CS1)C(C)C)C(O)=NS(=O)(=O)C1CC1","Multidrug resistance protein 1","BE0001032","|substrate|inhibitor|","CHEMBL501849"
"Dapagliflozin","CCOC1=CC=C(CC2=C(Cl)C=CC(=C2)[C@@H]2O[C@H](CO)[C@@H](O)[C@H](O)[C@H]2O)C=C1","Multidrug resistance protein 1","BE0001032","|substrate|","CHEMBL429910"
"Ambrisentan","COC([C@H](OC1=NC(C)=CC(C)=N1)C(O)=O)(C1=CC=CC=C1)C1=CC=CC=C1","Multidrug resistance protein 1","BE0001032","|substrate|","CHEMBL1111"
"Etravirine","CC1=CC(=CC(C)=C1OC1=C(Br)C(N)=NC(NC2=CC=C(C=C2)C#N)=N1)C#N","Multidrug resistance protein 1","BE0001032","|inducer|","CHEMBL308954"
"Pazopanib","CN(C1=CC2=NN(C)C(C)=C2C=C1)C1=CC=NC(NC2=CC=C(C)C(=C2)S(N)(=O)=O)=N1","Multidrug resistance protein 1","BE0001032","|substrate|","CHEMBL477772"
"Panobinostat","[H]\C(=C(\[H])C1=CC=C(CNCCC2=C(C)NC3=CC=CC=C23)C=C1)C(O)=NO","Multidrug resistance protein 1","BE0001032","|substrate|","CHEMBL483254"
"Apixaban","COC1=CC=C(C=C1)N1N=C(C(N)=O)C2=C1C(=O)N(CC2)C1=CC=C(C=C1)N1CCCCC1=O","Multidrug resistance protein 1","BE0001032","|substrate|","CHEMBL231779"
"Bosutinib","COC1=CC(NC2=C(C=NC3=CC(OCCCN4CCN(C)CC4)=C(OC)C=C23)C#N)=C(Cl)C=C1Cl","Multidrug resistance protein 1","BE0001032","|substrate|inhibitor|","CHEMBL288441"
"Axitinib","[H]\C(=C(\[H])C1=CC=CC=N1)C1=C2C=CC(SC3=CC=CC=C3C(O)=NC)=CC2=NN1","Multidrug resistance protein 1","BE0001032","|substrate|","CHEMBL1289926"
"Isavuconazonium","[H]C(C)(OC(=O)N(C)C1=C(COC(=O)CNC)C=CC=N1)[N+]1=CN(C[C@](O)(C2=C(F)C=CC(F)=C2)[C@@]([H])(C)C2=NC(=CS2)C2=CC=C(C=C2)C#N)N=C1","Multidrug resistance protein 1","BE0001032","|inhibitor|","CHEMBL1183349"
"Dabigatran etexilate","CCCCCCOC(=O)N=C(N)C1=CC=C(NCC2=NC3=C(C=CC(=C3)C(=O)N(CCC(=O)OCC)C3=CC=CC=N3)N2C)C=C1","Multidrug resistance protein 1","BE0001032","|substrate|","CHEMBL539697"
"Fesoterodine","CC(C)N(CC[C@H](C1=CC=CC=C1)C1=C(OC(=O)C(C)C)C=CC(CO)=C1)C(C)C","Multidrug resistance protein 1","BE0001032","|substrate|","CHEMBL1201764"
"Cabazitaxel","[H][C@@](O)([C@@H](NC(=O)OC(C)(C)C)C1=CC=CC=C1)C(=O)O[C@@]1([H])C[C@@]2(O)[C@@]([H])(OC(=O)C3=CC=CC=C3)[C@]3([H])[C@@]4(CO[C@]4([H])C[C@]([H])(OC)[C@@]3(C)C(=O)[C@]([H])(OC)C(=C1C)C2(C)C)OC(C)=O","Multidrug resistance protein 1","BE0001032","|substrate|inhibitor|","CHEMBL1201748"
"Ticagrelor","CCCSC1=NC2=C(N=NN2[C@@H]2C[C@H](OCCO)[C@@H](O)[C@H]2O)C(N[C@@H]2C[C@H]2C2=CC(F)=C(F)C=C2)=N1","Multidrug resistance protein 1","BE0001032","|substrate|inhibitor|","CHEMBL398435"
"Ivacaftor","CC(C)(C)C1=CC(=C(O)C=C1NC(=O)C1=CNC2=CC=CC=C2C1=O)C(C)(C)C","Multidrug resistance protein 1","BE0001032","|inhibitor|","CHEMBL2010601"
"Lomitapide","FC(F)(F)CNC(=O)C1(CCCCN2CCC(CC2)NC(=O)C2=C(C=CC=C2)C2=CC=C(C=C2)C(F)(F)F)C2=CC=CC=C2C2=CC=CC=C12","Multidrug resistance protein 1","BE0001032","|inhibitor|","CHEMBL354541"
"Vismodegib","CS(=O)(=O)C1=CC(Cl)=C(C=C1)C(=O)NC1=CC=C(Cl)C(=C1)C1=CC=CC=N1","Multidrug resistance protein 1","BE0001032","|substrate|","CHEMBL473417"
"Pitavastatin","O[C@H](C[C@H](O)\C=C\C1=C(N=C2C=CC=CC2=C1C1=CC=C(F)C=C1)C1CC1)CC(O)=O","Multidrug resistance protein 1","BE0001032","|substrate|","CHEMBL1201753"
"Rilpivirine","CC1=CC(\C=C\C#N)=CC(C)=C1NC1=CC=NC(NC2=CC=C(C=C2)C#N)=N1","Multidrug resistance protein 1","BE0001032","|inhibitor|","CHEMBL175691"
"Crizotinib","C[C@@H](OC1=CC(=CN=C1N)C1=CN(N=C1)C1CCNCC1)C1=C(Cl)C=CC(F)=C1Cl","Multidrug resistance protein 1","BE0001032","|substrate|inhibitor|","CHEMBL601719"
"Boceprevir","[H][C@]12CN([C@H](C(=O)NC(CC3CCC3)C(=O)C(N)=O)[C@@]1([H])C2(C)C)C(=O)[C@@H](NC(=O)NC(C)(C)C)C(C)(C)C","Multidrug resistance protein 1","BE0001032","|inhibitor|","CHEMBL218394"
"Fidaxomicin","CC[C@H]1\C=C(C)\[C@@H](O)C\C=C\C=C(CO[C@@H]2O[C@H](C)[C@@H](OC(=O)C3=C(CC)C(Cl)=C(O)C(Cl)=C3O)[C@H](O)[C@@H]2OC)\C(=O)OC(C\C=C(/C)\C=C(C)\[C@@H]1O[C@@H]1OC(C)(C)[C@@H](OC(=O)C(C)C)[C@H](O)[C@@H]1O)[C@@H](C)O","Multidrug resistance protein 1","BE0001032","|substrate|inhibitor|","CHEMBL1255800"
"Linagliptin","CC#CCN1C(=NC2=C1C(=O)N(CC1=NC3=C(C=CC=C3)C(C)=N1)C(=O)N2C)N1CCC[C@@H](N)C1","Multidrug resistance protein 1","BE0001032","|substrate|","CHEMBL237500"
"Carfilzomib","CC(C)C[C@H](NC(=O)[C@H](CCC1=CC=CC=C1)NC(=O)CN1CCOCC1)C(=O)N[C@@H](CC1=CC=CC=C1)C(=O)N[C@@H](CC(C)C)C(=O)[C@@]1(C)CO1","Multidrug resistance protein 1","BE0001032","|substrate|","CHEMBL451887"
"Mirabegron","NC1=NC(CC(=O)NC2=CC=C(CCNC[C@H](O)C3=CC=CC=C3)C=C2)=CS1","Multidrug resistance protein 1","BE0001032","|substrate|","CHEMBL2095212"
"Regorafenib","CNC(=O)C1=CC(OC2=CC(F)=C(NC(=O)NC3=CC=C(Cl)C(=C3)C(F)(F)F)C=C2)=CC=N1","Multidrug resistance protein 1","BE0001032","|inhibitor|","CHEMBL1946170"
"Enzalutamide","CNC(=O)C1=C(F)C=C(C=C1)N1C(=S)N(C(=O)C1(C)C)C1=CC=C(C#N)C(=C1)C(F)(F)F","Multidrug resistance protein 1","BE0001032","|inhibitor|","CHEMBL1082407"
"Ponatinib","CN1CCN(CC2=CC=C(NC(=O)C3=CC(C#CC4=CN=C5C=CC=NN45)=C(C)C=C3)C=C2C(F)(F)F)CC1","Multidrug resistance protein 1","BE0001032","|substrate|inhibitor|","CHEMBL1171837"
"Fluticasone furoate","[H][C@@]12C[C@@H](C)[C@](OC(=O)C3=CC=CO3)(C(=O)SCF)[C@@]1(C)C[C@H](O)[C@@]1(F)[C@@]2([H])C[C@H](F)C2=CC(=O)C=C[C@]12C","Multidrug resistance protein 1","BE0001032","|substrate|","CHEMBL1676"
"Canagliflozin","[H][C@]1(O[C@H](CO)[C@@H](O)[C@H](O)[C@H]1O)C1=CC=C(C)C(CC2=CC=C(S2)C2=CC=C(F)C=C2)=C1","Multidrug resistance protein 1","BE0001032","|substrate|inhibitor|","CHEMBL2048484"
"Pomalidomide","NC1=CC=CC2=C1C(=O)N(C1CCC(=O)NC1=O)C2=O","Multidrug resistance protein 1","BE0001032","|substrate|","CHEMBL43452"
"Dabrafenib","CC(C)(C)C1=NC(=C(S1)C1=NC(N)=NC=C1)C1=C(F)C(NS(=O)(=O)C2=C(F)C=CC=C2F)=CC=C1","Multidrug resistance protein 1","BE0001032","|substrate|","CHEMBL2028663"
"Afatinib","CN(C)C\C=C\C(=O)NC1=C(O[C@H]2CCOC2)C=C2N=CN=C(NC3=CC(Cl)=C(F)C=C3)C2=C1","Multidrug resistance protein 1","BE0001032","|substrate|inhibitor|","CHEMBL1173655"
"Levomilnacipran","CCN(CC)C(=O)[C@]1(C[C@H]1CN)C1=CC=CC=C1","Multidrug resistance protein 1","BE0001032","|substrate|","CHEMBL99946"
"Sofosbuvir","CC(C)OC(=O)[C@H](C)N[P@](=O)(OC[C@H]1O[C@@H](N2C=CC(=O)NC2=O)[C@](C)(F)[C@@H]1O)OC1=CC=CC=C1","Multidrug resistance protein 1","BE0001032","|substrate|","CHEMBL1259059"
"Ledipasvir","[H][C@](N=C(O)OC)(C(C)C)C(=O)N1CC2(CC2)C[C@@]1([H])C1=NC=C(N1)C1=CC2=C(C=C1)C1=C(C=C(C=C1)C1=CC3=C(C=C1)N=C(N3)[C@@]1([H])N(C(=O)[C@@]([H])(N=C(O)OC)C(C)C)[C@]3([H])CC[C@@]1([H])C3)C2(F)F","Multidrug resistance protein 1","BE0001032","|transporter|","CHEMBL2374220"
"Idelalisib","[H][C@@](CC)(NC1=NC=NC2=C1N=CN2)C1=NC2=CC=CC(F)=C2C(=O)N1C1=CC=CC=C1","Multidrug resistance protein 1","BE0001032","|substrate|inhibitor|","CHEMBL2216870"
"Ceritinib","CC(C)OC1=C(NC2=NC=C(Cl)C(N2)=NC2=CC=CC=C2S(=O)(=O)C(C)C)C=C(C)C(=C1)C1CCNCC1","Multidrug resistance protein 1","BE0001032","|substrate|","CHEMBL2403108"
"Cobicistat","CC(C)C1=NC(CN(C)C(=O)N[C@@H](CCN2CCOCC2)C(=O)N[C@H](CC[C@H](CC2=CC=CC=C2)NC(=O)OCC2=CN=CS2)CC2=CC=CC=C2)=CS1","Multidrug resistance protein 1","BE0001032","|inhibitor|","CHEMBL2095208"
"Edoxaban","CN(C)C(=O)[C@H]1CC[C@H](NC(=O)C(=O)NC2=NC=C(Cl)C=C2)[C@@H](C1)NC(=O)C1=NC2=C(CN(C)CC2)S1","Multidrug resistance protein 1","BE0001032","|substrate|","CHEMBL1269025"
"Umeclidinium","OC(C1=CC=CC=C1)(C1=CC=CC=C1)C12CC[N+](CCOCC3=CC=CC=C3)(CC1)CC2","Multidrug resistance protein 1","BE0001032","|substrate|","CHEMBL1187833"
"Lenvatinib","COC1=C(C=C2C(OC3=CC(Cl)=C(NC(O)=NC4CC4)C=C3)=CC=NC2=C1)C(O)=N","Multidrug resistance protein 1","BE0001032","|substrate|","CHEMBL1289601"
"Nintedanib","COC(=O)C1=CC2=C(C=C1)\C(=C(\NC1=CC=C(C=C1)N(C)C(=O)CN1CCN(C)CC1)C1=CC=CC=C1)C(O)=N2","Multidrug resistance protein 1","BE0001032","|substrate|","CHEMBL502835"
"Somatostatin","C[C@@H](O)[C@@H]1NC(=O)[C@H](CC2=CC=CC=C2)NC(=O)[C@@H](NC(=O)[C@H](CCCCN)NC(=O)[C@H](CC2=CNC3=C2C=CC=C3)NC(=O)[C@H](CC2=CC=CC=C2)NC(=O)[C@H](CC2=CC=CC=C2)NC(=O)[C@H](CC(N)=O)NC(=O)[C@H](CCCCN)NC(=O)[C@H](CSSC[C@H](NC(=O)[C@H](CO)NC1=O)C(O)=O)NC(=O)CNC(=O)[C@H](C)N)[C@@H](C)O","Multidrug resistance protein 1","BE0001032","|substrate|","CHEMBL1823872"
"Daclatasvir","COC(=O)N[C@@H](C(C)C)C(=O)N1CCC[C@H]1C1=NC=C(N1)C1=CC=C(C=C1)C1=CC=C(C=C1)C1=CN=C(N1)[C@@H]1CCCN1C(=O)[C@@H](NC(=O)OC)C(C)C","Multidrug resistance protein 1","BE0001032","|inhibitor|","CHEMBL2023898"
"Technetium Tc-99m sestamibi","[Tc+].COC(C)(C)C[N+]#[C-].COC(C)(C)C[N+]#[C-].COC(C)(C)C[N+]#[C-].COC(C)(C)C[N+]#[C-].COC(C)(C)C[N+]#[C-].COC(C)(C)C[N+]#[C-]","Multidrug resistance protein 1","BE0001032","|substrate|","CHEMBL2074398"
"Dasabuvir","COC1=C(C=C(C=C1C1=CC2=CC=C(NS(C)(=O)=O)C=C2C=C1)N1C=CC(=O)NC1=O)C(C)(C)C","Multidrug resistance protein 1","BE0001032","|substrate|","CHEMBL3137312"
"Lobeglitazone","COC1=CC=C(OC2=NC=NC(=C2)N(C)CCOC2=CC=C(CC3SC(=O)NC3=O)C=C2)C=C1","Multidrug resistance protein 1","BE0001032","|","CHEMBL3585580"
"Ubidecarenone","COC1=C(OC)C(=O)C(C\C=C(/C)CC\C=C(/C)CC\C=C(/C)CC\C=C(/C)CC\C=C(/C)CC\C=C(/C)CC\C=C(/C)CC\C=C(/C)CC\C=C(/C)CCC=C(C)C)=C(C)C1=O","Multidrug resistance protein 1","BE0001032","|substrate|","CHEMBL454801"
"Lumacaftor","CC1=CC=C(NC(=O)C2(CC2)C2=CC=C3OC(F)(F)OC3=C2)N=C1C1=CC(=CC=C1)C(O)=O","Multidrug resistance protein 1","BE0001032","|inhibitor|inducer|","CHEMBL2103870"
"Rolapitant","C[C@@H](OC[C@]1(CC[C@]2(CCC(=O)N2)CN1)C1=CC=CC=C1)C1=CC(=CC(=C1)C(F)(F)F)C(F)(F)F","Multidrug resistance protein 1","BE0001032","|inhibitor|","CHEMBL3707331"
"Ombitasvir","COC(=O)N[C@@H](C(C)C)C(=O)N1CCC[C@H]1C(=O)NC1=CC=C(C=C1)[C@@H]1CC[C@H](N1C1=CC=C(C=C1)C(C)(C)C)C1=CC=C(NC(=O)[C@@H]2CCCN2C(=O)[C@@H](NC(=O)OC)C(C)C)C=C1","Multidrug resistance protein 1","BE0001032","|substrate|","CHEMBL3127326"
"Paritaprevir","[H][C@@]12C[C@]1(NC(=O)[C@]1([H])C[C@H](CN1C(=O)[C@H](CCCCC\C=C/2)NC(=O)C1=CN=C(C)C=N1)OC1=NC2=C(C=CC=C2)C2=C1C=CC=C2)C(=O)NS(=O)(=O)C1CC1","Multidrug resistance protein 1","BE0001032","|substrate|","CHEMBL3391662"
"Osimertinib","COC1=C(NC2=NC=CC(=N2)C2=CN(C)C3=C2C=CC=C3)C=C(NC(=O)C=C)C(=C1)N(C)CCN(C)C","Multidrug resistance protein 1","BE0001032","|substrate|","CHEMBL3353410"
"Selexipag","CC(C)N(CCCCOCC(=O)NS(C)(=O)=O)C1=NC(C2=CC=CC=C2)=C(N=C1)C1=CC=CC=C1","Multidrug resistance protein 1","BE0001032","|substrate|","CHEMBL238804"
"Moxidectin","[H][C@@]12OC\C3=C/C=C/[C@H](C)C\C(C)=C\C[C@]4([H])C[C@@]([H])(C[C@]5(C\C(=N/OC)[C@H](C)[C@H](O5)C(\C)=C\C(C)C)O4)OC(=O)[C@]([H])(C=C(C)[C@H]1O)[C@@]23O","Multidrug resistance protein 1","BE0001032","|substrate|","CHEMBL2104415"
"Elbasvir","COC(=O)N[C@@H](C(C)C)C(=O)N1CCC[C@H]1C1=NC(=CN1)C1=CC2=C(C=C1)N1[C@@H](OC3=C(C=CC(=C3)C3=CNC(=N3)[C@@H]3CCCN3C(=O)[C@@H](NC(=O)OC)C(C)C)C1=C2)C1=CC=CC=C1","Multidrug resistance protein 1","BE0001032","|substrate|","CHEMBL3039514"
"Grazoprevir","[H][C@@]12C[C@@]1([H])OC(O)=N[C@]([H])(C(=O)N1C[C@@]([H])(C[C@@]1([H])C(O)=N[C@@]1(C[C@@]1([H])C=C)C(O)=NS(=O)(=O)C1CC1)OC1=C(CCCCC2)N=C2C=CC(OC)=CC2=N1)C(C)(C)C","Multidrug resistance protein 1","BE0001032","|substrate|","CHEMBL2063090"
"Venetoclax","CC1(C)CCC(CN2CCN(CC2)C2=CC=C(C(=O)NS(=O)(=O)C3=CC=C(NCC4CCOCC4)C(=C3)[N+]([O-])=O)C(OC3=CN=C4NC=CC4=C3)=C2)=C(C1)C1=CC=C(Cl)C=C1","Multidrug resistance protein 1","BE0001032","|substrate|","CHEMBL3137309"
"Velpatasvir","[H][C@](N=C(O)OC)(C(C)C)C(=O)N1[C@@]([H])(C)CC[C@@]1([H])C1=NC2=C(N1)C1=CC3=C(C=C1C=C2)C1=C(CO3)C=C(C=C1)C1=CN=C(N1)[C@]1([H])C[C@]([H])(COC)CN1C(=O)[C@]([H])(N=C(O)OC)C1=CC=CC=C1","Multidrug resistance protein 1","BE0001032","|substrate|inhibitor|","CHEMBL3545062"
"Isavuconazole","[H][C@](C)(C1=NC(=CS1)C1=CC=C(C=C1)C#N)[C@](O)(CN1C=NC=N1)C1=C(F)C=CC(F)=C1","Multidrug resistance protein 1","BE0001032","|inhibitor|","CHEMBL409153"
"Vinflunine","CC[C@@]12C=CCN3CC[C@@]4([C@H]13)[C@@H](N(C)C1=CC(OC)=C(C=C41)[C@]1(C[C@@H]3C[C@H](C[N@@](C3)CC3=C1NC1=CC=CC=C31)C(C)(F)F)C(=O)OC)[C@](O)([C@@H]2OC(C)=O)C(=O)OC","Multidrug resistance protein 1","BE0001032","|substrate|","CHEMBL2110725"
"Curcumin","COC1=CC(\C=C\C(=O)CC(=O)\C=C\C2=CC(OC)=C(O)C=C2)=CC=C1O","Multidrug resistance protein 1","BE0001032","|inhibitor|","CHEMBL140"
"Baricitinib","CCS(=O)(=O)N1CC(CC#N)(C1)N1C=C(C=N1)C1=C2C=CNC2=NC=N1","Multidrug resistance protein 1","BE0001032","|substrate|","CHEMBL2105759"
"Ertugliflozin","CCOC1=CC=C(CC2=CC(=CC=C2Cl)[C@]23OC[C@](CO)(O2)[C@@H](O)[C@H](O)[C@H]3O)C=C1","Multidrug resistance protein 1","BE0001032","|substrate|","CHEMBL1770248"
"Apalutamide","CNC(=O)C1=CC=C(C=C1F)N1C(=S)N(C(=O)C11CCC1)C1=CC(=C(N=C1)C#N)C(F)(F)F","Multidrug resistance protein 1","BE0001032","|inducer|","CHEMBL3183409"
"Avatrombopag","OC(=O)C1CCN(CC1)C1=C(Cl)C=C(C=N1)C(=O)NC1=NC(C2=CC(Cl)=CS2)=C(S1)N1CCN(CC1)C1CCCCC1","Multidrug resistance protein 1","BE0001032","|substrate|","CHEMBL2103883"
"Abemaciclib","CCN1CCN(CC2=CC=C(NC3=NC=C(F)C(=N3)C3=CC(F)=C4N=C(C)N(C(C)C)C4=C3)N=C2)CC1","Multidrug resistance protein 1","BE0001032","|substrate|inhibitor|","CHEMBL3301610"
"Voxilaprevir","CC[C@@H]1[C@@H]2CN([C@@H]1C(=O)N[C@@]1(C[C@H]1C(F)F)C(=O)NS(=O)(=O)C1(C)CC1)C(=O)[C@@H](NC(=O)O[C@@H]1C[C@H]1CCCCC(F)(F)C1=C(O2)N=C2C=C(OC)C=CC2=N1)C(C)(C)C","Multidrug resistance protein 1","BE0001032","|substrate|inhibitor|","CHEMBL3707372"
"Letermovir","COC1=CC=CC(=C1)N1CCN(CC1)C1=NC2=C(C=CC=C2F)[C@H](CC(O)=O)N1C1=CC(=CC=C1OC)C(F)(F)F","Multidrug resistance protein 1","BE0001032","|substrate|inhibitor|","CHEMBL1241951"
"Rucaparib","CNCC1=CC=C(C=C1)C1=C2CCNC(=O)C3=C2C(N1)=CC(F)=C3","Multidrug resistance protein 1","BE0001032","|substrate|inhibitor|","CHEMBL1173055"
"Betrixaban","COC1=CC=C(NC(=O)C2=CC=C(C=C2)C(=N)N(C)C)C(=C1)C(=O)NC1=CC=C(Cl)C=N1","Multidrug resistance protein 1","BE0001032","|transporter|","CHEMBL512351"
"Copanlisib","COC1=C(OCCCN2CCOCC2)C=CC2=C1N=C(NC(=O)C1=CN=C(N)N=C1)N1CCN=C21","Multidrug resistance protein 1","BE0001032","|substrate|","CHEMBL3218576"
"Fluciclovine (18F)","N[C@]1(C[C@H]([18F])C1)C(O)=O","Multidrug resistance protein 1","BE0001032","|substrate|","CHEMBL254468"
"Troleandomycin","CO[C@H]1C[C@H](O[C@H]2[C@H](C)[C@@H](O[C@@H]3O[C@H](C)C[C@@H]([C@H]3OC(C)=O)N(C)C)[C@@H](C)C[C@@]3(CO3)C(=O)[C@H](C)[C@@H](OC(C)=O)[C@@H](C)[C@@H](C)OC(=O)[C@@H]2C)O[C@@H](C)[C@@H]1OC(C)=O","Multidrug resistance protein 1","BE0001032","|inhibitor|","CHEMBL564085"
"Enasidenib","CC(C)(O)CNC1=NC(=NC(NC2=CC(=NC=C2)C(F)(F)F)=N1)C1=NC(=CC=C1)C(F)(F)F","Multidrug resistance protein 1","BE0001032","|inhibitor|","CHEMBL3989908"
"Pibrentasvir","[H][C@](C)(OC)[C@]([H])(N=C(O)OC)C(=O)N1CCC[C@@]1([H])C1=NC2=C(N1)C=C(F)C(=C2)[C@@]1([H])CC[C@@]([H])(N1C1=CC(F)=C(N2CCC(CC2)C2=CC=C(F)C=C2)C(F)=C1)C1=CC2=C(NC(=N2)[C@]2([H])CCCN2C(=O)[C@@]([H])(N=C(O)OC)[C@@]([H])(C)OC)C=C1F","Multidrug resistance protein 1","BE0001032","|substrate|inhibitor|","CHEMBL3545123"
"Glecaprevir","CC(C)(C)[C@@H]1NC(=O)O[C@@H]2CCC[C@H]2OC\C=C\C(F)(F)C2=NC3=C(C=CC=C3)N=C2O[C@@H]2C[C@H](N(C2)C1=O)C(=O)N[C@@]1(C[C@H]1C(F)F)C(=O)NS(=O)(=O)C1(C)CC1","Multidrug resistance protein 1","BE0001032","|substrate|inhibitor|","CHEMBL3545363"
"Candesartan","CCOC1=NC2=CC=CC(C(O)=O)=C2N1CC1=CC=C(C=C1)C1=CC=CC=C1C1=NN=NN1","Multidrug resistance protein 1","BE0001032","|inhibitor|","CHEMBL1016"
"Testosterone cypionate","C[C@]12CC[C@H]3[C@@H](CCC4=CC(=O)CC[C@]34C)[C@@H]1CC[C@@H]2OC(=O)CCC1CCCC1","Multidrug resistance protein 1","BE0001032","|inhibitor|","CHEMBL1201101"
"Testosterone enanthate","[H][C@@]12CC[C@H](OC(=O)CCCCCC)[C@@]1(C)CC[C@@]1([H])[C@@]2([H])CCC2=CC(=O)CC[C@]12C","Multidrug resistance protein 1","BE0001032","|inhibitor|","CHEMBL1200335"
"Testosterone undecanoate","CCCCCCCCCCC(=O)O[C@H]1CC[C@H]2[C@@H]3CCC4=CC(=O)CC[C@]4(C)[C@H]3CC[C@]12C","Multidrug resistance protein 1","BE0001032","|inhibitor|","CHEMBL2107067"
"Stanolone acetate","CC(=O)O[C@H]1CC[C@H]2[C@@H]3CC[C@H]4CC(=O)CC[C@]4(C)[C@H]3CC[C@]12C","Multidrug resistance protein 1","BE0001032","|substrate|","CHEMBL3275971"
"Estradiol acetate","[H][C@]1(O)CC[C@@]2([H])[C@]3([H])CCC4=CC(OC(C)=O)=CC=C4[C@@]3([H])CC[C@]12C","Multidrug resistance protein 1","BE0001032","|substrate|","CHEMBL1200430"
"Estradiol benzoate","[H][C@]1(O)CC[C@@]2([H])[C@]3([H])CCC4=CC(OC(=O)C5=CC=CC=C5)=CC=C4[C@@]3([H])CC[C@]12C","Multidrug resistance protein 1","BE0001032","|substrate|","CHEMBL282575"
"Estradiol cypionate","[H][C@@]1(CC[C@@]2([H])[C@]3([H])CCC4=CC(O)=CC=C4[C@@]3([H])CC[C@]12C)OC(=O)CCC1CCCC1","Multidrug resistance protein 1","BE0001032","|substrate|","CHEMBL1200973"
"Estradiol dienanthate","CCCCCCC(=O)O[C@H]1CC[C@H]2[C@@H]3CCC4=CC(OC(=O)CCCCCC)=CC=C4[C@H]3CC[C@]12C","Multidrug resistance protein 1","BE0001032","|substrate|",""
"Estradiol valerate","[H][C@@]12CC[C@H](OC(=O)CCCC)[C@@]1(C)CC[C@]1([H])C3=C(CC[C@@]21[H])C=C(O)C=C3","Multidrug resistance protein 1","BE0001032","|substrate|","CHEMBL1511"
"Loxicodegol","[H][C@@]12OC3=C(OC)C=CC4=C3[C@@]11CCN(C)[C@]([H])(C4)[C@]1(O)CC[C@]2([H])OCCOCCOCCOCCOCCOCCOC","Multidrug resistance protein 1","BE0001032","|",""
