"CHEMBL190","CN1C(=O)N(C)c2nc[nH]c2C1=O","substrate []","15708966"
"CHEMBL1440","CN(C)[C@H]1[C@@H]2C[C@H]3C(=C(O)[C@]2(O)C(=O)C(=C1O)C(=O)N)C(=O)c4c(O)cccc4[C@@]3(C)O","substrate [Km=439.9uM]","11855680"
"CHEMBL34259","CN(Cc1cnc2nc(N)nc(N)c2n1)c3ccc(cc3)C(=O)N[C@@H](CCC(=O)O)C(=O)O","substrate [+]","11327718"
"CHEMBL815","CCCCC[C@H](O)\C=C\[C@H]1[C@H](O)C[C@H](O)[C@@H]1C\C=C/CCCC(=O)O","substrate [Km=0.425uM]","11907186"
"CHEMBL1686","OC(=O)CCC(=O)C(=O)O","substrate [+]","11327718"
"CHEMBL548","CCCCC[C@H](O)\C=C\[C@H]1[C@H](O)CC(=O)[C@@H]1C\C=C/CCCC(=O)O","substrate [Km=0.713uM]","11907186"
"CHEMBL316966","Nc1ncnc2c1ncn2[C@@H]3O[C@@H]4COP(=O)(O)O[C@H]4[C@H]3O","substrate [+]","11327718"
"CHEMBL463","Nc1ccc(cc1)C(=O)NCC(=O)O","substrate [+]","11327718"
"CHEMBL617","CC(=O)OCC1=C(N2[C@H](SC1)[C@H](NC(=O)Cc3cccs3)C2=O)C(=O)O","inhibitor [IC501.41mM]","12650826"
"CHEMBL316157","[O-]C(=O)C1=C(C[n+]2ccccc2)CS[C@@H]3[C@H](NC(=O)Cc4cccs4)C(=O)N13","inhibitor [IC504.48mM]","12650826"
"CHEMBL507674","CCN1CCN(C(=O)N[C@@H](C(=O)N[C@H]2[C@H]3SCC(=C(N3C2=O)C(=O)O)CSc4nnnn4C)c5ccc(O)cc5)C(=O)C1=O","inhibitor [IC501.33mM]","12650826"
"CHEMBL453904","[Na+].[Na+].Oc1ccc(cc1S(=O)(=O)[O-])C2(OC(=O)c3c(Br)c(Br)c(Br)c(Br)c23)c4ccc(O)c(c4)S(=O)(=O)[O-]","inhibitor [+]","11327718"
"CHEMBL1730","CO\N=C(/C(=O)N[C@H]1[C@H]2SCC(=C(N2C1=O)C(=O)O)COC(=O)C)\c3csc(N)n3","inhibitor [IC504.68mM]","12650826"
"CHEMBL532","CC[C@H]1OC(=O)[C@H](C)[C@@H](O[C@H]2C[C@@](C)(OC)[C@@H](O)[C@H](C)O2)[C@H](C)[C@@H](O[C@@H]3O[C@H](C)C[C@@H]([C@H]3O)N(C)C)[C@](C)(O)C[C@@H](C)C(=O)[C@H](C)[C@@H](O)[C@]1(C)O","inhibitor []","15708966"
"CHEMBL1741","CC[C@H]1OC(=O)[C@H](C)[C@@H](O[C@H]2C[C@@](C)(OC)[C@@H](O)[C@H](C)O2)[C@H](C)[C@@H](O[C@@H]3O[C@H](C)C[C@@H]([C@H]3O)N(C)C)[C@@](C)(C[C@@H](C)C(=O)[C@H](C)[C@@H](O)[C@]1(C)O)OC","inhibitor []","15708966"
"CHEMBL1517","CN(C)[C@H]1[C@@H]2[C@@H](O)[C@H]3C(=C(O)[C@]2(O)C(=O)C(=C1O)C(=O)N)C(=O)c4c(O)cccc4[C@@]3(C)O","inhibitor [(at a rough estimate) 80 % of control]","11855680"
"CHEMBL897","CCCN(CCC)S(=O)(=O)c1ccc(cc1)C(=O)O","inhibitor [Ki=766uM]","12023506"
"CHEMBL1434","CN(C)[C@H]1[C@@H]2C[C@@H]3Cc4c(ccc(O)c4C(=O)C3=C(O)[C@]2(O)C(=O)C(=C1O)C(=O)N)N(C)C","inhibitor [(at a rough estimate) 80 % of control]","11855680"
"CHEMBL1144","CC[C@H](C)C(=O)O[C@H]1C[C@H](O)C=C2C=C[C@H](C)[C@H](CC[C@@H](O)C[C@@H](O)CC(=O)O)[C@@H]12","inhibitor [IC50=352 +/- 153uM]","14978359"
"CHEMBL1146","Cn1nnnc1SCC2=C(N3[C@H](SC2)[C@H](NC(=O)[C@H](O)c4ccccc4)C3=O)C(=O)O","inhibitor [IC501.57mM]","12650826"
"CHEMBL129","CC1=CN([C@H]2C[C@H](N=[N+]=[N-])[C@@H](CO)O2)C(=O)NC1=O","inhibitor [76.7 % of control]","11861798"
