"Pravastatin","[H][C@]12[C@H](C[C@H](O)C=C1C=C[C@H](C)[C@@H]2CC[C@@H](O)C[C@@H](O)CC(O)=O)OC(=O)[C@@H](C)CC","Solute carrier family 22 member 7","BE0003646","|inhibitor|","CHEMBL1144"
"Theophylline","CN1C2=C(NC=N2)C(=O)N(C)C1=O","Solute carrier family 22 member 7","BE0003646","|inhibitor|","CHEMBL190"
"Valproic Acid","CCCC(CCC)C(O)=O","Solute carrier family 22 member 7","BE0003646","|substrate|","CHEMBL109"
"Indomethacin","COC1=CC2=C(C=C1)N(C(=O)C1=CC=C(Cl)C=C1)C(C)=C2CC(O)=O","Solute carrier family 22 member 7","BE0003646","|substrate|","CHEMBL6"
"Aminohippuric acid","NC1=CC=C(C=C1)C(=O)NCC(O)=O","Solute carrier family 22 member 7","BE0003646","|substrate|","CHEMBL463"
"Allopurinol","O=C1N=CN=C2NNC=C12","Solute carrier family 22 member 7","BE0003646","|substrate|","CHEMBL1467"
"Cefalotin","[H][C@]12SCC(COC(C)=O)=C(N1C(=O)[C@H]2NC(=O)CC1=CC=CS1)C(O)=O","Solute carrier family 22 member 7","BE0003646","|inhibitor|","CHEMBL617"
"Cefotaxime","[H][C@]12SCC(COC(C)=O)=C(N1C(=O)[C@H]2NC(=O)C(=N/OC)\C1=CSC(N)=N1)C(O)=O","Solute carrier family 22 member 7","BE0003646","|inhibitor|","CHEMBL1730"
"Zidovudine","CC1=CN([C@H]2C[C@H](N=[N+]=[N-])[C@@H](CO)O2)C(=O)NC1=O","Solute carrier family 22 member 7","BE0003646","|","CHEMBL129"
"Cimetidine","C\N=C(\NCCSCC1=C(C)NC=N1)NC#N","Solute carrier family 22 member 7","BE0003646","|substrate|inhibitor|","CHEMBL30"
"Fluorouracil","FC1=CNC(=O)NC1=O","Solute carrier family 22 member 7","BE0003646","|substrate|","CHEMBL185"
"Methotrexate","CN(CC1=CN=C2N=C(N)N=C(N)C2=N1)C1=CC=C(C=C1)C(=O)N[C@@H](CCC(O)=O)C(O)=O","Solute carrier family 22 member 7","BE0003646","|substrate|","CHEMBL34259"
"Enalapril","CCOC(=O)[C@H](CCC1=CC=CC=C1)N[C@@H](C)C(=O)N1CCC[C@H]1C(O)=O","Solute carrier family 22 member 7","BE0003646","|inhibitor|","CHEMBL578"
"Oxytetracycline","[H][C@@]12[C@@H](O)[C@@]3([H])C(C(=O)C4=C(O)C=CC=C4[C@@]3(C)O)=C(O)[C@]1(O)C(=O)C(C(N)=O)=C(O)[C@H]2N(C)C","Solute carrier family 22 member 7","BE0003646","|inhibitor|","CHEMBL1517"
"Testosterone","[H][C@@]12CC[C@H](O)[C@@]1(C)CC[C@@]1([H])[C@@]2([H])CCC2=CC(=O)CC[C@]12C","Solute carrier family 22 member 7","BE0003646","|inducer|","CHEMBL386630"
"Tetracycline","[H][C@@]12C[C@@]3([H])C(=C(O)[C@]1(O)C(=O)C(C(N)=O)=C(O)[C@H]2N(C)C)C(=O)C1=C(O)C=CC=C1[C@@]3(C)O","Solute carrier family 22 member 7","BE0003646","|inhibitor|","CHEMBL1440"
"Bumetanide","CCCCNC1=C(OC2=CC=CC=C2)C(=CC(=C1)C(O)=O)S(N)(=O)=O","Solute carrier family 22 member 7","BE0003646","|inhibitor|","CHEMBL1072"
"Dinoprostone","CCCCC[C@H](O)\C=C\[C@H]1[C@H](O)CC(=O)[C@@H]1C\C=C/CCCC(O)=O","Solute carrier family 22 member 7","BE0003646","|substrate|inhibitor|","CHEMBL548"
"Salicylic acid","OC(=O)C1=CC=CC=C1O","Solute carrier family 22 member 7","BE0003646","|substrate|","CHEMBL424"
"Zalcitabine","NC1=NC(=O)N(C=C1)[C@H]1CC[C@@H](CO)O1","Solute carrier family 22 member 7","BE0003646","|substrate|","CHEMBL853"
"Acetylsalicylic acid","CC(=O)OC1=CC=CC=C1C(O)=O","Solute carrier family 22 member 7","BE0003646","|substrate|","CHEMBL25"
"Ganciclovir","NC1=NC2=C(N=CN2COC(CO)CO)C(=O)N1","Solute carrier family 22 member 7","BE0003646","|inhibitor|","CHEMBL182"
"Ketoprofen","CC(C(O)=O)C1=CC(=CC=C1)C(=O)C1=CC=CC=C1","Solute carrier family 22 member 7","BE0003646","|inhibitor|","CHEMBL571"
"Glyburide","COC1=C(C=C(Cl)C=C1)C(=O)NCCC1=CC=C(C=C1)S(=O)(=O)NC(=O)NC1CCCCC1","Solute carrier family 22 member 7","BE0003646","|inhibitor|","CHEMBL472"
"Minocycline","[H][C@@]12CC3=C(C(O)=CC=C3N(C)C)C(=O)C1=C(O)[C@]1(O)C(=O)C(C(N)=O)=C(O)[C@@H](N(C)C)[C@]1([H])C2","Solute carrier family 22 member 7","BE0003646","|inhibitor|","CHEMBL1434"
"Probenecid","CCCN(CCC)S(=O)(=O)C1=CC=C(C=C1)C(O)=O","Solute carrier family 22 member 7","BE0003646","|inhibitor|","CHEMBL897"
"Rifampicin","CO[C@H]1\C=C\O[C@@]2(C)OC3=C(C2=O)C2=C(O)C(\C=N\N4CCN(C)CC4)=C(NC(=O)\C(C)=C/C=C/[C@H](C)[C@H](O)[C@@H](C)[C@@H](O)[C@@H](C)[C@H](OC(C)=O)[C@@H]1C)C(O)=C2C(O)=C3C","Solute carrier family 22 member 7","BE0003646","|inhibitor|","CHEMBL374478"
"Dinoprost Tromethamine","OCC(N)(CO)CO.CCCCC[C@H](O)\C=C\[C@H]1[C@H](O)C[C@H](O)[C@@H]1C\C=C/CCCC(O)=O","Solute carrier family 22 member 7","BE0003646","|","CHEMBL1200896"
"Clarithromycin","[H][C@@]1(C[C@@](C)(OC)[C@@H](O)[C@H](C)O1)O[C@H]1[C@H](C)[C@@H](O[C@]2([H])O[C@H](C)C[C@@H]([C@H]2O)N(C)C)[C@@](C)(C[C@@H](C)C(=O)[C@H](C)[C@@H](O)[C@](C)(O)[C@@H](CC)OC(=O)[C@@H]1C)OC","Solute carrier family 22 member 7","BE0003646","|inhibitor|","CHEMBL1741"
"Docetaxel","[H][C@@]12C[C@H](O)[C@@]3(C)C(=O)[C@H](O)C4=C(C)[C@H](C[C@@](O)([C@@H](OC(=O)C5=CC=CC=C5)[C@]3([H])[C@@]1(CO2)OC(C)=O)C4(C)C)OC(=O)[C@H](O)[C@@H](NC(=O)OC(C)(C)C)C1=CC=CC=C1","Solute carrier family 22 member 7","BE0003646","|substrate|","CHEMBL92"
"Oxtriphylline","C[N+](C)(C)CCO.CN1C2=C([N-]C=N2)C(=O)N(C)C1=O","Solute carrier family 22 member 7","BE0003646","|inhibitor|","CHEMBL1200434"
"Cefamandole","[H][C@]12SCC(CSC3=NN=NN3C)=C(N1C(=O)[C@H]2NC(=O)[C@H](O)C1=CC=CC=C1)C(O)=O","Solute carrier family 22 member 7","BE0003646","|inhibitor|","CHEMBL1146"
"Cefoperazone","[H][C@]12SCC(CSC3=NN=NN3C)=C(N1C(=O)[C@H]2NC(=O)C(NC(=O)N1CCN(CC)C(=O)C1=O)C1=CC=C(O)C=C1)C(O)=O","Solute carrier family 22 member 7","BE0003646","|inhibitor|","CHEMBL507674"
"Cyclic Adenosine Monophosphate","NC1=NC=NC2=C1N=CN2[C@@H]1O[C@@H]2COP(O)(=O)O[C@H]2[C@H]1O","Solute carrier family 22 member 7","BE0003646","|substrate|","CHEMBL316966"
"Cholic Acid","[H][C@@](C)(CCC(O)=O)[C@@]1([H])CC[C@@]2([H])[C@]3([H])[C@]([H])(O)C[C@]4([H])C[C@]([H])(O)CC[C@]4(C)[C@@]3([H])C[C@]([H])(O)[C@]12C","Solute carrier family 22 member 7","BE0003646","|inhibitor|","CHEMBL205596"
"Glutaric Acid","OC(=O)CCCC(O)=O","Solute carrier family 22 member 7","BE0003646","|substrate|","CHEMBL1162495"
"Tegafur-uracil","O=C1NC=CC(=O)N1.FC1=CN(C2CCCO2)C(=O)NC1=O","Solute carrier family 22 member 7","BE0003646","|substrate|",""
"Testosterone cypionate","C[C@]12CC[C@H]3[C@@H](CCC4=CC(=O)CC[C@]34C)[C@@H]1CC[C@@H]2OC(=O)CCC1CCCC1","Solute carrier family 22 member 7","BE0003646","|inducer|","CHEMBL1201101"
"Testosterone enanthate","[H][C@@]12CC[C@H](OC(=O)CCCCCC)[C@@]1(C)CC[C@@]1([H])[C@@]2([H])CCC2=CC(=O)CC[C@]12C","Solute carrier family 22 member 7","BE0003646","|inducer|","CHEMBL1200335"
"Testosterone undecanoate","CCCCCCCCCCC(=O)O[C@H]1CC[C@H]2[C@@H]3CCC4=CC(=O)CC[C@]4(C)[C@H]3CC[C@]12C","Solute carrier family 22 member 7","BE0003646","|inducer|","CHEMBL2107067"
